timestamp,ch1_bias,ch1_derivedPk,ch1_direct,ch1_directRMS,ch1_velocityPk,ch1_velocityRMS,ch2_bias,ch2_derivedPk,ch2_direct,ch2_directRMS,ch2_velocityPk,ch2_velocityRMS,status,volts
1/22/2025 11:38,-11.977,0.001,0.002,0.001,0.003,0.001,-12.017,0.001,0.002,0.001,0.003,0.001,eccentric_rotor,50
1/22/2025 11:38,-11.977,0.001,0.001,0,0.002,0.002,-12.017,0.001,0.001,0,0.002,0.001,eccentric_rotor,50
1/22/2025 11:38,-11.977,0.001,0.001,0,0.006,0.001,-12.017,0.001,0.002,0.001,0.005,0.002,eccentric_rotor,50
1/22/2025 11:38,-11.977,0.001,0.002,0.001,0.002,0.002,-12.017,0.001,0.001,0,0.002,0.001,eccentric_rotor,50
1/22/2025 11:38,-11.977,0.002,0.002,0.001,0.002,0.001,-12.017,0.002,0.002,0.001,0.002,0.003,eccentric_rotor,50
1/22/2025 11:38,-11.977,0.001,0.002,0,0.006,0.004,-12.017,0.001,0.002,0,0.006,0.001,eccentric_rotor,50
1/22/2025 11:39,-11.977,0.001,0.002,0.001,0.004,0.003,-12.017,0.001,0.002,0.001,0.004,0.002,eccentric_rotor,50
1/22/2025 11:39,-11.977,0.001,0.002,0.001,0.002,0.001,-12.017,0.001,0.002,0,0.002,0.001,eccentric_rotor,50
1/22/2025 11:39,-11.977,0.001,0.001,0.001,0.002,0.003,-12.017,0.001,0.001,0.001,0.002,0.001,eccentric_rotor,50
1/22/2025 11:39,-11.977,0.001,0.002,0.001,0.004,0.001,-12.017,0.001,0.002,0.001,0.004,0.003,eccentric_rotor,50
1/22/2025 11:39,-11.977,0.001,0.001,0,0.002,0.002,-12.017,0.001,0.001,0,0.002,0.002,eccentric_rotor,50
1/22/2025 11:39,-11.977,0.001,0.002,0.001,0.003,0.001,-12.017,0.001,0.002,0.001,0.003,0.001,eccentric_rotor,50
1/22/2025 11:39,-11.977,0.001,0.001,0,0.004,0.001,-12.017,0.001,0.001,0,0.002,0.001,eccentric_rotor,50
1/22/2025 11:39,-11.977,0.001,0.002,0.001,0.002,0.002,-12.017,0.001,0.002,0.001,0.004,0.002,eccentric_rotor,50
1/22/2025 11:39,-11.977,0.001,0.001,0,0.002,0.001,-12.017,0.001,0.002,0,0.002,0.001,eccentric_rotor,50
1/22/2025 11:39,-11.977,0.002,0.003,0.001,0.007,0.005,-12.017,0.002,0.002,0.001,0.006,0.005,eccentric_rotor,50
1/22/2025 11:39,-11.977,0.001,0.004,0,0.002,0.001,-12.017,0.001,0.002,0,0.002,0.005,eccentric_rotor,50
1/22/2025 11:40,-11.977,0.002,0.001,0.001,0.014,0.006,-12.017,0.002,0.004,0.001,0.012,0.001,eccentric_rotor,50
1/22/2025 11:40,-11.977,0.001,0.002,0.001,0.002,0.001,-12.017,0.001,0.002,0,0.002,0.003,eccentric_rotor,50
1/22/2025 11:40,-11.977,0.002,0.003,0.001,0.005,0.003,-12.017,0.001,0.002,0.001,0.006,0.005,eccentric_rotor,50
1/22/2025 11:40,-11.977,0.001,0.001,0,0.008,0.005,-12.017,0.002,0.002,0.001,0.007,0.001,eccentric_rotor,50
1/22/2025 11:40,-11.977,0.001,0.002,0.001,0.002,0.001,-12.017,0.001,0.002,0.001,0.002,0.002,eccentric_rotor,50
1/22/2025 11:40,-11.977,0.001,0.001,0,0.004,0.003,-12.017,0.001,0.002,0.001,0.003,0.001,eccentric_rotor,50
1/22/2025 11:40,-11.977,0.001,0.003,0.001,0.002,0.001,-12.017,0.001,0.001,0,0.002,0.002,eccentric_rotor,50
1/22/2025 11:40,-11.977,0.002,0.003,0.001,0.01,0.003,-12.017,0.001,0.003,0.001,0.008,0.005,eccentric_rotor,50
1/22/2025 11:40,-11.977,0.001,0.002,0.001,0.009,0.006,-12.017,0.002,0.003,0.001,0.003,0.001,eccentric_rotor,50
1/22/2025 11:40,-11.977,0.001,0.004,0.001,0.004,0.002,-12.017,0.001,0.002,0,0.008,0.002,eccentric_rotor,50
1/22/2025 11:40,-11.977,0.003,0.002,0.002,0.013,0.001,-12.017,0.001,0.002,0.001,0.004,0.007,eccentric_rotor,50
1/22/2025 11:40,-11.977,0.001,0.002,0.001,0.003,0.008,-12.017,0.002,0.004,0.002,0.012,0.001,eccentric_rotor,50
1/22/2025 11:40,-11.977,0.001,0.002,0.001,0.005,0.001,-12.017,0.001,0.002,0,0.003,0.003,eccentric_rotor,50
1/22/2025 11:41,-11.977,0.001,0.001,0,0.003,0.004,-12.017,0.001,0.002,0,0.005,0.001,eccentric_rotor,50
1/22/2025 11:41,-11.977,0.001,0.002,0,0.002,0.001,-12.017,0.001,0.001,0.001,0.002,0.002,eccentric_rotor,50
1/22/2025 11:41,-11.977,0.001,0.002,0.001,0.003,0.002,-12.017,0.001,0.002,0.001,0.002,0.001,eccentric_rotor,50
1/22/2025 11:41,-11.977,0.005,0.01,0.004,0.036,0.001,-12.017,0.001,0.002,0,0.003,0.012,eccentric_rotor,50
1/22/2025 11:41,-11.977,0.001,0.001,0,0.002,0.013,-12.017,0.004,0.009,0.003,0.031,0.001,eccentric_rotor,50
1/22/2025 11:41,-11.977,0.002,0.003,0.002,0.01,0.001,-12.017,0.001,0.002,0,0.002,0.005,eccentric_rotor,50
1/22/2025 11:41,-11.977,0.004,0.002,0.003,0.003,0.006,-12.017,0.002,0.003,0.001,0.009,0.002,eccentric_rotor,50
1/22/2025 11:41,-11.977,0.001,0.003,0.001,0.011,0.002,-12.017,0.004,0.003,0.002,0.003,0.009,eccentric_rotor,50
1/22/2025 11:41,-11.977,0.002,0.005,0.002,0.003,0.011,-12.017,0.001,0.002,0.001,0.01,0.001,eccentric_rotor,50
1/22/2025 11:41,-11.977,0.004,0.004,0.003,0.013,0.001,-12.017,0.002,0.004,0.001,0.002,0.004,eccentric_rotor,50
1/22/2025 11:41,-11.977,0.001,0.002,0,0.012,0.005,-12.017,0.003,0.004,0.002,0.011,0.009,eccentric_rotor,50
1/22/2025 11:42,-11.977,0.002,0.003,0.002,0.003,0.01,-12.017,0.001,0.002,0,0.01,0.001,eccentric_rotor,50
1/22/2025 11:42,-11.977,0.005,0.004,0.004,0.008,0.001,-12.017,0.002,0.003,0.002,0.003,0.006,eccentric_rotor,50
1/22/2025 11:42,-11.977,0.001,0.002,0.001,0.012,0.006,-12.017,0.001,0.002,0.001,0.007,0.002,eccentric_rotor,50
1/22/2025 11:42,-11.977,0.005,0.004,0.003,0.004,0.002,-12.017,0.005,0.004,0.004,0.004,0.014,eccentric_rotor,50
1/22/2025 11:42,-11.977,0.002,0.003,0.001,0.012,0.015,-12.017,0.001,0.002,0.001,0.012,0.002,eccentric_rotor,50
1/22/2025 11:42,-11.977,0.001,0.002,0.001,0.011,0.002,-12.017,0.004,0.003,0.003,0.004,0.011,eccentric_rotor,50
1/22/2025 11:42,-11.977,0.002,0.005,0.002,0.004,0.012,-12.017,0.002,0.003,0.001,0.01,0.004,eccentric_rotor,50
1/22/2025 11:42,-11.977,0.001,0.002,0,0.019,0.004,-12.017,0.001,0.002,0.001,0.01,0.002,eccentric_rotor,50
1/22/2025 11:42,-11.977,0.001,0.001,0.001,0.002,0.002,-12.017,0.002,0.005,0.001,0.004,0.005,eccentric_rotor,50
1/22/2025 11:42,-11.977,0.001,0.003,0.001,0.003,0.005,-12.017,0.001,0.002,0,0.016,0.001,eccentric_rotor,50
1/22/2025 11:42,-11.977,0.001,0.001,0.001,0.004,0.001,-12.017,0.001,0.001,0.001,0.002,0.001,eccentric_rotor,50
1/22/2025 11:42,-11.977,0.001,0.002,0,0.002,0.002,-12.017,0.001,0.002,0.001,0.002,0.002,eccentric_rotor,50
1/22/2025 11:43,-11.977,0.001,0.002,0.001,0.003,0.002,-12.017,0.001,0.001,0,0.004,0.001,eccentric_rotor,50
1/22/2025 11:43,-11.977,0.001,0.003,0,0.002,0.001,-12.017,0.001,0.002,0.001,0.002,0.002,eccentric_rotor,50
1/22/2025 11:43,-11.977,0.001,0.001,0.001,0.006,0.001,-12.017,0.001,0.001,0,0.003,0.001,eccentric_rotor,50
1/22/2025 11:43,-11.977,0.001,0.002,0.001,0.002,0.004,-12.017,0.002,0.003,0.001,0.002,0.001,eccentric_rotor,50
1/22/2025 11:43,-11.977,0.004,0.002,0.003,0.004,0.001,-12.017,0.001,0.002,0,0.006,0.004,eccentric_rotor,50
1/22/2025 11:43,-11.976,0.001,0.005,0.001,0.015,0.002,-12.017,0.001,0.002,0.001,0.002,0.001,eccentric_rotor,50
1/22/2025 11:43,-11.977,0.001,0.002,0.001,0.003,0.012,-12.017,0.001,0.002,0,0.004,0.002,eccentric_rotor,50
1/22/2025 11:43,-11.976,0.001,0.001,0,0.003,0.001,-12.017,0.004,0.005,0.003,0.013,0.001,eccentric_rotor,50
1/22/2025 11:43,-11.977,0.001,0.002,0.001,0.002,0.001,-12.017,0.001,0.002,0.001,0.002,0.011,eccentric_rotor,50
1/22/2025 11:43,-11.976,0.001,0.001,0,0.002,0.002,-12.017,0.001,0.002,0.001,0.003,0.001,eccentric_rotor,50
1/22/2025 11:44,-11.976,0.001,0.002,0.001,0.003,0.001,-12.017,0.001,0.001,0,0.002,0.002,eccentric_rotor,50
1/22/2025 11:44,-11.977,0.001,0.002,0.001,0.009,0.001,-12.017,0.001,0.002,0.001,0.002,0.001,eccentric_rotor,50
1/22/2025 11:44,-11.977,0.002,0.003,0.001,0.003,0.002,-12.017,0.001,0.001,0,0.004,0.001,eccentric_rotor,50
1/22/2025 11:44,-11.977,0.001,0.002,0.001,0.002,0.004,-12.017,0.001,0.002,0.001,0.008,0.001,eccentric_rotor,50
1/22/2025 11:44,-11.977,0.001,0.002,0.001,0.009,0.001,-12.017,0.002,0.002,0.001,0.002,0.002,eccentric_rotor,50
1/22/2025 11:44,-11.977,0.002,0.003,0.001,0.006,0.001,-12.017,0.001,0.003,0,0.002,0.004,eccentric_rotor,50
1/22/2025 11:44,-11.977,0.001,0.001,0,0.002,0.004,-12.017,0.001,0.002,0.001,0.008,0.001,eccentric_rotor,50
1/22/2025 11:44,-11.977,0.001,0.002,0.001,0.002,0.001,-12.017,0.001,0.001,0,0.005,0.001,eccentric_rotor,50
1/22/2025 11:44,-11.977,0.002,0.003,0.002,0.008,0.002,-12.017,0.001,0.003,0.001,0.002,0.003,eccentric_rotor,50
1/22/2025 11:44,-11.977,0.001,0.002,0.001,0.004,0.001,-12.017,0.002,0.001,0.002,0.002,0.001,eccentric_rotor,50
1/22/2025 11:44,-11.977,0.001,0.002,0.001,0.002,0.007,-12.017,0.001,0.002,0.001,0.007,0.002,eccentric_rotor,50
1/22/2025 11:44,-11.977,0.001,0.001,0,0.002,0.002,-12.017,0.001,0.003,0,0.002,0.001,eccentric_rotor,50
1/22/2025 11:45,-11.977,0.001,0.001,0.001,0.003,0.001,-12.017,0.001,0.002,0.001,0.004,0.006,eccentric_rotor,50
1/22/2025 11:45,-11.977,0.004,0.005,0.003,0.017,0.002,-12.017,0.003,0.002,0.002,0.002,0.002,eccentric_rotor,50
1/22/2025 11:45,-11.977,0.001,0.001,0,0.003,0.001,-12.017,0.001,0.001,0.001,0.003,0.002,eccentric_rotor,50
1/22/2025 11:45,-11.977,0.001,0.002,0,0.002,0.011,-12.017,0.001,0.002,0,0.016,0.001,eccentric_rotor,50
1/22/2025 11:45,-11.977,0.005,0.001,0.004,0.002,0.002,-12.017,0.001,0.005,0,0.003,0.01,eccentric_rotor,50
1/22/2025 11:45,-11.977,0.001,0.007,0,0.004,0.001,-12.017,0.005,0.002,0.004,0.002,0.002,eccentric_rotor,50
1/22/2025 11:45,-11.977,0.067,0.001,0.047,0.024,0.001,-12.017,0.001,0.001,0,0.002,0.001,eccentric_rotor,50
1/22/2025 11:45,-11.977,0.001,0.067,0.001,0.002,0.016,-12.017,0.06,0.001,0.042,0.004,0.001,eccentric_rotor,50
1/22/2025 11:45,-11.977,0.003,0.005,0.002,0.103,0.001,-12.017,0.001,0.006,0.001,0.02,0.015,eccentric_rotor,50
1/22/2025 11:45,-11.977,0.001,0.002,0,0.019,0.112,-12.017,0.003,0.001,0.002,0.002,0.001,eccentric_rotor,50
1/22/2025 11:45,-11.977,0.002,0.003,0.001,0.003,0.001,-12.017,0.001,0.073,0,0.099,0.089,eccentric_rotor,50
1/22/2025 11:45,-11.977,0.001,0.002,0.001,0.007,0.009,-12.017,0.002,0.005,0.001,0.017,0.008,eccentric_rotor,50
1/22/2025 11:45,-11.977,0.001,0.002,0,0.003,0.001,-12.017,0.001,0.002,0,0.003,0.001,eccentric_rotor,50
1/22/2025 11:46,-11.977,0.001,0.002,0.001,0.006,0.005,-12.017,0.001,0.003,0.001,0.006,0.004,eccentric_rotor,50
1/22/2025 11:46,-11.977,0.001,0.002,0,0.006,0.001,-12.017,0.001,0.002,0.001,0.002,0.001,eccentric_rotor,50
1/22/2025 11:46,-11.977,0.002,0.004,0.001,0.002,0.003,-12.017,0.001,0.002,0.001,0.005,0.003,eccentric_rotor,50
1/22/2025 11:46,-11.977,0.001,0.002,0.001,0.014,0.003,-12.017,0.001,0.002,0.001,0.006,0.003,eccentric_rotor,50
1/22/2025 11:46,-11.977,0.002,0.003,0.001,0.008,0.001,-12.017,0.002,0.002,0.001,0.003,0.001,eccentric_rotor,50
1/22/2025 11:46,-11.977,0.001,0.001,0,0.002,0.004,-12.017,0.001,0.004,0.001,0.013,0.004,eccentric_rotor,50
1/22/2025 11:46,-11.977,0.001,0.002,0.001,0.002,0.001,-12.017,0.002,0.002,0.001,0.007,0.001,eccentric_rotor,50
1/22/2025 11:46,-11.977,0.002,0.001,0.001,0.009,0.005,-12.017,0.001,0.002,0,0.002,0.004,eccentric_rotor,50
1/22/2025 11:46,-11.977,0.001,0.003,0,0.006,0.001,-12.017,0.001,0.002,0.001,0.002,0.001,eccentric_rotor,50
1/22/2025 11:46,-11.977,0.002,0.001,0.001,0.003,0.002,-12.017,0.001,0.002,0.001,0.003,0.002,eccentric_rotor,50
1/22/2025 11:46,-11.977,0.004,0.002,0.003,0.01,0.001,-12.017,0.001,0.002,0.001,0.008,0.001,eccentric_rotor,50
1/22/2025 11:46,-11.977,0.001,0.004,0.001,0.003,0.004,-12.017,0.001,0.003,0.001,0.006,0.003,eccentric_rotor,50
1/22/2025 11:47,-11.977,0.001,0.002,0,0.002,0.006,-12.017,0.002,0.002,0.001,0.003,0.006,eccentric_rotor,50
1/22/2025 11:47,-11.977,0.003,0.002,0.002,0.008,0.001,-12.017,0.001,0.002,0.001,0.009,0.001,eccentric_rotor,50
1/22/2025 11:47,-11.977,0.001,0.002,0,0.006,0.01,-12.017,0.003,0.003,0.002,0.004,0.009,eccentric_rotor,50
1/22/2025 11:47,-11.977,0.001,0.001,0,0.002,0.002,-12.017,0.001,0.002,0.001,0.002,0.002,eccentric_rotor,50
1/22/2025 11:47,-11.977,0.001,0.001,0.001,0.002,0.009,-12.017,0.003,0.002,0.002,0.007,0.001,eccentric_rotor,50
1/22/2025 11:47,-11.977,0.002,0.002,0.001,0.003,0.001,-12.017,0.001,0.002,0.001,0.005,0.008,eccentric_rotor,50
1/22/2025 11:47,-11.977,0.001,0.002,0,0.003,0.001,-12.017,0.001,0.002,0.001,0.002,0.002,eccentric_rotor,50
1/22/2025 11:47,-11.977,0.002,0.003,0.001,0.011,0.001,-12.017,0.001,0.002,0,0.002,0.001,eccentric_rotor,50
1/22/2025 11:47,-11.977,0.001,0.002,0,0.003,0.001,-12.017,0.002,0.001,0.001,0.003,0.001,eccentric_rotor,50
1/22/2025 11:47,-11.977,0.001,0.003,0.001,0.006,0.005,-12.017,0.001,0.002,0.001,0.003,0.005,eccentric_rotor,50
1/22/2025 11:47,-11.977,0.001,0.002,0,0.008,0.001,-12.017,0.002,0.003,0.001,0.01,0.001,eccentric_rotor,50
1/22/2025 11:48,-11.977,0.001,0.001,0.001,0.002,0.003,-12.017,0.001,0.002,0,0.002,0.003,eccentric_rotor,50
1/22/2025 11:48,-11.977,0.002,0.002,0.002,0.002,0.005,-12.017,0.001,0.002,0.001,0.006,0.004,eccentric_rotor,50
1/22/2025 11:48,-11.977,0.002,0.002,0.001,0.004,0.001,-12.017,0.001,0.003,0,0.007,0.001,eccentric_rotor,50
1/22/2025 11:48,-11.977,0.001,0.004,0,0.003,0.002,-12.017,0.001,0.002,0.001,0.002,0.002,eccentric_rotor,50
1/22/2025 11:48,-11.977,0.001,0.003,0.001,0.012,0.001,-12.017,0.002,0.002,0.001,0.002,0.001,eccentric_rotor,50
1/22/2025 11:48,-11.977,0.001,0.001,0,0.009,0.001,-12.017,0.002,0.002,0.001,0.004,0.001,eccentric_rotor,50
1/22/2025 11:48,-11.977,0.002,0.002,0.001,0.002,0.006,-12.017,0.001,0.004,0,0.003,0.006,eccentric_rotor,50
1/22/2025 11:48,-11.977,0.001,0.001,0,0.004,0.005,-12.017,0.001,0.003,0.001,0.011,0.004,eccentric_rotor,50
1/22/2025 11:48,-11.977,0.004,0.002,0.003,0.002,0.001,-12.017,0,0.001,0,0.009,0.001,eccentric_rotor,50
1/22/2025 11:48,-11.977,0.001,0.001,0,0.006,0.003,-12.017,0.002,0.002,0.001,0.002,0.002,eccentric_rotor,50
1/22/2025 11:48,-11.977,0.001,0.003,0.001,0.002,0.001,-12.017,0.004,0.001,0.002,0.004,0.001,eccentric_rotor,50
1/22/2025 11:49,-11.977,0.001,0.001,0.001,0.008,0.005,-12.017,0.001,0.002,0,0.002,0.005,eccentric_rotor,50
1/22/2025 11:49,-11.977,0.003,0.002,0.002,0.002,0.001,-12.017,0.001,0.001,0,0.005,0.001,eccentric_rotor,50
1/22/2025 11:49,-11.977,0.004,0.002,0.002,0.004,0.01,-12.017,0.001,0.003,0.001,0.002,0.009,eccentric_rotor,50
1/22/2025 11:49,-11.977,0.001,0.004,0,0.003,0.001,-12.017,0.001,0.001,0.001,0.008,0.001,eccentric_rotor,50
1/22/2025 11:49,-11.977,0.001,0.001,0.001,0.013,0.003,-12.017,0.003,0.002,0.002,0.002,0.003,eccentric_rotor,50
1/22/2025 11:49,-11.977,0.001,0.002,0.001,0.002,0.001,-12.017,0.001,0.002,0,0.004,0.001,eccentric_rotor,50
1/22/2025 11:49,-11.977,0.001,0.002,0,0.002,0.007,-12.017,0.001,0.003,0.001,0.003,0.008,eccentric_rotor,50
1/22/2025 11:49,-11.977,0.001,0.003,0,0.003,0.01,-12.017,0.001,0.001,0.001,0.011,0.001,eccentric_rotor,50
1/22/2025 11:49,-11.977,0.002,0.001,0.001,0.008,0.001,-12.017,0.001,0.002,0,0.002,0.001,eccentric_rotor,50
1/22/2025 11:49,-11.977,0.004,0.003,0.003,0.002,0.001,-12.017,0.001,0.002,0,0.002,0.002,eccentric_rotor,50
1/22/2025 11:49,-11.977,0.001,0.004,0,0.011,0.003,-12.017,0.002,0.002,0.001,0.002,0.001,eccentric_rotor,50
1/22/2025 11:50,-11.977,0.002,0.001,0.002,0.014,0.001,-12.017,0.004,0.002,0.003,0.006,0.001,eccentric_rotor,50
1/22/2025 11:50,-11.977,0.001,0.004,0,0.002,0.001,-12.017,0.001,0.003,0,0.003,0.005,eccentric_rotor,50
1/22/2025 11:50,-11.977,0.001,0.001,0,0.017,0.005,-12.017,0.002,0.004,0.001,0.011,0.01,eccentric_rotor,50
1/22/2025 11:50,-11.977,0.001,0.002,0.001,0.003,0.011,-12.017,0.001,0.001,0.001,0.012,0.001,eccentric_rotor,50
1/22/2025 11:50,-11.977,0.002,0.002,0.002,0.002,0.001,-12.017,0.001,0.004,0.001,0.002,0.005,eccentric_rotor,50
1/22/2025 11:50,-11.977,0.001,0.005,0,0.002,0.006,-12.017,0.001,0.002,0.001,0.015,0.001,eccentric_rotor,50
1/22/2025 11:50,-11.977,0.001,0.002,0.001,0.017,0.001,-12.017,0.002,0.002,0.001,0.003,0.001,eccentric_rotor,50
1/22/2025 11:50,-11.977,0.001,0.001,0,0.003,0.001,-12.017,0.001,0.002,0,0.002,0.002,eccentric_rotor,50
1/22/2025 11:50,-11.977,0.002,0.003,0.002,0.002,0.001,-12.017,0.001,0.005,0.001,0.002,0.006,eccentric_rotor,50
1/22/2025 11:50,-11.977,0.001,0.001,0,0.002,0.007,-12.017,0.001,0.002,0.001,0.016,0.001,eccentric_rotor,50
1/22/2025 11:50,-11.977,0.002,0.003,0.002,0.002,0.002,-12.017,0.002,0.001,0.002,0.003,0.002,eccentric_rotor,50
1/22/2025 11:50,-11.977,0.003,0.004,0.002,0.008,0.001,-12.017,0.001,0.003,0,0.002,0.001,eccentric_rotor,50
1/22/2025 11:51,-11.977,0.001,0.002,0,0.016,0.001,-12.017,0.003,0.002,0.002,0.002,0.005,eccentric_rotor,50
1/22/2025 11:51,-11.977,0.001,0.002,0,0.003,0.006,-12.017,0.003,0.003,0.002,0.007,0.001,eccentric_rotor,50
1/22/2025 11:51,-11.977,0.002,0.003,0.001,0.002,0.001,-12.017,0.001,0.004,0,0.003,0.005,eccentric_rotor,50
1/22/2025 11:51,-11.977,0.001,0.002,0,0.005,0.005,-12.017,0.001,0.002,0.001,0.015,0.009,eccentric_rotor,50
1/22/2025 11:51,-11.977,0.001,0.001,0,0.002,0.01,-12.017,0.002,0.002,0.001,0.002,0.001,eccentric_rotor,50
1/22/2025 11:51,-11.977,0.001,0.002,0.001,0.003,0.001,-12.018,0.001,0.003,0,0.002,0.001,eccentric_rotor,50
1/22/2025 11:51,-11.977,0.001,0.001,0,0.002,0.001,-12.018,0.001,0.001,0,0.005,0.004,eccentric_rotor,50
1/22/2025 11:51,-11.977,0.001,0.002,0.001,0.002,0.004,-12.018,0.001,0.001,0,0.002,0.001,eccentric_rotor,50
1/22/2025 11:51,-11.977,0.001,0.001,0,0.004,0.001,-12.018,0.001,0.002,0.001,0.003,0.001,eccentric_rotor,50
1/22/2025 11:51,-11.977,0.001,0.001,0.001,0.002,0.001,-12.018,0.001,0.002,0,0.002,0.001,eccentric_rotor,50
1/22/2025 11:51,-11.977,0.001,0.002,0.001,0.004,0.002,-12.018,0.001,0.002,0.001,0.002,0.001,eccentric_rotor,50
1/22/2025 11:51,-11.977,0.001,0.003,0.001,0.002,0.001,-12.018,0.001,0.002,0.001,0.004,0.001,eccentric_rotor,50
1/22/2025 11:52,-11.977,0.002,0.001,0.001,0.004,0.001,-12.018,0.001,0.002,0.001,0.002,0.002,eccentric_rotor,50
1/22/2025 11:52,-11.977,0.001,0.002,0.001,0.005,0.001,-12.017,0.001,0.002,0.001,0.004,0.002,eccentric_rotor,50
1/22/2025 11:52,-11.977,0.001,0.003,0.001,0.003,0.002,-12.017,0.002,0.003,0.001,0.003,0.001,eccentric_rotor,50
1/22/2025 11:52,-11.977,0.001,0.001,0.001,0.003,0.001,-12.017,0.001,0.002,0.001,0.003,0.003,eccentric_rotor,50
1/22/2025 11:52,-11.977,0.001,0.002,0,0.007,0.002,-12.017,0.001,0.002,0.001,0.004,0.001,eccentric_rotor,50
1/22/2025 11:52,-11.977,0.001,0.001,0.001,0.002,0.001,-12.017,0.001,0.003,0.001,0.003,0.003,eccentric_rotor,50
1/22/2025 11:52,-11.977,0.001,0.005,0,0.004,0.004,-12.017,0.001,0.002,0.001,0.002,0.003,eccentric_rotor,50
1/22/2025 11:52,-11.977,0.004,0.002,0.003,0.003,0.003,-12.017,0.003,0.002,0.002,0.007,0.001,eccentric_rotor,50
1/22/2025 11:52,-11.977,0.001,0.003,0,0.014,0.001,-12.017,0.001,0.002,0,0.002,0.009,eccentric_rotor,50
1/22/2025 11:52,-11.977,0.002,0.002,0.001,0.003,0.001,-12.017,0.002,0.004,0.001,0.004,0.001,eccentric_rotor,50
1/22/2025 11:52,-11.977,0.001,0.004,0,0.01,0.004,-12.017,0.001,0.002,0,0.003,0.005,eccentric_rotor,50
1/22/2025 11:52,-11.977,0.005,0.002,0.003,0.003,0.001,-12.017,0.004,0.003,0.003,0.012,0.001,eccentric_rotor,50
1/22/2025 11:52,-11.977,0.001,0.002,0.001,0.011,0.01,-12.017,0.002,0.002,0.001,0.003,0.011,eccentric_rotor,50
1/22/2025 11:53,-11.977,0.002,0.001,0.001,0.006,0.001,-12.017,0.001,0.003,0.001,0.009,0.004,eccentric_rotor,50
1/22/2025 11:53,-11.977,0.001,0.002,0,0.003,0.005,-12.017,0.001,0.002,0,0.003,0.001,eccentric_rotor,50
1/22/2025 11:53,-11.977,0.001,0.002,0.001,0.003,0.001,-12.017,0.001,0.002,0.001,0.01,0.001,eccentric_rotor,50
1/22/2025 11:53,-11.977,0.001,0.001,0,0.002,0.013,-12.017,0.001,0.001,0.001,0.006,0.001,eccentric_rotor,50
1/22/2025 11:53,-11.977,0.001,0.002,0.001,0.002,0.005,-12.017,0.001,0.002,0,0.003,0.001,eccentric_rotor,50
1/22/2025 11:53,-11.977,0.001,0.002,0.001,0.002,0.001,-12.017,0.001,0.002,0.001,0.002,0.001,eccentric_rotor,50
1/22/2025 11:53,-11.977,0.001,0.002,0,0.003,0.002,-12.017,0.001,0.002,0.001,0.002,0.002,eccentric_rotor,50
1/22/2025 11:53,-11.977,0.001,0.002,0,0.002,0.001,-12.017,0.001,0.002,0.001,0.002,0.001,eccentric_rotor,50
1/22/2025 11:53,-11.977,0.001,0.001,0.001,0.002,0.001,-12.017,0.001,0.002,0.001,0.003,0.001,eccentric_rotor,50
1/22/2025 11:53,-11.977,0.001,0.002,0,0.003,0.001,-12.017,0.001,0.002,0.001,0.003,0.002,eccentric_rotor,50
1/22/2025 11:53,-11.977,0.002,0.002,0.002,0.002,0.002,-12.017,0.002,0.002,0.001,0.002,0.001,eccentric_rotor,50
1/22/2025 11:53,-11.977,0.001,0.002,0.001,0.006,0.001,-12.017,0.001,0.002,0,0.003,0.006,eccentric_rotor,50
1/22/2025 11:53,-11.977,0.001,0.002,0.001,0.002,0.001,-12.017,0.001,0.002,0.001,0.002,0.001,eccentric_rotor,50
1/22/2025 11:54,-11.977,0.001,0.001,0.001,0.005,0.002,-12.017,0.001,0.001,0.001,0.006,0.003,eccentric_rotor,50
1/22/2025 11:54,-11.977,0.001,0.001,0,0.005,0.001,-12.017,0.001,0.002,0.001,0.002,0.002,eccentric_rotor,50
1/22/2025 11:54,-11.977,0.001,0.002,0,0.002,0.007,-12.017,0.001,0.002,0.001,0.005,0.001,eccentric_rotor,50
1/22/2025 11:54,-11.977,0.001,0.002,0.001,0.002,0.001,-12.017,0.001,0.002,0,0.005,0.001,eccentric_rotor,50
1/22/2025 11:54,-11.977,0.002,0.001,0.001,0.005,0.003,-12.017,0.002,0.002,0.001,0.003,0.002,eccentric_rotor,50
1/22/2025 11:54,-11.977,0.001,0.002,0,0.005,0.002,-12.017,0.001,0.002,0.001,0.002,0.004,eccentric_rotor,50
1/22/2025 11:54,-11.977,0.001,0.002,0,0.002,0.001,-12.017,0.001,0.002,0,0.004,0.001,eccentric_rotor,50
1/22/2025 11:54,-11.977,0.001,0.002,0.001,0.003,0.001,-12.017,0.001,0.002,0.001,0.005,0.001,eccentric_rotor,50
1/22/2025 11:54,-11.977,0.001,0.002,0,0.006,0.003,-12.017,0.001,0.003,0,0.002,0.003,eccentric_rotor,50
1/22/2025 11:54,-11.977,0.001,0.002,0.001,0.004,0.004,-12.017,0.001,0.002,0.001,0.003,0.002,eccentric_rotor,50
1/22/2025 11:54,-11.977,0.001,0.001,0,0.003,0.001,-12.017,0.001,0.002,0.001,0.006,0.001,eccentric_rotor,50
1/22/2025 11:54,-11.977,0.001,0.002,0.001,0.002,0.001,-12.017,0.001,0.002,0.001,0.004,0.002,eccentric_rotor,50
1/22/2025 11:54,-11.977,0.001,0.002,0,0.003,0.004,-12.017,0.001,0.002,0,0.002,0.001,eccentric_rotor,50
1/22/2025 11:55,-11.977,0.001,0.002,0.001,0.002,0.002,-12.017,0.001,0.001,0.001,0.002,0.001,eccentric_rotor,50
1/22/2025 11:55,-11.977,0.001,0.001,0.001,0.003,0.001,-12.017,0.001,0.002,0,0.002,0.002,eccentric_rotor,50
1/22/2025 11:55,-11.977,0.001,0.002,0,0.002,0.001,-12.017,0.001,0.002,0.001,0.003,0.001,eccentric_rotor,50
1/22/2025 11:55,-11.977,0.001,0.003,0.001,0.002,0.003,-12.017,0.001,0.002,0,0.003,0.001,eccentric_rotor,50
1/22/2025 11:55,-11.977,0.004,0.003,0.003,0.003,0.001,-12.017,0.001,0.002,0.001,0.002,0.002,eccentric_rotor,50
1/22/2025 11:55,-11.977,0.001,0.001,0.001,0.011,0.003,-12.017,0.003,0.001,0.002,0.002,0.002,eccentric_rotor,50
1/22/2025 11:55,-11.977,0.001,0.002,0,0.009,0.001,-12.017,0.002,0.003,0.002,0.003,0.01,eccentric_rotor,50
1/22/2025 11:55,-11.977,0.001,0.001,0,0.002,0.001,-12.017,0.001,0.003,0.001,0.01,0.001,eccentric_rotor,50
1/22/2025 11:55,-11.977,0.001,0.002,0.001,0.002,0.002,-12.017,0.001,0.002,0.001,0.008,0.002,eccentric_rotor,50
1/22/2025 11:55,-11.977,0.001,0.001,0,0.003,0.001,-12.017,0.001,0.002,0.001,0.002,0.001,eccentric_rotor,50
1/22/2025 11:55,-11.977,0.001,0.002,0.001,0.003,0.01,-12.017,0.001,0.001,0,0.002,0.002,eccentric_rotor,50
1/22/2025 11:56,-11.977,0.001,0.002,0,0.002,0.001,-12.017,0.001,0.002,0,0.003,0.001,eccentric_rotor,50
1/22/2025 11:56,-11.977,0.002,0.003,0.001,0.007,0.001,-12.017,0.002,0.002,0.001,0.003,0.001,eccentric_rotor,50
1/22/2025 11:56,-11.977,0.002,0.002,0.001,0.003,0.002,-12.017,0.002,0.001,0.001,0.002,0.005,eccentric_rotor,50
1/22/2025 11:56,-11.977,0.001,0.002,0.001,0.007,0.002,-12.017,0.001,0.003,0.001,0.002,0.004,eccentric_rotor,50
1/22/2025 11:56,-11.977,0.001,0.006,0.001,0.003,0.001,-12.017,0.001,0.002,0.001,0.007,0.002,eccentric_rotor,50
1/22/2025 11:56,-11.977,0.002,0.002,0.001,0.006,0.005,-12.017,0.002,0.002,0.001,0.003,0.001,eccentric_rotor,50
1/22/2025 11:56,-11.977,0.002,0.001,0.001,0.024,0.005,-12.017,0.001,0.002,0.001,0.007,0.003,eccentric_rotor,50
1/22/2025 11:56,-11.977,0.001,0.002,0.001,0.004,0.002,-12.017,0.002,0.002,0.001,0.003,0.005,eccentric_rotor,50
1/22/2025 11:56,-11.977,0.001,0.002,0.001,0.002,0.001,-12.017,0.001,0.006,0.001,0.005,0.002,eccentric_rotor,50
1/22/2025 11:56,-11.977,0.001,0.002,0.001,0.003,0.004,-12.017,0.001,0.002,0.001,0.02,0.001,eccentric_rotor,50
1/22/2025 11:56,-11.977,0.001,0.002,0,0.002,0.005,-12.017,0.001,0.002,0,0.004,0.001,eccentric_rotor,50
1/22/2025 11:56,-11.977,0.001,0.002,0,0.002,0.002,-12.017,0.001,0.002,0.001,0.002,0.002,eccentric_rotor,50
1/22/2025 11:57,-11.977,0.001,0.002,0.001,0.005,0.001,-12.017,0.001,0.001,0.001,0.003,0.003,eccentric_rotor,50
1/22/2025 11:57,-11.977,0.002,0.002,0.001,0.003,0.002,-12.017,0.001,0.002,0.001,0.002,0.004,eccentric_rotor,50
1/22/2025 11:57,-11.977,0.001,0.002,0.001,0.005,0.001,-12.017,0.001,0.002,0,0.002,0.001,eccentric_rotor,50
1/22/2025 11:57,-11.977,0.001,0.002,0,0.005,0.001,-12.017,0.001,0.002,0.001,0.004,0.001,eccentric_rotor,50
1/22/2025 11:57,-11.977,0.001,0.001,0.001,0.002,0.004,-12.017,0.001,0.002,0.001,0.005,0.002,eccentric_rotor,50
1/22/2025 11:57,-11.977,0.001,0.001,0,0.003,0.004,-12.017,0.001,0.002,0.001,0.003,0.001,eccentric_rotor,50
1/22/2025 11:57,-11.977,0.001,0.002,0,0.002,0.004,-12.017,0.001,0.001,0,0.002,0.001,eccentric_rotor,50
1/22/2025 11:57,-11.977,0.001,0.002,0.001,0.002,0.001,-12.017,0.001,0.002,0.001,0.003,0.003,eccentric_rotor,50
1/22/2025 11:57,-11.977,0.001,0.002,0.001,0.002,0.002,-12.017,0.001,0.002,0,0.002,0.001,eccentric_rotor,50
1/22/2025 11:57,-11.977,0.001,0.001,0.001,0.002,0.001,-12.017,0.001,0.002,0.001,0.003,0.002,eccentric_rotor,50
1/22/2025 11:57,-11.977,0.001,0.002,0,0.006,0.001,-12.017,0.001,0.002,0,0.002,0.001,eccentric_rotor,50
1/22/2025 11:58,-11.977,0.002,0.003,0.001,0.003,0.004,-12.017,0.001,0.002,0,0.002,0.001,eccentric_rotor,50
1/22/2025 11:58,-11.977,0.001,0.001,0.001,0.002,0.003,-12.017,0.002,0.002,0.001,0.005,0.005,eccentric_rotor,50
1/22/2025 11:58,-11.977,0.001,0.002,0,0.006,0.001,-12.018,0.001,0.002,0.001,0.004,0.002,eccentric_rotor,50
1/22/2025 11:58,-11.977,0.002,0.002,0.002,0.006,0.005,-12.017,0.001,0.002,0,0.003,0.001,eccentric_rotor,50
1/22/2025 11:58,-11.977,0.001,0.001,0.001,0.002,0.001,-12.017,0.001,0.001,0,0.002,0.006,eccentric_rotor,50
1/22/2025 11:58,-11.977,0.001,0.002,0,0.007,0.003,-12.017,0.002,0.002,0.002,0.005,0.003,eccentric_rotor,50
1/22/2025 11:58,-11.977,0.001,0.001,0,0.006,0.001,-12.017,0.001,0.003,0,0.006,0.001,eccentric_rotor,50
1/22/2025 11:58,-11.977,0.001,0.002,0.001,0.002,0.006,-12.017,0.001,0.002,0.001,0.002,0.001,eccentric_rotor,50
1/22/2025 11:58,-11.977,0.001,0.002,0.001,0.002,0.003,-12.017,0.001,0.001,0,0.007,0.002,eccentric_rotor,50
1/22/2025 11:58,-11.977,0.001,0.001,0.001,0.003,0.001,-12.017,0.001,0.002,0.001,0.005,0.002,eccentric_rotor,50
1/22/2025 11:58,-11.977,0.001,0.001,0,0.003,0.001,-12.017,0.001,0.002,0.001,0.002,0.001,eccentric_rotor,50
1/22/2025 11:59,-11.977,0.001,0.002,0,0.004,0.002,-12.017,0.001,0.002,0,0.002,0.001,eccentric_rotor,50
1/22/2025 11:59,-11.977,0.001,0.001,0.001,0.002,0.002,-12.017,0.001,0.001,0,0.003,0.001,eccentric_rotor,50
1/22/2025 11:59,-11.977,0.001,0.002,0,0.003,0.001,-12.017,0.001,0.001,0.001,0.003,0.001,eccentric_rotor,50
1/22/2025 11:59,-11.977,0.001,0.001,0.001,0.002,0.001,-12.017,0.001,0.002,0,0.004,0.003,eccentric_rotor,50
1/22/2025 11:59,-11.977,0.001,0.003,0,0.004,0.001,-12.017,0.001,0.001,0.001,0.002,0.001,eccentric_rotor,50
1/22/2025 11:59,-11.977,0.002,0.002,0.001,0.005,0.001,-12.017,0.001,0.002,0.001,0.002,0.004,eccentric_rotor,50
1/22/2025 11:59,-11.977,0.001,0.001,0.001,0.003,0.004,-12.017,0.002,0.002,0.001,0.003,0.002,eccentric_rotor,50
1/22/2025 11:59,-11.977,0.001,0.001,0,0.011,0.001,-12.017,0.001,0.002,0,0.002,0.001,eccentric_rotor,50
1/22/2025 11:59,-11.977,0.001,0.003,0.001,0.002,0.004,-12.017,0.001,0.003,0.001,0.004,0.001,eccentric_rotor,50
1/22/2025 11:59,-11.977,0.001,0.001,0,0.002,0.001,-12.017,0.001,0.002,0,0.002,0.002,eccentric_rotor,50
1/22/2025 11:59,-11.977,0.002,0.001,0.001,0.003,0.002,-12.017,0.001,0.001,0.001,0.011,0.004,eccentric_rotor,50
1/22/2025 12:00,-11.977,0.001,0.003,0,0.002,0.002,-12.017,0.001,0.002,0.001,0.002,0.001,eccentric_rotor,50
1/22/2025 12:00,-11.977,0.001,0.001,0,0.003,0.001,-12.017,0.002,0.002,0.001,0.002,0.001,eccentric_rotor,50
1/22/2025 12:00,-11.977,0.001,0.002,0.001,0.009,0.005,-12.017,0.001,0.003,0.001,0.003,0.003,eccentric_rotor,50
1/22/2025 12:00,-11.977,0.001,0.001,0,0.003,0.001,-12.017,0.001,0.002,0.001,0.003,0.001,eccentric_rotor,50
1/22/2025 12:00,-11.977,0.001,0.001,0,0.002,0.003,-12.017,0.001,0.001,0.001,0.008,0.002,eccentric_rotor,50
1/22/2025 12:00,-11.977,0.001,0.004,0.001,0.003,0.001,-12.017,0.001,0.003,0.001,0.002,0.001,eccentric_rotor,50
1/22/2025 12:00,-11.977,0.001,0.008,0,0.01,0.002,-12.017,0.001,0.002,0,0.003,0.003,eccentric_rotor,50
1/22/2025 12:00,-11.977,0.001,0.001,0.001,0.004,0.001,-12.017,0.001,0.002,0.001,0.002,0.008,eccentric_rotor,50
1/22/2025 12:00,-11.977,0.003,0.002,0.002,0.003,0.009,-12.017,0.001,0.002,0.001,0.01,0.001,eccentric_rotor,50
1/22/2025 12:00,-11.977,0.001,0.002,0,0.002,0.001,-12.017,0.003,0.002,0.002,0.003,0.003,eccentric_rotor,50
1/22/2025 12:00,-11.977,0.001,0.002,0.001,0.013,0.003,-12.017,0.001,0.003,0,0.002,0.001,eccentric_rotor,50
1/22/2025 12:01,-11.977,0.001,0.001,0,0.029,0.001,-12.017,0.001,0.008,0.001,0.002,0.003,eccentric_rotor,50
1/22/2025 12:01,-11.977,0.001,0.005,0.001,0.002,0.004,-12.017,0.001,0.002,0,0.011,0.001,eccentric_rotor,50
1/22/2025 12:01,-11.977,0.001,0.002,0.001,0.004,0.001,-12.017,0.001,0.002,0.001,0.025,0.001,eccentric_rotor,50
1/22/2025 12:01,-11.977,0.005,0.001,0.003,0.002,0.001,-12.017,0.001,0.001,0.001,0.002,0.013,eccentric_rotor,50
1/22/2025 12:01,-11.977,0.001,0.001,0.001,0.005,0.014,-12.017,0.001,0.002,0.001,0.004,0.003,eccentric_rotor,50
1/22/2025 12:01,-11.977,0.001,0.002,0,0.002,0.003,-12.017,0.004,0.002,0.003,0.002,0.001,eccentric_rotor,50
1/22/2025 12:01,-11.977,0.001,0.001,0.001,0.018,0.001,-12.017,0.001,0.002,0.001,0.005,0.001,eccentric_rotor,50
1/22/2025 12:01,-11.977,0.001,0.002,0,0.005,0.001,-12.017,0.001,0.005,0.001,0.002,0.002,eccentric_rotor,50
1/22/2025 12:01,-11.977,0.001,0.003,0.001,0.002,0.001,-12.017,0.001,0.002,0,0.016,0.001,eccentric_rotor,50
1/22/2025 12:01,-11.977,0.001,0.002,0.001,0.002,0.002,-12.017,0.001,0.002,0.001,0.005,0.001,eccentric_rotor,50
1/22/2025 12:01,-11.977,0.002,0.004,0.002,0.003,0.007,-12.017,0.001,0.001,0,0.002,0.006,eccentric_rotor,50
1/22/2025 12:01,-11.977,0.001,0.001,0,0.002,0.001,-12.017,0.002,0.002,0.002,0.003,0.004,eccentric_rotor,50
1/22/2025 12:02,-11.977,0.001,0.001,0,0.003,0.001,-12.017,0.001,0.002,0.001,0.002,0.001,eccentric_rotor,50
1/22/2025 12:02,-11.977,0.003,0.002,0.002,0.008,0.008,-12.017,0.001,0.002,0.001,0.003,0.007,eccentric_rotor,50
1/22/2025 12:02,-11.977,0.001,0.002,0,0.006,0.001,-12.017,0.003,0.003,0.002,0.002,0.001,eccentric_rotor,50
1/22/2025 12:02,-11.977,0.001,0.001,0,0.003,0.001,-12.017,0.001,0.002,0.001,0.008,0.001,eccentric_rotor,50
1/22/2025 12:02,-11.977,0.002,0.002,0.001,0.012,0.004,-12.017,0.001,0.002,0.001,0.006,0.003,eccentric_rotor,50
1/22/2025 12:02,-11.977,0.001,0.002,0,0.002,0.001,-12.017,0.002,0.003,0.001,0.003,0.004,eccentric_rotor,50
1/22/2025 12:02,-11.977,0.001,0.004,0,0.007,0.002,-12.018,0.001,0.002,0,0.011,0.001,eccentric_rotor,50
1/22/2025 12:02,-11.977,0.001,0.002,0.001,0.005,0.001,-12.018,0.001,0.002,0.001,0.002,0.001,eccentric_rotor,50
1/22/2025 12:02,-11.977,0.006,0.001,0.004,0.002,0.017,-12.017,0.001,0.002,0.001,0.006,0.001,eccentric_rotor,50
1/22/2025 12:02,-11.977,0.001,0.001,0,0.003,0.001,-12.018,0.006,0.002,0.004,0.005,0.016,eccentric_rotor,50
1/22/2025 12:02,-11.977,0.001,0.002,0.001,0.002,0.003,-12.018,0.001,0.001,0.001,0.002,0.001,eccentric_rotor,50
1/22/2025 12:02,-11.977,0.001,0.002,0,0.002,0.001,-12.018,0.001,0.002,0,0.003,0.002,eccentric_rotor,50
1/22/2025 12:03,-11.977,0.001,0.002,0.001,0.014,0.001,-12.018,0.001,0.004,0.001,0.002,0.001,eccentric_rotor,50
1/22/2025 12:03,-11.977,0.001,0.001,0,0.005,0.001,-12.018,0.001,0.002,0.001,0.002,0.001,eccentric_rotor,50
1/22/2025 12:03,-11.977,0.001,0.002,0.001,0.002,0.001,-12.018,0.001,0.002,0,0.013,0.001,eccentric_rotor,50
1/22/2025 12:03,-11.977,0.001,0.002,0,0.002,0.001,-12.018,0.002,0.001,0.001,0.004,0.002,eccentric_rotor,50
1/22/2025 12:03,-11.977,0.002,0.002,0.001,0.002,0.004,-12.018,0.001,0.002,0,0.002,0.001,eccentric_rotor,50
1/22/2025 12:03,-11.977,0.001,0.002,0,0.002,0.001,-12.018,0.002,0.002,0.001,0.002,0.004,eccentric_rotor,50
1/22/2025 12:03,-11.977,0.002,0.004,0.001,0.003,0.004,-12.018,0.001,0.002,0,0.003,0.001,eccentric_rotor,50
1/22/2025 12:03,-11.977,0.001,0.003,0.001,0.003,0.001,-12.018,0.001,0.003,0.001,0.002,0.003,eccentric_rotor,50
1/22/2025 12:03,-11.977,0.001,0.002,0.001,0.006,0.004,-12.018,0.003,0.002,0.002,0.003,0.001,eccentric_rotor,50
1/22/2025 12:03,-11.977,0.003,0.002,0.002,0.002,0.01,-12.018,0.001,0.002,0.001,0.007,0.003,eccentric_rotor,50
1/22/2025 12:04,-11.977,0.001,0.001,0.001,0.006,0.002,-12.018,0.001,0.002,0,0.002,0.009,eccentric_rotor,50
1/22/2025 12:04,-11.977,0.001,0.001,0.001,0.003,0.004,-12.018,0.002,0.002,0.001,0.005,0.001,eccentric_rotor,50
1/22/2025 12:04,-11.977,0.001,0.002,0,0.005,0.001,-12.018,0.001,0.002,0,0.003,0.004,eccentric_rotor,50
1/22/2025 12:04,-11.977,0.002,0.002,0.001,0.004,0.001,-12.018,0.001,0.003,0.001,0.004,0.001,eccentric_rotor,50
1/22/2025 12:04,-11.977,0.001,0.002,0,0.012,0.005,-12.018,0.001,0.003,0.001,0.004,0.001,eccentric_rotor,50
1/22/2025 12:04,-11.977,0.002,0.002,0.001,0.01,0.001,-12.018,0.001,0.002,0.001,0.011,0.004,eccentric_rotor,50
1/22/2025 12:04,-11.977,0.001,0.003,0.001,0.003,0.005,-12.018,0.001,0.002,0.001,0.009,0.004,eccentric_rotor,50
1/22/2025 12:04,-11.977,0.002,0.003,0.001,0.006,0.001,-12.018,0.001,0.002,0.001,0.003,0.001,eccentric_rotor,50
1/22/2025 12:04,-11.977,0.001,0.001,0.001,0.002,0.001,-12.018,0.002,0.002,0.001,0.005,0.001,eccentric_rotor,50
1/22/2025 12:04,-11.977,0.001,0.005,0.001,0.004,0.006,-12.018,0.003,0.002,0.002,0.002,0.005,eccentric_rotor,50
1/22/2025 12:04,-11.977,0.002,0.001,0.002,0.005,0.001,-12.018,0.001,0.002,0,0.003,0.008,eccentric_rotor,50
1/22/2025 12:05,-11.977,0.003,0.003,0.002,0.003,0.009,-12.018,0.001,0.002,0.001,0.005,0.001,eccentric_rotor,50
1/22/2025 12:05,-11.977,0.001,0.001,0,0.004,0.003,-12.018,0.001,0.002,0,0.004,0.003,eccentric_rotor,50
1/22/2025 12:05,-11.977,0.001,0.003,0.001,0.003,0.001,-12.018,0.002,0.003,0.002,0.002,0.001,eccentric_rotor,50
1/22/2025 12:05,-11.977,0.001,0.003,0,0.009,0.007,-12.018,0.001,0.003,0.001,0.003,0.006,eccentric_rotor,50
1/22/2025 12:05,-11.977,0.002,0.001,0.002,0.011,0.001,-12.018,0.002,0.002,0.001,0.008,0.001,eccentric_rotor,50
1/22/2025 12:05,-11.977,0.001,0.001,0,0.002,0.005,-12.018,0.002,0.005,0.001,0.011,0.004,eccentric_rotor,50
1/22/2025 12:05,-11.977,0.002,0.003,0.001,0.019,0.001,-12.018,0.001,0.001,0,0.002,0.001,eccentric_rotor,50
1/22/2025 12:05,-11.977,0.001,0.003,0.001,0.002,0.004,-12.018,0.001,0.003,0,0.017,0.004,eccentric_rotor,50
1/22/2025 12:05,-11.977,0.001,0.002,0,0.007,0.001,-12.018,0.002,0.002,0.001,0.002,0.001,eccentric_rotor,50
1/22/2025 12:05,-11.977,0.001,0.001,0,0.002,0.006,-12.018,0.001,0.004,0,0.007,0.005,eccentric_rotor,50
1/22/2025 12:05,-11.977,0.002,0.001,0.001,0.008,0.001,-12.018,0.001,0.003,0.001,0.003,0.001,eccentric_rotor,50
1/22/2025 12:06,-11.977,0.001,0.002,0,0.007,0.004,-12.018,0.001,0.002,0,0.008,0.004,eccentric_rotor,50
1/22/2025 12:06,-11.977,0.001,0.001,0.001,0.002,0.001,-12.018,0.001,0.002,0,0.007,0.001,eccentric_rotor,50
1/22/2025 12:06,-11.977,0.001,0.001,0,0.002,0.002,-12.018,0.001,0.003,0.001,0.003,0.001,eccentric_rotor,50
1/22/2025 12:06,-11.977,0.001,0.002,0,0.008,0.001,-12.018,0.001,0.002,0.001,0.002,0.001,eccentric_rotor,50
1/22/2025 12:06,-11.977,0.001,0.002,0.001,0.009,0.001,-12.018,0.001,0.002,0,0.008,0.001,eccentric_rotor,50
1/22/2025 12:06,-11.977,0.001,0.001,0,0.004,0.002,-12.018,0.001,0.002,0.001,0.003,0.002,eccentric_rotor,50
1/22/2025 12:06,-11.977,0.001,0.001,0.001,0.002,0.001,-12.018,0.001,0.001,0.001,0.004,0.001,eccentric_rotor,50
1/22/2025 12:06,-11.977,0.001,0.003,0,0.002,0.002,-12.018,0.001,0.002,0.001,0.002,0.002,eccentric_rotor,50
1/22/2025 12:06,-11.977,0.001,0.007,0.001,0.003,0.001,-12.018,0.001,0.001,0,0.002,0.001,eccentric_rotor,50
1/22/2025 12:06,-11.977,0.001,0.002,0,0.002,0.001,-12.018,0.001,0.002,0.001,0.003,0.001,eccentric_rotor,50
1/22/2025 12:06,-11.977,0.001,0.001,0,0.002,0.007,-12.018,0.002,0.002,0.002,0.002,0.006,eccentric_rotor,50
1/22/2025 12:07,-11.977,0.002,0.008,0.002,0.004,0.014,-12.018,0.004,0.001,0.003,0.002,0.012,eccentric_rotor,50
1/22/2025 12:07,-11.977,0.005,0.009,0.004,0.003,0.002,-12.018,0.001,0.002,0.001,0.003,0.001,eccentric_rotor,50
1/22/2025 12:07,-11.977,0.001,0.002,0.001,0.002,0.001,-12.018,0.001,0.003,0.001,0.003,0.001,eccentric_rotor,50
1/22/2025 12:07,-11.977,0.001,0.007,0,0.002,0.008,-12.018,0.003,0.007,0.002,0.002,0.008,eccentric_rotor,50
1/22/2025 12:07,-11.977,0.003,0.002,0.002,0.01,0.031,-12.018,0.01,0.002,0.007,0.002,0.028,eccentric_rotor,50
1/22/2025 12:07,-11.977,0.011,0.006,0.008,0.023,0.002,-12.017,0.001,0.002,0.001,0.009,0.001,eccentric_rotor,50
1/22/2025 12:07,-11.977,0.001,0.026,0.001,0.004,0.002,-12.018,0.001,0.009,0.001,0.022,0.002,eccentric_rotor,50
1/22/2025 12:07,-11.977,0.001,0.002,0.001,0.003,0.02,-12.018,0.006,0.008,0.005,0.003,0.019,eccentric_rotor,50
1/22/2025 12:07,-11.977,0.006,0.003,0.005,0.028,0.002,-12.017,0.001,0.002,0.001,0.003,0.001,eccentric_rotor,50
1/22/2025 12:07,-11.977,0.001,0.011,0.001,0.035,0.012,-12.017,0.011,0.007,0.008,0.03,0.011,eccentric_rotor,50
1/22/2025 12:07,-11.977,0.009,0.003,0.006,0.004,0.002,-12.017,0.001,0.002,0.001,0.03,0.002,eccentric_rotor,50
1/22/2025 12:07,-11.977,0.001,0.005,0.001,0.007,0.002,-12.017,0.005,0.009,0.003,0.004,0.002,eccentric_rotor,50
1/22/2025 12:07,-11.977,0.001,0.003,0.001,0.024,0.014,-12.017,0.001,0.031,0.001,0.007,0.013,eccentric_rotor,50
1/22/2025 12:07,-11.977,0.005,0.007,0.003,0.005,0.004,-12.018,0.002,0.003,0.001,0.023,0.004,eccentric_rotor,50
1/22/2025 12:08,-11.977,0.002,0.002,0.002,0.029,0.002,-12.018,0.001,0.003,0.001,0.005,0.002,eccentric_rotor,50
1/22/2025 12:08,-11.977,0.001,0.009,0.001,0.005,0.011,-12.018,0.004,0.008,0.003,0.034,0.011,eccentric_rotor,50
1/22/2025 12:08,-11.977,0.004,0.004,0.003,0.004,0.001,-12.018,0.001,0.004,0.001,0.005,0.001,eccentric_rotor,50
1/22/2025 12:08,-11.977,0.001,0.004,0.001,0.03,0.015,-12.018,0.005,0.003,0.004,0.004,0.014,eccentric_rotor,50
1/22/2025 12:08,-11.977,0.006,0.01,0.004,0.011,0.006,-12.018,0.002,0.005,0.001,0.026,0.006,eccentric_rotor,50
1/22/2025 12:08,-11.978,0.002,0.004,0.002,0.004,0.002,-12.018,0.001,0.002,0.001,0.011,0.002,eccentric_rotor,50
1/22/2025 12:08,-11.978,0.002,0.01,0.001,0.012,0.007,-12.018,0.003,0.008,0.002,0.004,0.007,eccentric_rotor,50
1/22/2025 12:08,-11.978,0.002,0.016,0.001,0.003,0.004,-12.018,0.002,0.005,0.001,0.012,0.003,eccentric_rotor,50
1/22/2025 12:08,-11.978,0.003,0.004,0.002,0.035,0.008,-12.018,0.004,0.003,0.003,0.003,0.007,eccentric_rotor,50
1/22/2025 12:08,-11.978,0.002,0.005,0.001,0.017,0.015,-12.018,0.005,0.005,0.004,0.031,0.014,eccentric_rotor,50
1/22/2025 12:08,-11.977,0.004,0.004,0.003,0.005,0.003,-12.018,0.001,0.003,0.001,0.015,0.002,eccentric_rotor,50
1/22/2025 12:09,-11.977,0.006,0.004,0.004,0.011,0.004,-12.018,0.002,0.008,0.002,0.006,0.004,eccentric_rotor,50
1/22/2025 12:09,-11.978,0.002,0.021,0.001,0.006,0.002,-12.018,0.001,0.014,0.001,0.011,0.001,eccentric_rotor,50
1/22/2025 12:09,-11.978,0.002,0.021,0.002,0.013,0.003,-12.018,0.002,0.003,0.001,0.006,0.003,eccentric_rotor,50
1/22/2025 12:09,-11.978,0.002,0.158,0.001,0.058,0.024,-12.018,0.008,0.004,0.006,0.012,0.021,eccentric_rotor,50
1/22/2025 12:09,-11.977,0.002,0.139,0.001,0.006,0.007,-12.018,0.012,0.003,0.008,0.052,0.007,eccentric_rotor,50
1/22/2025 12:09,-11.978,0.009,0.091,0.007,0.005,0.124,-12.018,0.08,0.004,0.056,0.005,0.101,eccentric_rotor,50
1/22/2025 12:09,-11.978,0.009,0.086,0.007,0.007,0.159,-12.018,0.074,0.018,0.052,0.005,0.138,eccentric_rotor,50
1/22/2025 12:09,-11.978,0.075,0.101,0.053,0.006,0.037,-12.018,0.049,0.023,0.035,0.007,0.037,eccentric_rotor,50
1/22/2025 12:09,-11.978,0.077,0.086,0.054,0.073,0.069,-12.018,0.045,0.164,0.032,0.007,0.06,eccentric_rotor,50
1/22/2025 12:09,-11.978,0.038,0.102,0.027,0.015,0.017,-12.018,0.056,0.152,0.04,0.064,0.028,eccentric_rotor,50
1/22/2025 12:09,-11.978,0.034,0.085,0.024,0.176,0.035,-12.018,0.046,0.111,0.033,0.015,0.038,eccentric_rotor,50
1/22/2025 12:09,-11.978,0.049,0.087,0.034,0.227,0.029,-12.018,0.056,0.106,0.039,0.152,0.034,eccentric_rotor,50
1/22/2025 12:09,-11.978,0.036,0.1,0.025,0.064,0.023,-12.017,0.047,0.118,0.033,0.202,0.03,eccentric_rotor,50
1/22/2025 12:10,-11.978,0.042,0.085,0.029,0.047,0.033,-12.018,0.058,0.101,0.041,0.077,0.038,eccentric_rotor,50
1/22/2025 12:10,-11.978,0.036,0.105,0.025,0.101,0.033,-12.018,0.047,0.118,0.033,0.065,0.038,eccentric_rotor,50
1/22/2025 12:10,-11.978,0.044,0.087,0.031,0.043,0.027,-12.017,0.055,0.115,0.039,0.087,0.032,eccentric_rotor,50
1/22/2025 12:10,-11.978,0.037,0.11,0.026,0.054,0.057,-12.017,0.052,0.103,0.037,0.061,0.055,eccentric_rotor,50
1/22/2025 12:10,-11.978,0.043,0.09,0.03,0.052,0.028,-12.017,0.048,0.119,0.034,0.073,0.034,eccentric_rotor,50
1/22/2025 12:10,-11.978,0.043,0.106,0.03,0.062,0.035,-12.017,0.061,0.105,0.043,0.07,0.039,eccentric_rotor,50
1/22/2025 12:10,-11.978,0.036,0.087,0.025,0.053,0.031,-12.017,0.049,0.124,0.035,0.076,0.036,eccentric_rotor,50
1/22/2025 12:10,-11.978,0.037,0.103,0.026,0.058,0.034,-12.017,0.058,0.101,0.041,0.07,0.039,eccentric_rotor,50
1/22/2025 12:10,-11.978,0.048,0.086,0.034,0.05,0.032,-12.017,0.056,0.108,0.04,0.076,0.037,eccentric_rotor,50
1/22/2025 12:10,-11.978,0.042,0.09,0.03,0.049,0.036,-12.017,0.048,0.126,0.034,0.066,0.041,eccentric_rotor,50
1/22/2025 12:10,-11.978,0.036,0.102,0.026,0.077,0.03,-12.017,0.048,0.107,0.034,0.09,0.035,eccentric_rotor,50
1/22/2025 12:11,-11.978,0.043,0.09,0.03,0.053,0.03,-12.017,0.063,0.124,0.045,0.07,0.036,eccentric_rotor,50
1/22/2025 12:11,-11.978,0.038,0.11,0.027,0.059,0.039,-12.017,0.05,0.123,0.035,0.077,0.042,eccentric_rotor,50
1/22/2025 12:11,-11.978,0.037,0.093,0.026,0.058,0.03,-12.017,0.057,0.104,0.04,0.073,0.037,eccentric_rotor,50
1/22/2025 12:11,-11.978,0.048,0.089,0.034,0.055,0.037,-12.017,0.06,0.125,0.043,0.077,0.04,eccentric_rotor,50
1/22/2025 12:11,-11.978,0.043,0.106,0.03,0.056,0.038,-12.017,0.049,0.109,0.035,0.073,0.042,eccentric_rotor,50
1/22/2025 12:11,-11.978,0.037,0.089,0.026,0.06,0.034,-12.017,0.048,0.129,0.034,0.078,0.035,eccentric_rotor,50
1/22/2025 12:11,-11.978,0.045,0.097,0.032,0.062,0.029,-12.016,0.049,0.109,0.034,0.078,0.042,eccentric_rotor,50
1/22/2025 12:11,-11.978,0.037,0.093,0.026,0.056,0.038,-12.016,0.057,0.12,0.04,0.074,0.036,eccentric_rotor,50
1/22/2025 12:11,-11.978,0.045,0.109,0.032,0.065,0.031,-12.017,0.051,0.105,0.036,0.076,0.046,eccentric_rotor,50
1/22/2025 12:11,-11.978,0.036,0.091,0.025,0.063,0.043,-12.017,0.058,0.112,0.041,0.079,0.043,eccentric_rotor,50
1/22/2025 12:11,-11.978,0.042,0.094,0.03,0.059,0.039,-12.017,0.05,0.12,0.035,0.08,0.038,eccentric_rotor,50
1/22/2025 12:12,-11.978,0.043,0.112,0.03,0.06,0.033,-12.017,0.049,0.107,0.035,0.075,0.04,eccentric_rotor,50
1/22/2025 12:12,-11.978,0.038,0.091,0.027,0.064,0.034,-12.017,0.049,0.123,0.035,0.077,0.044,eccentric_rotor,50
1/22/2025 12:12,-11.978,0.038,0.107,0.027,0.059,0.039,-12.017,0.061,0.107,0.043,0.08,0.051,eccentric_rotor,50
1/22/2025 12:12,-11.978,0.045,0.107,0.032,0.064,0.048,-12.017,0.062,0.111,0.044,0.075,0.036,eccentric_rotor,50
1/22/2025 12:12,-11.978,0.036,0.091,0.025,0.058,0.031,-12.017,0.047,0.128,0.033,0.08,0.044,eccentric_rotor,50
1/22/2025 12:12,-11.978,0.038,0.105,0.027,0.071,0.04,-12.017,0.06,0.132,0.042,0.075,0.039,eccentric_rotor,50
1/22/2025 12:12,-11.978,0.047,0.102,0.033,0.059,0.029,-12.017,0.05,0.107,0.035,0.085,0.049,eccentric_rotor,50
1/22/2025 12:12,-11.977,0.036,0.091,0.026,0.061,0.045,-12.017,0.058,0.13,0.041,0.078,0.04,eccentric_rotor,50
1/22/2025 12:12,-11.977,0.046,0.111,0.033,0.067,0.041,-12.017,0.05,0.109,0.035,0.082,0.041,eccentric_rotor,50
1/22/2025 12:12,-11.977,0.039,0.091,0.027,0.072,0.033,-12.017,0.06,0.123,0.042,0.09,0.054,eccentric_rotor,50
1/22/2025 12:12,-11.977,0.045,0.106,0.032,0.063,0.036,-12.017,0.057,0.131,0.041,0.08,0.047,eccentric_rotor,50
1/22/2025 12:12,-11.977,0.046,0.103,0.032,0.069,0.052,-12.017,0.053,0.113,0.037,0.084,0.039,eccentric_rotor,50
1/22/2025 12:12,-11.977,0.039,0.095,0.028,0.077,0.043,-12.017,0.05,0.123,0.036,0.082,0.042,eccentric_rotor,50
1/22/2025 12:13,-11.977,0.039,0.111,0.027,0.069,0.033,-12.017,0.065,0.107,0.046,0.094,0.037,eccentric_rotor,50
1/22/2025 12:13,-11.977,0.045,0.094,0.032,0.063,0.038,-12.017,0.062,0.131,0.044,0.085,0.053,eccentric_rotor,50
1/22/2025 12:13,-11.977,0.04,0.112,0.028,0.063,0.029,-12.017,0.05,0.125,0.035,0.079,0.046,eccentric_rotor,50
1/22/2025 12:13,-11.977,0.039,0.092,0.028,0.077,0.051,-12.017,0.065,0.112,0.046,0.08,0.043,eccentric_rotor,50
1/22/2025 12:13,-11.977,0.049,0.113,0.035,0.069,0.043,-12.017,0.052,0.129,0.037,0.095,0.049,eccentric_rotor,50
1/22/2025 12:13,-11.977,0.038,0.091,0.027,0.094,0.038,-12.017,0.063,0.126,0.044,0.083,0.041,eccentric_rotor,50
1/22/2025 12:13,-11.977,0.047,0.104,0.034,0.064,0.045,-12.017,0.051,0.11,0.036,0.1,0.039,eccentric_rotor,50
1/22/2025 12:13,-11.977,0.05,0.09,0.035,0.065,0.042,-12.017,0.061,0.12,0.043,0.081,0.047,eccentric_rotor,50
1/22/2025 12:13,-11.977,0.038,0.107,0.027,0.081,0.035,-12.017,0.061,0.129,0.043,0.082,0.043,eccentric_rotor,50
1/22/2025 12:13,-11.977,0.047,0.102,0.033,0.064,0.042,-12.017,0.05,0.109,0.036,0.094,0.042,eccentric_rotor,50
1/22/2025 12:13,-11.977,0.039,0.09,0.028,0.069,0.039,-12.017,0.062,0.111,0.044,0.08,0.045,eccentric_rotor,50
1/22/2025 12:14,-11.977,0.048,0.108,0.034,0.07,0.037,-12.017,0.051,0.136,0.036,0.088,0.046,eccentric_rotor,50
1/22/2025 12:14,-11.977,0.038,0.089,0.027,0.063,0.041,-12.017,0.06,0.114,0.042,0.08,0.043,eccentric_rotor,50
1/22/2025 12:14,-11.977,0.047,0.092,0.033,0.067,0.042,-12.017,0.05,0.133,0.035,0.088,0.044,eccentric_rotor,50
1/22/2025 12:14,-11.977,0.038,0.101,0.027,0.063,0.039,-12.017,0.062,0.11,0.044,0.078,0.047,eccentric_rotor,50
1/22/2025 12:14,-11.977,0.039,0.093,0.028,0.071,0.042,-12.017,0.054,0.114,0.038,0.088,0.044,eccentric_rotor,50
1/22/2025 12:14,-11.977,0.046,0.11,0.032,0.065,0.043,-12.017,0.059,0.133,0.042,0.083,0.046,eccentric_rotor,50
1/22/2025 12:14,-11.977,0.038,0.093,0.027,0.069,0.041,-12.017,0.061,0.113,0.043,0.081,0.047,eccentric_rotor,50
1/22/2025 12:14,-11.977,0.048,0.107,0.034,0.065,0.039,-12.017,0.052,0.121,0.037,0.086,0.044,eccentric_rotor,50
1/22/2025 12:14,-11.977,0.037,0.096,0.026,0.069,0.041,-12.017,0.062,0.113,0.044,0.088,0.042,eccentric_rotor,50
1/22/2025 12:14,-11.977,0.046,0.106,0.033,0.067,0.043,-12.017,0.051,0.126,0.036,0.083,0.048,eccentric_rotor,50
1/22/2025 12:14,-11.977,0.04,0.093,0.028,0.07,0.04,-12.018,0.061,0.11,0.043,0.088,0.049,eccentric_rotor,50
1/22/2025 12:14,-11.977,0.046,0.094,0.033,0.067,0.043,-12.018,0.053,0.113,0.037,0.084,0.045,eccentric_rotor,50
1/22/2025 12:15,-11.977,0.039,0.111,0.027,0.07,0.035,-12.018,0.061,0.125,0.043,0.089,0.045,eccentric_rotor,50
1/22/2025 12:15,-11.977,0.047,0.11,0.033,0.067,0.041,-12.018,0.052,0.115,0.037,0.083,0.049,eccentric_rotor,50
1/22/2025 12:15,-11.977,0.039,0.097,0.028,0.07,0.044,-12.018,0.068,0.132,0.048,0.089,0.044,eccentric_rotor,50
1/22/2025 12:15,-11.977,0.046,0.108,0.033,0.071,0.04,-12.018,0.053,0.111,0.037,0.084,0.047,eccentric_rotor,50
1/22/2025 12:15,-11.977,0.04,0.093,0.028,0.066,0.043,-12.017,0.063,0.13,0.045,0.085,0.045,eccentric_rotor,50
1/22/2025 12:15,-11.977,0.047,0.108,0.033,0.068,0.04,-12.018,0.061,0.112,0.043,0.092,0.047,eccentric_rotor,50
1/22/2025 12:15,-11.977,0.039,0.122,0.027,0.072,0.044,-12.017,0.053,0.126,0.037,0.092,0.044,eccentric_rotor,50
1/22/2025 12:15,-11.977,0.051,0.093,0.036,0.068,0.04,-12.017,0.066,0.135,0.047,0.087,0.048,eccentric_rotor,50
1/22/2025 12:15,-11.977,0.039,0.106,0.027,0.074,0.043,-12.017,0.053,0.113,0.038,0.092,0.044,eccentric_rotor,50
1/22/2025 12:15,-11.977,0.049,0.095,0.035,0.071,0.04,-12.017,0.062,0.116,0.044,0.087,0.045,eccentric_rotor,50
1/22/2025 12:15,-11.977,0.046,0.111,0.033,0.067,0.043,-12.017,0.067,0.138,0.047,0.086,0.048,eccentric_rotor,50
1/22/2025 12:15,-11.977,0.04,0.109,0.028,0.074,0.039,-12.017,0.054,0.114,0.038,0.092,0.046,eccentric_rotor,50
1/22/2025 12:15,-11.977,0.048,0.089,0.034,0.067,0.044,-12.017,0.063,0.129,0.044,0.09,0.05,eccentric_rotor,50
1/22/2025 12:16,-11.977,0.04,0.106,0.028,0.072,0.043,-12.017,0.053,0.115,0.037,0.086,0.05,eccentric_rotor,50
1/22/2025 12:16,-11.977,0.04,0.091,0.028,0.067,0.039,-12.017,0.06,0.13,0.043,0.092,0.047,eccentric_rotor,50
1/22/2025 12:16,-11.977,0.049,0.095,0.035,0.067,0.04,-12.017,0.064,0.125,0.045,0.091,0.049,eccentric_rotor,50
1/22/2025 12:16,-11.977,0.047,0.109,0.033,0.073,0.044,-12.017,0.054,0.117,0.038,0.086,0.047,eccentric_rotor,50
1/22/2025 12:16,-11.977,0.038,0.094,0.027,0.067,0.044,-12.017,0.054,0.128,0.038,0.086,0.046,eccentric_rotor,50
1/22/2025 12:16,-11.977,0.048,0.105,0.034,0.066,0.046,-12.017,0.063,0.136,0.045,0.093,0.049,eccentric_rotor,50
1/22/2025 12:16,-11.977,0.038,0.094,0.027,0.075,0.042,-12.017,0.053,0.114,0.038,0.087,0.048,eccentric_rotor,50
1/22/2025 12:16,-11.977,0.039,0.091,0.028,0.076,0.045,-12.017,0.066,0.111,0.047,0.088,0.052,eccentric_rotor,50
1/22/2025 12:16,-11.977,0.046,0.109,0.032,0.069,0.042,-12.017,0.063,0.131,0.045,0.094,0.045,eccentric_rotor,50
1/22/2025 12:16,-11.977,0.04,0.111,0.028,0.074,0.042,-12.017,0.055,0.139,0.039,0.094,0.049,eccentric_rotor,50
1/22/2025 12:16,-11.977,0.049,0.09,0.035,0.073,0.044,-12.017,0.065,0.115,0.046,0.089,0.047,eccentric_rotor,50
1/22/2025 12:17,-11.977,0.039,0.107,0.027,0.07,0.042,-12.017,0.056,0.131,0.04,0.088,0.052,eccentric_rotor,50
1/22/2025 12:17,-11.977,0.046,0.094,0.033,0.071,0.046,-12.017,0.055,0.135,0.039,0.097,0.049,eccentric_rotor,50
1/22/2025 12:17,-11.977,0.049,0.114,0.034,0.076,0.046,-12.017,0.063,0.115,0.044,0.094,0.055,eccentric_rotor,50
1/22/2025 12:17,-11.977,0.041,0.091,0.029,0.075,0.04,-12.017,0.067,0.129,0.048,0.088,0.047,eccentric_rotor,50
1/22/2025 12:17,-11.977,0.047,0.09,0.033,0.07,0.044,-12.017,0.055,0.115,0.039,0.09,0.049,eccentric_rotor,50
1/22/2025 12:17,-11.977,0.039,0.113,0.028,0.07,0.042,-12.017,0.055,0.117,0.039,0.095,0.052,eccentric_rotor,50
1/22/2025 12:17,-11.977,0.047,0.094,0.034,0.074,0.046,-12.017,0.064,0.134,0.045,0.092,0.048,eccentric_rotor,50
1/22/2025 12:17,-11.977,0.049,0.114,0.035,0.072,0.044,-12.018,0.056,0.129,0.04,0.098,0.051,eccentric_rotor,50
1/22/2025 12:17,-11.977,0.04,0.103,0.028,0.077,0.052,-12.018,0.063,0.122,0.045,0.092,0.059,eccentric_rotor,50
1/22/2025 12:17,-11.977,0.045,0.096,0.032,0.072,0.042,-12.018,0.055,0.134,0.039,0.095,0.051,eccentric_rotor,50
1/22/2025 12:18,-11.977,0.04,0.095,0.028,0.075,0.043,-12.018,0.056,0.119,0.04,0.098,0.054,eccentric_rotor,50
1/22/2025 12:18,-11.977,0.048,0.11,0.034,0.081,0.044,-12.018,0.063,0.119,0.044,0.092,0.05,eccentric_rotor,50
1/22/2025 12:18,-11.977,0.041,0.089,0.029,0.071,0.047,-12.018,0.065,0.134,0.046,0.091,0.055,eccentric_rotor,50
1/22/2025 12:18,-11.977,0.049,0.093,0.035,0.078,0.056,-12.018,0.055,0.112,0.039,0.098,0.053,eccentric_rotor,50
1/22/2025 12:18,-11.977,0.039,0.107,0.028,0.072,0.045,-12.018,0.065,0.13,0.046,0.091,0.049,eccentric_rotor,50
1/22/2025 12:18,-11.977,0.046,0.091,0.032,0.073,0.049,-12.018,0.054,0.139,0.038,0.103,0.049,eccentric_rotor,50
1/22/2025 12:18,-11.977,0.039,0.112,0.028,0.089,0.045,-12.018,0.067,0.112,0.048,0.093,0.052,eccentric_rotor,50
1/22/2025 12:18,-11.977,0.045,0.114,0.032,0.078,0.05,-12.018,0.056,0.134,0.039,0.101,0.049,eccentric_rotor,50
1/22/2025 12:18,-11.977,0.041,0.095,0.029,0.075,0.049,-12.018,0.067,0.116,0.047,0.102,0.049,eccentric_rotor,50
1/22/2025 12:18,-11.977,0.04,0.111,0.028,0.074,0.045,-12.018,0.057,0.135,0.04,0.094,0.052,eccentric_rotor,50
1/22/2025 12:18,-11.977,0.049,0.105,0.035,0.081,0.044,-12.018,0.056,0.117,0.04,0.099,0.049,eccentric_rotor,50
1/22/2025 12:18,-11.977,0.045,0.093,0.032,0.078,0.048,-12.018,0.065,0.132,0.046,0.094,0.053,eccentric_rotor,50
1/22/2025 12:18,-11.977,0.041,0.108,0.029,0.072,0.043,-12.018,0.066,0.139,0.047,0.093,0.049,eccentric_rotor,50
1/22/2025 12:19,-11.977,0.049,0.094,0.034,0.077,0.047,-12.018,0.054,0.121,0.038,0.099,0.053,eccentric_rotor,50
1/22/2025 12:19,-11.977,0.042,0.108,0.029,0.072,0.044,-12.018,0.064,0.138,0.045,0.093,0.05,eccentric_rotor,50
1/22/2025 12:19,-11.977,0.048,0.105,0.034,0.077,0.046,-12.018,0.064,0.121,0.045,0.091,0.049,eccentric_rotor,50
1/22/2025 12:19,-11.977,0.039,0.094,0.027,0.073,0.044,-12.018,0.055,0.116,0.039,0.098,0.052,eccentric_rotor,50
1/22/2025 12:19,-11.977,0.047,0.094,0.033,0.077,0.048,-12.018,0.057,0.128,0.04,0.096,0.049,eccentric_rotor,50
1/22/2025 12:19,-11.977,0.048,0.116,0.034,0.072,0.045,-12.018,0.067,0.118,0.047,0.093,0.059,eccentric_rotor,50
1/22/2025 12:19,-11.977,0.04,0.096,0.028,0.078,0.049,-12.018,0.065,0.135,0.046,0.094,0.053,eccentric_rotor,50
1/22/2025 12:19,-11.977,0.04,0.104,0.028,0.074,0.045,-12.018,0.056,0.119,0.04,0.099,0.048,eccentric_rotor,50
1/22/2025 12:19,-11.977,0.04,0.105,0.028,0.079,0.045,-12.019,0.066,0.134,0.047,0.094,0.053,eccentric_rotor,50
1/22/2025 12:19,-11.977,0.048,0.088,0.034,0.075,0.047,-12.018,0.056,0.118,0.04,0.1,0.042,eccentric_rotor,50
1/22/2025 12:19,-11.977,0.045,0.095,0.032,0.073,0.044,-12.018,0.066,0.137,0.046,0.093,0.053,eccentric_rotor,50
1/22/2025 12:19,-11.977,0.04,0.106,0.028,0.078,0.057,-12.018,0.057,0.117,0.04,0.092,0.05,eccentric_rotor,50
1/22/2025 12:20,-11.977,0.049,0.094,0.035,0.071,0.043,-12.018,0.066,0.132,0.047,0.099,0.049,eccentric_rotor,50
1/22/2025 12:20,-11.977,0.04,0.12,0.029,0.083,0.048,-12.018,0.056,0.116,0.039,0.098,0.054,eccentric_rotor,50
1/22/2025 12:20,-11.977,0.04,0.109,0.028,0.075,0.047,-12.018,0.055,0.137,0.039,0.091,0.048,eccentric_rotor,50
1/22/2025 12:20,-11.977,0.048,0.093,0.034,0.071,0.035,-12.018,0.067,0.116,0.047,0.099,0.058,eccentric_rotor,50
1/22/2025 12:20,-11.977,0.04,0.1,0.028,0.077,0.045,-12.018,0.056,0.137,0.039,0.098,0.047,eccentric_rotor,50
1/22/2025 12:20,-11.977,0.039,0.126,0.028,0.077,0.047,-12.019,0.069,0.12,0.048,0.086,0.053,eccentric_rotor,50
1/22/2025 12:20,-11.977,0.047,0.096,0.033,0.065,0.045,-12.019,0.056,0.142,0.04,0.1,0.049,eccentric_rotor,50
1/22/2025 12:20,-11.977,0.04,0.108,0.028,0.078,0.048,-12.019,0.056,0.12,0.04,0.094,0.053,eccentric_rotor,50
1/22/2025 12:20,-11.977,0.048,0.123,0.034,0.074,0.043,-12.019,0.067,0.123,0.048,0.093,0.048,eccentric_rotor,50
1/22/2025 12:20,-11.977,0.041,0.098,0.029,0.074,0.042,-12.018,0.058,0.136,0.041,0.101,0.053,eccentric_rotor,50
1/22/2025 12:21,-11.977,0.048,0.107,0.034,0.077,0.056,-12.018,0.058,0.122,0.041,0.091,0.052,eccentric_rotor,50
1/22/2025 12:21,-11.977,0.041,0.093,0.029,0.07,0.043,-12.019,0.064,0.13,0.045,0.09,0.048,eccentric_rotor,50
1/22/2025 12:21,-11.977,0.041,0.109,0.029,0.068,0.046,-12.018,0.055,0.115,0.039,0.102,0.052,eccentric_rotor,50
1/22/2025 12:21,-11.977,0.047,0.091,0.033,0.079,0.044,-12.019,0.055,0.138,0.039,0.091,0.048,eccentric_rotor,50
1/22/2025 12:21,-11.977,0.04,0.092,0.029,0.071,0.048,-12.018,0.066,0.117,0.047,0.098,0.052,eccentric_rotor,50
1/22/2025 12:21,-11.977,0.048,0.105,0.034,0.076,0.042,-12.018,0.058,0.122,0.041,0.092,0.056,eccentric_rotor,50
1/22/2025 12:21,-11.977,0.039,0.096,0.028,0.071,0.047,-12.018,0.067,0.155,0.047,0.097,0.048,eccentric_rotor,50
1/22/2025 12:21,-11.977,0.038,0.115,0.027,0.071,0.043,-12.018,0.058,0.123,0.041,0.091,0.053,eccentric_rotor,50
1/22/2025 12:21,-11.978,0.048,0.094,0.034,0.077,0.047,-12.019,0.068,0.132,0.048,0.099,0.049,eccentric_rotor,50
1/22/2025 12:21,-11.977,0.041,0.094,0.029,0.075,0.043,-12.019,0.056,0.132,0.039,0.099,0.052,eccentric_rotor,50
1/22/2025 12:21,-11.978,0.048,0.11,0.034,0.071,0.048,-12.019,0.057,0.118,0.04,0.091,0.049,eccentric_rotor,50
1/22/2025 12:21,-11.977,0.041,0.094,0.029,0.075,0.054,-12.019,0.067,0.136,0.048,0.099,0.052,eccentric_rotor,50
1/22/2025 12:22,-11.977,0.04,0.095,0.028,0.07,0.043,-12.019,0.057,0.122,0.04,0.093,0.052,eccentric_rotor,50
1/22/2025 12:22,-11.977,0.048,0.11,0.034,0.074,0.048,-12.019,0.056,0.122,0.04,0.098,0.048,eccentric_rotor,50
1/22/2025 12:22,-11.977,0.041,0.095,0.029,0.071,0.044,-12.019,0.069,0.138,0.049,0.098,0.048,eccentric_rotor,50
1/22/2025 12:22,-11.977,0.047,0.093,0.033,0.076,0.047,-12.019,0.057,0.14,0.04,0.09,0.052,eccentric_rotor,50
1/22/2025 12:22,-11.977,0.039,0.11,0.028,0.071,0.045,-12.019,0.067,0.123,0.047,0.1,0.048,eccentric_rotor,50
1/22/2025 12:22,-11.977,0.047,0.097,0.033,0.076,0.047,-12.019,0.056,0.119,0.04,0.093,0.053,eccentric_rotor,50
1/22/2025 12:22,-11.977,0.048,0.112,0.034,0.072,0.042,-12.019,0.067,0.138,0.047,0.098,0.048,eccentric_rotor,50
1/22/2025 12:22,-11.977,0.04,0.093,0.029,0.076,0.044,-12.019,0.058,0.121,0.041,0.093,0.052,eccentric_rotor,50
1/22/2025 12:22,-11.977,0.049,0.109,0.035,0.072,0.048,-12.019,0.068,0.143,0.048,0.098,0.05,eccentric_rotor,50
1/22/2025 12:22,-11.977,0.041,0.095,0.029,0.076,0.044,-12.019,0.059,0.118,0.042,0.099,0.054,eccentric_rotor,50
1/22/2025 12:22,-11.977,0.04,0.109,0.029,0.072,0.049,-12.019,0.065,0.143,0.046,0.091,0.059,eccentric_rotor,50
1/22/2025 12:22,-11.977,0.047,0.104,0.033,0.072,0.044,-12.019,0.056,0.119,0.039,0.099,0.048,eccentric_rotor,50
1/22/2025 12:23,-11.977,0.046,0.093,0.033,0.076,0.047,-12.019,0.067,0.139,0.047,0.091,0.049,eccentric_rotor,50
1/22/2025 12:23,-11.977,0.042,0.111,0.03,0.072,0.045,-12.019,0.057,0.119,0.04,0.099,0.053,eccentric_rotor,50
1/22/2025 12:23,-11.977,0.048,0.091,0.034,0.077,0.048,-12.019,0.06,0.137,0.042,0.092,0.049,eccentric_rotor,50
1/22/2025 12:23,-11.977,0.042,0.098,0.03,0.072,0.057,-12.019,0.069,0.12,0.049,0.098,0.053,eccentric_rotor,50
1/22/2025 12:23,-11.977,0.046,0.118,0.032,0.076,0.043,-12.019,0.057,0.118,0.04,0.093,0.047,eccentric_rotor,50
1/22/2025 12:23,-11.978,0.04,0.09,0.028,0.076,0.044,-12.019,0.065,0.141,0.046,0.099,0.052,eccentric_rotor,50
1/22/2025 12:23,-11.978,0.047,0.115,0.034,0.073,0.049,-12.019,0.057,0.121,0.04,0.094,0.053,eccentric_rotor,50
1/22/2025 12:23,-11.977,0.04,0.109,0.029,0.074,0.044,-12.019,0.066,0.139,0.047,0.101,0.05,eccentric_rotor,50
1/22/2025 12:23,-11.978,0.042,0.094,0.03,0.085,0.048,-12.019,0.063,0.119,0.044,0.092,0.053,eccentric_rotor,50
1/22/2025 12:23,-11.977,0.048,0.091,0.034,0.073,0.047,-12.019,0.056,0.134,0.04,0.1,0.05,eccentric_rotor,50
1/22/2025 12:23,-11.977,0.041,0.107,0.029,0.077,0.04,-12.019,0.068,0.124,0.048,0.092,0.053,eccentric_rotor,50
1/22/2025 12:23,-11.978,0.046,0.108,0.032,0.073,0.048,-12.019,0.058,0.135,0.041,0.1,0.05,eccentric_rotor,50
1/22/2025 12:23,-11.977,0.039,0.091,0.028,0.076,0.045,-12.019,0.069,0.143,0.049,0.099,0.05,eccentric_rotor,50
1/22/2025 12:24,-11.978,0.048,0.114,0.034,0.076,0.049,-12.019,0.06,0.123,0.042,0.092,0.055,eccentric_rotor,50
1/22/2025 12:24,-11.977,0.045,0.094,0.032,0.07,0.046,-12.019,0.058,0.141,0.041,0.1,0.05,eccentric_rotor,50
1/22/2025 12:24,-11.978,0.039,0.097,0.027,0.077,0.049,-12.019,0.066,0.123,0.047,0.093,0.054,eccentric_rotor,50
1/22/2025 12:24,-11.978,0.049,0.121,0.034,0.073,0.045,-12.019,0.056,0.126,0.04,0.099,0.052,eccentric_rotor,50
1/22/2025 12:24,-11.978,0.041,0.104,0.029,0.073,0.045,-12.019,0.065,0.143,0.046,0.094,0.054,eccentric_rotor,50
1/22/2025 12:24,-11.978,0.048,0.098,0.034,0.079,0.049,-12.019,0.063,0.12,0.044,0.1,0.053,eccentric_rotor,50
1/22/2025 12:24,-11.978,0.042,0.091,0.029,0.074,0.045,-12.019,0.057,0.135,0.04,0.094,0.05,eccentric_rotor,50
1/22/2025 12:24,-11.978,0.041,0.103,0.029,0.077,0.049,-12.019,0.068,0.122,0.048,0.095,0.054,eccentric_rotor,50
1/22/2025 12:24,-11.978,0.048,0.103,0.034,0.073,0.046,-12.019,0.056,0.141,0.039,0.102,0.05,eccentric_rotor,50
1/22/2025 12:24,-11.978,0.039,0.094,0.028,0.079,0.049,-12.019,0.067,0.118,0.047,0.094,0.051,eccentric_rotor,50
1/22/2025 12:24,-11.978,0.046,0.113,0.033,0.074,0.048,-12.019,0.058,0.131,0.041,0.102,0.055,eccentric_rotor,50
1/22/2025 12:24,-11.978,0.04,0.095,0.028,0.079,0.046,-12.019,0.059,0.138,0.042,0.095,0.05,eccentric_rotor,50
1/22/2025 12:24,-11.978,0.044,0.099,0.031,0.076,0.048,-12.019,0.066,0.117,0.047,0.1,0.054,eccentric_rotor,50
1/22/2025 12:25,-11.977,0.049,0.098,0.034,0.078,0.045,-12.019,0.058,0.122,0.041,0.103,0.05,eccentric_rotor,50
1/22/2025 12:25,-11.978,0.039,0.121,0.027,0.078,0.05,-12.019,0.07,0.141,0.049,0.095,0.055,eccentric_rotor,50
1/22/2025 12:25,-11.978,0.047,0.096,0.033,0.075,0.045,-12.019,0.057,0.121,0.041,0.1,0.054,eccentric_rotor,50
1/22/2025 12:25,-11.978,0.041,0.097,0.029,0.078,0.049,-12.019,0.069,0.142,0.049,0.095,0.051,eccentric_rotor,50
1/22/2025 12:25,-11.978,0.042,0.11,0.03,0.074,0.045,-12.019,0.058,0.142,0.041,0.096,0.056,eccentric_rotor,50
1/22/2025 12:25,-11.977,0.048,0.118,0.034,0.074,0.049,-12.019,0.07,0.124,0.05,0.102,0.05,eccentric_rotor,50
1/22/2025 12:25,-11.978,0.042,0.094,0.03,0.08,0.05,-12.019,0.057,0.123,0.04,0.094,0.056,eccentric_rotor,50
1/22/2025 12:25,-11.977,0.049,0.109,0.034,0.074,0.046,-12.019,0.069,0.147,0.049,0.102,0.05,eccentric_rotor,50
1/22/2025 12:25,-11.977,0.04,0.093,0.029,0.078,0.051,-12.019,0.059,0.145,0.042,0.094,0.056,eccentric_rotor,50
1/22/2025 12:25,-11.977,0.044,0.121,0.031,0.079,0.043,-12.019,0.068,0.117,0.048,0.101,0.052,eccentric_rotor,50
1/22/2025 12:25,-11.977,0.05,0.097,0.036,0.073,0.052,-12.019,0.058,0.137,0.041,0.095,0.056,eccentric_rotor,50
1/22/2025 12:25,-11.977,0.042,0.119,0.03,0.079,0.046,-12.019,0.07,0.118,0.05,0.104,0.051,eccentric_rotor,50
1/22/2025 12:26,-11.977,0.049,0.094,0.035,0.075,0.052,-12.019,0.058,0.148,0.041,0.096,0.058,eccentric_rotor,50
1/22/2025 12:26,-11.977,0.043,0.096,0.03,0.084,0.047,-12.019,0.057,0.151,0.04,0.103,0.052,eccentric_rotor,50
1/22/2025 12:26,-11.977,0.048,0.118,0.034,0.076,0.05,-12.019,0.069,0.128,0.049,0.094,0.052,eccentric_rotor,50
1/22/2025 12:26,-11.977,0.04,0.107,0.029,0.08,0.047,-12.019,0.057,0.124,0.041,0.102,0.055,eccentric_rotor,50
1/22/2025 12:26,-11.977,0.045,0.092,0.032,0.074,0.053,-12.019,0.068,0.122,0.048,0.096,0.052,eccentric_rotor,50
1/22/2025 12:26,-11.978,0.04,0.111,0.028,0.081,0.047,-12.019,0.057,0.152,0.04,0.096,0.054,eccentric_rotor,50
1/22/2025 12:26,-11.978,0.049,0.11,0.035,0.079,0.051,-12.019,0.068,0.139,0.048,0.104,0.051,eccentric_rotor,50
1/22/2025 12:26,-11.978,0.042,0.096,0.03,0.076,0.047,-12.019,0.057,0.128,0.04,0.097,0.054,eccentric_rotor,50
1/22/2025 12:26,-11.978,0.041,0.107,0.029,0.081,0.049,-12.019,0.058,0.127,0.041,0.096,0.054,eccentric_rotor,50
1/22/2025 12:26,-11.978,0.048,0.095,0.034,0.075,0.046,-12.019,0.071,0.145,0.05,0.101,0.05,eccentric_rotor,50
1/22/2025 12:26,-11.978,0.047,0.119,0.033,0.081,0.05,-12.019,0.059,0.121,0.042,0.097,0.056,eccentric_rotor,50
1/22/2025 12:27,-11.978,0.047,0.11,0.033,0.077,0.045,-12.019,0.073,0.147,0.051,0.101,0.05,eccentric_rotor,50
1/22/2025 12:27,-11.978,0.04,0.099,0.028,0.076,0.045,-12.019,0.058,0.124,0.041,0.1,0.054,eccentric_rotor,50
1/22/2025 12:27,-11.978,0.048,0.096,0.034,0.079,0.052,-12.019,0.068,0.127,0.048,0.095,0.05,eccentric_rotor,50
1/22/2025 12:27,-11.978,0.04,0.11,0.028,0.079,0.045,-12.019,0.057,0.151,0.04,0.101,0.055,eccentric_rotor,50
1/22/2025 12:27,-11.978,0.05,0.107,0.035,0.075,0.05,-12.019,0.059,0.129,0.041,0.095,0.052,eccentric_rotor,50
1/22/2025 12:27,-11.977,0.042,0.099,0.03,0.08,0.045,-12.019,0.069,0.125,0.049,0.102,0.055,eccentric_rotor,50
1/22/2025 12:27,-11.978,0.047,0.12,0.033,0.076,0.05,-12.019,0.068,0.15,0.048,0.094,0.049,eccentric_rotor,50
1/22/2025 12:27,-11.977,0.05,0.113,0.035,0.079,0.047,-12.019,0.056,0.126,0.04,0.102,0.049,eccentric_rotor,50
1/22/2025 12:27,-11.978,0.038,0.098,0.027,0.074,0.051,-12.019,0.071,0.151,0.05,0.095,0.066,eccentric_rotor,50
1/22/2025 12:27,-11.977,0.05,0.109,0.035,0.079,0.044,-12.019,0.058,0.122,0.041,0.101,0.053,eccentric_rotor,50
1/22/2025 12:27,-11.977,0.039,0.096,0.027,0.075,0.042,-12.02,0.068,0.137,0.048,0.095,0.056,eccentric_rotor,50
1/22/2025 12:27,-11.978,0.047,0.114,0.033,0.08,0.063,-12.02,0.059,0.125,0.041,0.098,0.051,eccentric_rotor,50
1/22/2025 12:28,-11.978,0.041,0.116,0.029,0.078,0.047,-12.02,0.072,0.15,0.051,0.109,0.058,eccentric_rotor,50
1/22/2025 12:28,-11.978,0.048,0.096,0.034,0.074,0.05,-12.02,0.06,0.13,0.042,0.096,0.052,eccentric_rotor,50
1/22/2025 12:28,-11.978,0.039,0.095,0.028,0.079,0.047,-12.02,0.071,0.151,0.05,0.113,0.055,eccentric_rotor,50
1/22/2025 12:28,-11.978,0.044,0.114,0.031,0.076,0.046,-12.02,0.07,0.125,0.049,0.104,0.052,eccentric_rotor,50
1/22/2025 12:28,-11.978,0.039,0.099,0.028,0.09,0.052,-12.02,0.06,0.151,0.042,0.098,0.055,eccentric_rotor,50
1/22/2025 12:28,-11.978,0.047,0.123,0.033,0.077,0.047,-12.02,0.075,0.131,0.053,0.103,0.058,eccentric_rotor,50
1/22/2025 12:28,-11.978,0.048,0.095,0.034,0.093,0.052,-12.02,0.057,0.165,0.04,0.097,0.058,eccentric_rotor,50
1/22/2025 12:28,-11.978,0.041,0.132,0.029,0.076,0.05,-12.02,0.072,0.127,0.051,0.098,0.051,eccentric_rotor,50
1/22/2025 12:28,-11.978,0.05,0.1,0.035,0.081,0.047,-12.019,0.059,0.132,0.042,0.104,0.05,eccentric_rotor,50
1/22/2025 12:28,-11.978,0.042,0.119,0.03,0.076,0.055,-12.02,0.075,0.176,0.053,0.097,0.058,eccentric_rotor,50
1/22/2025 12:28,-11.978,0.05,0.097,0.035,0.076,0.053,-12.019,0.07,0.131,0.05,0.103,0.059,eccentric_rotor,50
1/22/2025 12:28,-11.978,0.049,0.129,0.034,0.081,0.046,-12.019,0.059,0.157,0.042,0.097,0.051,eccentric_rotor,50
1/22/2025 12:29,-11.978,0.04,0.114,0.029,0.076,0.046,-12.019,0.072,0.129,0.051,0.103,0.046,eccentric_rotor,50
1/22/2025 12:29,-11.978,0.053,0.095,0.037,0.08,0.052,-12.019,0.059,0.156,0.041,0.096,0.055,eccentric_rotor,50
1/22/2025 12:29,-11.978,0.041,0.114,0.029,0.083,0.055,-12.019,0.06,0.127,0.042,0.107,0.053,eccentric_rotor,50
1/22/2025 12:29,-11.978,0.051,0.096,0.036,0.076,0.046,-12.019,0.073,0.146,0.052,0.097,0.057,eccentric_rotor,50
1/22/2025 12:29,-11.978,0.041,0.097,0.029,0.081,0.038,-12.019,0.06,0.127,0.042,0.096,0.05,eccentric_rotor,50
1/22/2025 12:29,-11.978,0.052,0.11,0.037,0.076,0.052,-12.019,0.071,0.147,0.051,0.104,0.055,eccentric_rotor,50
1/22/2025 12:29,-11.978,0.052,0.108,0.037,0.085,0.048,-12.019,0.06,0.123,0.043,0.095,0.052,eccentric_rotor,50
1/22/2025 12:29,-11.978,0.043,0.093,0.03,0.078,0.052,-12.019,0.071,0.16,0.05,0.103,0.053,eccentric_rotor,50
1/22/2025 12:29,-11.978,0.051,0.127,0.036,0.077,0.045,-12.02,0.059,0.129,0.042,0.09,0.056,eccentric_rotor,50
1/22/2025 12:29,-11.978,0.042,0.1,0.029,0.082,0.051,-12.02,0.071,0.147,0.05,0.103,0.052,eccentric_rotor,50
1/22/2025 12:29,-11.978,0.051,0.098,0.036,0.083,0.047,-12.02,0.06,0.127,0.042,0.096,0.055,eccentric_rotor,50
1/22/2025 12:30,-11.978,0.043,0.12,0.031,0.076,0.047,-12.019,0.074,0.152,0.052,0.103,0.052,eccentric_rotor,50
1/22/2025 12:30,-11.978,0.049,0.099,0.035,0.072,0.051,-12.02,0.059,0.159,0.042,0.097,0.052,eccentric_rotor,50
1/22/2025 12:30,-11.978,0.042,0.126,0.03,0.082,0.05,-12.019,0.064,0.129,0.045,0.096,0.055,eccentric_rotor,50
1/22/2025 12:30,-11.978,0.046,0.099,0.033,0.077,0.047,-12.02,0.067,0.169,0.048,0.102,0.053,eccentric_rotor,50
1/22/2025 12:30,-11.978,0.051,0.12,0.036,0.076,0.05,-12.019,0.057,0.154,0.04,0.096,0.057,eccentric_rotor,50
1/22/2025 12:30,-11.978,0.042,0.109,0.03,0.082,0.047,-12.019,0.057,0.126,0.04,0.103,0.054,eccentric_rotor,50
1/22/2025 12:30,-11.978,0.044,0.095,0.031,0.08,0.046,-12.019,0.068,0.126,0.048,0.103,0.059,eccentric_rotor,50
1/22/2025 12:30,-11.978,0.043,0.115,0.03,0.076,0.05,-12.019,0.061,0.15,0.043,0.096,0.053,eccentric_rotor,50
1/22/2025 12:30,-11.978,0.05,0.095,0.035,0.081,0.051,-12.019,0.075,0.133,0.053,0.103,0.053,eccentric_rotor,50
1/22/2025 12:30,-11.978,0.042,0.13,0.029,0.077,0.049,-12.019,0.059,0.153,0.041,0.096,0.058,eccentric_rotor,50
1/22/2025 12:30,-11.978,0.045,0.105,0.032,0.08,0.051,-12.019,0.07,0.127,0.05,0.104,0.051,eccentric_rotor,50
1/22/2025 12:30,-11.978,0.049,0.096,0.035,0.076,0.048,-12.02,0.075,0.146,0.053,0.097,0.056,eccentric_rotor,50
1/22/2025 12:31,-11.978,0.04,0.133,0.028,0.077,0.052,-12.02,0.059,0.181,0.042,0.106,0.052,eccentric_rotor,50
1/22/2025 12:31,-11.978,0.048,0.099,0.034,0.08,0.047,-12.02,0.076,0.132,0.054,0.097,0.056,eccentric_rotor,50
1/22/2025 12:31,-11.978,0.042,0.124,0.03,0.077,0.048,-12.02,0.059,0.156,0.042,0.108,0.057,eccentric_rotor,50
1/22/2025 12:31,-11.978,0.041,0.098,0.029,0.082,0.053,-12.02,0.061,0.128,0.043,0.098,0.054,eccentric_rotor,50
1/22/2025 12:31,-11.978,0.052,0.121,0.037,0.077,0.052,-12.02,0.076,0.166,0.054,0.099,0.054,eccentric_rotor,50
1/22/2025 12:31,-11.978,0.042,0.101,0.03,0.082,0.046,-12.02,0.06,0.164,0.043,0.105,0.058,eccentric_rotor,50
1/22/2025 12:31,-11.978,0.048,0.093,0.034,0.078,0.05,-12.02,0.069,0.134,0.049,0.095,0.053,eccentric_rotor,50
1/22/2025 12:31,-11.978,0.053,0.123,0.037,0.087,0.048,-12.02,0.073,0.159,0.051,0.103,0.058,eccentric_rotor,50
1/22/2025 12:31,-11.978,0.042,0.099,0.03,0.077,0.053,-12.02,0.058,0.126,0.041,0.105,0.054,eccentric_rotor,50
1/22/2025 12:31,-11.978,0.052,0.115,0.037,0.083,0.052,-12.02,0.072,0.163,0.051,0.097,0.059,eccentric_rotor,50
1/22/2025 12:31,-11.978,0.044,0.104,0.031,0.081,0.047,-12.02,0.06,0.149,0.043,0.105,0.055,eccentric_rotor,50
1/22/2025 12:31,-11.978,0.044,0.123,0.031,0.075,0.052,-12.02,0.071,0.13,0.05,0.095,0.058,eccentric_rotor,50
1/22/2025 12:31,-11.978,0.051,0.096,0.036,0.083,0.049,-12.02,0.058,0.165,0.041,0.099,0.055,eccentric_rotor,50
1/22/2025 12:31,-11.978,0.042,0.124,0.029,0.077,0.046,-12.02,0.076,0.13,0.054,0.105,0.058,eccentric_rotor,50
1/22/2025 12:32,-11.978,0.052,0.099,0.037,0.082,0.054,-12.02,0.061,0.177,0.043,0.098,0.057,eccentric_rotor,50
1/22/2025 12:32,-11.978,0.042,0.098,0.03,0.08,0.05,-12.02,0.072,0.135,0.051,0.106,0.054,eccentric_rotor,50
1/22/2025 12:32,-11.978,0.043,0.108,0.03,0.079,0.053,-12.02,0.072,0.127,0.051,0.097,0.06,eccentric_rotor,50
1/22/2025 12:32,-11.978,0.051,0.096,0.036,0.083,0.05,-12.02,0.058,0.157,0.041,0.107,0.055,eccentric_rotor,50
1/22/2025 12:32,-11.978,0.042,0.097,0.03,0.079,0.053,-12.02,0.074,0.129,0.052,0.099,0.056,eccentric_rotor,50
1/22/2025 12:32,-11.978,0.047,0.124,0.033,0.083,0.049,-12.02,0.061,0.155,0.043,0.102,0.053,eccentric_rotor,50
1/22/2025 12:32,-11.978,0.04,0.114,0.028,0.083,0.05,-12.02,0.06,0.139,0.043,0.108,0.058,eccentric_rotor,50
1/22/2025 12:32,-11.978,0.053,0.1,0.038,0.078,0.056,-12.02,0.07,0.123,0.05,0.1,0.058,eccentric_rotor,50
1/22/2025 12:32,-11.978,0.043,0.096,0.031,0.084,0.052,-12.02,0.057,0.153,0.04,0.107,0.053,eccentric_rotor,50
1/22/2025 12:32,-11.978,0.05,0.128,0.035,0.08,0.048,-12.02,0.073,0.126,0.052,0.107,0.057,eccentric_rotor,50
1/22/2025 12:32,-11.978,0.044,0.096,0.031,0.085,0.052,-12.02,0.059,0.16,0.041,0.098,0.056,eccentric_rotor,50
1/22/2025 12:32,-11.978,0.042,0.122,0.029,0.078,0.053,-12.02,0.072,0.125,0.051,0.105,0.053,eccentric_rotor,50
1/22/2025 12:33,-11.978,0.048,0.111,0.034,0.084,0.048,-12.02,0.058,0.126,0.041,0.098,0.054,eccentric_rotor,50
1/22/2025 12:33,-11.978,0.04,0.098,0.028,0.084,0.051,-12.02,0.059,0.152,0.042,0.106,0.057,eccentric_rotor,50
1/22/2025 12:33,-11.978,0.051,0.094,0.036,0.079,0.048,-12.02,0.071,0.134,0.05,0.098,0.053,eccentric_rotor,50
1/22/2025 12:33,-11.978,0.043,0.113,0.03,0.085,0.051,-12.02,0.059,0.127,0.042,0.106,0.053,eccentric_rotor,50
1/22/2025 12:33,-11.978,0.045,0.116,0.032,0.078,0.052,-12.02,0.067,0.159,0.047,0.106,0.057,eccentric_rotor,50
1/22/2025 12:33,-11.978,0.05,0.101,0.035,0.082,0.048,-12.02,0.073,0.153,0.051,0.098,0.053,eccentric_rotor,50
1/22/2025 12:33,-11.978,0.04,0.103,0.028,0.082,0.048,-12.02,0.06,0.137,0.043,0.105,0.057,eccentric_rotor,50
1/22/2025 12:33,-11.978,0.051,0.112,0.036,0.079,0.052,-12.02,0.074,0.135,0.052,0.098,0.054,eccentric_rotor,50
1/22/2025 12:33,-11.978,0.048,0.099,0.034,0.083,0.048,-12.02,0.059,0.173,0.042,0.104,0.064,eccentric_rotor,50
1/22/2025 12:33,-11.978,0.042,0.131,0.03,0.078,0.051,-12.02,0.066,0.134,0.047,0.098,0.054,eccentric_rotor,50
1/22/2025 12:33,-11.978,0.052,0.1,0.037,0.081,0.048,-12.02,0.072,0.132,0.051,0.104,0.055,eccentric_rotor,50
1/22/2025 12:34,-11.978,0.041,0.12,0.029,0.078,0.06,-12.021,0.058,0.162,0.041,0.105,0.059,eccentric_rotor,50
1/22/2025 12:34,-11.978,0.042,0.118,0.03,0.081,0.048,-12.021,0.07,0.154,0.05,0.098,0.055,eccentric_rotor,50
1/22/2025 12:34,-11.978,0.047,0.098,0.034,0.078,0.051,-12.021,0.059,0.131,0.042,0.104,0.058,eccentric_rotor,50
1/22/2025 12:34,-11.978,0.041,0.094,0.029,0.082,0.054,-12.021,0.07,0.127,0.05,0.098,0.058,eccentric_rotor,50
1/22/2025 12:34,-11.978,0.047,0.133,0.033,0.078,0.049,-12.02,0.072,0.175,0.051,0.105,0.056,eccentric_rotor,50
1/22/2025 12:34,-11.978,0.049,0.097,0.035,0.076,0.053,-12.02,0.06,0.132,0.042,0.1,0.054,eccentric_rotor,50
1/22/2025 12:34,-11.978,0.042,0.104,0.03,0.083,0.053,-12.021,0.076,0.132,0.054,0.111,0.059,eccentric_rotor,50
1/22/2025 12:34,-11.978,0.053,0.124,0.037,0.078,0.05,-12.02,0.058,0.165,0.041,0.101,0.055,eccentric_rotor,50
1/22/2025 12:34,-11.978,0.043,0.119,0.031,0.082,0.054,-12.021,0.072,0.156,0.051,0.107,0.058,eccentric_rotor,50
1/22/2025 12:34,-11.978,0.04,0.097,0.028,0.079,0.05,-12.02,0.06,0.131,0.042,0.1,0.054,eccentric_rotor,50
1/22/2025 12:34,-11.978,0.048,0.093,0.034,0.088,0.053,-12.021,0.057,0.134,0.041,0.107,0.059,eccentric_rotor,50
1/22/2025 12:34,-11.978,0.048,0.12,0.034,0.08,0.049,-12.021,0.072,0.158,0.051,0.1,0.055,eccentric_rotor,50
1/22/2025 12:35,-11.978,0.041,0.1,0.029,0.085,0.054,-12.021,0.059,0.135,0.042,0.1,0.059,eccentric_rotor,50
1/22/2025 12:35,-11.978,0.048,0.122,0.034,0.082,0.049,-12.021,0.072,0.172,0.051,0.106,0.061,eccentric_rotor,50
1/22/2025 12:35,-11.978,0.042,0.101,0.03,0.08,0.054,-12.02,0.061,0.129,0.043,0.1,0.053,eccentric_rotor,50
1/22/2025 12:35,-11.978,0.041,0.109,0.029,0.084,0.056,-12.02,0.062,0.145,0.044,0.107,0.059,eccentric_rotor,50
1/22/2025 12:35,-11.978,0.05,0.133,0.035,0.081,0.048,-12.02,0.072,0.166,0.051,0.106,0.055,eccentric_rotor,50
1/22/2025 12:35,-11.978,0.052,0.104,0.037,0.079,0.054,-12.02,0.06,0.135,0.042,0.101,0.059,eccentric_rotor,50
1/22/2025 12:35,-11.979,0.04,0.097,0.029,0.086,0.05,-12.02,0.072,0.152,0.051,0.106,0.056,eccentric_rotor,50
1/22/2025 12:35,-11.979,0.054,0.128,0.038,0.08,0.053,-12.02,0.06,0.159,0.042,0.1,0.061,eccentric_rotor,50
1/22/2025 12:35,-11.979,0.044,0.099,0.031,0.083,0.051,-12.02,0.072,0.129,0.051,0.108,0.057,eccentric_rotor,50
1/22/2025 12:35,-11.979,0.041,0.119,0.029,0.083,0.055,-12.021,0.057,0.129,0.041,0.108,0.057,eccentric_rotor,50
1/22/2025 12:35,-11.979,0.05,0.096,0.035,0.078,0.051,-12.021,0.06,0.144,0.042,0.1,0.062,eccentric_rotor,50
1/22/2025 12:35,-11.979,0.041,0.122,0.029,0.084,0.052,-12.021,0.072,0.14,0.051,0.107,0.057,eccentric_rotor,50
1/22/2025 12:36,-11.979,0.043,0.116,0.03,0.08,0.056,-12.021,0.071,0.168,0.05,0.101,0.061,eccentric_rotor,50
1/22/2025 12:36,-11.979,0.051,0.097,0.036,0.084,0.051,-12.021,0.06,0.135,0.042,0.101,0.058,eccentric_rotor,50
1/22/2025 12:36,-11.979,0.042,0.134,0.03,0.085,0.056,-12.021,0.056,0.156,0.039,0.109,0.059,eccentric_rotor,50
1/22/2025 12:36,-11.979,0.049,0.099,0.035,0.078,0.051,-12.021,0.076,0.18,0.054,0.102,0.062,eccentric_rotor,50
1/22/2025 12:36,-11.979,0.042,0.101,0.029,0.086,0.056,-12.021,0.06,0.129,0.043,0.106,0.061,eccentric_rotor,50
1/22/2025 12:36,-11.979,0.044,0.12,0.031,0.08,0.056,-12.021,0.072,0.134,0.051,0.109,0.058,eccentric_rotor,50
1/22/2025 12:36,-11.979,0.05,0.121,0.035,0.085,0.052,-12.021,0.058,0.174,0.041,0.104,0.061,eccentric_rotor,50
1/22/2025 12:36,-11.979,0.041,0.097,0.029,0.085,0.055,-12.021,0.074,0.167,0.053,0.103,0.054,eccentric_rotor,50
1/22/2025 12:36,-11.979,0.05,0.1,0.035,0.081,0.046,-12.021,0.061,0.125,0.043,0.111,0.057,eccentric_rotor,50
1/22/2025 12:36,-11.979,0.041,0.125,0.029,0.087,0.051,-12.02,0.06,0.164,0.042,0.106,0.06,eccentric_rotor,50
1/22/2025 12:37,-11.979,0.051,0.102,0.036,0.082,0.056,-12.02,0.071,0.13,0.05,0.111,0.056,eccentric_rotor,50
1/22/2025 12:37,-11.979,0.04,0.13,0.028,0.089,0.054,-12.02,0.059,0.126,0.042,0.105,0.06,eccentric_rotor,50
1/22/2025 12:37,-11.979,0.042,0.119,0.03,0.083,0.054,-12.02,0.061,0.158,0.043,0.106,0.06,eccentric_rotor,50
1/22/2025 12:37,-11.978,0.051,0.098,0.036,0.084,0.05,-12.02,0.074,0.164,0.053,0.111,0.056,eccentric_rotor,50
1/22/2025 12:37,-11.978,0.054,0.122,0.038,0.09,0.053,-12.02,0.064,0.127,0.045,0.104,0.059,eccentric_rotor,50
1/22/2025 12:37,-11.978,0.04,0.095,0.029,0.084,0.05,-12.02,0.058,0.153,0.041,0.109,0.055,eccentric_rotor,50
1/22/2025 12:37,-11.978,0.041,0.1,0.029,0.088,0.055,-12.021,0.07,0.127,0.049,0.11,0.06,eccentric_rotor,50
1/22/2025 12:37,-11.978,0.053,0.134,0.037,0.083,0.049,-12.021,0.057,0.157,0.04,0.102,0.056,eccentric_rotor,50
1/22/2025 12:37,-11.978,0.042,0.121,0.03,0.088,0.053,-12.021,0.061,0.127,0.043,0.109,0.059,eccentric_rotor,50
1/22/2025 12:37,-11.978,0.05,0.102,0.036,0.082,0.05,-12.021,0.071,0.152,0.051,0.106,0.055,eccentric_rotor,50
1/22/2025 12:37,-11.978,0.042,0.099,0.03,0.086,0.064,-12.021,0.065,0.125,0.046,0.102,0.066,eccentric_rotor,50
1/22/2025 12:37,-11.978,0.053,0.107,0.037,0.086,0.05,-12.021,0.059,0.128,0.041,0.109,0.055,eccentric_rotor,50
1/22/2025 12:38,-11.978,0.044,0.098,0.031,0.082,0.053,-12.021,0.071,0.157,0.05,0.104,0.057,eccentric_rotor,50
1/22/2025 12:38,-11.978,0.042,0.12,0.03,0.086,0.049,-12.021,0.059,0.146,0.042,0.101,0.055,eccentric_rotor,50
1/22/2025 12:38,-11.978,0.049,0.12,0.034,0.08,0.05,-12.02,0.06,0.131,0.042,0.108,0.055,eccentric_rotor,50
1/22/2025 12:38,-11.979,0.05,0.095,0.036,0.084,0.053,-12.02,0.07,0.14,0.05,0.109,0.06,eccentric_rotor,50
1/22/2025 12:38,-11.979,0.042,0.101,0.03,0.086,0.049,-12.02,0.07,0.171,0.049,0.1,0.058,eccentric_rotor,50
1/22/2025 12:38,-11.978,0.044,0.127,0.031,0.081,0.052,-12.02,0.059,0.135,0.042,0.107,0.055,eccentric_rotor,50
1/22/2025 12:38,-11.979,0.051,0.096,0.036,0.081,0.054,-12.02,0.06,0.15,0.042,0.102,0.06,eccentric_rotor,50
1/22/2025 12:38,-11.979,0.045,0.114,0.032,0.085,0.051,-12.02,0.075,0.147,0.053,0.101,0.057,eccentric_rotor,50
1/22/2025 12:38,-11.979,0.041,0.096,0.029,0.081,0.049,-12.02,0.059,0.131,0.042,0.112,0.056,eccentric_rotor,50
1/22/2025 12:38,-11.979,0.047,0.116,0.033,0.092,0.053,-12.021,0.071,0.177,0.05,0.106,0.058,eccentric_rotor,50
1/22/2025 12:38,-11.979,0.041,0.098,0.029,0.085,0.06,-12.02,0.058,0.135,0.041,0.098,0.064,eccentric_rotor,50
1/22/2025 12:39,-11.979,0.042,0.124,0.029,0.079,0.051,-12.021,0.056,0.134,0.04,0.1,0.055,eccentric_rotor,50
1/22/2025 12:39,-11.979,0.051,0.103,0.036,0.085,0.054,-12.02,0.074,0.149,0.052,0.108,0.059,eccentric_rotor,50
1/22/2025 12:39,-11.978,0.047,0.112,0.033,0.083,0.051,-12.02,0.058,0.148,0.041,0.101,0.055,eccentric_rotor,50
1/22/2025 12:39,-11.979,0.041,0.093,0.029,0.08,0.05,-12.021,0.071,0.126,0.05,0.107,0.057,eccentric_rotor,50
1/22/2025 12:39,-11.978,0.052,0.105,0.036,0.086,0.056,-12.021,0.059,0.157,0.042,0.103,0.061,eccentric_rotor,50
1/22/2025 12:39,-11.979,0.042,0.115,0.03,0.082,0.055,-12.021,0.058,0.133,0.041,0.103,0.057,eccentric_rotor,50
1/22/2025 12:39,-11.978,0.041,0.097,0.029,0.08,0.052,-12.021,0.071,0.128,0.05,0.107,0.06,eccentric_rotor,50
1/22/2025 12:39,-11.979,0.048,0.122,0.034,0.085,0.055,-12.021,0.06,0.163,0.042,0.104,0.06,eccentric_rotor,50
1/22/2025 12:39,-11.979,0.047,0.111,0.033,0.085,0.051,-12.021,0.077,0.129,0.054,0.101,0.056,eccentric_rotor,50
1/22/2025 12:39,-11.979,0.042,0.097,0.03,0.08,0.051,-12.021,0.073,0.122,0.052,0.109,0.056,eccentric_rotor,50
1/22/2025 12:39,-11.979,0.051,0.095,0.036,0.082,0.054,-12.021,0.059,0.156,0.042,0.102,0.059,eccentric_rotor,50
1/22/2025 12:39,-11.979,0.043,0.121,0.03,0.086,0.053,-12.021,0.061,0.129,0.043,0.103,0.058,eccentric_rotor,50
1/22/2025 12:39,-11.979,0.041,0.097,0.029,0.082,0.051,-12.021,0.073,0.15,0.052,0.11,0.056,eccentric_rotor,50
1/22/2025 12:40,-11.979,0.05,0.114,0.035,0.089,0.049,-12.021,0.059,0.134,0.041,0.103,0.056,eccentric_rotor,50
1/22/2025 12:40,-11.979,0.04,0.12,0.028,0.086,0.055,-12.021,0.064,0.173,0.045,0.107,0.06,eccentric_rotor,50
1/22/2025 12:40,-11.979,0.045,0.094,0.032,0.084,0.05,-12.021,0.077,0.129,0.054,0.11,0.055,eccentric_rotor,50
1/22/2025 12:40,-11.979,0.051,0.099,0.036,0.087,0.059,-12.021,0.06,0.16,0.042,0.102,0.062,eccentric_rotor,50
1/22/2025 12:40,-11.979,0.041,0.123,0.029,0.081,0.047,-12.021,0.062,0.146,0.044,0.109,0.054,eccentric_rotor,50
1/22/2025 12:40,-11.979,0.04,0.117,0.029,0.084,0.055,-12.021,0.07,0.141,0.05,0.102,0.06,eccentric_rotor,50
1/22/2025 12:40,-11.979,0.047,0.098,0.033,0.085,0.049,-12.021,0.06,0.166,0.043,0.104,0.056,eccentric_rotor,50
1/22/2025 12:40,-11.979,0.042,0.109,0.03,0.081,0.067,-12.021,0.073,0.128,0.051,0.108,0.07,eccentric_rotor,50
1/22/2025 12:40,-11.979,0.046,0.124,0.033,0.086,0.052,-12.021,0.06,0.132,0.043,0.101,0.062,eccentric_rotor,50
1/22/2025 12:40,-11.979,0.04,0.097,0.028,0.081,0.05,-12.021,0.06,0.151,0.042,0.103,0.057,eccentric_rotor,50
1/22/2025 12:40,-11.979,0.041,0.109,0.029,0.086,0.055,-12.021,0.069,0.174,0.049,0.109,0.06,eccentric_rotor,50
1/22/2025 12:40,-11.979,0.054,0.1,0.038,0.087,0.055,-12.021,0.06,0.148,0.043,0.109,0.061,eccentric_rotor,50
1/22/2025 12:40,-11.979,0.052,0.122,0.037,0.082,0.052,-12.021,0.072,0.126,0.051,0.103,0.057,eccentric_rotor,50
1/22/2025 12:41,-11.979,0.042,0.101,0.029,0.082,0.05,-12.021,0.058,0.156,0.041,0.115,0.059,eccentric_rotor,50
1/22/2025 12:41,-11.979,0.052,0.123,0.037,0.094,0.054,-12.021,0.059,0.127,0.042,0.103,0.062,eccentric_rotor,50
1/22/2025 12:41,-11.979,0.041,0.097,0.029,0.083,0.058,-12.021,0.07,0.136,0.05,0.11,0.055,eccentric_rotor,50
1/22/2025 12:41,-11.979,0.046,0.11,0.033,0.088,0.048,-12.021,0.058,0.178,0.041,0.107,0.061,eccentric_rotor,50
1/22/2025 12:41,-11.979,0.054,0.119,0.038,0.086,0.055,-12.021,0.074,0.165,0.052,0.103,0.063,eccentric_rotor,50
1/22/2025 12:41,-11.979,0.043,0.1,0.03,0.082,0.05,-12.021,0.062,0.122,0.044,0.11,0.055,eccentric_rotor,50
1/22/2025 12:41,-11.979,0.043,0.101,0.031,0.087,0.058,-12.021,0.06,0.155,0.042,0.104,0.064,eccentric_rotor,50
1/22/2025 12:41,-11.979,0.049,0.119,0.034,0.081,0.061,-12.021,0.075,0.131,0.053,0.102,0.057,eccentric_rotor,50
1/22/2025 12:41,-11.979,0.042,0.098,0.029,0.084,0.049,-12.021,0.06,0.131,0.042,0.107,0.061,eccentric_rotor,50
1/22/2025 12:41,-11.979,0.051,0.112,0.036,0.088,0.049,-12.021,0.059,0.15,0.042,0.109,0.055,eccentric_rotor,50
1/22/2025 12:41,-11.979,0.042,0.098,0.03,0.083,0.056,-12.021,0.072,0.171,0.051,0.103,0.062,eccentric_rotor,50
1/22/2025 12:41,-11.979,0.048,0.115,0.034,0.087,0.05,-12.021,0.061,0.132,0.043,0.11,0.055,eccentric_rotor,50
1/22/2025 12:42,-11.979,0.042,0.1,0.03,0.082,0.057,-12.021,0.068,0.137,0.048,0.103,0.057,eccentric_rotor,50
1/22/2025 12:42,-11.979,0.052,0.117,0.037,0.087,0.049,-12.021,0.074,0.126,0.052,0.109,0.062,eccentric_rotor,50
1/22/2025 12:42,-11.98,0.041,0.098,0.029,0.085,0.057,-12.021,0.061,0.167,0.043,0.11,0.055,eccentric_rotor,50
1/22/2025 12:42,-11.98,0.048,0.098,0.034,0.091,0.056,-12.021,0.072,0.16,0.051,0.105,0.061,eccentric_rotor,50
1/22/2025 12:42,-11.979,0.047,0.122,0.033,0.084,0.049,-12.021,0.057,0.131,0.041,0.113,0.062,eccentric_rotor,50
1/22/2025 12:42,-11.979,0.04,0.116,0.028,0.094,0.057,-12.021,0.067,0.175,0.047,0.108,0.056,eccentric_rotor,50
1/22/2025 12:42,-11.979,0.051,0.101,0.036,0.082,0.054,-12.021,0.074,0.136,0.052,0.102,0.061,eccentric_rotor,50
1/22/2025 12:42,-11.979,0.045,0.142,0.032,0.089,0.051,-12.021,0.059,0.131,0.042,0.112,0.059,eccentric_rotor,50
1/22/2025 12:42,-11.979,0.041,0.098,0.029,0.082,0.056,-12.021,0.069,0.155,0.049,0.103,0.057,eccentric_rotor,50
1/22/2025 12:42,-11.979,0.052,0.1,0.037,0.09,0.052,-12.021,0.058,0.151,0.041,0.112,0.061,eccentric_rotor,50
1/22/2025 12:42,-11.979,0.042,0.114,0.029,0.091,0.057,-12.021,0.066,0.127,0.047,0.107,0.058,eccentric_rotor,50
1/22/2025 12:43,-11.979,0.051,0.104,0.036,0.082,0.056,-12.021,0.074,0.128,0.052,0.102,0.058,eccentric_rotor,50
1/22/2025 12:43,-11.979,0.042,0.098,0.03,0.088,0.052,-12.021,0.057,0.173,0.041,0.111,0.063,eccentric_rotor,50
1/22/2025 12:43,-11.979,0.047,0.123,0.033,0.082,0.052,-12.021,0.074,0.148,0.053,0.104,0.058,eccentric_rotor,50
1/22/2025 12:43,-11.979,0.052,0.115,0.037,0.087,0.054,-12.021,0.066,0.125,0.046,0.102,0.057,eccentric_rotor,50
1/22/2025 12:43,-11.979,0.043,0.101,0.031,0.088,0.057,-12.021,0.057,0.164,0.041,0.109,0.06,eccentric_rotor,50
1/22/2025 12:43,-11.979,0.051,0.093,0.036,0.083,0.053,-12.021,0.071,0.134,0.05,0.107,0.062,eccentric_rotor,50
1/22/2025 12:43,-11.979,0.042,0.106,0.03,0.083,0.055,-12.021,0.058,0.16,0.041,0.102,0.06,eccentric_rotor,50
1/22/2025 12:43,-11.979,0.048,0.108,0.034,0.088,0.052,-12.021,0.076,0.151,0.054,0.11,0.061,eccentric_rotor,50
1/22/2025 12:43,-11.979,0.05,0.121,0.035,0.083,0.056,-12.021,0.058,0.134,0.041,0.103,0.058,eccentric_rotor,50
1/22/2025 12:43,-11.979,0.042,0.097,0.029,0.089,0.053,-12.021,0.072,0.16,0.051,0.112,0.059,eccentric_rotor,50
1/22/2025 12:44,-11.979,0.048,0.121,0.034,0.083,0.056,-12.021,0.058,0.127,0.041,0.11,0.062,eccentric_rotor,50
1/22/2025 12:44,-11.979,0.04,0.116,0.028,0.082,0.054,-12.021,0.06,0.128,0.042,0.103,0.059,eccentric_rotor,50
1/22/2025 12:44,-11.979,0.046,0.1,0.033,0.087,0.057,-12.021,0.076,0.164,0.054,0.109,0.064,eccentric_rotor,50
1/22/2025 12:44,-11.979,0.051,0.123,0.036,0.085,0.055,-12.021,0.06,0.133,0.042,0.105,0.061,eccentric_rotor,50
1/22/2025 12:44,-11.979,0.041,0.096,0.029,0.088,0.057,-12.021,0.07,0.132,0.049,0.111,0.062,eccentric_rotor,50
1/22/2025 12:44,-11.979,0.042,0.124,0.03,0.083,0.053,-12.021,0.059,0.166,0.042,0.11,0.059,eccentric_rotor,50
1/22/2025 12:44,-11.979,0.053,0.127,0.037,0.083,0.052,-12.021,0.07,0.152,0.049,0.104,0.061,eccentric_rotor,50
1/22/2025 12:44,-11.979,0.047,0.098,0.033,0.09,0.055,-12.021,0.075,0.129,0.053,0.105,0.057,eccentric_rotor,50
1/22/2025 12:44,-11.978,0.041,0.098,0.029,0.089,0.052,-12.021,0.06,0.158,0.043,0.112,0.06,eccentric_rotor,50
1/22/2025 12:45,-11.979,0.05,0.115,0.035,0.085,0.05,-12.021,0.061,0.123,0.043,0.106,0.057,eccentric_rotor,50
1/22/2025 12:45,-11.978,0.041,0.095,0.029,0.091,0.055,-12.021,0.074,0.143,0.052,0.109,0.056,eccentric_rotor,50
1/22/2025 12:45,-11.978,0.044,0.116,0.031,0.085,0.056,-12.021,0.06,0.127,0.042,0.113,0.061,eccentric_rotor,50
1/22/2025 12:45,-11.978,0.053,0.094,0.037,0.088,0.05,-12.021,0.072,0.162,0.051,0.107,0.061,eccentric_rotor,50
1/22/2025 12:45,-11.979,0.053,0.098,0.037,0.087,0.055,-12.021,0.059,0.129,0.042,0.106,0.056,eccentric_rotor,50
1/22/2025 12:45,-11.979,0.039,0.108,0.028,0.083,0.052,-12.021,0.059,0.167,0.042,0.111,0.061,eccentric_rotor,50
1/22/2025 12:45,-11.978,0.051,0.1,0.036,0.088,0.055,-12.021,0.073,0.128,0.052,0.103,0.057,eccentric_rotor,50
1/22/2025 12:45,-11.979,0.042,0.113,0.029,0.085,0.054,-12.021,0.071,0.155,0.05,0.109,0.057,eccentric_rotor,50
1/22/2025 12:45,-11.979,0.049,0.121,0.035,0.081,0.05,-12.021,0.059,0.131,0.041,0.103,0.06,eccentric_rotor,50
1/22/2025 12:45,-11.979,0.052,0.097,0.037,0.086,0.052,-12.021,0.058,0.133,0.041,0.101,0.056,eccentric_rotor,50
1/22/2025 12:45,-11.979,0.041,0.095,0.029,0.089,0.055,-12.021,0.072,0.166,0.051,0.109,0.057,eccentric_rotor,50
1/22/2025 12:46,-11.979,0.047,0.122,0.033,0.082,0.051,-12.021,0.071,0.134,0.05,0.109,0.06,eccentric_rotor,50
1/22/2025 12:46,-11.979,0.041,0.099,0.029,0.088,0.055,-12.021,0.058,0.156,0.041,0.103,0.057,eccentric_rotor,50
1/22/2025 12:46,-11.979,0.047,0.099,0.034,0.085,0.055,-12.021,0.061,0.133,0.043,0.111,0.06,eccentric_rotor,50
1/22/2025 12:46,-11.979,0.051,0.125,0.036,0.082,0.05,-12.021,0.075,0.155,0.053,0.103,0.061,eccentric_rotor,50
1/22/2025 12:46,-11.979,0.042,0.096,0.029,0.086,0.059,-12.021,0.06,0.128,0.043,0.108,0.056,eccentric_rotor,50
1/22/2025 12:46,-11.979,0.052,0.122,0.037,0.083,0.056,-12.021,0.069,0.155,0.049,0.109,0.057,eccentric_rotor,50
1/22/2025 12:46,-11.979,0.042,0.101,0.029,0.082,0.052,-12.021,0.062,0.155,0.044,0.103,0.062,eccentric_rotor,50
1/22/2025 12:46,-11.979,0.051,0.12,0.036,0.089,0.051,-12.021,0.062,0.129,0.044,0.105,0.06,eccentric_rotor,50
1/22/2025 12:46,-11.979,0.042,0.098,0.03,0.081,0.055,-12.022,0.076,0.162,0.054,0.112,0.057,eccentric_rotor,50
1/22/2025 12:46,-11.979,0.049,0.115,0.035,0.087,0.052,-12.021,0.057,0.132,0.04,0.103,0.058,eccentric_rotor,50
1/22/2025 12:46,-11.979,0.041,0.099,0.029,0.083,0.056,-12.022,0.072,0.133,0.051,0.109,0.061,eccentric_rotor,50
1/22/2025 12:46,-11.979,0.051,0.098,0.036,0.082,0.054,-12.021,0.062,0.16,0.044,0.11,0.062,eccentric_rotor,50
1/22/2025 12:47,-11.979,0.04,0.116,0.028,0.09,0.053,-12.021,0.06,0.149,0.042,0.103,0.059,eccentric_rotor,50
1/22/2025 12:47,-11.979,0.041,0.101,0.029,0.089,0.057,-12.021,0.074,0.126,0.052,0.105,0.058,eccentric_rotor,50
1/22/2025 12:47,-11.979,0.052,0.12,0.036,0.082,0.055,-12.021,0.057,0.133,0.04,0.111,0.062,eccentric_rotor,50
1/22/2025 12:47,-11.979,0.048,0.093,0.034,0.087,0.053,-12.022,0.072,0.172,0.051,0.103,0.058,eccentric_rotor,50
1/22/2025 12:47,-11.979,0.041,0.123,0.029,0.084,0.055,-12.021,0.058,0.127,0.041,0.11,0.061,eccentric_rotor,50
1/22/2025 12:47,-11.979,0.043,0.097,0.03,0.083,0.052,-12.022,0.058,0.161,0.041,0.102,0.059,eccentric_rotor,50
1/22/2025 12:47,-11.979,0.053,0.096,0.037,0.087,0.054,-12.021,0.073,0.13,0.052,0.103,0.056,eccentric_rotor,50
1/22/2025 12:47,-11.979,0.047,0.117,0.033,0.089,0.052,-12.021,0.06,0.135,0.043,0.11,0.059,eccentric_rotor,50
1/22/2025 12:47,-11.979,0.043,0.099,0.03,0.085,0.055,-12.021,0.069,0.154,0.049,0.105,0.057,eccentric_rotor,50
1/22/2025 12:47,-11.979,0.05,0.097,0.035,0.084,0.056,-12.021,0.059,0.125,0.042,0.111,0.061,eccentric_rotor,50
1/22/2025 12:47,-11.979,0.042,0.12,0.029,0.091,0.053,-12.021,0.064,0.168,0.045,0.105,0.061,eccentric_rotor,50
1/22/2025 12:48,-11.979,0.053,0.098,0.038,0.084,0.053,-12.021,0.072,0.134,0.051,0.104,0.058,eccentric_rotor,50
1/22/2025 12:48,-11.979,0.041,0.122,0.029,0.087,0.055,-12.021,0.059,0.128,0.041,0.11,0.058,eccentric_rotor,50
1/22/2025 12:48,-11.979,0.045,0.095,0.032,0.088,0.054,-12.021,0.061,0.153,0.043,0.11,0.061,eccentric_rotor,50
1/22/2025 12:48,-11.979,0.052,0.115,0.037,0.084,0.052,-12.021,0.078,0.146,0.055,0.104,0.06,eccentric_rotor,50
1/22/2025 12:48,-11.979,0.044,0.102,0.031,0.081,0.055,-12.021,0.059,0.129,0.041,0.102,0.057,eccentric_rotor,50
1/22/2025 12:48,-11.979,0.042,0.094,0.03,0.086,0.056,-12.021,0.064,0.135,0.045,0.109,0.06,eccentric_rotor,50
1/22/2025 12:48,-11.979,0.052,0.101,0.037,0.082,0.052,-12.021,0.073,0.157,0.052,0.102,0.057,eccentric_rotor,50
1/22/2025 12:48,-11.979,0.041,0.129,0.029,0.086,0.052,-12.021,0.06,0.13,0.043,0.109,0.062,eccentric_rotor,50
1/22/2025 12:48,-11.979,0.048,0.103,0.034,0.088,0.056,-12.021,0.077,0.16,0.055,0.111,0.057,eccentric_rotor,50
1/22/2025 12:48,-11.979,0.041,0.115,0.029,0.083,0.055,-12.021,0.061,0.128,0.043,0.104,0.057,eccentric_rotor,50
1/22/2025 12:48,-11.979,0.041,0.101,0.029,0.084,0.052,-12.021,0.058,0.16,0.041,0.11,0.062,eccentric_rotor,50
1/22/2025 12:48,-11.979,0.048,0.114,0.034,0.089,0.056,-12.021,0.066,0.135,0.047,0.103,0.061,eccentric_rotor,50
1/22/2025 12:49,-11.979,0.051,0.117,0.036,0.087,0.053,-12.021,0.072,0.136,0.051,0.109,0.057,eccentric_rotor,50
1/22/2025 12:49,-11.979,0.043,0.1,0.03,0.082,0.056,-12.021,0.06,0.162,0.042,0.104,0.061,eccentric_rotor,50
1/22/2025 12:49,-11.979,0.047,0.1,0.033,0.088,0.053,-12.021,0.073,0.164,0.052,0.104,0.058,eccentric_rotor,50
1/22/2025 12:49,-11.979,0.041,0.12,0.029,0.083,0.057,-12.021,0.059,0.133,0.042,0.109,0.062,eccentric_rotor,50
1/22/2025 12:49,-11.979,0.052,0.1,0.037,0.088,0.054,-12.021,0.063,0.181,0.045,0.104,0.059,eccentric_rotor,50
1/22/2025 12:49,-11.979,0.043,0.103,0.031,0.083,0.054,-12.021,0.072,0.131,0.051,0.111,0.062,eccentric_rotor,50
1/22/2025 12:49,-11.979,0.045,0.129,0.032,0.089,0.058,-12.021,0.058,0.158,0.041,0.106,0.059,eccentric_rotor,50
1/22/2025 12:49,-11.979,0.053,0.105,0.038,0.088,0.053,-12.021,0.06,0.155,0.042,0.105,0.059,eccentric_rotor,50
1/22/2025 12:49,-11.979,0.041,0.129,0.029,0.083,0.059,-12.021,0.071,0.131,0.05,0.111,0.063,eccentric_rotor,50
1/22/2025 12:49,-11.979,0.047,0.121,0.033,0.088,0.053,-12.021,0.058,0.175,0.041,0.11,0.058,eccentric_rotor,50
1/22/2025 12:49,-11.979,0.052,0.099,0.037,0.083,0.054,-12.022,0.072,0.131,0.051,0.104,0.064,eccentric_rotor,50
1/22/2025 12:50,-11.979,0.042,0.125,0.03,0.084,0.053,-12.022,0.06,0.133,0.042,0.109,0.064,eccentric_rotor,50
1/22/2025 12:50,-11.979,0.052,0.103,0.037,0.089,0.056,-12.022,0.061,0.153,0.043,0.105,0.058,eccentric_rotor,50
1/22/2025 12:50,-11.979,0.044,0.096,0.031,0.085,0.053,-12.021,0.07,0.129,0.049,0.111,0.06,eccentric_rotor,50
1/22/2025 12:50,-11.979,0.042,0.123,0.03,0.09,0.053,-12.022,0.058,0.178,0.041,0.105,0.058,eccentric_rotor,50
1/22/2025 12:50,-11.979,0.052,0.095,0.037,0.086,0.058,-12.022,0.077,0.133,0.055,0.112,0.058,eccentric_rotor,50
1/22/2025 12:50,-11.979,0.043,0.13,0.03,0.086,0.052,-12.021,0.058,0.131,0.041,0.108,0.062,eccentric_rotor,50
1/22/2025 12:50,-11.979,0.042,0.101,0.029,0.092,0.056,-12.021,0.059,0.133,0.042,0.103,0.058,eccentric_rotor,50
1/22/2025 12:50,-11.979,0.051,0.1,0.036,0.085,0.054,-12.021,0.068,0.149,0.048,0.114,0.059,eccentric_rotor,50
1/22/2025 12:50,-11.979,0.041,0.121,0.029,0.091,0.053,-12.022,0.058,0.13,0.041,0.105,0.063,eccentric_rotor,50
1/22/2025 12:50,-11.979,0.046,0.111,0.033,0.092,0.056,-12.022,0.073,0.175,0.051,0.11,0.058,eccentric_rotor,50
1/22/2025 12:50,-11.979,0.051,0.092,0.036,0.083,0.053,-12.021,0.058,0.141,0.041,0.105,0.061,eccentric_rotor,50
1/22/2025 12:51,-11.979,0.041,0.129,0.029,0.085,0.056,-12.022,0.06,0.126,0.042,0.103,0.059,eccentric_rotor,50
1/22/2025 12:51,-11.979,0.042,0.096,0.03,0.087,0.054,-12.021,0.072,0.129,0.051,0.112,0.058,eccentric_rotor,50
1/22/2025 12:51,-11.979,0.05,0.119,0.035,0.084,0.057,-12.021,0.058,0.163,0.041,0.104,0.061,eccentric_rotor,50
1/22/2025 12:51,-11.979,0.041,0.095,0.029,0.089,0.057,-12.021,0.074,0.126,0.052,0.11,0.061,eccentric_rotor,50
1/22/2025 12:51,-11.979,0.051,0.129,0.036,0.088,0.053,-12.021,0.06,0.15,0.042,0.107,0.058,eccentric_rotor,50
1/22/2025 12:51,-11.979,0.042,0.109,0.03,0.085,0.053,-12.021,0.059,0.163,0.042,0.105,0.062,eccentric_rotor,50
1/22/2025 12:51,-11.979,0.044,0.098,0.031,0.085,0.058,-12.022,0.067,0.128,0.048,0.11,0.059,eccentric_rotor,50
1/22/2025 12:51,-11.979,0.049,0.096,0.034,0.09,0.054,-12.021,0.057,0.172,0.04,0.112,0.063,eccentric_rotor,50
1/22/2025 12:51,-11.979,0.041,0.115,0.029,0.084,0.057,-12.021,0.061,0.131,0.043,0.104,0.061,eccentric_rotor,50
1/22/2025 12:51,-11.979,0.042,0.1,0.03,0.088,0.056,-12.021,0.079,0.128,0.056,0.109,0.058,eccentric_rotor,50
1/22/2025 12:51,-11.979,0.053,0.114,0.037,0.085,0.054,-12.021,0.065,0.177,0.046,0.105,0.059,eccentric_rotor,50
1/22/2025 12:51,-11.979,0.042,0.113,0.03,0.082,0.048,-12.021,0.06,0.13,0.043,0.108,0.063,eccentric_rotor,50
1/22/2025 12:52,-11.979,0.048,0.095,0.034,0.089,0.06,-12.021,0.074,0.158,0.052,0.111,0.062,eccentric_rotor,50
1/22/2025 12:52,-11.979,0.046,0.098,0.033,0.089,0.048,-12.021,0.059,0.131,0.042,0.105,0.06,eccentric_rotor,50
1/22/2025 12:52,-11.979,0.042,0.131,0.029,0.084,0.057,-12.021,0.072,0.132,0.051,0.112,0.062,eccentric_rotor,50
1/22/2025 12:52,-11.979,0.051,0.097,0.036,0.089,0.054,-12.021,0.062,0.179,0.044,0.103,0.054,eccentric_rotor,50
1/22/2025 12:52,-11.979,0.042,0.126,0.03,0.085,0.058,-12.022,0.058,0.167,0.041,0.109,0.063,eccentric_rotor,50
1/22/2025 12:52,-11.979,0.042,0.102,0.029,0.09,0.054,-12.022,0.072,0.128,0.051,0.111,0.064,eccentric_rotor,50
1/22/2025 12:52,-11.979,0.05,0.1,0.035,0.09,0.053,-12.021,0.062,0.164,0.044,0.107,0.054,eccentric_rotor,50
1/22/2025 12:52,-11.979,0.042,0.111,0.03,0.084,0.056,-12.022,0.057,0.158,0.04,0.105,0.062,eccentric_rotor,50
1/22/2025 12:52,-11.979,0.053,0.099,0.037,0.086,0.056,-12.022,0.073,0.134,0.052,0.112,0.059,eccentric_rotor,50
1/22/2025 12:52,-11.979,0.043,0.125,0.03,0.092,0.054,-12.021,0.068,0.144,0.048,0.105,0.062,eccentric_rotor,50
1/22/2025 12:52,-11.979,0.041,0.121,0.029,0.086,0.058,-12.021,0.059,0.125,0.041,0.105,0.058,eccentric_rotor,50
1/22/2025 12:52,-11.979,0.048,0.101,0.034,0.089,0.058,-12.021,0.069,0.129,0.049,0.112,0.061,eccentric_rotor,50
1/22/2025 12:53,-11.979,0.041,0.123,0.029,0.09,0.054,-12.022,0.061,0.163,0.043,0.104,0.061,eccentric_rotor,50
1/22/2025 12:53,-11.979,0.047,0.131,0.033,0.083,0.059,-12.022,0.058,0.133,0.041,0.112,0.059,eccentric_rotor,50
1/22/2025 12:53,-11.979,0.056,0.114,0.04,0.091,0.055,-12.022,0.075,0.157,0.053,0.105,0.063,eccentric_rotor,50
1/22/2025 12:53,-11.979,0.046,0.098,0.032,0.085,0.054,-12.022,0.071,0.129,0.05,0.113,0.064,eccentric_rotor,50
1/22/2025 12:53,-11.979,0.042,0.106,0.03,0.089,0.058,-12.022,0.061,0.158,0.043,0.106,0.06,eccentric_rotor,50
1/22/2025 12:53,-11.979,0.054,0.126,0.038,0.09,0.057,-12.022,0.075,0.135,0.053,0.105,0.064,eccentric_rotor,50
1/22/2025 12:53,-11.979,0.044,0.12,0.031,0.085,0.054,-12.021,0.059,0.152,0.041,0.111,0.06,eccentric_rotor,50
1/22/2025 12:53,-11.979,0.044,0.099,0.031,0.09,0.058,-12.021,0.064,0.156,0.045,0.105,0.059,eccentric_rotor,50
1/22/2025 12:53,-11.979,0.048,0.093,0.034,0.083,0.055,-12.021,0.069,0.133,0.049,0.114,0.062,eccentric_rotor,50
1/22/2025 12:53,-11.979,0.045,0.119,0.032,0.087,0.055,-12.021,0.066,0.171,0.046,0.107,0.062,eccentric_rotor,50
1/22/2025 12:53,-11.979,0.042,0.1,0.03,0.089,0.058,-12.021,0.061,0.134,0.043,0.107,0.06,eccentric_rotor,50
1/22/2025 12:54,-11.979,0.044,0.124,0.031,0.084,0.049,-12.021,0.068,0.138,0.048,0.115,0.063,eccentric_rotor,50
1/22/2025 12:54,-11.979,0.053,0.117,0.037,0.091,0.066,-12.021,0.061,0.177,0.043,0.108,0.06,eccentric_rotor,50
1/22/2025 12:54,-11.979,0.041,0.099,0.029,0.087,0.054,-12.021,0.063,0.134,0.045,0.107,0.06,eccentric_rotor,50
1/22/2025 12:54,-11.979,0.051,0.127,0.036,0.092,0.064,-12.021,0.071,0.148,0.05,0.113,0.064,eccentric_rotor,50
1/22/2025 12:54,-11.979,0.042,0.102,0.03,0.087,0.062,-12.021,0.067,0.165,0.047,0.105,0.056,eccentric_rotor,50
1/22/2025 12:54,-11.979,0.046,0.1,0.032,0.086,0.054,-12.021,0.06,0.131,0.042,0.112,0.068,eccentric_rotor,50
1/22/2025 12:54,-11.979,0.049,0.127,0.035,0.091,0.053,-12.021,0.068,0.13,0.048,0.113,0.061,eccentric_rotor,50
1/22/2025 12:54,-11.979,0.044,0.112,0.031,0.091,0.083,-12.022,0.059,0.16,0.042,0.106,0.067,eccentric_rotor,50
1/22/2025 12:54,-11.979,0.042,0.101,0.029,0.086,0.059,-12.021,0.062,0.15,0.044,0.109,0.066,eccentric_rotor,50
1/22/2025 12:54,-11.979,0.052,0.099,0.037,0.092,0.056,-12.022,0.069,0.131,0.049,0.113,0.059,eccentric_rotor,50
1/22/2025 12:54,-11.979,0.05,0.126,0.035,0.088,0.056,-12.022,0.06,0.152,0.042,0.108,0.058,eccentric_rotor,50
1/22/2025 12:54,-11.979,0.044,0.1,0.031,0.086,0.088,-12.021,0.066,0.131,0.047,0.119,0.081,eccentric_rotor,50
1/22/2025 12:54,-11.979,0.053,0.119,0.037,0.092,0.057,-12.022,0.074,0.128,0.053,0.112,0.064,eccentric_rotor,50
1/22/2025 12:55,-11.979,0.041,0.111,0.029,0.088,0.061,-12.021,0.061,0.159,0.043,0.108,0.061,eccentric_rotor,50
1/22/2025 12:55,-11.979,0.046,0.103,0.032,0.103,0.05,-12.021,0.062,0.162,0.044,0.112,0.061,eccentric_rotor,50
1/22/2025 12:55,-11.98,0.049,0.119,0.035,0.092,0.07,-12.021,0.071,0.136,0.051,0.114,0.089,eccentric_rotor,50
1/22/2025 12:55,-11.979,0.048,0.099,0.034,0.089,0.071,-12.021,0.058,0.153,0.041,0.107,0.062,eccentric_rotor,50
1/22/2025 12:55,-11.979,0.043,0.101,0.031,0.096,0.057,-12.021,0.07,0.128,0.05,0.122,0.065,eccentric_rotor,50
1/22/2025 12:55,-11.979,0.044,0.119,0.031,0.09,0.057,-12.021,0.062,0.168,0.044,0.116,0.057,eccentric_rotor,50
1/22/2025 12:55,-11.98,0.051,0.123,0.036,0.087,0.06,-12.022,0.058,0.137,0.041,0.108,0.073,eccentric_rotor,50
1/22/2025 12:55,-11.98,0.045,0.109,0.032,0.103,0.063,-12.022,0.071,0.133,0.05,0.14,0.074,eccentric_rotor,50
1/22/2025 12:55,-11.979,0.05,0.114,0.035,0.094,0.058,-12.022,0.062,0.168,0.044,0.113,0.062,eccentric_rotor,50
1/22/2025 12:55,-11.979,0.049,0.1,0.034,0.09,0.062,-12.022,0.068,0.13,0.048,0.109,0.062,eccentric_rotor,50
1/22/2025 12:55,-11.979,0.044,0.128,0.031,0.092,0.058,-12.022,0.058,0.164,0.041,0.116,0.066,eccentric_rotor,50
1/22/2025 12:55,-11.979,0.042,0.101,0.03,0.127,0.061,-12.022,0.061,0.133,0.043,0.107,0.068,eccentric_rotor,50
1/22/2025 12:55,-11.98,0.048,0.102,0.034,0.089,0.06,-12.022,0.071,0.134,0.051,0.121,0.063,eccentric_rotor,50
1/22/2025 12:56,-11.98,0.045,0.125,0.031,0.094,0.056,-12.022,0.06,0.158,0.043,0.12,0.064,eccentric_rotor,50
1/22/2025 12:56,-11.98,0.043,0.103,0.03,0.091,0.059,-12.022,0.067,0.166,0.048,0.111,0.067,eccentric_rotor,50
1/22/2025 12:56,-11.98,0.046,0.115,0.032,0.1,0.061,-12.022,0.069,0.139,0.048,0.11,0.066,eccentric_rotor,50
1/22/2025 12:56,-11.979,0.053,0.118,0.037,0.099,0.058,-12.022,0.057,0.154,0.04,0.117,0.063,eccentric_rotor,50
1/22/2025 12:56,-11.98,0.043,0.102,0.03,0.092,0.062,-12.022,0.06,0.131,0.042,0.111,0.065,eccentric_rotor,50
1/22/2025 12:56,-11.98,0.044,0.113,0.031,0.09,0.058,-12.022,0.071,0.131,0.05,0.117,0.062,eccentric_rotor,50
1/22/2025 12:56,-11.979,0.052,0.101,0.037,0.097,0.065,-12.022,0.059,0.167,0.042,0.111,0.063,eccentric_rotor,50
1/22/2025 12:56,-11.979,0.049,0.123,0.035,0.09,0.058,-12.022,0.071,0.134,0.05,0.111,0.067,eccentric_rotor,50
1/22/2025 12:56,-11.979,0.042,0.116,0.03,0.092,0.056,-12.022,0.059,0.151,0.042,0.117,0.062,eccentric_rotor,50
1/22/2025 12:56,-11.979,0.052,0.104,0.037,0.097,0.061,-12.022,0.071,0.129,0.05,0.11,0.066,eccentric_rotor,50
1/22/2025 12:56,-11.979,0.045,0.113,0.032,0.091,0.063,-12.022,0.06,0.154,0.042,0.116,0.063,eccentric_rotor,50
1/22/2025 12:56,-11.98,0.043,0.1,0.03,0.094,0.058,-12.022,0.071,0.158,0.05,0.111,0.069,eccentric_rotor,50
1/22/2025 12:57,-11.979,0.05,0.125,0.035,0.096,0.062,-12.022,0.06,0.131,0.043,0.11,0.062,eccentric_rotor,50
1/22/2025 12:57,-11.979,0.044,0.103,0.031,0.09,0.058,-12.022,0.062,0.137,0.044,0.117,0.062,eccentric_rotor,50
1/22/2025 12:57,-11.979,0.047,0.101,0.033,0.095,0.06,-12.022,0.073,0.172,0.051,0.11,0.065,eccentric_rotor,50
1/22/2025 12:57,-11.979,0.043,0.108,0.03,0.094,0.058,-12.022,0.059,0.134,0.041,0.112,0.067,eccentric_rotor,50
1/22/2025 12:57,-11.979,0.044,0.103,0.031,0.091,0.058,-12.022,0.07,0.155,0.049,0.116,0.063,eccentric_rotor,50
1/22/2025 12:57,-11.98,0.051,0.114,0.036,0.092,0.061,-12.022,0.06,0.129,0.042,0.11,0.066,eccentric_rotor,50
1/22/2025 12:57,-11.98,0.044,0.102,0.031,0.096,0.055,-12.022,0.069,0.156,0.049,0.117,0.065,eccentric_rotor,50
1/22/2025 12:57,-11.979,0.049,0.114,0.034,0.089,0.061,-12.022,0.059,0.187,0.042,0.11,0.062,eccentric_rotor,50
1/22/2025 12:57,-11.979,0.043,0.124,0.03,0.091,0.058,-12.022,0.067,0.134,0.047,0.116,0.065,eccentric_rotor,50
1/22/2025 12:57,-11.979,0.043,0.115,0.031,0.094,0.061,-12.022,0.074,0.177,0.053,0.111,0.063,eccentric_rotor,50
1/22/2025 12:57,-11.979,0.05,0.098,0.035,0.097,0.059,-12.022,0.06,0.152,0.042,0.11,0.066,eccentric_rotor,50
1/22/2025 12:57,-11.979,0.042,0.114,0.03,0.093,0.064,-12.021,0.059,0.133,0.042,0.116,0.06,eccentric_rotor,50
1/22/2025 12:57,-11.979,0.048,0.099,0.034,0.092,0.06,-12.021,0.076,0.153,0.053,0.11,0.066,eccentric_rotor,50
1/22/2025 12:58,-11.979,0.052,0.098,0.037,0.097,0.059,-12.021,0.061,0.131,0.043,0.116,0.063,eccentric_rotor,50
1/22/2025 12:58,-11.979,0.042,0.126,0.03,0.091,0.063,-12.021,0.072,0.151,0.051,0.11,0.066,eccentric_rotor,50
1/22/2025 12:58,-11.979,0.048,0.1,0.034,0.095,0.063,-12.021,0.074,0.167,0.052,0.117,0.067,eccentric_rotor,50
1/22/2025 12:58,-11.979,0.043,0.127,0.03,0.089,0.059,-12.021,0.059,0.132,0.042,0.116,0.068,eccentric_rotor,50
1/22/2025 12:58,-11.979,0.053,0.104,0.037,0.096,0.06,-12.021,0.071,0.153,0.05,0.11,0.065,eccentric_rotor,50
1/22/2025 12:58,-11.979,0.044,0.113,0.031,0.092,0.062,-12.021,0.058,0.128,0.041,0.118,0.065,eccentric_rotor,50
1/22/2025 12:58,-11.979,0.054,0.101,0.038,0.095,0.062,-12.021,0.072,0.167,0.051,0.112,0.067,eccentric_rotor,50
1/22/2025 12:58,-11.979,0.044,0.112,0.031,0.092,0.064,-12.021,0.072,0.132,0.051,0.118,0.068,eccentric_rotor,50
1/22/2025 12:58,-11.979,0.05,0.102,0.036,0.093,0.06,-12.021,0.06,0.161,0.043,0.112,0.064,eccentric_rotor,50
1/22/2025 12:58,-11.979,0.043,0.117,0.03,0.097,0.063,-12.021,0.073,0.168,0.052,0.118,0.065,eccentric_rotor,50
1/22/2025 12:58,-11.979,0.044,0.101,0.031,0.093,0.059,-12.022,0.061,0.138,0.043,0.112,0.068,eccentric_rotor,50
1/22/2025 12:58,-11.979,0.05,0.111,0.035,0.098,0.063,-12.022,0.059,0.146,0.042,0.113,0.066,eccentric_rotor,50
1/22/2025 12:59,-11.979,0.043,0.104,0.031,0.093,0.06,-12.022,0.069,0.131,0.049,0.118,0.069,eccentric_rotor,50
1/22/2025 12:59,-11.979,0.049,0.124,0.035,0.093,0.063,-12.022,0.058,0.151,0.041,0.113,0.064,eccentric_rotor,50
1/22/2025 12:59,-11.979,0.053,0.106,0.037,0.098,0.059,-12.022,0.071,0.17,0.051,0.118,0.064,eccentric_rotor,50
1/22/2025 12:59,-11.979,0.043,0.126,0.03,0.094,0.062,-12.022,0.059,0.137,0.041,0.119,0.067,eccentric_rotor,50
1/22/2025 12:59,-11.98,0.044,0.098,0.031,0.098,0.057,-12.022,0.062,0.166,0.044,0.111,0.065,eccentric_rotor,50
1/22/2025 12:59,-11.98,0.054,0.115,0.038,0.094,0.063,-12.022,0.072,0.142,0.051,0.119,0.067,eccentric_rotor,50
1/22/2025 12:59,-11.979,0.044,0.132,0.031,0.099,0.062,-12.022,0.06,0.131,0.043,0.113,0.063,eccentric_rotor,50
1/22/2025 12:59,-11.979,0.053,0.109,0.037,0.096,0.059,-12.022,0.071,0.148,0.05,0.116,0.067,eccentric_rotor,50
1/22/2025 12:59,-11.979,0.054,0.099,0.038,0.093,0.058,-12.022,0.062,0.129,0.044,0.118,0.062,eccentric_rotor,50
1/22/2025 12:59,-11.98,0.044,0.118,0.031,0.098,0.061,-12.022,0.063,0.161,0.045,0.111,0.067,eccentric_rotor,50
1/22/2025 12:59,-11.98,0.05,0.103,0.036,0.094,0.06,-12.022,0.069,0.127,0.049,0.119,0.067,eccentric_rotor,50
1/22/2025 13:00,-11.98,0.042,0.127,0.03,0.099,0.058,-12.022,0.061,0.15,0.043,0.11,0.064,eccentric_rotor,50
1/22/2025 13:00,-11.98,0.051,0.118,0.036,0.092,0.054,-12.022,0.069,0.156,0.049,0.118,0.063,eccentric_rotor,50
1/22/2025 13:00,-11.98,0.052,0.104,0.037,0.096,0.071,-12.022,0.07,0.128,0.049,0.117,0.066,eccentric_rotor,50
1/22/2025 13:00,-11.98,0.043,0.121,0.03,0.092,0.058,-12.022,0.06,0.161,0.042,0.111,0.065,eccentric_rotor,50
1/22/2025 13:00,-11.98,0.05,0.119,0.035,0.097,0.063,-12.022,0.062,0.133,0.044,0.111,0.062,eccentric_rotor,50
1/22/2025 13:00,-11.98,0.044,0.101,0.031,0.096,0.06,-12.022,0.069,0.131,0.049,0.116,0.059,eccentric_rotor,50
1/22/2025 13:00,-11.979,0.05,0.127,0.035,0.09,0.063,-12.022,0.069,0.151,0.049,0.11,0.074,eccentric_rotor,50
1/22/2025 13:00,-11.98,0.043,0.101,0.03,0.097,0.06,-12.022,0.06,0.132,0.042,0.115,0.062,eccentric_rotor,50
1/22/2025 13:00,-11.979,0.052,0.118,0.037,0.095,0.056,-12.022,0.071,0.145,0.05,0.119,0.068,eccentric_rotor,50
1/22/2025 13:00,-11.98,0.043,0.112,0.03,0.09,0.063,-12.022,0.061,0.126,0.043,0.103,0.068,eccentric_rotor,50
1/22/2025 13:00,-11.98,0.045,0.099,0.031,0.103,0.063,-12.022,0.063,0.164,0.044,0.113,0.064,eccentric_rotor,50
1/22/2025 13:00,-11.98,0.05,0.102,0.035,0.087,0.059,-12.022,0.076,0.135,0.054,0.111,0.061,eccentric_rotor,50
1/22/2025 13:00,-11.98,0.045,0.124,0.032,0.097,0.059,-12.022,0.069,0.15,0.049,0.116,0.068,eccentric_rotor,50
1/22/2025 13:01,-11.98,0.049,0.098,0.035,0.091,0.064,-12.022,0.058,0.164,0.041,0.118,0.067,eccentric_rotor,50
1/22/2025 13:01,-11.98,0.05,0.12,0.036,0.098,0.065,-12.021,0.073,0.13,0.052,0.111,0.064,eccentric_rotor,50
1/22/2025 13:01,-11.98,0.044,0.094,0.031,0.092,0.059,-12.021,0.064,0.126,0.045,0.118,0.064,eccentric_rotor,50
1/22/2025 13:01,-11.98,0.05,0.111,0.035,0.092,0.062,-12.021,0.06,0.158,0.043,0.111,0.064,eccentric_rotor,50
1/22/2025 13:01,-11.98,0.043,0.125,0.03,0.097,0.059,-12.021,0.074,0.138,0.052,0.109,0.069,eccentric_rotor,50
1/22/2025 13:01,-11.98,0.043,0.1,0.031,0.089,0.061,-12.021,0.061,0.157,0.043,0.12,0.065,eccentric_rotor,50
1/22/2025 13:01,-11.98,0.05,0.122,0.035,0.099,0.064,-12.021,0.071,0.167,0.05,0.112,0.067,eccentric_rotor,50
1/22/2025 13:01,-11.98,0.043,0.103,0.031,0.099,0.059,-12.022,0.061,0.149,0.043,0.117,0.067,eccentric_rotor,50
1/22/2025 13:01,-11.98,0.043,0.099,0.031,0.093,0.065,-12.022,0.071,0.127,0.05,0.118,0.063,eccentric_rotor,50
1/22/2025 13:01,-11.98,0.048,0.116,0.034,0.093,0.064,-12.022,0.072,0.132,0.051,0.113,0.065,eccentric_rotor,50
1/22/2025 13:01,-11.98,0.044,0.108,0.031,0.098,0.066,-12.022,0.06,0.155,0.043,0.117,0.067,eccentric_rotor,50
1/22/2025 13:01,-11.98,0.049,0.122,0.035,0.092,0.068,-12.022,0.074,0.169,0.052,0.111,0.063,eccentric_rotor,50
1/22/2025 13:02,-11.98,0.043,0.118,0.031,0.097,0.063,-12.022,0.062,0.133,0.044,0.112,0.069,eccentric_rotor,50
1/22/2025 13:02,-11.98,0.048,0.104,0.034,0.097,0.064,-12.022,0.062,0.175,0.044,0.119,0.07,eccentric_rotor,50
1/22/2025 13:02,-11.98,0.055,0.111,0.039,0.093,0.065,-12.022,0.07,0.135,0.049,0.119,0.073,eccentric_rotor,50
1/22/2025 13:02,-11.98,0.045,0.094,0.031,0.095,0.069,-12.022,0.06,0.161,0.042,0.109,0.067,eccentric_rotor,50
1/22/2025 13:02,-11.98,0.044,0.125,0.031,0.099,0.065,-12.022,0.067,0.139,0.047,0.12,0.068,eccentric_rotor,50
1/22/2025 13:02,-11.98,0.049,0.129,0.035,0.094,0.067,-12.022,0.074,0.161,0.053,0.112,0.071,eccentric_rotor,50
1/22/2025 13:02,-11.98,0.053,0.101,0.037,0.1,0.065,-12.022,0.061,0.138,0.043,0.112,0.072,eccentric_rotor,50
1/22/2025 13:02,-11.98,0.044,0.141,0.031,0.099,0.069,-12.022,0.062,0.167,0.044,0.119,0.069,eccentric_rotor,50
1/22/2025 13:02,-11.98,0.05,0.103,0.035,0.101,0.066,-12.022,0.072,0.135,0.051,0.115,0.072,eccentric_rotor,50
1/22/2025 13:02,-11.98,0.054,0.129,0.038,0.104,0.063,-12.022,0.073,0.157,0.051,0.122,0.07,eccentric_rotor,50
1/22/2025 13:02,-11.98,0.045,0.107,0.032,0.096,0.064,-12.022,0.059,0.135,0.042,0.124,0.073,eccentric_rotor,50
1/22/2025 13:03,-11.98,0.05,0.126,0.035,0.099,0.068,-12.022,0.073,0.155,0.052,0.114,0.07,eccentric_rotor,50
1/22/2025 13:03,-11.98,0.044,0.104,0.031,0.104,0.066,-12.022,0.062,0.173,0.044,0.121,0.067,eccentric_rotor,50
1/22/2025 13:03,-11.98,0.053,0.107,0.038,0.105,0.067,-12.022,0.064,0.139,0.045,0.116,0.072,eccentric_rotor,50
1/22/2025 13:03,-11.98,0.044,0.124,0.031,0.101,0.065,-12.022,0.076,0.137,0.054,0.123,0.069,eccentric_rotor,50
1/22/2025 13:03,-11.98,0.054,0.123,0.038,0.105,0.068,-12.022,0.073,0.171,0.051,0.124,0.072,eccentric_rotor,50
1/22/2025 13:03,-11.98,0.047,0.104,0.033,0.101,0.066,-12.022,0.059,0.154,0.042,0.117,0.071,eccentric_rotor,50
1/22/2025 13:03,-11.98,0.046,0.098,0.032,0.101,0.067,-12.023,0.062,0.129,0.044,0.125,0.069,eccentric_rotor,50
1/22/2025 13:03,-11.98,0.05,0.114,0.035,0.105,0.069,-12.023,0.074,0.166,0.053,0.12,0.072,eccentric_rotor,50
1/22/2025 13:03,-11.98,0.044,0.125,0.031,0.1,0.069,-12.022,0.061,0.133,0.043,0.115,0.071,eccentric_rotor,50
1/22/2025 13:03,-11.98,0.05,0.101,0.036,0.103,0.066,-12.022,0.071,0.159,0.05,0.123,0.071,eccentric_rotor,50
1/22/2025 13:03,-11.98,0.055,0.102,0.039,0.105,0.069,-12.022,0.07,0.13,0.049,0.123,0.073,eccentric_rotor,50
1/22/2025 13:03,-11.98,0.044,0.122,0.031,0.099,0.065,-12.023,0.06,0.166,0.042,0.118,0.073,eccentric_rotor,50
1/22/2025 13:03,-11.98,0.045,0.129,0.032,0.105,0.07,-12.022,0.061,0.129,0.043,0.126,0.073,eccentric_rotor,50
1/22/2025 13:04,-11.98,0.052,0.124,0.037,0.104,0.066,-12.023,0.073,0.155,0.052,0.12,0.069,eccentric_rotor,50
1/22/2025 13:04,-11.98,0.046,0.1,0.032,0.101,0.068,-12.023,0.06,0.136,0.042,0.117,0.069,eccentric_rotor,50
1/22/2025 13:04,-11.98,0.053,0.1,0.037,0.105,0.064,-12.023,0.062,0.167,0.044,0.125,0.073,eccentric_rotor,50
1/22/2025 13:04,-11.98,0.046,0.121,0.032,0.102,0.069,-12.022,0.071,0.137,0.05,0.117,0.07,eccentric_rotor,50
1/22/2025 13:04,-11.98,0.052,0.119,0.037,0.102,0.066,-12.023,0.061,0.137,0.043,0.125,0.072,eccentric_rotor,50
1/22/2025 13:04,-11.98,0.046,0.1,0.033,0.106,0.068,-12.022,0.068,0.169,0.048,0.119,0.069,eccentric_rotor,50
1/22/2025 13:04,-11.98,0.055,0.125,0.039,0.103,0.065,-12.022,0.06,0.156,0.042,0.121,0.073,eccentric_rotor,50
1/22/2025 13:04,-11.98,0.044,0.12,0.031,0.106,0.065,-12.022,0.074,0.133,0.052,0.126,0.069,eccentric_rotor,50
1/22/2025 13:04,-11.98,0.05,0.102,0.035,0.101,0.07,-12.022,0.059,0.15,0.041,0.119,0.073,eccentric_rotor,50
1/22/2025 13:04,-11.98,0.044,0.14,0.031,0.107,0.07,-12.022,0.075,0.133,0.053,0.124,0.069,eccentric_rotor,50
1/22/2025 13:04,-11.98,0.046,0.104,0.033,0.102,0.068,-12.022,0.061,0.13,0.043,0.125,0.069,eccentric_rotor,50
1/22/2025 13:05,-11.979,0.055,0.125,0.039,0.107,0.07,-12.022,0.062,0.165,0.044,0.117,0.073,eccentric_rotor,50
1/22/2025 13:05,-11.98,0.051,0.107,0.036,0.101,0.067,-12.022,0.069,0.135,0.049,0.124,0.071,eccentric_rotor,50
1/22/2025 13:05,-11.98,0.045,0.126,0.032,0.106,0.063,-12.022,0.071,0.164,0.05,0.117,0.074,eccentric_rotor,50
1/22/2025 13:05,-11.98,0.051,0.124,0.036,0.101,0.067,-12.022,0.059,0.129,0.042,0.116,0.073,eccentric_rotor,50
1/22/2025 13:05,-11.98,0.046,0.108,0.032,0.105,0.063,-12.022,0.068,0.165,0.048,0.124,0.07,eccentric_rotor,50
1/22/2025 13:05,-11.98,0.045,0.118,0.032,0.1,0.068,-12.022,0.063,0.128,0.044,0.117,0.067,eccentric_rotor,50
1/22/2025 13:05,-11.98,0.044,0.106,0.031,0.102,0.066,-12.022,0.071,0.149,0.05,0.125,0.07,eccentric_rotor,50
1/22/2025 13:05,-11.98,0.052,0.123,0.037,0.106,0.063,-12.022,0.068,0.131,0.048,0.125,0.071,eccentric_rotor,50
1/22/2025 13:05,-11.98,0.044,0.108,0.031,0.106,0.066,-12.022,0.06,0.161,0.043,0.117,0.068,eccentric_rotor,50
1/22/2025 13:05,-11.98,0.052,0.122,0.036,0.103,0.061,-12.022,0.074,0.155,0.052,0.119,0.073,eccentric_rotor,50
1/22/2025 13:05,-11.979,0.046,0.096,0.032,0.108,0.069,-12.022,0.061,0.137,0.043,0.124,0.07,eccentric_rotor,50
1/22/2025 13:06,-11.98,0.05,0.12,0.036,0.106,0.067,-12.022,0.059,0.144,0.042,0.119,0.068,eccentric_rotor,50
1/22/2025 13:06,-11.98,0.045,0.099,0.032,0.102,0.064,-12.022,0.076,0.171,0.054,0.125,0.07,eccentric_rotor,50
1/22/2025 13:06,-11.98,0.043,0.121,0.03,0.096,0.063,-12.022,0.062,0.132,0.044,0.128,0.066,eccentric_rotor,50
1/22/2025 13:06,-11.98,0.051,0.102,0.036,0.103,0.067,-12.022,0.068,0.163,0.048,0.119,0.073,eccentric_rotor,50
1/22/2025 13:06,-11.98,0.045,0.123,0.032,0.104,0.068,-12.022,0.067,0.13,0.047,0.124,0.067,eccentric_rotor,50
1/22/2025 13:06,-11.98,0.055,0.125,0.039,0.098,0.064,-12.022,0.06,0.153,0.043,0.119,0.067,eccentric_rotor,50
1/22/2025 13:06,-11.98,0.045,0.105,0.032,0.105,0.066,-12.022,0.068,0.136,0.048,0.115,0.071,eccentric_rotor,50
1/22/2025 13:06,-11.98,0.043,0.126,0.031,0.099,0.069,-12.022,0.058,0.16,0.041,0.123,0.072,eccentric_rotor,50
1/22/2025 13:06,-11.98,0.052,0.116,0.036,0.103,0.064,-12.022,0.063,0.139,0.045,0.123,0.068,eccentric_rotor,50
1/22/2025 13:06,-11.98,0.043,0.104,0.031,0.103,0.069,-12.022,0.074,0.135,0.052,0.115,0.07,eccentric_rotor,50
1/22/2025 13:06,-11.98,0.05,0.117,0.035,0.096,0.062,-12.022,0.061,0.177,0.043,0.125,0.073,eccentric_rotor,50
1/22/2025 13:07,-11.98,0.045,0.105,0.032,0.105,0.07,-12.022,0.072,0.156,0.051,0.117,0.068,eccentric_rotor,50
1/22/2025 13:07,-11.98,0.051,0.117,0.036,0.099,0.062,-12.022,0.073,0.136,0.052,0.118,0.073,eccentric_rotor,50
1/22/2025 13:07,-11.98,0.046,0.104,0.033,0.103,0.065,-12.022,0.061,0.135,0.043,0.123,0.068,eccentric_rotor,50
1/22/2025 13:07,-11.98,0.044,0.127,0.031,0.097,0.069,-12.022,0.061,0.164,0.043,0.114,0.066,eccentric_rotor,50
1/22/2025 13:07,-11.98,0.054,0.104,0.038,0.103,0.069,-12.022,0.071,0.148,0.05,0.121,0.074,eccentric_rotor,50
1/22/2025 13:07,-11.98,0.044,0.126,0.031,0.106,0.072,-12.022,0.062,0.128,0.044,0.117,0.066,eccentric_rotor,50
1/22/2025 13:07,-11.98,0.045,0.123,0.032,0.101,0.07,-12.022,0.071,0.133,0.05,0.118,0.069,eccentric_rotor,50
1/22/2025 13:07,-11.98,0.054,0.102,0.038,0.104,0.066,-12.022,0.061,0.16,0.043,0.121,0.073,eccentric_rotor,50
1/22/2025 13:07,-11.98,0.051,0.106,0.036,0.1,0.07,-12.022,0.069,0.137,0.049,0.115,0.072,eccentric_rotor,50
1/22/2025 13:07,-11.98,0.045,0.12,0.032,0.105,0.07,-12.022,0.072,0.155,0.051,0.123,0.075,eccentric_rotor,50
1/22/2025 13:07,-11.98,0.046,0.123,0.033,0.107,0.064,-12.022,0.059,0.162,0.042,0.124,0.07,eccentric_rotor,50
1/22/2025 13:07,-11.98,0.05,0.104,0.035,0.096,0.067,-12.022,0.069,0.131,0.049,0.116,0.074,eccentric_rotor,50
1/22/2025 13:07,-11.98,0.049,0.101,0.035,0.105,0.065,-12.022,0.064,0.133,0.045,0.124,0.074,eccentric_rotor,50
1/22/2025 13:08,-11.98,0.044,0.127,0.031,0.097,0.064,-12.022,0.074,0.167,0.053,0.118,0.069,eccentric_rotor,50
1/22/2025 13:08,-11.98,0.047,0.104,0.033,0.103,0.071,-12.022,0.063,0.134,0.044,0.124,0.074,eccentric_rotor,50
1/22/2025 13:08,-11.98,0.057,0.122,0.04,0.1,0.06,-12.022,0.07,0.157,0.049,0.115,0.068,eccentric_rotor,50
1/22/2025 13:08,-11.98,0.044,0.124,0.031,0.106,0.07,-12.022,0.06,0.134,0.043,0.121,0.07,eccentric_rotor,50
1/22/2025 13:08,-11.98,0.052,0.101,0.037,0.109,0.069,-12.023,0.067,0.138,0.047,0.117,0.069,eccentric_rotor,50
1/22/2025 13:08,-11.98,0.055,0.106,0.039,0.104,0.065,-12.023,0.059,0.157,0.042,0.114,0.067,eccentric_rotor,50
1/22/2025 13:08,-11.98,0.045,0.127,0.032,0.11,0.069,-12.023,0.07,0.138,0.05,0.123,0.075,eccentric_rotor,50
1/22/2025 13:08,-11.98,0.043,0.111,0.031,0.107,0.066,-12.023,0.061,0.161,0.043,0.114,0.064,eccentric_rotor,50
1/22/2025 13:08,-11.98,0.05,0.117,0.035,0.102,0.065,-12.023,0.072,0.152,0.051,0.127,0.073,eccentric_rotor,50
1/22/2025 13:08,-11.98,0.046,0.115,0.032,0.107,0.068,-12.023,0.061,0.131,0.043,0.12,0.073,eccentric_rotor,50
1/22/2025 13:08,-11.98,0.051,0.101,0.036,0.1,0.068,-12.023,0.071,0.155,0.05,0.126,0.069,eccentric_rotor,50
1/22/2025 13:08,-11.98,0.046,0.103,0.032,0.104,0.065,-12.023,0.059,0.134,0.042,0.118,0.07,eccentric_rotor,50
1/22/2025 13:09,-11.98,0.051,0.119,0.036,0.101,0.067,-12.023,0.075,0.158,0.053,0.127,0.073,eccentric_rotor,50
1/22/2025 13:09,-11.98,0.053,0.102,0.037,0.099,0.065,-12.023,0.06,0.131,0.043,0.116,0.071,eccentric_rotor,50
1/22/2025 13:09,-11.98,0.044,0.128,0.031,0.104,0.062,-12.023,0.066,0.142,0.047,0.124,0.069,eccentric_rotor,50
1/22/2025 13:09,-11.98,0.053,0.104,0.037,0.101,0.072,-12.023,0.075,0.135,0.053,0.116,0.071,eccentric_rotor,50
1/22/2025 13:09,-11.98,0.047,0.119,0.033,0.107,0.067,-12.023,0.062,0.14,0.044,0.122,0.069,eccentric_rotor,50
1/22/2025 13:09,-11.98,0.046,0.124,0.033,0.107,0.06,-12.023,0.067,0.157,0.048,0.114,0.071,eccentric_rotor,50
1/22/2025 13:09,-11.98,0.055,0.103,0.039,0.101,0.066,-12.023,0.06,0.15,0.042,0.127,0.068,eccentric_rotor,50
1/22/2025 13:09,-11.98,0.045,0.116,0.032,0.107,0.062,-12.023,0.067,0.132,0.047,0.123,0.065,eccentric_rotor,50
1/22/2025 13:09,-11.98,0.052,0.106,0.036,0.102,0.062,-12.023,0.059,0.134,0.042,0.119,0.074,eccentric_rotor,50
1/22/2025 13:09,-11.98,0.049,0.1,0.035,0.101,0.065,-12.023,0.07,0.164,0.049,0.124,0.071,eccentric_rotor,50
1/22/2025 13:09,-11.98,0.044,0.115,0.031,0.104,0.064,-12.023,0.059,0.131,0.042,0.117,0.064,eccentric_rotor,50
1/22/2025 13:09,-11.98,0.049,0.107,0.035,0.101,0.068,-12.023,0.07,0.156,0.049,0.124,0.071,eccentric_rotor,50
1/22/2025 13:10,-11.98,0.044,0.121,0.031,0.105,0.068,-12.023,0.06,0.132,0.042,0.117,0.066,eccentric_rotor,50
1/22/2025 13:10,-11.98,0.053,0.118,0.037,0.105,0.064,-12.023,0.066,0.131,0.047,0.116,0.067,eccentric_rotor,50
1/22/2025 13:10,-11.98,0.044,0.106,0.031,0.101,0.063,-12.023,0.073,0.146,0.052,0.125,0.069,eccentric_rotor,50
1/22/2025 13:10,-11.98,0.05,0.102,0.035,0.106,0.067,-12.023,0.062,0.151,0.044,0.116,0.071,eccentric_rotor,50
1/22/2025 13:10,-11.98,0.045,0.132,0.032,0.098,0.067,-12.023,0.062,0.131,0.044,0.122,0.068,eccentric_rotor,50
1/22/2025 13:10,-11.98,0.054,0.12,0.038,0.104,0.061,-12.023,0.069,0.151,0.049,0.125,0.072,eccentric_rotor,50
1/22/2025 13:10,-11.98,0.045,0.102,0.032,0.098,0.063,-12.023,0.074,0.165,0.052,0.115,0.067,eccentric_rotor,50
1/22/2025 13:10,-11.98,0.048,0.118,0.034,0.096,0.068,-12.023,0.063,0.127,0.045,0.124,0.067,eccentric_rotor,50
1/22/2025 13:10,-11.98,0.055,0.112,0.039,0.102,0.068,-12.023,0.069,0.165,0.049,0.113,0.07,eccentric_rotor,50
1/22/2025 13:10,-11.98,0.045,0.096,0.031,0.101,0.064,-12.023,0.069,0.132,0.049,0.121,0.07,eccentric_rotor,50
1/22/2025 13:10,-11.98,0.048,0.104,0.034,0.096,0.062,-12.023,0.062,0.166,0.044,0.116,0.065,eccentric_rotor,50
1/22/2025 13:10,-11.98,0.044,0.114,0.031,0.103,0.063,-12.023,0.07,0.16,0.05,0.115,0.066,eccentric_rotor,50
1/22/2025 13:10,-11.98,0.051,0.101,0.036,0.099,0.066,-12.023,0.07,0.128,0.05,0.122,0.072,eccentric_rotor,50
1/22/2025 13:11,-11.98,0.044,0.115,0.031,0.104,0.069,-12.023,0.058,0.162,0.041,0.117,0.072,eccentric_rotor,50
1/22/2025 13:11,-11.98,0.05,0.131,0.035,0.099,0.065,-12.023,0.07,0.134,0.049,0.122,0.068,eccentric_rotor,50
1/22/2025 13:11,-11.98,0.043,0.106,0.031,0.1,0.067,-12.022,0.06,0.176,0.042,0.116,0.065,eccentric_rotor,50
1/22/2025 13:11,-11.979,0.049,0.112,0.035,0.103,0.065,-12.022,0.068,0.152,0.048,0.123,0.066,eccentric_rotor,50
1/22/2025 13:11,-11.98,0.044,0.104,0.031,0.102,0.069,-12.022,0.069,0.137,0.049,0.117,0.069,eccentric_rotor,50
1/22/2025 13:11,-11.979,0.049,0.105,0.035,0.095,0.071,-12.022,0.059,0.132,0.042,0.121,0.073,eccentric_rotor,50
1/22/2025 13:11,-11.979,0.054,0.123,0.038,0.098,0.065,-12.022,0.069,0.156,0.049,0.114,0.067,eccentric_rotor,50
1/22/2025 13:11,-11.98,0.046,0.119,0.033,0.103,0.068,-12.022,0.06,0.132,0.042,0.115,0.071,eccentric_rotor,50
1/22/2025 13:11,-11.979,0.044,0.106,0.031,0.106,0.065,-12.022,0.072,0.157,0.051,0.121,0.069,eccentric_rotor,50
1/22/2025 13:11,-11.979,0.044,0.104,0.031,0.099,0.069,-12.022,0.062,0.139,0.044,0.117,0.071,eccentric_rotor,50
1/22/2025 13:11,-11.98,0.054,0.125,0.038,0.096,0.067,-12.022,0.074,0.135,0.052,0.121,0.075,eccentric_rotor,50
1/22/2025 13:12,-11.98,0.05,0.125,0.035,0.102,0.07,-12.022,0.067,0.165,0.048,0.112,0.069,eccentric_rotor,50
1/22/2025 13:12,-11.98,0.046,0.107,0.033,0.097,0.069,-12.022,0.071,0.135,0.05,0.121,0.072,eccentric_rotor,50
1/22/2025 13:12,-11.979,0.051,0.118,0.036,0.105,0.066,-12.022,0.062,0.144,0.044,0.116,0.069,eccentric_rotor,50
1/22/2025 13:12,-11.98,0.044,0.105,0.031,0.099,0.071,-12.022,0.072,0.131,0.051,0.118,0.072,eccentric_rotor,50
1/22/2025 13:12,-11.98,0.051,0.118,0.036,0.103,0.066,-12.022,0.06,0.13,0.042,0.122,0.071,eccentric_rotor,50
1/22/2025 13:12,-11.979,0.046,0.1,0.033,0.1,0.071,-12.022,0.073,0.149,0.051,0.116,0.072,eccentric_rotor,50
1/22/2025 13:12,-11.98,0.05,0.119,0.035,0.105,0.063,-12.022,0.06,0.136,0.042,0.123,0.073,eccentric_rotor,50
1/22/2025 13:12,-11.98,0.043,0.107,0.03,0.108,0.072,-12.022,0.068,0.159,0.048,0.116,0.069,eccentric_rotor,50
1/22/2025 13:12,-11.98,0.052,0.1,0.037,0.102,0.066,-12.022,0.07,0.156,0.049,0.123,0.074,eccentric_rotor,50
1/22/2025 13:12,-11.98,0.046,0.122,0.032,0.105,0.065,-12.022,0.062,0.134,0.044,0.118,0.069,eccentric_rotor,50
1/22/2025 13:12,-11.98,0.053,0.103,0.037,0.1,0.068,-12.022,0.062,0.159,0.044,0.124,0.075,eccentric_rotor,50
1/22/2025 13:13,-11.98,0.047,0.119,0.033,0.107,0.067,-12.022,0.07,0.135,0.049,0.118,0.071,eccentric_rotor,50
1/22/2025 13:13,-11.98,0.051,0.103,0.036,0.103,0.065,-12.022,0.062,0.134,0.044,0.125,0.068,eccentric_rotor,50
1/22/2025 13:13,-11.98,0.043,0.106,0.031,0.107,0.068,-12.022,0.075,0.168,0.053,0.117,0.074,eccentric_rotor,50
1/22/2025 13:13,-11.98,0.053,0.133,0.038,0.103,0.065,-12.022,0.062,0.167,0.044,0.126,0.069,eccentric_rotor,50
1/22/2025 13:13,-11.98,0.044,0.103,0.031,0.108,0.069,-12.022,0.069,0.128,0.049,0.117,0.068,eccentric_rotor,50
1/22/2025 13:13,-11.98,0.054,0.123,0.038,0.103,0.068,-12.022,0.058,0.157,0.041,0.123,0.071,eccentric_rotor,50
1/22/2025 13:13,-11.98,0.05,0.12,0.036,0.111,0.066,-12.022,0.066,0.134,0.047,0.119,0.068,eccentric_rotor,50
1/22/2025 13:13,-11.98,0.053,0.102,0.037,0.103,0.07,-12.022,0.073,0.159,0.052,0.126,0.068,eccentric_rotor,50
1/22/2025 13:13,-11.98,0.045,0.121,0.032,0.108,0.066,-12.022,0.06,0.133,0.043,0.12,0.071,eccentric_rotor,50
1/22/2025 13:13,-11.98,0.05,0.106,0.036,0.102,0.07,-12.022,0.061,0.136,0.043,0.125,0.069,eccentric_rotor,50
1/22/2025 13:13,-11.98,0.045,0.124,0.032,0.101,0.065,-12.022,0.07,0.175,0.049,0.118,0.072,eccentric_rotor,50
1/22/2025 13:13,-11.98,0.046,0.101,0.032,0.104,0.066,-12.022,0.071,0.133,0.05,0.124,0.069,eccentric_rotor,50
1/22/2025 13:13,-11.98,0.054,0.126,0.038,0.1,0.069,-12.022,0.06,0.151,0.042,0.115,0.073,eccentric_rotor,50
1/22/2025 13:14,-11.98,0.045,0.118,0.032,0.1,0.068,-12.022,0.059,0.132,0.042,0.123,0.07,eccentric_rotor,50
1/22/2025 13:14,-11.98,0.051,0.101,0.036,0.106,0.071,-12.022,0.073,0.138,0.052,0.115,0.072,eccentric_rotor,50
1/22/2025 13:14,-11.98,0.045,0.131,0.032,0.1,0.072,-12.022,0.063,0.155,0.044,0.124,0.069,eccentric_rotor,50
1/22/2025 13:14,-11.98,0.049,0.122,0.035,0.106,0.065,-12.022,0.071,0.159,0.05,0.115,0.069,eccentric_rotor,50
1/22/2025 13:14,-11.98,0.046,0.11,0.033,0.101,0.07,-12.022,0.062,0.137,0.044,0.124,0.073,eccentric_rotor,50
1/22/2025 13:14,-11.98,0.055,0.101,0.039,0.107,0.067,-12.022,0.064,0.134,0.045,0.116,0.071,eccentric_rotor,50
1/22/2025 13:14,-11.98,0.045,0.12,0.032,0.102,0.067,-12.022,0.075,0.163,0.053,0.125,0.075,eccentric_rotor,50
1/22/2025 13:14,-11.98,0.05,0.106,0.035,0.106,0.069,-12.022,0.062,0.169,0.044,0.125,0.069,eccentric_rotor,50
1/22/2025 13:14,-11.98,0.045,0.125,0.032,0.103,0.071,-12.022,0.069,0.14,0.049,0.116,0.073,eccentric_rotor,50
1/22/2025 13:14,-11.98,0.05,0.105,0.035,0.101,0.059,-12.022,0.058,0.166,0.041,0.125,0.07,eccentric_rotor,50
1/22/2025 13:14,-11.98,0.054,0.125,0.038,0.107,0.067,-12.022,0.068,0.166,0.048,0.117,0.069,eccentric_rotor,50
1/22/2025 13:14,-11.98,0.043,0.102,0.031,0.104,0.071,-12.022,0.07,0.137,0.049,0.126,0.072,eccentric_rotor,50
1/22/2025 13:15,-11.98,0.049,0.108,0.035,0.109,0.065,-12.022,0.061,0.171,0.043,0.118,0.064,eccentric_rotor,50
1/22/2025 13:15,-11.98,0.051,0.12,0.036,0.113,0.065,-12.022,0.07,0.13,0.05,0.125,0.074,eccentric_rotor,50
1/22/2025 13:15,-11.98,0.044,0.131,0.031,0.103,0.069,-12.022,0.063,0.135,0.045,0.118,0.071,eccentric_rotor,50
1/22/2025 13:15,-11.98,0.044,0.107,0.031,0.108,0.066,-12.022,0.07,0.151,0.049,0.126,0.074,eccentric_rotor,50
1/22/2025 13:15,-11.98,0.053,0.122,0.038,0.101,0.071,-12.022,0.061,0.153,0.043,0.117,0.069,eccentric_rotor,50
1/22/2025 13:15,-11.98,0.046,0.105,0.032,0.103,0.065,-12.022,0.072,0.131,0.051,0.123,0.068,eccentric_rotor,50
1/22/2025 13:15,-11.98,0.055,0.138,0.039,0.107,0.07,-12.022,0.062,0.132,0.044,0.118,0.073,eccentric_rotor,50
1/22/2025 13:15,-11.98,0.045,0.104,0.032,0.104,0.072,-12.022,0.07,0.126,0.05,0.126,0.07,eccentric_rotor,50
1/22/2025 13:15,-11.98,0.047,0.104,0.033,0.108,0.065,-12.022,0.068,0.16,0.048,0.118,0.073,eccentric_rotor,50
1/22/2025 13:15,-11.98,0.054,0.107,0.038,0.104,0.067,-12.022,0.063,0.163,0.044,0.127,0.068,eccentric_rotor,50
1/22/2025 13:15,-11.98,0.05,0.119,0.036,0.109,0.071,-12.022,0.069,0.134,0.049,0.126,0.073,eccentric_rotor,50
1/22/2025 13:16,-11.98,0.043,0.12,0.03,0.101,0.067,-12.022,0.063,0.148,0.045,0.117,0.074,eccentric_rotor,50
1/22/2025 13:16,-11.98,0.051,0.101,0.036,0.102,0.072,-12.022,0.071,0.168,0.05,0.117,0.068,eccentric_rotor,50
1/22/2025 13:16,-11.98,0.046,0.106,0.033,0.105,0.068,-12.022,0.062,0.139,0.044,0.122,0.069,eccentric_rotor,50
1/22/2025 13:16,-11.98,0.052,0.116,0.037,0.102,0.072,-12.022,0.062,0.159,0.044,0.125,0.074,eccentric_rotor,50
1/22/2025 13:16,-11.98,0.051,0.105,0.036,0.108,0.067,-12.022,0.074,0.14,0.052,0.117,0.071,eccentric_rotor,50
1/22/2025 13:16,-11.98,0.048,0.121,0.034,0.102,0.068,-12.022,0.063,0.137,0.045,0.123,0.074,eccentric_rotor,50
1/22/2025 13:16,-11.98,0.05,0.1,0.036,0.109,0.072,-12.022,0.072,0.164,0.051,0.119,0.074,eccentric_rotor,50
1/22/2025 13:16,-11.98,0.046,0.124,0.032,0.103,0.074,-12.023,0.063,0.14,0.044,0.125,0.074,eccentric_rotor,50
1/22/2025 13:16,-11.98,0.053,0.108,0.038,0.108,0.067,-12.023,0.063,0.148,0.044,0.116,0.07,eccentric_rotor,50
1/22/2025 13:16,-11.98,0.046,0.121,0.032,0.102,0.067,-12.022,0.061,0.134,0.043,0.125,0.072,eccentric_rotor,50
1/22/2025 13:17,-11.98,0.052,0.105,0.036,0.109,0.073,-12.023,0.073,0.161,0.051,0.121,0.074,eccentric_rotor,50
1/22/2025 13:17,-11.98,0.045,0.109,0.032,0.103,0.069,-12.022,0.071,0.13,0.05,0.126,0.076,eccentric_rotor,50
1/22/2025 13:17,-11.98,0.046,0.131,0.033,0.109,0.074,-12.022,0.062,0.131,0.044,0.119,0.07,eccentric_rotor,50
1/22/2025 13:17,-11.98,0.053,0.104,0.038,0.105,0.072,-12.022,0.07,0.153,0.05,0.12,0.07,eccentric_rotor,50
1/22/2025 13:17,-11.98,0.046,0.122,0.033,0.111,0.076,-12.022,0.06,0.153,0.043,0.128,0.076,eccentric_rotor,50
1/22/2025 13:17,-11.98,0.054,0.106,0.038,0.104,0.076,-12.022,0.071,0.133,0.05,0.118,0.072,eccentric_rotor,50
1/22/2025 13:17,-11.98,0.048,0.121,0.034,0.108,0.072,-12.022,0.063,0.135,0.045,0.127,0.075,eccentric_rotor,50
1/22/2025 13:17,-11.98,0.047,0.124,0.033,0.105,0.074,-12.022,0.071,0.17,0.05,0.119,0.078,eccentric_rotor,50
1/22/2025 13:17,-11.98,0.054,0.106,0.038,0.113,0.072,-12.022,0.061,0.14,0.043,0.128,0.078,eccentric_rotor,50
1/22/2025 13:17,-11.98,0.047,0.107,0.033,0.104,0.074,-12.022,0.064,0.156,0.045,0.129,0.074,eccentric_rotor,50
1/22/2025 13:17,-11.98,0.046,0.135,0.033,0.105,0.073,-12.022,0.072,0.129,0.051,0.119,0.076,eccentric_rotor,50
1/22/2025 13:17,-11.98,0.052,0.11,0.036,0.11,0.077,-12.022,0.062,0.137,0.044,0.128,0.074,eccentric_rotor,50
1/22/2025 13:17,-11.98,0.053,0.126,0.037,0.106,0.075,-12.022,0.07,0.154,0.049,0.12,0.077,eccentric_rotor,50
1/22/2025 13:18,-11.98,0.046,0.104,0.033,0.111,0.075,-12.022,0.075,0.156,0.053,0.127,0.075,eccentric_rotor,50
1/22/2025 13:18,-11.98,0.052,0.13,0.037,0.109,0.071,-12.022,0.063,0.139,0.044,0.121,0.08,eccentric_rotor,50
1/22/2025 13:18,-11.98,0.047,0.108,0.033,0.116,0.074,-12.022,0.071,0.134,0.05,0.122,0.078,eccentric_rotor,50
1/22/2025 13:18,-11.98,0.053,0.121,0.038,0.116,0.077,-12.022,0.064,0.144,0.045,0.134,0.078,eccentric_rotor,50
1/22/2025 13:18,-11.98,0.046,0.122,0.033,0.11,0.076,-12.022,0.076,0.167,0.054,0.124,0.074,eccentric_rotor,50
1/22/2025 13:18,-11.98,0.053,0.105,0.037,0.113,0.072,-12.022,0.065,0.137,0.046,0.13,0.076,eccentric_rotor,50
1/22/2025 13:18,-11.98,0.047,0.107,0.033,0.11,0.073,-12.022,0.074,0.135,0.052,0.122,0.079,eccentric_rotor,50
1/22/2025 13:18,-11.98,0.047,0.128,0.033,0.113,0.078,-12.022,0.063,0.141,0.044,0.13,0.079,eccentric_rotor,50
1/22/2025 13:18,-11.98,0.046,0.111,0.032,0.11,0.071,-12.022,0.069,0.169,0.049,0.123,0.074,eccentric_rotor,50
1/22/2025 13:18,-11.98,0.052,0.124,0.037,0.116,0.076,-12.022,0.072,0.139,0.051,0.132,0.08,eccentric_rotor,50
1/22/2025 13:18,-11.98,0.045,0.108,0.032,0.112,0.065,-12.022,0.064,0.164,0.045,0.126,0.079,eccentric_rotor,50
1/22/2025 13:19,-11.98,0.056,0.128,0.04,0.116,0.075,-12.022,0.076,0.148,0.054,0.132,0.073,eccentric_rotor,50
1/22/2025 13:19,-11.98,0.048,0.115,0.034,0.109,0.065,-12.022,0.064,0.137,0.045,0.123,0.078,eccentric_rotor,50
1/22/2025 13:19,-11.98,0.048,0.118,0.034,0.116,0.077,-12.022,0.071,0.151,0.05,0.131,0.068,eccentric_rotor,50
1/22/2025 13:19,-11.98,0.053,0.108,0.037,0.113,0.079,-12.022,0.061,0.134,0.043,0.132,0.077,eccentric_rotor,50
1/22/2025 13:19,-11.98,0.05,0.121,0.035,0.117,0.074,-12.022,0.061,0.165,0.043,0.127,0.069,eccentric_rotor,50
1/22/2025 13:19,-11.98,0.058,0.104,0.041,0.111,0.076,-12.022,0.073,0.148,0.052,0.131,0.079,eccentric_rotor,50
1/22/2025 13:19,-11.98,0.05,0.13,0.035,0.116,0.082,-12.022,0.062,0.136,0.044,0.123,0.081,eccentric_rotor,50
1/22/2025 13:19,-11.98,0.056,0.118,0.039,0.115,0.084,-12.022,0.073,0.134,0.052,0.132,0.077,eccentric_rotor,50
1/22/2025 13:19,-11.98,0.047,0.102,0.034,0.109,0.079,-12.022,0.071,0.139,0.05,0.126,0.077,eccentric_rotor,50
1/22/2025 13:19,-11.98,0.049,0.124,0.034,0.115,0.082,-12.022,0.061,0.161,0.043,0.13,0.084,eccentric_rotor,50
1/22/2025 13:19,-11.98,0.053,0.105,0.037,0.105,0.071,-12.022,0.071,0.157,0.05,0.127,0.085,eccentric_rotor,50
1/22/2025 13:19,-11.98,0.056,0.126,0.04,0.116,0.078,-12.022,0.069,0.133,0.049,0.121,0.081,eccentric_rotor,50
1/22/2025 13:20,-11.98,0.047,0.123,0.033,0.107,0.074,-12.022,0.061,0.154,0.043,0.129,0.082,eccentric_rotor,50
1/22/2025 13:20,-11.98,0.052,0.103,0.037,0.118,0.08,-12.022,0.061,0.135,0.043,0.124,0.074,eccentric_rotor,50
1/22/2025 13:20,-11.98,0.046,0.107,0.033,0.114,0.078,-12.022,0.072,0.16,0.051,0.133,0.076,eccentric_rotor,50
1/22/2025 13:20,-11.98,0.047,0.119,0.033,0.121,0.074,-12.022,0.061,0.133,0.043,0.125,0.076,eccentric_rotor,50
1/22/2025 13:20,-11.98,0.053,0.119,0.037,0.116,0.075,-12.022,0.073,0.131,0.052,0.136,0.081,eccentric_rotor,50
1/22/2025 13:20,-11.981,0.048,0.108,0.034,0.126,0.083,-12.022,0.071,0.161,0.05,0.127,0.079,eccentric_rotor,50
1/22/2025 13:20,-11.98,0.054,0.102,0.038,0.119,0.079,-12.022,0.073,0.13,0.052,0.14,0.076,eccentric_rotor,50
1/22/2025 13:20,-11.98,0.052,0.123,0.037,0.123,0.082,-12.022,0.062,0.156,0.044,0.131,0.076,eccentric_rotor,50
1/22/2025 13:20,-11.98,0.046,0.101,0.032,0.107,0.092,-12.022,0.069,0.132,0.049,0.139,0.084,eccentric_rotor,50
1/22/2025 13:20,-11.98,0.054,0.108,0.039,0.12,0.066,-12.022,0.064,0.152,0.046,0.138,0.081,eccentric_rotor,50
1/22/2025 13:20,-11.98,0.052,0.128,0.037,0.114,0.068,-12.022,0.068,0.133,0.048,0.119,0.082,eccentric_rotor,50
1/22/2025 13:21,-11.98,0.045,0.105,0.031,0.12,0.075,-12.022,0.062,0.139,0.044,0.133,0.092,eccentric_rotor,50
1/22/2025 13:21,-11.98,0.046,0.111,0.032,0.114,0.07,-12.022,0.06,0.162,0.042,0.125,0.069,eccentric_rotor,50
1/22/2025 13:21,-11.98,0.054,0.12,0.038,0.118,0.07,-12.022,0.071,0.151,0.05,0.135,0.071,eccentric_rotor,50
1/22/2025 13:21,-11.98,0.048,0.103,0.034,0.125,0.074,-12.023,0.061,0.136,0.043,0.126,0.077,eccentric_rotor,50
1/22/2025 13:21,-11.98,0.054,0.128,0.038,0.125,0.071,-12.022,0.069,0.138,0.049,0.132,0.073,eccentric_rotor,50
1/22/2025 13:21,-11.98,0.047,0.119,0.033,0.119,0.074,-12.023,0.07,0.158,0.05,0.128,0.072,eccentric_rotor,50
1/22/2025 13:21,-11.98,0.053,0.106,0.037,0.123,0.07,-12.022,0.061,0.134,0.043,0.142,0.076,eccentric_rotor,50
1/22/2025 13:21,-11.98,0.046,0.103,0.033,0.118,0.076,-12.023,0.07,0.128,0.05,0.13,0.076,eccentric_rotor,50
1/22/2025 13:21,-11.98,0.052,0.129,0.037,0.105,0.067,-12.023,0.06,0.164,0.042,0.139,0.072,eccentric_rotor,50
1/22/2025 13:21,-11.98,0.049,0.103,0.035,0.111,0.075,-12.023,0.062,0.135,0.044,0.119,0.077,eccentric_rotor,50
1/22/2025 13:22,-11.98,0.045,0.122,0.032,0.104,0.074,-12.023,0.074,0.155,0.053,0.134,0.07,eccentric_rotor,50
1/22/2025 13:22,-11.98,0.046,0.136,0.033,0.113,0.07,-12.023,0.072,0.137,0.051,0.121,0.076,eccentric_rotor,50
1/22/2025 13:22,-11.98,0.053,0.109,0.037,0.108,0.07,-12.023,0.062,0.157,0.044,0.128,0.072,eccentric_rotor,50
1/22/2025 13:22,-11.98,0.052,0.111,0.037,0.108,0.075,-12.023,0.063,0.156,0.045,0.122,0.076,eccentric_rotor,50
1/22/2025 13:22,-11.98,0.047,0.129,0.033,0.112,0.071,-12.023,0.072,0.144,0.051,0.128,0.075,eccentric_rotor,50
1/22/2025 13:22,-11.981,0.051,0.11,0.036,0.112,0.071,-12.023,0.062,0.14,0.044,0.12,0.073,eccentric_rotor,50
1/22/2025 13:22,-11.98,0.047,0.117,0.033,0.109,0.076,-12.023,0.073,0.163,0.052,0.129,0.077,eccentric_rotor,50
1/22/2025 13:22,-11.981,0.046,0.111,0.032,0.108,0.069,-12.022,0.063,0.132,0.045,0.121,0.073,eccentric_rotor,50
1/22/2025 13:22,-11.98,0.045,0.105,0.032,0.115,0.073,-12.022,0.075,0.132,0.053,0.129,0.073,eccentric_rotor,50
1/22/2025 13:22,-11.98,0.052,0.125,0.036,0.107,0.078,-12.023,0.064,0.152,0.045,0.124,0.079,eccentric_rotor,50
1/22/2025 13:22,-11.98,0.054,0.104,0.038,0.114,0.069,-12.023,0.071,0.133,0.05,0.129,0.072,eccentric_rotor,50
1/22/2025 13:22,-11.98,0.048,0.13,0.034,0.108,0.072,-12.023,0.064,0.176,0.045,0.121,0.075,eccentric_rotor,50
1/22/2025 13:22,-11.98,0.055,0.108,0.039,0.113,0.082,-12.023,0.062,0.144,0.044,0.128,0.079,eccentric_rotor,50
1/22/2025 13:23,-11.98,0.053,0.124,0.037,0.107,0.077,-12.023,0.07,0.151,0.05,0.122,0.072,eccentric_rotor,50
1/22/2025 13:23,-11.981,0.047,0.104,0.033,0.115,0.084,-12.023,0.071,0.133,0.05,0.129,0.073,eccentric_rotor,50
1/22/2025 13:23,-11.981,0.047,0.124,0.033,0.109,0.072,-12.023,0.06,0.177,0.043,0.123,0.084,eccentric_rotor,50
1/22/2025 13:23,-11.98,0.054,0.105,0.038,0.114,0.082,-12.023,0.063,0.135,0.045,0.129,0.079,eccentric_rotor,50
1/22/2025 13:23,-11.98,0.049,0.103,0.034,0.107,0.073,-12.023,0.071,0.132,0.051,0.122,0.083,eccentric_rotor,50
1/22/2025 13:23,-11.981,0.055,0.123,0.039,0.111,0.082,-12.023,0.062,0.155,0.044,0.127,0.074,eccentric_rotor,50
1/22/2025 13:23,-11.98,0.047,0.106,0.033,0.108,0.071,-12.023,0.071,0.132,0.05,0.121,0.082,eccentric_rotor,50
1/22/2025 13:23,-11.98,0.05,0.12,0.036,0.115,0.079,-12.023,0.07,0.151,0.05,0.13,0.082,eccentric_rotor,50
1/22/2025 13:23,-11.98,0.048,0.12,0.034,0.112,0.08,-12.023,0.061,0.137,0.043,0.121,0.074,eccentric_rotor,50
1/22/2025 13:23,-11.98,0.052,0.106,0.037,0.124,0.071,-12.023,0.06,0.15,0.042,0.136,0.073,eccentric_rotor,50
1/22/2025 13:23,-11.98,0.047,0.126,0.033,0.115,0.076,-12.023,0.069,0.16,0.049,0.127,0.079,eccentric_rotor,50
1/22/2025 13:24,-11.98,0.051,0.098,0.036,0.126,0.071,-12.023,0.073,0.134,0.052,0.139,0.081,eccentric_rotor,50
1/22/2025 13:24,-11.98,0.046,0.101,0.032,0.111,0.076,-12.023,0.061,0.13,0.043,0.125,0.073,eccentric_rotor,50
1/22/2025 13:24,-11.98,0.048,0.121,0.034,0.123,0.072,-12.023,0.067,0.151,0.047,0.137,0.077,eccentric_rotor,50
1/22/2025 13:24,-11.98,0.053,0.133,0.037,0.119,0.076,-12.023,0.061,0.166,0.043,0.124,0.073,eccentric_rotor,50
1/22/2025 13:24,-11.98,0.048,0.107,0.034,0.111,0.07,-12.023,0.061,0.138,0.043,0.132,0.078,eccentric_rotor,50
1/22/2025 13:24,-11.98,0.054,0.106,0.038,0.11,0.071,-12.023,0.071,0.147,0.05,0.121,0.074,eccentric_rotor,50
1/22/2025 13:24,-11.98,0.051,0.124,0.036,0.117,0.081,-12.023,0.062,0.13,0.044,0.131,0.072,eccentric_rotor,50
1/22/2025 13:24,-11.98,0.045,0.122,0.032,0.118,0.074,-12.023,0.069,0.162,0.049,0.127,0.077,eccentric_rotor,50
1/22/2025 13:24,-11.98,0.045,0.109,0.032,0.113,0.067,-12.023,0.063,0.139,0.044,0.126,0.081,eccentric_rotor,50
1/22/2025 13:24,-11.981,0.051,0.12,0.036,0.115,0.068,-12.023,0.067,0.136,0.047,0.134,0.072,eccentric_rotor,50
1/22/2025 13:24,-11.98,0.054,0.104,0.038,0.109,0.072,-12.023,0.06,0.149,0.043,0.123,0.076,eccentric_rotor,50
1/22/2025 13:24,-11.98,0.046,0.122,0.033,0.116,0.067,-12.023,0.071,0.156,0.05,0.129,0.069,eccentric_rotor,50
1/22/2025 13:24,-11.981,0.045,0.106,0.032,0.11,0.072,-12.023,0.061,0.13,0.043,0.124,0.07,eccentric_rotor,50
1/22/2025 13:25,-11.98,0.05,0.109,0.035,0.115,0.067,-12.023,0.072,0.133,0.051,0.131,0.074,eccentric_rotor,50
1/22/2025 13:25,-11.98,0.053,0.122,0.038,0.109,0.074,-12.023,0.061,0.157,0.043,0.121,0.069,eccentric_rotor,50
1/22/2025 13:25,-11.98,0.046,0.119,0.032,0.119,0.069,-12.023,0.071,0.131,0.05,0.129,0.074,eccentric_rotor,50
1/22/2025 13:25,-11.981,0.051,0.103,0.036,0.108,0.073,-12.023,0.064,0.133,0.046,0.129,0.071,eccentric_rotor,50
1/22/2025 13:25,-11.98,0.046,0.107,0.033,0.111,0.074,-12.023,0.069,0.153,0.049,0.121,0.076,eccentric_rotor,50
1/22/2025 13:25,-11.981,0.047,0.13,0.033,0.104,0.071,-12.023,0.064,0.152,0.045,0.127,0.071,eccentric_rotor,50
1/22/2025 13:25,-11.981,0.051,0.125,0.036,0.103,0.075,-12.023,0.073,0.135,0.052,0.118,0.076,eccentric_rotor,50
1/22/2025 13:25,-11.98,0.046,0.107,0.033,0.111,0.071,-12.023,0.064,0.137,0.045,0.124,0.076,eccentric_rotor,50
1/22/2025 13:25,-11.98,0.055,0.119,0.039,0.104,0.076,-12.023,0.072,0.146,0.051,0.119,0.073,eccentric_rotor,50
1/22/2025 13:25,-11.981,0.046,0.128,0.032,0.11,0.07,-12.023,0.062,0.152,0.044,0.126,0.076,eccentric_rotor,50
1/22/2025 13:25,-11.981,0.05,0.124,0.035,0.105,0.075,-12.023,0.071,0.14,0.05,0.12,0.073,eccentric_rotor,50
1/22/2025 13:25,-11.98,0.047,0.105,0.033,0.111,0.071,-12.023,0.064,0.153,0.045,0.12,0.077,eccentric_rotor,50
1/22/2025 13:25,-11.98,0.054,0.107,0.038,0.106,0.077,-12.023,0.074,0.129,0.052,0.126,0.072,eccentric_rotor,50
1/22/2025 13:25,-11.98,0.049,0.107,0.035,0.111,0.079,-12.023,0.065,0.148,0.046,0.12,0.078,eccentric_rotor,50
1/22/2025 13:26,-11.98,0.052,0.131,0.037,0.107,0.074,-12.023,0.071,0.137,0.05,0.127,0.074,eccentric_rotor,50
1/22/2025 13:26,-11.98,0.047,0.111,0.033,0.113,0.072,-12.023,0.063,0.164,0.045,0.12,0.078,eccentric_rotor,50
1/22/2025 13:26,-11.98,0.051,0.108,0.036,0.113,0.079,-12.023,0.07,0.137,0.049,0.128,0.08,eccentric_rotor,50
1/22/2025 13:26,-11.98,0.052,0.121,0.037,0.108,0.076,-12.023,0.062,0.148,0.044,0.124,0.075,eccentric_rotor,50
1/22/2025 13:26,-11.98,0.049,0.124,0.035,0.116,0.085,-12.023,0.071,0.14,0.05,0.129,0.073,eccentric_rotor,50
1/22/2025 13:26,-11.98,0.053,0.101,0.037,0.109,0.083,-12.023,0.063,0.157,0.045,0.121,0.08,eccentric_rotor,50
1/22/2025 13:26,-11.98,0.047,0.122,0.033,0.114,0.075,-12.023,0.076,0.139,0.054,0.13,0.085,eccentric_rotor,50
1/22/2025 13:26,-11.98,0.053,0.112,0.038,0.109,0.074,-12.023,0.062,0.159,0.044,0.123,0.077,eccentric_rotor,50
1/22/2025 13:26,-11.98,0.049,0.136,0.035,0.117,0.077,-12.023,0.071,0.137,0.05,0.129,0.083,eccentric_rotor,50
1/22/2025 13:26,-11.98,0.055,0.112,0.039,0.113,0.081,-12.023,0.061,0.146,0.043,0.124,0.075,eccentric_rotor,50
1/22/2025 13:26,-11.98,0.055,0.122,0.039,0.118,0.078,-12.023,0.07,0.176,0.05,0.134,0.079,eccentric_rotor,50
1/22/2025 13:26,-11.98,0.049,0.109,0.035,0.112,0.081,-12.023,0.06,0.139,0.043,0.123,0.081,eccentric_rotor,50
1/22/2025 13:26,-11.981,0.048,0.106,0.034,0.12,0.076,-12.022,0.072,0.169,0.051,0.132,0.078,eccentric_rotor,50
1/22/2025 13:27,-11.98,0.054,0.122,0.038,0.13,0.079,-12.023,0.073,0.14,0.051,0.126,0.078,eccentric_rotor,50
1/22/2025 13:27,-11.98,0.054,0.107,0.038,0.123,0.08,-12.023,0.062,0.137,0.044,0.141,0.082,eccentric_rotor,50
1/22/2025 13:27,-11.98,0.047,0.127,0.033,0.115,0.076,-12.023,0.074,0.157,0.052,0.13,0.077,eccentric_rotor,50
1/22/2025 13:27,-11.98,0.052,0.12,0.037,0.119,0.075,-12.023,0.066,0.138,0.047,0.133,0.081,eccentric_rotor,50
1/22/2025 13:27,-11.98,0.047,0.107,0.033,0.113,0.081,-12.023,0.071,0.17,0.05,0.125,0.08,eccentric_rotor,50
1/22/2025 13:27,-11.98,0.056,0.108,0.039,0.122,0.076,-12.022,0.062,0.136,0.044,0.137,0.078,eccentric_rotor,50
1/22/2025 13:27,-11.98,0.047,0.132,0.034,0.118,0.081,-12.023,0.073,0.136,0.052,0.128,0.077,eccentric_rotor,50
1/22/2025 13:27,-11.98,0.054,0.128,0.039,0.123,0.075,-12.023,0.064,0.159,0.046,0.135,0.081,eccentric_rotor,50
1/22/2025 13:27,-11.98,0.046,0.112,0.033,0.116,0.081,-12.023,0.076,0.141,0.053,0.128,0.078,eccentric_rotor,50
1/22/2025 13:27,-11.98,0.053,0.105,0.038,0.116,0.075,-12.023,0.064,0.183,0.045,0.134,0.083,eccentric_rotor,50
1/22/2025 13:27,-11.981,0.05,0.142,0.036,0.121,0.078,-12.023,0.063,0.14,0.044,0.127,0.077,eccentric_rotor,50
1/22/2025 13:28,-11.981,0.055,0.111,0.039,0.121,0.082,-12.023,0.074,0.18,0.052,0.137,0.081,eccentric_rotor,50
1/22/2025 13:28,-11.98,0.049,0.13,0.035,0.114,0.083,-12.023,0.061,0.134,0.043,0.128,0.077,eccentric_rotor,50
1/22/2025 13:28,-11.981,0.048,0.108,0.034,0.122,0.079,-12.023,0.074,0.178,0.052,0.126,0.079,eccentric_rotor,50
1/22/2025 13:28,-11.98,0.054,0.105,0.038,0.115,0.06,-12.023,0.064,0.168,0.045,0.135,0.082,eccentric_rotor,50
1/22/2025 13:28,-11.98,0.048,0.123,0.034,0.123,0.081,-12.023,0.075,0.139,0.053,0.129,0.08,eccentric_rotor,50
1/22/2025 13:28,-11.98,0.056,0.11,0.04,0.115,0.077,-12.023,0.061,0.158,0.043,0.136,0.084,eccentric_rotor,50
1/22/2025 13:28,-11.981,0.049,0.127,0.034,0.121,0.078,-12.023,0.074,0.146,0.052,0.127,0.064,eccentric_rotor,50
1/22/2025 13:28,-11.98,0.05,0.114,0.035,0.117,0.08,-12.023,0.064,0.139,0.045,0.135,0.081,eccentric_rotor,50
1/22/2025 13:28,-11.981,0.058,0.107,0.041,0.122,0.082,-12.023,0.071,0.157,0.05,0.127,0.078,eccentric_rotor,50
1/22/2025 13:28,-11.98,0.049,0.129,0.035,0.118,0.078,-12.023,0.066,0.156,0.047,0.136,0.082,eccentric_rotor,50
1/22/2025 13:28,-11.981,0.049,0.11,0.034,0.125,0.08,-12.023,0.071,0.162,0.05,0.128,0.079,eccentric_rotor,50
1/22/2025 13:28,-11.981,0.054,0.133,0.038,0.119,0.077,-12.023,0.065,0.144,0.046,0.138,0.082,eccentric_rotor,50
1/22/2025 13:29,-11.98,0.061,0.133,0.043,0.116,0.082,-12.023,0.072,0.137,0.051,0.129,0.079,eccentric_rotor,50
1/22/2025 13:29,-11.98,0.048,0.108,0.034,0.125,0.077,-12.023,0.06,0.155,0.043,0.137,0.082,eccentric_rotor,50
1/22/2025 13:29,-11.981,0.053,0.11,0.038,0.127,0.077,-12.023,0.071,0.137,0.05,0.127,0.078,eccentric_rotor,50
1/22/2025 13:29,-11.981,0.049,0.125,0.034,0.118,0.083,-12.023,0.064,0.166,0.045,0.138,0.083,eccentric_rotor,50
1/22/2025 13:29,-11.981,0.056,0.122,0.039,0.122,0.075,-12.023,0.063,0.138,0.044,0.128,0.079,eccentric_rotor,50
1/22/2025 13:29,-11.981,0.048,0.107,0.034,0.12,0.116,-12.023,0.07,0.143,0.05,0.137,0.084,eccentric_rotor,50
1/22/2025 13:29,-11.981,0.054,0.126,0.038,0.124,0.084,-12.024,0.074,0.157,0.052,0.13,0.078,eccentric_rotor,50
1/22/2025 13:29,-11.981,0.053,0.121,0.037,0.118,0.078,-12.024,0.062,0.137,0.044,0.137,0.077,eccentric_rotor,50
1/22/2025 13:29,-11.981,0.05,0.112,0.035,0.124,0.08,-12.024,0.068,0.128,0.048,0.128,0.11,eccentric_rotor,50
1/22/2025 13:29,-11.981,0.053,0.11,0.038,0.117,0.078,-12.024,0.066,0.172,0.047,0.136,0.085,eccentric_rotor,50
1/22/2025 13:29,-11.981,0.048,0.121,0.034,0.123,0.082,-12.024,0.073,0.133,0.052,0.13,0.078,eccentric_rotor,50
1/22/2025 13:29,-11.981,0.053,0.112,0.037,0.119,0.079,-12.024,0.064,0.138,0.045,0.129,0.08,eccentric_rotor,50
1/22/2025 13:30,-11.981,0.049,0.126,0.035,0.12,0.084,-12.024,0.073,0.153,0.052,0.136,0.082,eccentric_rotor,50
1/22/2025 13:30,-11.981,0.048,0.127,0.034,0.199,0.082,-12.024,0.073,0.139,0.051,0.195,0.08,eccentric_rotor,50
1/22/2025 13:30,-11.981,0.055,0.109,0.039,0.125,0.078,-12.023,0.063,0.161,0.044,0.138,0.084,eccentric_rotor,50
1/22/2025 13:30,-11.981,0.049,0.119,0.035,0.12,0.082,-12.024,0.07,0.163,0.05,0.131,0.082,eccentric_rotor,50
1/22/2025 13:30,-11.981,0.048,0.111,0.034,0.118,0.077,-12.023,0.064,0.141,0.045,0.139,0.079,eccentric_rotor,50
1/22/2025 13:30,-11.981,0.055,0.123,0.039,0.124,0.088,-12.023,0.073,0.134,0.051,0.127,0.078,eccentric_rotor,50
1/22/2025 13:30,-11.981,0.049,0.111,0.035,0.119,0.078,-12.023,0.062,0.161,0.044,0.138,0.082,eccentric_rotor,50
1/22/2025 13:30,-11.981,0.05,0.11,0.035,0.124,0.078,-12.023,0.075,0.142,0.053,0.127,0.087,eccentric_rotor,50
1/22/2025 13:30,-11.981,0.056,0.133,0.04,0.124,0.077,-12.023,0.075,0.141,0.053,0.13,0.078,eccentric_rotor,50
1/22/2025 13:30,-11.981,0.054,0.11,0.038,0.116,0.087,-12.023,0.063,0.164,0.045,0.138,0.079,eccentric_rotor,50
1/22/2025 13:30,-11.981,0.049,0.133,0.035,0.122,0.081,-12.023,0.066,0.169,0.047,0.138,0.079,eccentric_rotor,50
1/22/2025 13:31,-11.981,0.048,0.11,0.034,0.118,0.082,-12.024,0.075,0.146,0.053,0.128,0.086,eccentric_rotor,50
1/22/2025 13:31,-11.981,0.053,0.113,0.038,0.128,0.087,-12.024,0.066,0.177,0.046,0.135,0.082,eccentric_rotor,50
1/22/2025 13:31,-11.981,0.046,0.13,0.033,0.126,0.094,-12.023,0.073,0.137,0.052,0.13,0.081,eccentric_rotor,50
1/22/2025 13:31,-11.981,0.054,0.128,0.038,0.121,0.079,-12.024,0.062,0.146,0.044,0.14,0.092,eccentric_rotor,50
1/22/2025 13:31,-11.981,0.049,0.114,0.035,0.127,0.083,-12.024,0.072,0.164,0.051,0.131,0.08,eccentric_rotor,50
1/22/2025 13:31,-11.981,0.056,0.111,0.04,0.122,0.068,-12.023,0.073,0.164,0.051,0.137,0.082,eccentric_rotor,50
1/22/2025 13:31,-11.981,0.052,0.128,0.036,0.118,0.085,-12.023,0.063,0.139,0.045,0.134,0.07,eccentric_rotor,50
1/22/2025 13:31,-11.981,0.055,0.126,0.039,0.136,0.085,-12.023,0.072,0.146,0.051,0.138,0.085,eccentric_rotor,50
1/22/2025 13:31,-11.981,0.057,0.112,0.04,0.12,0.08,-12.023,0.064,0.166,0.045,0.138,0.084,eccentric_rotor,50
1/22/2025 13:31,-11.981,0.051,0.135,0.036,0.123,0.079,-12.023,0.077,0.16,0.054,0.132,0.08,eccentric_rotor,50
1/22/2025 13:31,-11.981,0.049,0.117,0.035,0.117,0.088,-12.023,0.066,0.138,0.046,0.132,0.079,eccentric_rotor,50
1/22/2025 13:31,-11.981,0.057,0.107,0.04,0.127,0.084,-12.023,0.066,0.167,0.047,0.145,0.088,eccentric_rotor,50
1/22/2025 13:32,-11.981,0.046,0.136,0.032,0.127,0.076,-12.023,0.076,0.142,0.054,0.131,0.084,eccentric_rotor,50
1/22/2025 13:32,-11.981,0.056,0.124,0.039,0.12,0.086,-12.023,0.065,0.144,0.046,0.137,0.078,eccentric_rotor,50
1/22/2025 13:32,-11.981,0.049,0.109,0.035,0.119,0.059,-12.023,0.074,0.169,0.052,0.13,0.086,eccentric_rotor,50
1/22/2025 13:32,-11.981,0.053,0.111,0.037,0.125,0.086,-12.023,0.064,0.164,0.046,0.132,0.064,eccentric_rotor,50
1/22/2025 13:32,-11.981,0.05,0.113,0.035,0.128,0.084,-12.023,0.075,0.156,0.053,0.139,0.085,eccentric_rotor,50
1/22/2025 13:32,-11.981,0.05,0.131,0.036,0.117,0.077,-12.023,0.064,0.139,0.045,0.139,0.083,eccentric_rotor,50
1/22/2025 13:32,-11.981,0.058,0.111,0.041,0.13,0.077,-12.023,0.074,0.14,0.052,0.131,0.078,eccentric_rotor,50
1/22/2025 13:32,-11.981,0.05,0.128,0.036,0.151,0.085,-12.023,0.067,0.158,0.047,0.13,0.079,eccentric_rotor,50
1/22/2025 13:32,-11.981,0.056,0.113,0.039,0.118,0.082,-12.023,0.075,0.145,0.053,0.143,0.085,eccentric_rotor,50
1/22/2025 13:32,-11.981,0.05,0.133,0.035,0.117,0.079,-12.023,0.064,0.173,0.045,0.127,0.083,eccentric_rotor,50
1/22/2025 13:32,-11.981,0.056,0.113,0.04,0.118,0.08,-12.023,0.065,0.144,0.046,0.139,0.079,eccentric_rotor,50
1/22/2025 13:33,-11.981,0.055,0.123,0.039,0.128,0.089,-12.023,0.077,0.171,0.055,0.129,0.079,eccentric_rotor,50
1/22/2025 13:33,-11.981,0.05,0.113,0.035,0.12,0.081,-12.023,0.064,0.17,0.045,0.157,0.088,eccentric_rotor,50
1/22/2025 13:33,-11.981,0.05,0.138,0.035,0.119,0.08,-12.023,0.075,0.141,0.053,0.13,0.081,eccentric_rotor,50
1/22/2025 13:33,-11.981,0.055,0.11,0.039,0.13,0.085,-12.023,0.062,0.164,0.044,0.139,0.08,eccentric_rotor,50
1/22/2025 13:33,-11.981,0.051,0.128,0.036,0.123,0.083,-12.023,0.076,0.164,0.053,0.129,0.084,eccentric_rotor,50
1/22/2025 13:33,-11.981,0.057,0.11,0.04,0.121,0.081,-12.023,0.066,0.147,0.046,0.141,0.083,eccentric_rotor,50
1/22/2025 13:33,-11.981,0.05,0.124,0.035,0.128,0.08,-12.023,0.065,0.144,0.046,0.13,0.081,eccentric_rotor,50
1/22/2025 13:33,-11.981,0.057,0.127,0.04,0.126,0.091,-12.023,0.074,0.156,0.053,0.138,0.08,eccentric_rotor,50
1/22/2025 13:33,-11.981,0.05,0.107,0.036,0.12,0.085,-12.023,0.074,0.166,0.053,0.129,0.09,eccentric_rotor,50
1/22/2025 13:33,-11.981,0.058,0.11,0.041,0.122,0.079,-12.023,0.067,0.135,0.047,0.14,0.085,eccentric_rotor,50
1/22/2025 13:33,-11.981,0.05,0.132,0.035,0.128,0.074,-12.023,0.066,0.146,0.046,0.14,0.081,eccentric_rotor,50
1/22/2025 13:33,-11.981,0.058,0.111,0.041,0.134,0.092,-12.023,0.074,0.164,0.052,0.134,0.075,eccentric_rotor,50
1/22/2025 13:33,-11.981,0.049,0.13,0.035,0.121,0.087,-12.023,0.067,0.139,0.047,0.139,0.09,eccentric_rotor,50
1/22/2025 13:33,-11.981,0.055,0.115,0.039,0.126,0.078,-12.023,0.065,0.166,0.046,0.142,0.087,eccentric_rotor,50
1/22/2025 13:34,-11.981,0.057,0.114,0.04,0.12,0.088,-12.023,0.076,0.146,0.054,0.131,0.079,eccentric_rotor,50
1/22/2025 13:34,-11.981,0.051,0.111,0.036,0.13,0.074,-12.023,0.067,0.154,0.047,0.133,0.088,eccentric_rotor,50
1/22/2025 13:34,-11.981,0.055,0.136,0.039,0.133,0.083,-12.023,0.074,0.172,0.052,0.144,0.076,eccentric_rotor,50
1/22/2025 13:34,-11.981,0.051,0.112,0.036,0.13,0.083,-12.023,0.066,0.146,0.046,0.142,0.083,eccentric_rotor,50
1/22/2025 13:34,-11.981,0.055,0.126,0.039,0.122,0.075,-12.023,0.073,0.141,0.051,0.133,0.078,eccentric_rotor,50
1/22/2025 13:34,-11.981,0.051,0.125,0.036,0.131,0.08,-12.023,0.066,0.14,0.046,0.14,0.082,eccentric_rotor,50
1/22/2025 13:34,-11.981,0.058,0.112,0.041,0.116,0.082,-12.023,0.077,0.162,0.055,0.134,0.077,eccentric_rotor,50
1/22/2025 13:34,-11.981,0.051,0.114,0.036,0.125,0.076,-12.023,0.065,0.168,0.046,0.142,0.081,eccentric_rotor,50
1/22/2025 13:34,-11.981,0.058,0.127,0.041,0.118,0.076,-12.023,0.065,0.144,0.046,0.134,0.083,eccentric_rotor,50
1/22/2025 13:34,-11.981,0.051,0.127,0.036,0.124,0.08,-12.023,0.075,0.164,0.053,0.143,0.076,eccentric_rotor,50
1/22/2025 13:34,-11.981,0.058,0.11,0.041,0.116,0.083,-12.023,0.067,0.166,0.047,0.136,0.082,eccentric_rotor,50
1/22/2025 13:35,-11.98,0.051,0.128,0.036,0.124,0.086,-12.023,0.077,0.143,0.054,0.14,0.08,eccentric_rotor,50
1/22/2025 13:35,-11.981,0.057,0.113,0.04,0.112,0.084,-12.024,0.076,0.165,0.054,0.132,0.083,eccentric_rotor,50
1/22/2025 13:35,-11.98,0.058,0.112,0.041,0.123,0.078,-12.023,0.076,0.142,0.053,0.137,0.086,eccentric_rotor,50
1/22/2025 13:35,-11.98,0.05,0.12,0.035,0.121,0.082,-12.023,0.066,0.156,0.046,0.132,0.084,eccentric_rotor,50
1/22/2025 13:35,-11.981,0.057,0.11,0.04,0.129,0.085,-12.023,0.064,0.139,0.045,0.13,0.078,eccentric_rotor,50
1/22/2025 13:35,-11.98,0.056,0.108,0.04,0.121,0.079,-12.023,0.076,0.152,0.054,0.138,0.082,eccentric_rotor,50
1/22/2025 13:35,-11.981,0.052,0.125,0.037,0.127,0.086,-12.023,0.073,0.144,0.051,0.13,0.086,eccentric_rotor,50
1/22/2025 13:35,-11.981,0.055,0.132,0.039,0.12,0.08,-12.023,0.065,0.159,0.046,0.137,0.08,eccentric_rotor,50
1/22/2025 13:35,-11.981,0.058,0.11,0.041,0.129,0.088,-12.023,0.074,0.174,0.052,0.13,0.086,eccentric_rotor,50
1/22/2025 13:35,-11.981,0.051,0.125,0.036,0.124,0.084,-12.023,0.065,0.143,0.046,0.128,0.081,eccentric_rotor,50
1/22/2025 13:35,-11.981,0.05,0.12,0.035,0.122,0.081,-12.023,0.073,0.164,0.052,0.139,0.087,eccentric_rotor,50
1/22/2025 13:36,-11.981,0.057,0.108,0.041,0.129,0.074,-12.023,0.064,0.132,0.045,0.142,0.082,eccentric_rotor,50
1/22/2025 13:36,-11.981,0.058,0.121,0.041,0.122,0.083,-12.023,0.074,0.151,0.052,0.141,0.084,eccentric_rotor,50
1/22/2025 13:36,-11.981,0.05,0.113,0.036,0.129,0.074,-12.023,0.065,0.143,0.046,0.134,0.076,eccentric_rotor,50
1/22/2025 13:36,-11.981,0.056,0.11,0.04,0.122,0.085,-12.023,0.071,0.143,0.051,0.141,0.084,eccentric_rotor,50
1/22/2025 13:36,-11.981,0.052,0.124,0.037,0.125,0.084,-12.023,0.066,0.155,0.046,0.131,0.08,eccentric_rotor,50
1/22/2025 13:36,-11.981,0.05,0.108,0.035,0.116,0.069,-12.023,0.074,0.138,0.052,0.136,0.084,eccentric_rotor,50
1/22/2025 13:36,-11.981,0.057,0.126,0.04,0.125,0.086,-12.023,0.064,0.173,0.045,0.143,0.075,eccentric_rotor,50
1/22/2025 13:36,-11.98,0.05,0.111,0.035,0.116,0.07,-12.023,0.072,0.159,0.051,0.136,0.083,eccentric_rotor,50
1/22/2025 13:36,-11.981,0.056,0.126,0.04,0.125,0.08,-12.023,0.065,0.146,0.046,0.144,0.071,eccentric_rotor,50
1/22/2025 13:36,-11.981,0.057,0.11,0.04,0.126,0.084,-12.023,0.072,0.138,0.051,0.136,0.085,eccentric_rotor,50
1/22/2025 13:37,-11.981,0.05,0.125,0.036,0.114,0.076,-12.024,0.073,0.149,0.052,0.144,0.072,eccentric_rotor,50
1/22/2025 13:37,-11.981,0.049,0.113,0.035,0.118,0.086,-12.023,0.064,0.15,0.045,0.136,0.08,eccentric_rotor,50
1/22/2025 13:37,-11.981,0.056,0.124,0.04,0.126,0.077,-12.023,0.066,0.141,0.046,0.143,0.084,eccentric_rotor,50
1/22/2025 13:37,-11.981,0.052,0.112,0.037,0.119,0.084,-12.023,0.071,0.141,0.051,0.132,0.078,eccentric_rotor,50
1/22/2025 13:37,-11.981,0.058,0.126,0.041,0.126,0.076,-12.023,0.064,0.154,0.046,0.133,0.085,eccentric_rotor,50
1/22/2025 13:37,-11.981,0.058,0.112,0.041,0.118,0.074,-12.023,0.075,0.143,0.053,0.141,0.077,eccentric_rotor,50
1/22/2025 13:37,-11.981,0.053,0.115,0.037,0.128,0.084,-12.023,0.075,0.156,0.053,0.14,0.084,eccentric_rotor,50
1/22/2025 13:37,-11.981,0.057,0.129,0.041,0.118,0.077,-12.023,0.065,0.16,0.046,0.13,0.077,eccentric_rotor,50
1/22/2025 13:37,-11.981,0.05,0.122,0.035,0.125,0.086,-12.023,0.074,0.143,0.052,0.136,0.084,eccentric_rotor,50
1/22/2025 13:37,-11.981,0.051,0.113,0.036,0.122,0.078,-12.023,0.076,0.143,0.054,0.126,0.075,eccentric_rotor,50
1/22/2025 13:37,-11.981,0.057,0.112,0.04,0.116,0.075,-12.023,0.063,0.168,0.045,0.131,0.076,eccentric_rotor,50
1/22/2025 13:38,-11.981,0.059,0.113,0.042,0.116,0.085,-12.023,0.064,0.154,0.045,0.139,0.086,eccentric_rotor,50
1/22/2025 13:38,-11.981,0.05,0.131,0.035,0.126,0.079,-12.023,0.076,0.137,0.054,0.131,0.078,eccentric_rotor,50
1/22/2025 13:38,-11.981,0.052,0.131,0.037,0.118,0.087,-12.023,0.065,0.137,0.046,0.14,0.076,eccentric_rotor,50
1/22/2025 13:38,-11.981,0.058,0.111,0.041,0.128,0.081,-12.023,0.073,0.157,0.051,0.139,0.083,eccentric_rotor,50
1/22/2025 13:38,-11.981,0.057,0.111,0.04,0.119,0.088,-12.023,0.072,0.153,0.051,0.132,0.08,eccentric_rotor,50
1/22/2025 13:38,-11.981,0.049,0.131,0.035,0.126,0.077,-12.023,0.066,0.142,0.047,0.133,0.086,eccentric_rotor,50
1/22/2025 13:38,-11.981,0.057,0.126,0.041,0.126,0.087,-12.023,0.073,0.155,0.051,0.14,0.081,eccentric_rotor,50
1/22/2025 13:38,-11.981,0.051,0.114,0.036,0.12,0.076,-12.023,0.063,0.139,0.044,0.138,0.086,eccentric_rotor,50
1/22/2025 13:38,-11.981,0.059,0.123,0.041,0.122,0.078,-12.023,0.064,0.139,0.046,0.131,0.077,eccentric_rotor,50
1/22/2025 13:38,-11.981,0.054,0.109,0.038,0.132,0.089,-12.023,0.073,0.156,0.051,0.138,0.085,eccentric_rotor,50
1/22/2025 13:38,-11.981,0.062,0.115,0.044,0.123,0.093,-12.023,0.064,0.164,0.046,0.131,0.077,eccentric_rotor,50
1/22/2025 13:38,-11.981,0.052,0.134,0.037,0.129,0.082,-12.023,0.073,0.136,0.051,0.129,0.078,eccentric_rotor,50
1/22/2025 13:39,-11.981,0.057,0.117,0.04,0.127,0.117,-12.023,0.066,0.149,0.047,0.143,0.087,eccentric_rotor,50
1/22/2025 13:39,-11.981,0.051,0.128,0.036,0.123,0.08,-12.023,0.075,0.137,0.053,0.14,0.091,eccentric_rotor,50
1/22/2025 13:39,-11.981,0.056,0.132,0.039,0.118,0.079,-12.023,0.064,0.146,0.045,0.132,0.082,eccentric_rotor,50
1/22/2025 13:39,-11.981,0.053,0.113,0.037,0.126,0.084,-12.023,0.073,0.164,0.052,0.142,0.11,eccentric_rotor,50
1/22/2025 13:39,-11.981,0.058,0.123,0.041,0.121,0.077,-12.023,0.074,0.155,0.053,0.133,0.081,eccentric_rotor,50
1/22/2025 13:39,-11.981,0.049,0.112,0.035,0.124,0.093,-12.023,0.065,0.141,0.046,0.134,0.08,eccentric_rotor,50
1/22/2025 13:39,-11.981,0.052,0.111,0.037,0.133,0.082,-12.023,0.075,0.164,0.053,0.147,0.084,eccentric_rotor,50
1/22/2025 13:39,-11.981,0.058,0.125,0.041,0.15,0.076,-12.023,0.066,0.146,0.047,0.135,0.077,eccentric_rotor,50
1/22/2025 13:39,-11.981,0.056,0.123,0.039,0.122,0.08,-12.023,0.079,0.159,0.056,0.145,0.091,eccentric_rotor,50
1/22/2025 13:39,-11.981,0.052,0.11,0.037,0.126,0.086,-12.023,0.065,0.14,0.046,0.139,0.078,eccentric_rotor,50
1/22/2025 13:39,-11.981,0.057,0.133,0.04,0.12,0.078,-12.023,0.073,0.138,0.051,0.138,0.081,eccentric_rotor,50
1/22/2025 13:39,-11.981,0.052,0.113,0.037,0.119,0.083,-12.024,0.075,0.16,0.053,0.132,0.08,eccentric_rotor,50
1/22/2025 13:39,-11.981,0.051,0.115,0.036,0.136,0.087,-12.024,0.065,0.164,0.046,0.135,0.085,eccentric_rotor,50
1/22/2025 13:40,-11.981,0.059,0.126,0.042,0.122,0.079,-12.024,0.075,0.162,0.053,0.14,0.079,eccentric_rotor,50
1/22/2025 13:40,-11.981,0.053,0.127,0.037,0.117,0.086,-12.023,0.066,0.139,0.047,0.135,0.082,eccentric_rotor,50
1/22/2025 13:40,-11.981,0.058,0.114,0.041,0.121,0.081,-12.023,0.077,0.157,0.054,0.148,0.079,eccentric_rotor,50
1/22/2025 13:40,-11.981,0.051,0.116,0.036,0.128,0.09,-12.024,0.066,0.144,0.047,0.158,0.086,eccentric_rotor,50
1/22/2025 13:40,-11.981,0.052,0.129,0.037,0.125,0.081,-12.024,0.075,0.152,0.053,0.137,0.085,eccentric_rotor,50
1/22/2025 13:40,-11.981,0.058,0.113,0.041,0.118,0.08,-12.023,0.066,0.144,0.047,0.14,0.08,eccentric_rotor,50
1/22/2025 13:40,-11.981,0.051,0.115,0.036,0.13,0.09,-12.024,0.065,0.155,0.046,0.134,0.089,eccentric_rotor,50
1/22/2025 13:40,-11.981,0.058,0.13,0.041,0.121,0.075,-12.023,0.077,0.149,0.054,0.133,0.082,eccentric_rotor,50
1/22/2025 13:40,-11.981,0.057,0.115,0.04,0.12,0.087,-12.023,0.075,0.135,0.053,0.149,0.08,eccentric_rotor,50
1/22/2025 13:40,-11.981,0.051,0.116,0.036,0.129,0.083,-12.023,0.065,0.164,0.046,0.135,0.088,eccentric_rotor,50
1/22/2025 13:40,-11.981,0.057,0.136,0.04,0.119,0.081,-12.023,0.074,0.146,0.052,0.131,0.076,eccentric_rotor,50
1/22/2025 13:40,-11.981,0.051,0.114,0.036,0.13,0.086,-12.023,0.067,0.153,0.047,0.134,0.086,eccentric_rotor,50
1/22/2025 13:41,-11.981,0.059,0.131,0.042,0.124,0.077,-12.023,0.075,0.147,0.053,0.142,0.082,eccentric_rotor,50
1/22/2025 13:41,-11.981,0.051,0.114,0.036,0.12,0.087,-12.023,0.077,0.157,0.055,0.134,0.081,eccentric_rotor,50
1/22/2025 13:41,-11.981,0.059,0.13,0.042,0.14,0.087,-12.023,0.065,0.16,0.046,0.139,0.086,eccentric_rotor,50
1/22/2025 13:41,-11.981,0.053,0.117,0.037,0.121,0.084,-12.023,0.077,0.142,0.054,0.143,0.078,eccentric_rotor,50
1/22/2025 13:41,-11.981,0.058,0.127,0.041,0.13,0.091,-12.023,0.065,0.168,0.046,0.134,0.086,eccentric_rotor,50
1/22/2025 13:41,-11.981,0.055,0.111,0.039,0.125,0.085,-12.023,0.073,0.142,0.051,0.141,0.087,eccentric_rotor,50
1/22/2025 13:41,-11.981,0.058,0.126,0.041,0.129,0.083,-12.023,0.064,0.16,0.046,0.134,0.084,eccentric_rotor,50
1/22/2025 13:41,-11.981,0.053,0.112,0.037,0.125,0.091,-12.023,0.067,0.154,0.047,0.135,0.09,eccentric_rotor,50
1/22/2025 13:41,-11.981,0.06,0.114,0.043,0.129,0.087,-12.023,0.075,0.142,0.053,0.145,0.085,eccentric_rotor,50
1/22/2025 13:41,-11.981,0.061,0.126,0.043,0.121,0.091,-12.023,0.076,0.133,0.054,0.139,0.083,eccentric_rotor,50
1/22/2025 13:41,-11.981,0.052,0.114,0.037,0.124,0.084,-12.023,0.065,0.153,0.046,0.132,0.09,eccentric_rotor,50
1/22/2025 13:41,-11.981,0.057,0.114,0.041,0.13,0.085,-12.023,0.075,0.159,0.053,0.148,0.086,eccentric_rotor,50
1/22/2025 13:42,-11.981,0.058,0.132,0.041,0.13,0.088,-12.023,0.072,0.142,0.051,0.133,0.09,eccentric_rotor,50
1/22/2025 13:42,-11.981,0.049,0.114,0.035,0.127,0.082,-12.023,0.065,0.154,0.046,0.145,0.084,eccentric_rotor,50
1/22/2025 13:42,-11.981,0.058,0.111,0.041,0.134,0.089,-12.023,0.065,0.16,0.046,0.137,0.083,eccentric_rotor,50
1/22/2025 13:42,-11.981,0.054,0.132,0.038,0.128,0.084,-12.023,0.073,0.139,0.051,0.144,0.087,eccentric_rotor,50
1/22/2025 13:42,-11.981,0.06,0.113,0.042,0.125,0.084,-12.023,0.065,0.14,0.046,0.137,0.082,eccentric_rotor,50
1/22/2025 13:42,-11.981,0.052,0.127,0.037,0.137,0.088,-12.023,0.066,0.164,0.047,0.144,0.085,eccentric_rotor,50
1/22/2025 13:42,-11.981,0.059,0.116,0.042,0.13,0.085,-12.023,0.073,0.156,0.052,0.134,0.088,eccentric_rotor,50
1/22/2025 13:42,-11.981,0.059,0.135,0.042,0.136,0.088,-12.023,0.063,0.137,0.045,0.137,0.084,eccentric_rotor,50
1/22/2025 13:42,-11.981,0.052,0.13,0.037,0.125,0.089,-12.023,0.073,0.159,0.052,0.145,0.084,eccentric_rotor,50
1/22/2025 13:42,-11.981,0.059,0.117,0.042,0.134,0.084,-12.023,0.074,0.14,0.052,0.145,0.088,eccentric_rotor,50
1/22/2025 13:42,-11.981,0.052,0.114,0.037,0.127,0.084,-12.023,0.063,0.16,0.045,0.148,0.084,eccentric_rotor,50
1/22/2025 13:42,-11.981,0.057,0.127,0.04,0.124,0.087,-12.023,0.065,0.141,0.046,0.14,0.086,eccentric_rotor,50
1/22/2025 13:43,-11.981,0.052,0.123,0.037,0.127,0.082,-12.024,0.064,0.138,0.045,0.14,0.089,eccentric_rotor,50
1/22/2025 13:43,-11.981,0.06,0.115,0.042,0.131,0.085,-12.024,0.075,0.138,0.053,0.149,0.084,eccentric_rotor,50
1/22/2025 13:43,-11.981,0.052,0.127,0.036,0.126,0.082,-12.023,0.063,0.155,0.044,0.149,0.087,eccentric_rotor,50
1/22/2025 13:43,-11.981,0.052,0.113,0.037,0.127,0.085,-12.023,0.075,0.142,0.053,0.149,0.084,eccentric_rotor,50
1/22/2025 13:43,-11.981,0.059,0.117,0.042,0.132,0.08,-12.023,0.064,0.164,0.045,0.139,0.083,eccentric_rotor,50
1/22/2025 13:43,-11.981,0.052,0.126,0.037,0.126,0.084,-12.024,0.073,0.139,0.052,0.151,0.082,eccentric_rotor,50
1/22/2025 13:43,-11.981,0.051,0.115,0.036,0.133,0.083,-12.024,0.072,0.158,0.051,0.14,0.084,eccentric_rotor,50
1/22/2025 13:43,-11.981,0.057,0.13,0.04,0.127,0.083,-12.024,0.062,0.143,0.044,0.136,0.082,eccentric_rotor,50
1/22/2025 13:43,-11.982,0.056,0.111,0.04,0.131,0.08,-12.024,0.064,0.156,0.045,0.143,0.084,eccentric_rotor,50
1/22/2025 13:43,-11.981,0.053,0.112,0.037,0.126,0.085,-12.024,0.066,0.135,0.047,0.145,0.08,eccentric_rotor,50
1/22/2025 13:44,-11.981,0.058,0.121,0.041,0.13,0.08,-12.024,0.064,0.136,0.045,0.139,0.084,eccentric_rotor,50
1/22/2025 13:44,-11.981,0.051,0.116,0.036,0.123,0.083,-12.024,0.074,0.151,0.052,0.14,0.083,eccentric_rotor,50
1/22/2025 13:44,-11.981,0.051,0.127,0.036,0.129,0.084,-12.024,0.072,0.137,0.051,0.147,0.081,eccentric_rotor,50
1/22/2025 13:44,-11.981,0.059,0.122,0.041,0.127,0.082,-12.024,0.065,0.141,0.046,0.139,0.083,eccentric_rotor,50
1/22/2025 13:44,-11.981,0.057,0.109,0.04,0.123,0.077,-12.024,0.061,0.153,0.043,0.147,0.081,eccentric_rotor,50
1/22/2025 13:44,-11.981,0.051,0.129,0.036,0.128,0.078,-12.024,0.075,0.138,0.053,0.139,0.085,eccentric_rotor,50
1/22/2025 13:44,-11.981,0.051,0.113,0.036,0.121,0.083,-12.024,0.074,0.158,0.053,0.145,0.079,eccentric_rotor,50
1/22/2025 13:44,-11.981,0.056,0.113,0.039,0.122,0.085,-12.024,0.061,0.16,0.043,0.139,0.084,eccentric_rotor,50
1/22/2025 13:44,-11.981,0.058,0.129,0.041,0.126,0.083,-12.024,0.076,0.139,0.054,0.138,0.084,eccentric_rotor,50
1/22/2025 13:44,-11.981,0.057,0.13,0.04,0.126,0.08,-12.024,0.064,0.158,0.045,0.136,0.081,eccentric_rotor,50
1/22/2025 13:44,-11.981,0.051,0.116,0.036,0.12,0.078,-12.024,0.061,0.134,0.043,0.144,0.079,eccentric_rotor,50
1/22/2025 13:45,-11.981,0.052,0.131,0.037,0.12,0.092,-12.024,0.075,0.15,0.053,0.136,0.078,eccentric_rotor,50
1/22/2025 13:45,-11.981,0.059,0.109,0.042,0.127,0.079,-12.024,0.066,0.16,0.046,0.141,0.082,eccentric_rotor,50
1/22/2025 13:45,-11.981,0.049,0.123,0.035,0.127,0.084,-12.024,0.076,0.14,0.054,0.142,0.085,eccentric_rotor,50
1/22/2025 13:45,-11.981,0.061,0.113,0.043,0.123,0.08,-12.024,0.065,0.166,0.046,0.134,0.083,eccentric_rotor,50
1/22/2025 13:45,-11.981,0.057,0.123,0.04,0.12,0.086,-12.024,0.065,0.139,0.046,0.14,0.08,eccentric_rotor,50
1/22/2025 13:45,-11.981,0.051,0.11,0.036,0.122,0.086,-12.024,0.075,0.159,0.053,0.136,0.082,eccentric_rotor,50
1/22/2025 13:45,-11.981,0.059,0.125,0.042,0.118,0.082,-12.024,0.064,0.157,0.045,0.133,0.079,eccentric_rotor,50
1/22/2025 13:45,-11.981,0.051,0.129,0.036,0.127,0.083,-12.024,0.074,0.136,0.052,0.14,0.079,eccentric_rotor,50
1/22/2025 13:45,-11.981,0.058,0.113,0.041,0.127,0.08,-12.024,0.065,0.136,0.046,0.14,0.088,eccentric_rotor,50
1/22/2025 13:45,-11.981,0.058,0.114,0.041,0.126,0.085,-12.024,0.074,0.153,0.052,0.134,0.083,eccentric_rotor,50
1/22/2025 13:46,-11.981,0.051,0.13,0.036,0.12,0.08,-12.023,0.066,0.14,0.047,0.141,0.08,eccentric_rotor,50
1/22/2025 13:46,-11.981,0.058,0.113,0.041,0.122,0.081,-12.023,0.073,0.162,0.051,0.135,0.082,eccentric_rotor,50
1/22/2025 13:46,-11.981,0.052,0.113,0.037,0.148,0.087,-12.023,0.073,0.141,0.051,0.141,0.085,eccentric_rotor,50
1/22/2025 13:46,-11.981,0.058,0.124,0.041,0.122,0.081,-12.023,0.064,0.166,0.045,0.14,0.08,eccentric_rotor,50
1/22/2025 13:46,-11.981,0.058,0.126,0.041,0.122,0.089,-12.023,0.066,0.14,0.046,0.131,0.084,eccentric_rotor,50
1/22/2025 13:46,-11.981,0.058,0.114,0.041,0.126,0.085,-12.023,0.076,0.156,0.054,0.136,0.08,eccentric_rotor,50
1/22/2025 13:46,-11.981,0.054,0.123,0.038,0.13,0.089,-12.023,0.063,0.153,0.045,0.132,0.079,eccentric_rotor,50
1/22/2025 13:46,-11.981,0.06,0.114,0.042,0.121,0.085,-12.023,0.065,0.137,0.046,0.141,0.086,eccentric_rotor,50
1/22/2025 13:46,-11.981,0.053,0.125,0.037,0.126,0.089,-12.024,0.076,0.152,0.054,0.141,0.081,eccentric_rotor,50
1/22/2025 13:46,-11.981,0.059,0.117,0.042,0.126,0.094,-12.024,0.076,0.138,0.054,0.134,0.087,eccentric_rotor,50
1/22/2025 13:46,-11.981,0.053,0.124,0.037,0.12,0.081,-12.024,0.066,0.16,0.047,0.14,0.088,eccentric_rotor,50
1/22/2025 13:46,-11.981,0.06,0.127,0.043,0.129,0.091,-12.024,0.067,0.14,0.048,0.132,0.084,eccentric_rotor,50
1/22/2025 13:46,-11.981,0.059,0.116,0.041,0.123,0.09,-12.024,0.071,0.156,0.05,0.132,0.084,eccentric_rotor,50
1/22/2025 13:47,-11.981,0.052,0.13,0.037,0.132,0.087,-12.024,0.072,0.139,0.051,0.153,0.087,eccentric_rotor,50
1/22/2025 13:47,-11.981,0.053,0.115,0.037,0.127,0.088,-12.024,0.065,0.163,0.046,0.135,0.092,eccentric_rotor,50
1/22/2025 13:47,-11.981,0.061,0.116,0.043,0.133,0.09,-12.024,0.074,0.142,0.053,0.134,0.082,eccentric_rotor,50
1/22/2025 13:47,-11.981,0.053,0.127,0.038,0.128,0.088,-12.024,0.066,0.137,0.046,0.142,0.089,eccentric_rotor,50
1/22/2025 13:47,-11.981,0.061,0.117,0.043,0.132,0.091,-12.024,0.073,0.163,0.052,0.141,0.086,eccentric_rotor,50
1/22/2025 13:47,-11.981,0.054,0.138,0.038,0.136,0.088,-12.024,0.065,0.156,0.046,0.134,0.089,eccentric_rotor,50
1/22/2025 13:47,-11.981,0.06,0.119,0.043,0.129,0.092,-12.024,0.064,0.142,0.045,0.139,0.087,eccentric_rotor,50
1/22/2025 13:47,-11.981,0.054,0.126,0.038,0.134,0.089,-12.024,0.075,0.169,0.053,0.133,0.089,eccentric_rotor,50
1/22/2025 13:47,-11.981,0.06,0.115,0.042,0.134,0.091,-12.024,0.066,0.146,0.047,0.141,0.087,eccentric_rotor,50
1/22/2025 13:47,-11.981,0.06,0.115,0.043,0.128,0.091,-12.024,0.067,0.159,0.047,0.132,0.09,eccentric_rotor,50
1/22/2025 13:47,-11.981,0.054,0.133,0.038,0.135,0.088,-12.024,0.072,0.136,0.051,0.141,0.088,eccentric_rotor,50
1/22/2025 13:48,-11.981,0.06,0.112,0.042,0.131,0.095,-12.024,0.074,0.156,0.052,0.134,0.087,eccentric_rotor,50
1/22/2025 13:48,-11.981,0.053,0.125,0.038,0.137,0.083,-12.024,0.063,0.142,0.044,0.145,0.093,eccentric_rotor,50
1/22/2025 13:48,-11.981,0.063,0.118,0.045,0.133,0.095,-12.024,0.065,0.163,0.046,0.139,0.084,eccentric_rotor,50
1/22/2025 13:48,-11.981,0.053,0.128,0.037,0.138,0.096,-12.024,0.077,0.145,0.054,0.145,0.091,eccentric_rotor,50
1/22/2025 13:48,-11.981,0.06,0.116,0.043,0.138,0.087,-12.024,0.065,0.161,0.046,0.141,0.088,eccentric_rotor,50
1/22/2025 13:48,-11.981,0.061,0.135,0.043,0.133,0.095,-12.024,0.078,0.145,0.055,0.147,0.093,eccentric_rotor,50
1/22/2025 13:48,-11.981,0.06,0.114,0.042,0.138,0.087,-12.024,0.066,0.14,0.047,0.149,0.086,eccentric_rotor,50
1/22/2025 13:48,-11.981,0.052,0.131,0.037,0.129,0.102,-12.024,0.074,0.152,0.052,0.14,0.093,eccentric_rotor,50
1/22/2025 13:48,-11.981,0.061,0.114,0.043,0.134,0.089,-12.024,0.062,0.143,0.044,0.147,0.085,eccentric_rotor,50
1/22/2025 13:48,-11.981,0.052,0.131,0.037,0.139,0.094,-12.024,0.076,0.158,0.054,0.141,0.097,eccentric_rotor,50
1/22/2025 13:48,-11.981,0.063,0.134,0.044,0.133,0.087,-12.024,0.074,0.17,0.052,0.149,0.087,eccentric_rotor,50
1/22/2025 13:49,-11.981,0.055,0.113,0.039,0.143,0.091,-12.024,0.067,0.141,0.047,0.142,0.091,eccentric_rotor,50
1/22/2025 13:49,-11.981,0.055,0.134,0.039,0.132,0.091,-12.024,0.073,0.162,0.052,0.149,0.088,eccentric_rotor,50
1/22/2025 13:49,-11.981,0.06,0.116,0.042,0.139,0.083,-12.024,0.065,0.144,0.046,0.142,0.089,eccentric_rotor,50
1/22/2025 13:49,-11.981,0.061,0.13,0.043,0.134,0.086,-12.024,0.076,0.159,0.054,0.149,0.082,eccentric_rotor,50
1/22/2025 13:49,-11.981,0.053,0.114,0.037,0.13,0.097,-12.024,0.065,0.144,0.046,0.15,0.084,eccentric_rotor,50
1/22/2025 13:49,-11.981,0.061,0.13,0.043,0.143,0.088,-12.024,0.074,0.14,0.053,0.144,0.094,eccentric_rotor,50
1/22/2025 13:49,-11.981,0.059,0.115,0.042,0.138,0.094,-12.024,0.076,0.141,0.054,0.15,0.087,eccentric_rotor,50
1/22/2025 13:49,-11.981,0.055,0.112,0.039,0.134,0.088,-12.024,0.066,0.165,0.047,0.143,0.088,eccentric_rotor,50
1/22/2025 13:49,-11.981,0.06,0.122,0.042,0.135,0.097,-12.024,0.077,0.14,0.055,0.144,0.092,eccentric_rotor,50
1/22/2025 13:49,-11.981,0.053,0.126,0.038,0.129,0.093,-12.024,0.062,0.139,0.044,0.148,0.088,eccentric_rotor,50
1/22/2025 13:49,-11.981,0.054,0.115,0.038,0.129,0.092,-12.024,0.074,0.161,0.052,0.146,0.091,eccentric_rotor,50
1/22/2025 13:49,-11.981,0.062,0.114,0.044,0.14,0.082,-12.024,0.064,0.16,0.045,0.15,0.091,eccentric_rotor,50
1/22/2025 13:50,-11.981,0.06,0.133,0.042,0.132,0.091,-12.024,0.065,0.138,0.046,0.142,0.09,eccentric_rotor,50
1/22/2025 13:50,-11.981,0.055,0.115,0.039,0.14,0.086,-12.024,0.068,0.144,0.048,0.151,0.082,eccentric_rotor,50
1/22/2025 13:50,-11.981,0.06,0.116,0.042,0.15,0.087,-12.024,0.075,0.161,0.053,0.141,0.085,eccentric_rotor,50
1/22/2025 13:50,-11.981,0.052,0.13,0.036,0.135,0.092,-12.024,0.066,0.16,0.046,0.152,0.089,eccentric_rotor,50
1/22/2025 13:50,-11.981,0.059,0.128,0.042,0.132,0.086,-12.024,0.068,0.141,0.048,0.148,0.089,eccentric_rotor,50
1/22/2025 13:50,-11.981,0.061,0.115,0.043,0.143,0.087,-12.024,0.072,0.141,0.051,0.141,0.085,eccentric_rotor,50
1/22/2025 13:50,-11.981,0.052,0.13,0.037,0.139,0.092,-12.024,0.076,0.156,0.053,0.141,0.088,eccentric_rotor,50
1/22/2025 13:50,-11.981,0.055,0.112,0.039,0.134,0.086,-12.024,0.063,0.141,0.045,0.152,0.09,eccentric_rotor,50
1/22/2025 13:50,-11.981,0.061,0.14,0.043,0.127,0.089,-12.024,0.063,0.157,0.044,0.149,0.084,eccentric_rotor,50
1/22/2025 13:50,-11.981,0.054,0.113,0.038,0.129,0.086,-12.024,0.075,0.157,0.053,0.143,0.085,eccentric_rotor,50
1/22/2025 13:50,-11.981,0.054,0.116,0.038,0.133,0.092,-12.024,0.063,0.139,0.044,0.146,0.087,eccentric_rotor,50
1/22/2025 13:50,-11.981,0.059,0.131,0.042,0.13,0.09,-12.024,0.072,0.16,0.051,0.141,0.084,eccentric_rotor,50
1/22/2025 13:51,-11.981,0.062,0.135,0.044,0.137,0.098,-12.024,0.073,0.163,0.052,0.141,0.091,eccentric_rotor,50
1/22/2025 13:51,-11.981,0.053,0.113,0.037,0.129,0.086,-12.024,0.064,0.139,0.045,0.139,0.088,eccentric_rotor,50
1/22/2025 13:51,-11.981,0.06,0.126,0.043,0.137,0.082,-12.024,0.073,0.159,0.052,0.149,0.095,eccentric_rotor,50
1/22/2025 13:51,-11.981,0.054,0.124,0.038,0.128,0.085,-12.024,0.063,0.157,0.045,0.145,0.091,eccentric_rotor,50
1/22/2025 13:51,-11.981,0.058,0.115,0.041,0.134,0.099,-12.024,0.066,0.142,0.046,0.151,0.083,eccentric_rotor,50
1/22/2025 13:51,-11.981,0.06,0.116,0.042,0.129,0.095,-12.024,0.073,0.14,0.052,0.159,0.09,eccentric_rotor,50
1/22/2025 13:51,-11.981,0.053,0.13,0.037,0.135,0.088,-12.024,0.074,0.155,0.052,0.144,0.085,eccentric_rotor,50
1/22/2025 13:51,-11.981,0.054,0.118,0.038,0.135,0.08,-12.024,0.065,0.164,0.046,0.142,0.096,eccentric_rotor,50
1/22/2025 13:51,-11.981,0.061,0.117,0.043,0.143,0.091,-12.024,0.065,0.145,0.046,0.151,0.093,eccentric_rotor,50
1/22/2025 13:51,-11.981,0.056,0.128,0.039,0.171,0.088,-12.024,0.074,0.141,0.052,0.141,0.086,eccentric_rotor,50
1/22/2025 13:52,-11.981,0.061,0.12,0.043,0.128,0.087,-12.024,0.065,0.154,0.046,0.149,0.089,eccentric_rotor,50
1/22/2025 13:52,-11.981,0.055,0.132,0.039,0.148,0.1,-12.024,0.064,0.143,0.045,0.138,0.08,eccentric_rotor,50
1/22/2025 13:52,-11.981,0.061,0.12,0.043,0.132,0.102,-12.024,0.078,0.166,0.055,0.148,0.087,eccentric_rotor,50
1/22/2025 13:52,-11.981,0.054,0.117,0.039,0.147,0.091,-12.024,0.076,0.141,0.054,0.142,0.085,eccentric_rotor,50
1/22/2025 13:52,-11.981,0.053,0.13,0.038,0.141,0.086,-12.024,0.065,0.14,0.046,0.148,0.096,eccentric_rotor,50
1/22/2025 13:52,-11.981,0.06,0.114,0.042,0.133,0.099,-12.024,0.078,0.163,0.055,0.14,0.088,eccentric_rotor,50
1/22/2025 13:52,-11.981,0.054,0.128,0.038,0.128,0.097,-12.024,0.076,0.136,0.054,0.15,0.098,eccentric_rotor,50
1/22/2025 13:52,-11.981,0.064,0.129,0.045,0.142,0.092,-12.024,0.068,0.156,0.048,0.139,0.086,eccentric_rotor,50
1/22/2025 13:52,-11.981,0.061,0.114,0.043,0.133,0.097,-12.024,0.066,0.141,0.047,0.147,0.096,eccentric_rotor,50
1/22/2025 13:52,-11.981,0.054,0.143,0.038,0.133,0.09,-12.024,0.072,0.162,0.051,0.14,0.09,eccentric_rotor,50
1/22/2025 13:52,-11.981,0.064,0.115,0.045,0.144,0.092,-12.024,0.073,0.162,0.052,0.146,0.095,eccentric_rotor,50
1/22/2025 13:53,-11.981,0.061,0.129,0.043,0.138,0.099,-12.024,0.065,0.143,0.046,0.146,0.087,eccentric_rotor,50
1/22/2025 13:53,-11.981,0.057,0.119,0.04,0.146,0.087,-12.024,0.065,0.145,0.046,0.153,0.09,eccentric_rotor,50
1/22/2025 13:53,-11.981,0.054,0.134,0.038,0.138,0.09,-12.024,0.074,0.157,0.052,0.173,0.096,eccentric_rotor,50
1/22/2025 13:53,-11.981,0.061,0.128,0.043,0.135,0.106,-12.024,0.076,0.163,0.053,0.14,0.084,eccentric_rotor,50
1/22/2025 13:53,-11.981,0.055,0.119,0.039,0.144,0.089,-12.024,0.065,0.142,0.046,0.153,0.099,eccentric_rotor,50
1/22/2025 13:53,-11.981,0.06,0.116,0.043,0.139,0.093,-12.024,0.072,0.144,0.051,0.142,0.103,eccentric_rotor,50
1/22/2025 13:53,-11.981,0.053,0.129,0.037,0.148,0.089,-12.024,0.065,0.156,0.046,0.152,0.088,eccentric_rotor,50
1/22/2025 13:53,-11.981,0.059,0.13,0.042,0.137,0.097,-12.024,0.076,0.143,0.054,0.153,0.091,eccentric_rotor,50
1/22/2025 13:53,-11.981,0.061,0.116,0.043,0.135,0.1,-12.024,0.064,0.161,0.045,0.142,0.094,eccentric_rotor,50
1/22/2025 13:53,-11.981,0.054,0.113,0.038,0.143,0.087,-12.024,0.062,0.144,0.044,0.141,0.088,eccentric_rotor,50
1/22/2025 13:53,-11.981,0.055,0.128,0.039,0.134,0.094,-12.024,0.073,0.158,0.052,0.151,0.097,eccentric_rotor,50
1/22/2025 13:53,-11.981,0.061,0.118,0.043,0.133,0.089,-12.024,0.064,0.158,0.045,0.143,0.086,eccentric_rotor,50
1/22/2025 13:53,-11.981,0.064,0.132,0.045,0.148,0.086,-12.024,0.067,0.139,0.047,0.149,0.092,eccentric_rotor,50
1/22/2025 13:54,-11.981,0.054,0.117,0.038,0.134,0.097,-12.024,0.075,0.142,0.053,0.145,0.087,eccentric_rotor,50
1/22/2025 13:54,-11.981,0.054,0.127,0.038,0.139,0.087,-12.025,0.077,0.156,0.055,0.155,0.084,eccentric_rotor,50
1/22/2025 13:54,-11.981,0.06,0.117,0.043,0.133,0.095,-12.024,0.066,0.142,0.047,0.147,0.094,eccentric_rotor,50
1/22/2025 13:54,-11.981,0.053,0.131,0.038,0.132,0.097,-12.025,0.073,0.154,0.052,0.154,0.086,eccentric_rotor,50
1/22/2025 13:54,-11.981,0.06,0.12,0.042,0.148,0.085,-12.024,0.064,0.146,0.045,0.147,0.093,eccentric_rotor,50
1/22/2025 13:54,-11.981,0.054,0.136,0.038,0.141,0.087,-12.024,0.065,0.16,0.046,0.155,0.093,eccentric_rotor,50
1/22/2025 13:54,-11.981,0.06,0.113,0.042,0.132,0.093,-12.024,0.078,0.136,0.055,0.145,0.083,eccentric_rotor,50
1/22/2025 13:54,-11.981,0.054,0.133,0.039,0.133,0.089,-12.024,0.061,0.141,0.043,0.148,0.085,eccentric_rotor,50
1/22/2025 13:54,-11.981,0.062,0.118,0.044,0.139,0.094,-12.024,0.073,0.154,0.052,0.155,0.09,eccentric_rotor,50
1/22/2025 13:54,-11.981,0.061,0.13,0.043,0.134,0.09,-12.024,0.065,0.143,0.046,0.145,0.091,eccentric_rotor,50
1/22/2025 13:55,-11.981,0.055,0.128,0.039,0.14,0.092,-12.024,0.076,0.158,0.054,0.145,0.087,eccentric_rotor,50
1/22/2025 13:55,-11.981,0.06,0.117,0.043,0.141,0.086,-12.024,0.075,0.157,0.053,0.155,0.088,eccentric_rotor,50
1/22/2025 13:55,-11.981,0.054,0.13,0.038,0.134,0.094,-12.024,0.068,0.143,0.048,0.144,0.09,eccentric_rotor,50
1/22/2025 13:55,-11.981,0.051,0.115,0.036,0.132,0.089,-12.024,0.064,0.137,0.045,0.144,0.085,eccentric_rotor,50
1/22/2025 13:55,-11.981,0.06,0.11,0.043,0.138,0.095,-12.024,0.074,0.167,0.052,0.161,0.092,eccentric_rotor,50
1/22/2025 13:55,-11.981,0.054,0.133,0.038,0.133,0.085,-12.024,0.066,0.144,0.047,0.144,0.086,eccentric_rotor,50
1/22/2025 13:55,-11.981,0.06,0.113,0.043,0.139,0.091,-12.024,0.074,0.158,0.052,0.152,0.092,eccentric_rotor,50
1/22/2025 13:55,-11.981,0.061,0.131,0.043,0.133,0.092,-12.024,0.062,0.143,0.044,0.145,0.084,eccentric_rotor,50
1/22/2025 13:55,-11.981,0.054,0.114,0.038,0.139,0.087,-12.024,0.076,0.154,0.054,0.142,0.089,eccentric_rotor,50
1/22/2025 13:55,-11.981,0.052,0.128,0.037,0.133,0.092,-12.024,0.063,0.14,0.044,0.157,0.09,eccentric_rotor,50
1/22/2025 13:55,-11.981,0.06,0.116,0.042,0.138,0.088,-12.024,0.064,0.159,0.046,0.152,0.085,eccentric_rotor,50
1/22/2025 13:55,-11.981,0.061,0.131,0.043,0.138,0.09,-12.024,0.073,0.141,0.051,0.141,0.09,eccentric_rotor,50
1/22/2025 13:56,-11.981,0.053,0.113,0.038,0.132,0.086,-12.024,0.076,0.16,0.053,0.14,0.086,eccentric_rotor,50
1/22/2025 13:56,-11.981,0.061,0.118,0.043,0.135,0.092,-12.024,0.074,0.144,0.052,0.152,0.088,eccentric_rotor,50
1/22/2025 13:56,-11.981,0.052,0.13,0.037,0.128,0.086,-12.024,0.065,0.154,0.046,0.152,0.084,eccentric_rotor,50
1/22/2025 13:56,-11.981,0.061,0.115,0.043,0.136,0.086,-12.024,0.064,0.139,0.045,0.146,0.09,eccentric_rotor,50
1/22/2025 13:56,-11.981,0.058,0.113,0.041,0.132,0.089,-12.024,0.073,0.166,0.052,0.153,0.085,eccentric_rotor,50
1/22/2025 13:56,-11.981,0.053,0.134,0.038,0.13,0.094,-12.024,0.076,0.156,0.054,0.142,0.084,eccentric_rotor,50
1/22/2025 13:56,-11.981,0.062,0.128,0.044,0.137,0.096,-12.024,0.063,0.142,0.045,0.142,0.087,eccentric_rotor,50
1/22/2025 13:56,-11.981,0.061,0.114,0.043,0.134,0.081,-12.024,0.08,0.141,0.057,0.149,0.092,eccentric_rotor,50
1/22/2025 13:56,-11.981,0.053,0.123,0.037,0.131,0.09,-12.024,0.065,0.152,0.046,0.142,0.093,eccentric_rotor,50
1/22/2025 13:56,-11.981,0.058,0.117,0.041,0.129,0.095,-12.025,0.075,0.164,0.053,0.15,0.082,eccentric_rotor,50
1/22/2025 13:56,-11.981,0.052,0.116,0.037,0.138,0.094,-12.025,0.063,0.143,0.045,0.142,0.088,eccentric_rotor,50
1/22/2025 13:56,-11.981,0.063,0.133,0.045,0.134,0.086,-12.025,0.074,0.159,0.052,0.149,0.093,eccentric_rotor,50
1/22/2025 13:56,-11.981,0.055,0.13,0.039,0.128,0.091,-12.025,0.062,0.143,0.044,0.142,0.091,eccentric_rotor,50
1/22/2025 13:56,-11.981,0.065,0.117,0.046,0.14,0.086,-12.024,0.065,0.151,0.046,0.148,0.085,eccentric_rotor,50
1/22/2025 13:57,-11.981,0.06,0.124,0.042,0.14,0.096,-12.024,0.073,0.162,0.051,0.142,0.089,eccentric_rotor,50
1/22/2025 13:57,-11.981,0.054,0.115,0.038,0.128,0.087,-12.024,0.066,0.138,0.047,0.148,0.085,eccentric_rotor,50
1/22/2025 13:57,-11.981,0.053,0.118,0.038,0.133,0.105,-12.024,0.075,0.14,0.053,0.139,0.093,eccentric_rotor,50
1/22/2025 13:57,-11.981,0.062,0.13,0.044,0.142,0.092,-12.024,0.075,0.143,0.053,0.147,0.086,eccentric_rotor,50
1/22/2025 13:57,-11.981,0.062,0.127,0.044,0.137,0.085,-12.024,0.064,0.164,0.045,0.147,0.1,eccentric_rotor,50
1/22/2025 13:57,-11.981,0.054,0.112,0.038,0.131,0.085,-12.024,0.066,0.144,0.047,0.14,0.09,eccentric_rotor,50
1/22/2025 13:57,-11.981,0.056,0.114,0.039,0.135,0.093,-12.024,0.075,0.164,0.053,0.141,0.084,eccentric_rotor,50
1/22/2025 13:57,-11.981,0.061,0.115,0.043,0.129,0.089,-12.024,0.067,0.166,0.048,0.148,0.084,eccentric_rotor,50
1/22/2025 13:57,-11.981,0.061,0.126,0.043,0.14,0.093,-12.024,0.078,0.143,0.055,0.14,0.091,eccentric_rotor,50
1/22/2025 13:57,-11.981,0.055,0.116,0.039,0.156,0.089,-12.024,0.064,0.156,0.045,0.14,0.087,eccentric_rotor,50
1/22/2025 13:57,-11.981,0.056,0.132,0.039,0.138,0.088,-12.024,0.063,0.149,0.044,0.148,0.091,eccentric_rotor,50
1/22/2025 13:58,-11.981,0.061,0.133,0.043,0.129,0.094,-12.024,0.075,0.175,0.053,0.146,0.087,eccentric_rotor,50
1/22/2025 13:58,-11.981,0.063,0.121,0.045,0.129,0.095,-12.024,0.076,0.147,0.054,0.138,0.085,eccentric_rotor,50
1/22/2025 13:58,-11.981,0.056,0.119,0.04,0.136,0.09,-12.024,0.065,0.161,0.046,0.143,0.092,eccentric_rotor,50
1/22/2025 13:58,-11.981,0.061,0.129,0.043,0.134,0.094,-12.024,0.076,0.145,0.054,0.151,0.092,eccentric_rotor,50
1/22/2025 13:58,-11.981,0.053,0.118,0.038,0.139,0.098,-12.024,0.065,0.164,0.046,0.14,0.087,eccentric_rotor,50
1/22/2025 13:58,-11.981,0.054,0.115,0.038,0.138,0.093,-12.024,0.077,0.142,0.054,0.142,0.091,eccentric_rotor,50
1/22/2025 13:58,-11.981,0.06,0.127,0.042,0.133,0.089,-12.024,0.064,0.147,0.045,0.15,0.095,eccentric_rotor,50
1/22/2025 13:58,-11.981,0.062,0.116,0.044,0.132,0.087,-12.024,0.063,0.159,0.044,0.148,0.09,eccentric_rotor,50
1/22/2025 13:58,-11.981,0.053,0.132,0.038,0.142,0.094,-12.024,0.072,0.145,0.051,0.14,0.087,eccentric_rotor,50
1/22/2025 13:58,-11.981,0.054,0.117,0.038,0.136,0.1,-12.024,0.075,0.156,0.053,0.147,0.086,eccentric_rotor,50
1/22/2025 13:58,-11.981,0.06,0.134,0.042,0.135,0.091,-12.024,0.065,0.142,0.046,0.139,0.092,eccentric_rotor,50
1/22/2025 13:58,-11.981,0.059,0.116,0.042,0.141,0.087,-12.024,0.062,0.133,0.044,0.15,0.097,eccentric_rotor,50
1/22/2025 13:59,-11.981,0.053,0.128,0.037,0.145,0.092,-12.024,0.076,0.16,0.054,0.162,0.088,eccentric_rotor,50
1/22/2025 13:59,-11.981,0.056,0.116,0.04,0.137,0.088,-12.024,0.073,0.145,0.052,0.148,0.085,eccentric_rotor,50
1/22/2025 13:59,-11.981,0.062,0.113,0.044,0.133,0.091,-12.024,0.064,0.163,0.045,0.149,0.09,eccentric_rotor,50
1/22/2025 13:59,-11.981,0.053,0.135,0.037,0.131,0.093,-12.024,0.064,0.151,0.045,0.139,0.086,eccentric_rotor,50
1/22/2025 13:59,-11.981,0.061,0.115,0.043,0.139,0.087,-12.024,0.074,0.159,0.052,0.148,0.089,eccentric_rotor,50
1/22/2025 13:59,-11.981,0.055,0.11,0.039,0.139,0.091,-12.024,0.074,0.139,0.053,0.14,0.09,eccentric_rotor,50
1/22/2025 13:59,-11.981,0.062,0.13,0.044,0.134,0.097,-12.024,0.062,0.141,0.044,0.143,0.084,eccentric_rotor,50
1/22/2025 13:59,-11.981,0.061,0.114,0.043,0.136,0.089,-12.024,0.063,0.158,0.044,0.149,0.088,eccentric_rotor,50
1/22/2025 13:59,-11.981,0.059,0.123,0.042,0.131,0.096,-12.024,0.075,0.142,0.053,0.148,0.094,eccentric_rotor,50
1/22/2025 13:59,-11.981,0.062,0.117,0.043,0.138,0.091,-12.024,0.064,0.147,0.045,0.14,0.088,eccentric_rotor,50
1/22/2025 13:59,-11.981,0.054,0.132,0.038,0.133,0.086,-12.024,0.075,0.157,0.053,0.14,0.093,eccentric_rotor,50
1/22/2025 13:59,-11.981,0.053,0.13,0.038,0.137,0.096,-12.024,0.063,0.143,0.045,0.152,0.088,eccentric_rotor,50
1/22/2025 14:00,-11.981,0.062,0.114,0.044,0.139,0.093,-12.024,0.073,0.169,0.052,0.15,0.084,eccentric_rotor,50
1/22/2025 14:00,-11.981,0.054,0.126,0.038,0.13,0.089,-12.024,0.063,0.142,0.045,0.143,0.093,eccentric_rotor,50
1/22/2025 14:00,-11.981,0.055,0.132,0.039,0.134,0.095,-12.024,0.075,0.142,0.053,0.147,0.091,eccentric_rotor,50
1/22/2025 14:00,-11.981,0.063,0.116,0.045,0.142,0.089,-12.024,0.071,0.157,0.05,0.155,0.088,eccentric_rotor,50
1/22/2025 14:00,-11.981,0.054,0.11,0.038,0.142,0.088,-12.024,0.063,0.138,0.045,0.152,0.093,eccentric_rotor,50
1/22/2025 14:00,-11.981,0.053,0.125,0.037,0.134,0.093,-12.024,0.075,0.157,0.053,0.141,0.087,eccentric_rotor,50
1/22/2025 14:00,-11.981,0.06,0.131,0.042,0.142,0.092,-12.024,0.073,0.144,0.051,0.142,0.09,eccentric_rotor,50
1/22/2025 14:00,-11.981,0.053,0.113,0.037,0.134,0.087,-12.024,0.064,0.139,0.046,0.149,0.086,eccentric_rotor,50
1/22/2025 14:00,-11.981,0.06,0.117,0.042,0.134,0.087,-12.024,0.062,0.161,0.044,0.142,0.091,eccentric_rotor,50
1/22/2025 14:00,-11.981,0.053,0.128,0.038,0.144,0.093,-12.024,0.065,0.147,0.046,0.147,0.089,eccentric_rotor,50
1/22/2025 14:00,-11.981,0.061,0.126,0.043,0.141,0.09,-12.024,0.074,0.157,0.053,0.14,0.085,eccentric_rotor,50
1/22/2025 14:00,-11.981,0.053,0.115,0.037,0.135,0.091,-12.024,0.078,0.141,0.055,0.142,0.085,eccentric_rotor,50
1/22/2025 14:01,-11.981,0.052,0.129,0.037,0.136,0.088,-12.024,0.063,0.155,0.045,0.149,0.09,eccentric_rotor,50
1/22/2025 14:01,-11.981,0.061,0.111,0.043,0.142,0.096,-12.024,0.074,0.141,0.053,0.142,0.087,eccentric_rotor,50
1/22/2025 14:01,-11.981,0.061,0.135,0.043,0.135,0.094,-12.024,0.065,0.161,0.046,0.147,0.09,eccentric_rotor,50
1/22/2025 14:01,-11.981,0.055,0.119,0.039,0.132,0.088,-12.024,0.078,0.142,0.055,0.138,0.086,eccentric_rotor,50
1/22/2025 14:01,-11.981,0.056,0.13,0.039,0.14,0.088,-12.024,0.072,0.141,0.051,0.146,0.093,eccentric_rotor,50
1/22/2025 14:01,-11.981,0.062,0.119,0.044,0.136,0.093,-12.024,0.065,0.161,0.046,0.143,0.091,eccentric_rotor,50
1/22/2025 14:01,-11.981,0.056,0.114,0.04,0.13,0.088,-12.024,0.067,0.141,0.047,0.152,0.087,eccentric_rotor,50
1/22/2025 14:01,-11.981,0.055,0.129,0.039,0.129,0.091,-12.024,0.071,0.144,0.05,0.14,0.09,eccentric_rotor,50
1/22/2025 14:01,-11.981,0.064,0.111,0.045,0.137,0.097,-12.024,0.062,0.159,0.044,0.153,0.086,eccentric_rotor,50
1/22/2025 14:01,-11.981,0.053,0.118,0.038,0.133,0.097,-12.024,0.073,0.142,0.052,0.143,0.09,eccentric_rotor,50
1/22/2025 14:01,-11.981,0.06,0.133,0.042,0.138,0.091,-12.024,0.064,0.148,0.046,0.142,0.093,eccentric_rotor,50
1/22/2025 14:01,-11.981,0.054,0.112,0.038,0.134,0.089,-12.024,0.075,0.159,0.053,0.152,0.094,eccentric_rotor,50
1/22/2025 14:02,-11.981,0.06,0.126,0.043,0.142,0.097,-12.024,0.079,0.151,0.056,0.153,0.089,eccentric_rotor,50
1/22/2025 14:02,-11.981,0.053,0.125,0.038,0.142,0.086,-12.024,0.067,0.137,0.048,0.144,0.087,eccentric_rotor,50
1/22/2025 14:02,-11.981,0.061,0.116,0.043,0.134,0.095,-12.024,0.076,0.141,0.054,0.148,0.095,eccentric_rotor,50
1/22/2025 14:02,-11.981,0.056,0.123,0.04,0.133,0.095,-12.024,0.065,0.139,0.046,0.15,0.084,eccentric_rotor,50
1/22/2025 14:02,-11.981,0.061,0.127,0.043,0.139,0.089,-12.024,0.065,0.164,0.046,0.142,0.092,eccentric_rotor,50
1/22/2025 14:02,-11.981,0.055,0.114,0.039,0.138,0.09,-12.024,0.073,0.165,0.052,0.147,0.092,eccentric_rotor,50
1/22/2025 14:02,-11.981,0.057,0.131,0.04,0.144,0.098,-12.024,0.074,0.142,0.052,0.14,0.088,eccentric_rotor,50
1/22/2025 14:02,-11.981,0.064,0.117,0.045,0.145,0.094,-12.024,0.076,0.157,0.054,0.149,0.088,eccentric_rotor,50
1/22/2025 14:02,-11.981,0.056,0.129,0.04,0.137,0.092,-12.024,0.064,0.14,0.045,0.145,0.093,eccentric_rotor,50
1/22/2025 14:02,-11.981,0.054,0.128,0.038,0.133,0.097,-12.024,0.073,0.166,0.051,0.139,0.095,eccentric_rotor,50
1/22/2025 14:03,-11.981,0.064,0.116,0.045,0.141,0.099,-12.024,0.065,0.154,0.046,0.14,0.091,eccentric_rotor,50
1/22/2025 14:03,-11.981,0.055,0.112,0.039,0.137,0.094,-12.024,0.077,0.14,0.054,0.147,0.09,eccentric_rotor,50
1/22/2025 14:03,-11.981,0.062,0.139,0.044,0.129,0.091,-12.024,0.064,0.142,0.045,0.141,0.094,eccentric_rotor,50
1/22/2025 14:03,-11.981,0.056,0.128,0.04,0.131,0.095,-12.024,0.078,0.162,0.055,0.147,0.096,eccentric_rotor,50
1/22/2025 14:03,-11.981,0.054,0.117,0.038,0.14,0.103,-12.024,0.075,0.141,0.053,0.142,0.089,eccentric_rotor,50
1/22/2025 14:03,-11.981,0.061,0.111,0.043,0.142,0.092,-12.024,0.067,0.164,0.047,0.15,0.088,eccentric_rotor,50
1/22/2025 14:03,-11.981,0.052,0.114,0.037,0.135,0.095,-12.024,0.063,0.139,0.045,0.148,0.093,eccentric_rotor,50
1/22/2025 14:03,-11.981,0.062,0.126,0.044,0.136,0.091,-12.024,0.074,0.159,0.052,0.141,0.09,eccentric_rotor,50
1/22/2025 14:03,-11.981,0.053,0.114,0.038,0.143,0.09,-12.024,0.076,0.138,0.054,0.141,0.099,eccentric_rotor,50
1/22/2025 14:03,-11.981,0.06,0.128,0.043,0.146,0.088,-12.024,0.067,0.158,0.048,0.149,0.092,eccentric_rotor,50
1/22/2025 14:03,-11.982,0.063,0.118,0.044,0.139,0.09,-12.024,0.066,0.146,0.047,0.141,0.089,eccentric_rotor,50
1/22/2025 14:03,-11.981,0.055,0.125,0.039,0.137,0.087,-12.024,0.074,0.155,0.053,0.146,0.088,eccentric_rotor,50
1/22/2025 14:04,-11.981,0.056,0.136,0.039,0.144,0.086,-12.024,0.074,0.142,0.053,0.153,0.084,eccentric_rotor,50
1/22/2025 14:04,-11.982,0.063,0.119,0.044,0.146,0.089,-12.024,0.067,0.16,0.047,0.145,0.088,eccentric_rotor,50
1/22/2025 14:04,-11.981,0.056,0.119,0.04,0.137,0.098,-12.024,0.077,0.142,0.054,0.141,0.085,eccentric_rotor,50
1/22/2025 14:04,-11.981,0.063,0.133,0.045,0.142,0.091,-12.024,0.064,0.16,0.045,0.15,0.087,eccentric_rotor,50
1/22/2025 14:04,-11.981,0.057,0.132,0.04,0.138,0.098,-12.024,0.063,0.164,0.045,0.146,0.094,eccentric_rotor,50
1/22/2025 14:04,-11.981,0.062,0.121,0.044,0.148,0.098,-12.024,0.074,0.146,0.052,0.138,0.088,eccentric_rotor,50
1/22/2025 14:04,-11.981,0.063,0.114,0.044,0.144,0.094,-12.024,0.067,0.141,0.048,0.139,0.095,eccentric_rotor,50
1/22/2025 14:04,-11.981,0.055,0.129,0.039,0.136,0.099,-12.024,0.078,0.158,0.055,0.149,0.091,eccentric_rotor,50
1/22/2025 14:04,-11.982,0.066,0.128,0.047,0.135,0.094,-12.024,0.065,0.142,0.046,0.15,0.095,eccentric_rotor,50
1/22/2025 14:04,-11.981,0.061,0.119,0.043,0.13,0.095,-12.024,0.063,0.158,0.045,0.141,0.091,eccentric_rotor,50
1/22/2025 14:04,-11.981,0.055,0.116,0.039,0.135,0.099,-12.024,0.066,0.145,0.047,0.144,0.095,eccentric_rotor,50
1/22/2025 14:04,-11.982,0.057,0.13,0.04,0.129,0.093,-12.024,0.076,0.154,0.054,0.152,0.092,eccentric_rotor,50
1/22/2025 14:04,-11.981,0.064,0.114,0.045,0.14,0.1,-12.024,0.065,0.135,0.046,0.154,0.096,eccentric_rotor,50
1/22/2025 14:05,-11.982,0.054,0.132,0.038,0.134,0.096,-12.025,0.072,0.148,0.051,0.146,0.096,eccentric_rotor,50
1/22/2025 14:05,-11.982,0.061,0.113,0.043,0.136,0.089,-12.025,0.066,0.156,0.047,0.146,0.09,eccentric_rotor,50
1/22/2025 14:05,-11.982,0.054,0.131,0.038,0.147,0.094,-12.024,0.073,0.14,0.052,0.154,0.093,eccentric_rotor,50
1/22/2025 14:05,-11.982,0.064,0.132,0.045,0.141,0.095,-12.025,0.067,0.153,0.047,0.145,0.088,eccentric_rotor,50
1/22/2025 14:05,-11.982,0.061,0.129,0.043,0.145,0.091,-12.024,0.074,0.153,0.053,0.144,0.092,eccentric_rotor,50
1/22/2025 14:05,-11.982,0.055,0.115,0.039,0.14,0.09,-12.024,0.064,0.141,0.045,0.15,0.092,eccentric_rotor,50
1/22/2025 14:05,-11.982,0.063,0.116,0.044,0.142,0.097,-12.024,0.066,0.166,0.047,0.145,0.088,eccentric_rotor,50
1/22/2025 14:05,-11.982,0.063,0.126,0.044,0.147,0.093,-12.024,0.077,0.143,0.054,0.146,0.091,eccentric_rotor,50
1/22/2025 14:05,-11.982,0.057,0.13,0.04,0.147,0.092,-12.024,0.073,0.156,0.052,0.155,0.095,eccentric_rotor,50
1/22/2025 14:05,-11.982,0.062,0.12,0.044,0.141,0.095,-12.024,0.067,0.142,0.047,0.151,0.09,eccentric_rotor,50
1/22/2025 14:05,-11.981,0.062,0.127,0.044,0.143,0.096,-12.024,0.075,0.159,0.053,0.143,0.09,eccentric_rotor,50
1/22/2025 14:05,-11.981,0.056,0.116,0.039,0.135,0.091,-12.024,0.067,0.158,0.047,0.146,0.092,eccentric_rotor,50
1/22/2025 14:06,-11.981,0.056,0.125,0.039,0.142,0.097,-12.024,0.074,0.141,0.052,0.138,0.093,eccentric_rotor,50
1/22/2025 14:06,-11.982,0.063,0.109,0.045,0.137,0.093,-12.024,0.062,0.154,0.044,0.144,0.089,eccentric_rotor,50
1/22/2025 14:06,-11.982,0.056,0.133,0.04,0.135,0.1,-12.024,0.065,0.144,0.046,0.139,0.094,eccentric_rotor,50
1/22/2025 14:06,-11.981,0.056,0.117,0.04,0.143,0.09,-12.024,0.073,0.161,0.052,0.139,0.09,eccentric_rotor,50
1/22/2025 14:06,-11.982,0.062,0.131,0.044,0.138,0.098,-12.024,0.065,0.143,0.046,0.148,0.089,eccentric_rotor,50
1/22/2025 14:06,-11.982,0.063,0.119,0.044,0.142,0.094,-12.025,0.075,0.154,0.053,0.143,0.097,eccentric_rotor,50
1/22/2025 14:06,-11.981,0.054,0.132,0.038,0.138,0.094,-12.025,0.066,0.157,0.046,0.153,0.087,eccentric_rotor,50
1/22/2025 14:06,-11.981,0.063,0.129,0.044,0.143,0.092,-12.024,0.064,0.138,0.045,0.144,0.095,eccentric_rotor,50
1/22/2025 14:06,-11.981,0.055,0.115,0.039,0.137,0.099,-12.025,0.076,0.159,0.054,0.155,0.091,eccentric_rotor,50
1/22/2025 14:06,-11.981,0.061,0.131,0.043,0.145,0.095,-12.025,0.072,0.145,0.051,0.148,0.09,eccentric_rotor,50
1/22/2025 14:06,-11.981,0.064,0.128,0.045,0.139,0.098,-12.025,0.064,0.16,0.045,0.147,0.095,eccentric_rotor,50
1/22/2025 14:06,-11.981,0.062,0.118,0.044,0.141,0.101,-12.025,0.073,0.149,0.052,0.154,0.093,eccentric_rotor,50
1/22/2025 14:07,-11.981,0.053,0.114,0.038,0.145,0.098,-12.025,0.073,0.141,0.052,0.148,0.095,eccentric_rotor,50
1/22/2025 14:07,-11.981,0.06,0.129,0.043,0.136,0.093,-12.025,0.064,0.161,0.045,0.154,0.097,eccentric_rotor,50
1/22/2025 14:07,-11.981,0.053,0.118,0.037,0.146,0.095,-12.025,0.063,0.142,0.045,0.154,0.092,eccentric_rotor,50
1/22/2025 14:07,-11.981,0.063,0.115,0.044,0.14,0.092,-12.024,0.075,0.145,0.053,0.148,0.094,eccentric_rotor,50
1/22/2025 14:07,-11.981,0.061,0.129,0.043,0.146,0.096,-12.024,0.063,0.159,0.044,0.151,0.09,eccentric_rotor,50
1/22/2025 14:07,-11.981,0.054,0.117,0.038,0.14,0.086,-12.024,0.074,0.146,0.052,0.151,0.092,eccentric_rotor,50
1/22/2025 14:07,-11.981,0.054,0.128,0.038,0.147,0.091,-12.024,0.076,0.159,0.054,0.144,0.089,eccentric_rotor,50
1/22/2025 14:07,-11.981,0.064,0.129,0.045,0.146,0.088,-12.024,0.063,0.142,0.044,0.15,0.092,eccentric_rotor,50
1/22/2025 14:07,-11.981,0.054,0.117,0.038,0.143,0.092,-12.024,0.074,0.161,0.053,0.142,0.083,eccentric_rotor,50
1/22/2025 14:07,-11.981,0.063,0.114,0.045,0.148,0.088,-12.024,0.077,0.14,0.054,0.143,0.088,eccentric_rotor,50
1/22/2025 14:07,-11.981,0.063,0.13,0.045,0.142,0.092,-12.024,0.065,0.155,0.046,0.151,0.086,eccentric_rotor,50
1/22/2025 14:08,-11.981,0.054,0.118,0.038,0.14,0.091,-12.024,0.065,0.147,0.046,0.146,0.089,eccentric_rotor,50
1/22/2025 14:08,-11.982,0.063,0.135,0.044,0.146,0.097,-12.024,0.076,0.16,0.054,0.15,0.089,eccentric_rotor,50
1/22/2025 14:08,-11.982,0.065,0.118,0.046,0.143,0.094,-12.024,0.076,0.14,0.054,0.145,0.087,eccentric_rotor,50
1/22/2025 14:08,-11.982,0.055,0.129,0.039,0.138,0.099,-12.024,0.066,0.15,0.047,0.152,0.089,eccentric_rotor,50
1/22/2025 14:08,-11.981,0.056,0.116,0.04,0.143,0.096,-12.025,0.077,0.16,0.055,0.145,0.093,eccentric_rotor,50
1/22/2025 14:08,-11.982,0.065,0.132,0.046,0.128,0.089,-12.025,0.067,0.16,0.048,0.154,0.092,eccentric_rotor,50
1/22/2025 14:08,-11.982,0.063,0.13,0.045,0.134,0.098,-12.025,0.066,0.142,0.047,0.147,0.095,eccentric_rotor,50
1/22/2025 14:08,-11.981,0.056,0.115,0.04,0.13,0.094,-12.025,0.077,0.16,0.054,0.152,0.092,eccentric_rotor,50
1/22/2025 14:08,-11.981,0.063,0.133,0.045,0.138,0.098,-12.025,0.066,0.159,0.047,0.154,0.087,eccentric_rotor,50
1/22/2025 14:08,-11.981,0.058,0.116,0.041,0.134,0.101,-12.025,0.075,0.145,0.053,0.144,0.094,eccentric_rotor,50
1/22/2025 14:08,-11.981,0.055,0.115,0.039,0.136,0.097,-12.025,0.073,0.154,0.051,0.152,0.095,eccentric_rotor,50
1/22/2025 14:08,-11.981,0.063,0.131,0.045,0.144,0.1,-12.025,0.066,0.144,0.046,0.153,0.091,eccentric_rotor,50
1/22/2025 14:09,-11.982,0.062,0.117,0.044,0.139,0.096,-12.025,0.068,0.143,0.048,0.146,0.098,eccentric_rotor,50
1/22/2025 14:09,-11.982,0.057,0.129,0.04,0.147,0.1,-12.024,0.076,0.155,0.054,0.145,0.094,eccentric_rotor,50
1/22/2025 14:09,-11.981,0.061,0.118,0.043,0.144,0.094,-12.024,0.074,0.154,0.053,0.153,0.096,eccentric_rotor,50
1/22/2025 14:09,-11.981,0.056,0.128,0.04,0.135,0.098,-12.024,0.065,0.139,0.046,0.154,0.092,eccentric_rotor,50
1/22/2025 14:09,-11.982,0.058,0.124,0.041,0.135,0.094,-12.024,0.076,0.139,0.054,0.148,0.096,eccentric_rotor,50
1/22/2025 14:09,-11.981,0.065,0.115,0.046,0.146,0.099,-12.024,0.061,0.155,0.043,0.154,0.09,eccentric_rotor,50
1/22/2025 14:09,-11.982,0.063,0.117,0.045,0.143,0.093,-12.024,0.065,0.144,0.046,0.148,0.095,eccentric_rotor,50
1/22/2025 14:09,-11.981,0.056,0.127,0.04,0.149,0.093,-12.024,0.072,0.165,0.051,0.153,0.09,eccentric_rotor,50
1/22/2025 14:09,-11.981,0.064,0.13,0.045,0.146,0.096,-12.024,0.06,0.156,0.043,0.147,0.096,eccentric_rotor,50
1/22/2025 14:09,-11.982,0.053,0.119,0.037,0.151,0.101,-12.024,0.076,0.143,0.054,0.152,0.09,eccentric_rotor,50
1/22/2025 14:09,-11.981,0.056,0.131,0.04,0.143,0.095,-12.024,0.063,0.145,0.045,0.146,0.093,eccentric_rotor,50
1/22/2025 14:10,-11.982,0.06,0.118,0.043,0.148,0.101,-12.024,0.076,0.163,0.053,0.151,0.091,eccentric_rotor,50
1/22/2025 14:10,-11.981,0.062,0.114,0.044,0.147,0.095,-12.024,0.075,0.14,0.053,0.137,0.097,eccentric_rotor,50
1/22/2025 14:10,-11.982,0.053,0.129,0.038,0.139,0.098,-12.024,0.064,0.157,0.045,0.143,0.092,eccentric_rotor,50
1/22/2025 14:10,-11.982,0.063,0.114,0.044,0.145,0.093,-12.024,0.072,0.14,0.051,0.139,0.097,eccentric_rotor,50
1/22/2025 14:10,-11.982,0.055,0.119,0.039,0.139,0.09,-12.024,0.063,0.153,0.044,0.142,0.092,eccentric_rotor,50
1/22/2025 14:10,-11.982,0.057,0.13,0.04,0.147,0.095,-12.024,0.064,0.143,0.045,0.146,0.095,eccentric_rotor,50
1/22/2025 14:10,-11.981,0.062,0.128,0.044,0.139,0.091,-12.024,0.076,0.156,0.054,0.143,0.089,eccentric_rotor,50
1/22/2025 14:10,-11.981,0.062,0.12,0.044,0.145,0.099,-12.024,0.065,0.15,0.046,0.152,0.088,eccentric_rotor,50
1/22/2025 14:10,-11.982,0.055,0.113,0.039,0.14,0.101,-12.024,0.066,0.139,0.047,0.145,0.093,eccentric_rotor,50
1/22/2025 14:10,-11.981,0.055,0.132,0.039,0.144,0.095,-12.024,0.077,0.136,0.054,0.153,0.09,eccentric_rotor,50
1/22/2025 14:10,-11.982,0.066,0.113,0.047,0.15,0.092,-12.024,0.075,0.155,0.053,0.149,0.095,eccentric_rotor,50
1/22/2025 14:10,-11.981,0.057,0.134,0.041,0.148,0.097,-12.025,0.066,0.141,0.047,0.142,0.097,eccentric_rotor,50
1/22/2025 14:11,-11.982,0.057,0.118,0.04,0.141,0.095,-12.024,0.066,0.141,0.047,0.143,0.091,eccentric_rotor,50
1/22/2025 14:11,-11.982,0.065,0.121,0.046,0.145,0.091,-12.025,0.079,0.155,0.056,0.148,0.088,eccentric_rotor,50
1/22/2025 14:11,-11.982,0.065,0.134,0.046,0.14,0.1,-12.025,0.066,0.139,0.047,0.153,0.094,eccentric_rotor,50
1/22/2025 14:11,-11.982,0.056,0.128,0.04,0.135,0.102,-12.024,0.079,0.156,0.056,0.158,0.093,eccentric_rotor,50
1/22/2025 14:11,-11.982,0.056,0.115,0.04,0.141,0.097,-12.024,0.065,0.146,0.046,0.149,0.088,eccentric_rotor,50
1/22/2025 14:11,-11.982,0.065,0.133,0.046,0.137,0.095,-12.024,0.066,0.158,0.047,0.154,0.096,eccentric_rotor,50
1/22/2025 14:11,-11.981,0.057,0.144,0.04,0.149,0.1,-12.024,0.076,0.156,0.054,0.154,0.092,eccentric_rotor,50
1/22/2025 14:11,-11.982,0.068,0.122,0.048,0.149,0.099,-12.024,0.077,0.147,0.055,0.148,0.098,eccentric_rotor,50
1/22/2025 14:11,-11.982,0.058,0.118,0.041,0.142,0.104,-12.024,0.065,0.159,0.046,0.153,0.091,eccentric_rotor,50
1/22/2025 14:11,-11.982,0.058,0.131,0.041,0.145,0.104,-12.024,0.074,0.142,0.052,0.144,0.096,eccentric_rotor,50
1/22/2025 14:11,-11.982,0.063,0.121,0.045,0.138,0.1,-12.024,0.065,0.155,0.046,0.155,0.096,eccentric_rotor,50
1/22/2025 14:11,-11.981,0.066,0.129,0.047,0.143,0.096,-12.024,0.077,0.143,0.055,0.145,0.099,eccentric_rotor,50
1/22/2025 14:11,-11.982,0.058,0.12,0.041,0.136,0.106,-12.024,0.064,0.158,0.045,0.153,0.096,eccentric_rotor,50
1/22/2025 14:12,-11.982,0.056,0.13,0.039,0.148,0.109,-12.024,0.066,0.156,0.047,0.146,0.1,eccentric_rotor,50
1/22/2025 14:12,-11.981,0.063,0.13,0.045,0.149,0.105,-12.025,0.079,0.137,0.056,0.148,0.093,eccentric_rotor,50
1/22/2025 14:12,-11.982,0.066,0.114,0.047,0.144,0.107,-12.025,0.064,0.139,0.046,0.157,0.102,eccentric_rotor,50
1/22/2025 14:12,-11.981,0.055,0.125,0.039,0.141,0.102,-12.025,0.074,0.156,0.053,0.156,0.103,eccentric_rotor,50
1/22/2025 14:12,-11.981,0.056,0.125,0.04,0.149,0.108,-12.025,0.074,0.141,0.052,0.147,0.099,eccentric_rotor,50
1/22/2025 14:12,-11.981,0.065,0.113,0.046,0.147,0.104,-12.024,0.063,0.158,0.045,0.152,0.102,eccentric_rotor,50
1/22/2025 14:12,-11.981,0.055,0.132,0.039,0.152,0.095,-12.025,0.074,0.151,0.052,0.145,0.097,eccentric_rotor,50
1/22/2025 14:12,-11.981,0.062,0.114,0.044,0.149,0.094,-12.024,0.073,0.136,0.052,0.143,0.103,eccentric_rotor,50
1/22/2025 14:12,-11.981,0.053,0.129,0.038,0.162,0.1,-12.024,0.068,0.158,0.048,0.15,0.1,eccentric_rotor,50
1/22/2025 14:12,-11.981,0.064,0.117,0.045,0.147,0.096,-12.024,0.065,0.152,0.046,0.152,0.093,eccentric_rotor,50
1/22/2025 14:12,-11.981,0.058,0.128,0.041,0.157,0.099,-12.025,0.076,0.139,0.053,0.155,0.091,eccentric_rotor,50
1/22/2025 14:12,-11.981,0.062,0.118,0.044,0.161,0.099,-12.025,0.066,0.159,0.047,0.147,0.097,eccentric_rotor,50
1/22/2025 14:12,-11.981,0.057,0.126,0.04,0.155,0.094,-12.024,0.077,0.161,0.055,0.145,0.092,eccentric_rotor,50
1/22/2025 14:13,-11.981,0.064,0.135,0.045,0.153,0.09,-12.025,0.074,0.143,0.053,0.153,0.096,eccentric_rotor,50
1/22/2025 14:13,-11.981,0.056,0.119,0.039,0.154,0.094,-12.024,0.066,0.16,0.047,0.148,0.09,eccentric_rotor,50
1/22/2025 14:13,-11.981,0.065,0.13,0.046,0.16,0.099,-12.024,0.076,0.139,0.054,0.142,0.095,eccentric_rotor,50
1/22/2025 14:13,-11.981,0.065,0.115,0.046,0.153,0.097,-12.025,0.063,0.153,0.044,0.146,0.088,eccentric_rotor,50
1/22/2025 14:13,-11.981,0.058,0.131,0.041,0.143,0.103,-12.024,0.064,0.162,0.045,0.156,0.091,eccentric_rotor,50
1/22/2025 14:13,-11.981,0.054,0.117,0.039,0.144,0.1,-12.025,0.065,0.142,0.046,0.149,0.096,eccentric_rotor,50
1/22/2025 14:13,-11.981,0.066,0.127,0.047,0.15,0.095,-12.025,0.077,0.138,0.054,0.148,0.099,eccentric_rotor,50
1/22/2025 14:13,-11.981,0.055,0.134,0.039,0.144,0.1,-12.025,0.066,0.154,0.047,0.155,0.092,eccentric_rotor,50
1/22/2025 14:13,-11.981,0.057,0.115,0.04,0.147,0.096,-12.025,0.081,0.146,0.057,0.159,0.096,eccentric_rotor,50
1/22/2025 14:13,-11.981,0.066,0.118,0.047,0.141,0.102,-12.025,0.075,0.163,0.053,0.153,0.096,eccentric_rotor,50
1/22/2025 14:13,-11.981,0.058,0.134,0.041,0.137,0.1,-12.025,0.069,0.146,0.049,0.169,0.098,eccentric_rotor,50
1/22/2025 14:14,-11.981,0.068,0.118,0.048,0.14,0.097,-12.025,0.066,0.154,0.047,0.151,0.092,eccentric_rotor,50
1/22/2025 14:14,-11.981,0.065,0.131,0.046,0.146,0.104,-12.025,0.075,0.14,0.053,0.165,0.096,eccentric_rotor,50
1/22/2025 14:14,-11.981,0.059,0.116,0.041,0.144,0.105,-12.025,0.074,0.162,0.052,0.157,0.093,eccentric_rotor,50
1/22/2025 14:14,-11.981,0.065,0.116,0.046,0.151,0.099,-12.025,0.065,0.165,0.046,0.162,0.099,eccentric_rotor,50
1/22/2025 14:14,-11.981,0.056,0.132,0.04,0.143,0.104,-12.025,0.076,0.146,0.054,0.157,0.101,eccentric_rotor,50
1/22/2025 14:14,-11.981,0.063,0.135,0.044,0.15,0.1,-12.025,0.065,0.14,0.046,0.155,0.095,eccentric_rotor,50
1/22/2025 14:14,-11.981,0.056,0.116,0.04,0.146,0.103,-12.025,0.072,0.154,0.051,0.164,0.1,eccentric_rotor,50
1/22/2025 14:14,-11.981,0.063,0.131,0.045,0.152,0.099,-12.025,0.074,0.142,0.053,0.155,0.096,eccentric_rotor,50
1/22/2025 14:14,-11.982,0.06,0.134,0.043,0.149,0.097,-12.025,0.064,0.139,0.045,0.148,0.098,eccentric_rotor,50
1/22/2025 14:14,-11.981,0.056,0.117,0.04,0.145,0.095,-12.025,0.076,0.155,0.054,0.149,0.095,eccentric_rotor,50
1/22/2025 14:14,-11.982,0.063,0.134,0.045,0.153,0.101,-12.025,0.063,0.14,0.045,0.155,0.091,eccentric_rotor,50
1/22/2025 14:14,-11.982,0.056,0.116,0.039,0.155,0.093,-12.025,0.066,0.139,0.047,0.153,0.096,eccentric_rotor,50
1/22/2025 14:14,-11.981,0.066,0.112,0.046,0.149,0.099,-12.025,0.076,0.154,0.054,0.149,0.097,eccentric_rotor,50
1/22/2025 14:15,-11.981,0.055,0.127,0.039,0.149,0.09,-12.025,0.064,0.16,0.045,0.154,0.09,eccentric_rotor,50
1/22/2025 14:15,-11.981,0.064,0.113,0.045,0.153,0.091,-12.025,0.073,0.14,0.052,0.145,0.096,eccentric_rotor,50
1/22/2025 14:15,-11.982,0.057,0.13,0.04,0.148,0.096,-12.025,0.064,0.143,0.045,0.142,0.087,eccentric_rotor,50
1/22/2025 14:15,-11.982,0.062,0.114,0.044,0.154,0.093,-12.025,0.074,0.162,0.052,0.147,0.088,eccentric_rotor,50
1/22/2025 14:15,-11.981,0.055,0.118,0.039,0.144,0.097,-12.025,0.073,0.166,0.052,0.152,0.093,eccentric_rotor,50
1/22/2025 14:15,-11.981,0.055,0.139,0.039,0.142,0.095,-12.025,0.075,0.143,0.053,0.155,0.09,eccentric_rotor,50
1/22/2025 14:15,-11.981,0.055,0.116,0.039,0.149,0.099,-12.025,0.065,0.155,0.046,0.149,0.095,eccentric_rotor,50
1/22/2025 14:15,-11.981,0.062,0.143,0.044,0.14,0.094,-12.024,0.064,0.142,0.045,0.149,0.091,eccentric_rotor,50
1/22/2025 14:15,-11.981,0.064,0.117,0.045,0.148,0.099,-12.024,0.079,0.162,0.056,0.157,0.091,eccentric_rotor,50
1/22/2025 14:15,-11.982,0.055,0.126,0.039,0.136,0.099,-12.024,0.073,0.143,0.052,0.155,0.096,eccentric_rotor,50
1/22/2025 14:15,-11.981,0.055,0.127,0.039,0.137,0.09,-12.024,0.075,0.158,0.053,0.149,0.095,eccentric_rotor,50
1/22/2025 14:16,-11.981,0.066,0.117,0.046,0.144,0.091,-12.024,0.064,0.139,0.045,0.151,0.088,eccentric_rotor,50
1/22/2025 14:16,-11.982,0.055,0.13,0.039,0.141,0.095,-12.024,0.073,0.144,0.052,0.157,0.089,eccentric_rotor,50
1/22/2025 14:16,-11.981,0.062,0.116,0.044,0.145,0.093,-12.024,0.065,0.159,0.046,0.155,0.092,eccentric_rotor,50
1/22/2025 14:16,-11.981,0.056,0.115,0.04,0.142,0.103,-12.024,0.075,0.152,0.053,0.15,0.09,eccentric_rotor,50
1/22/2025 14:16,-11.981,0.064,0.131,0.045,0.148,0.093,-12.024,0.065,0.143,0.046,0.158,0.097,eccentric_rotor,50
1/22/2025 14:16,-11.981,0.056,0.12,0.04,0.141,0.096,-12.025,0.074,0.156,0.052,0.158,0.09,eccentric_rotor,50
1/22/2025 14:16,-11.982,0.063,0.121,0.045,0.146,0.09,-12.025,0.076,0.138,0.054,0.152,0.094,eccentric_rotor,50
1/22/2025 14:16,-11.982,0.063,0.129,0.044,0.137,0.095,-12.025,0.069,0.153,0.049,0.16,0.089,eccentric_rotor,50
1/22/2025 14:16,-11.981,0.058,0.117,0.041,0.139,0.092,-12.025,0.072,0.155,0.051,0.154,0.089,eccentric_rotor,50
1/22/2025 14:16,-11.982,0.056,0.13,0.04,0.142,0.101,-12.025,0.066,0.144,0.047,0.159,0.092,eccentric_rotor,50
1/22/2025 14:16,-11.981,0.063,0.142,0.044,0.14,0.096,-12.025,0.062,0.159,0.044,0.152,0.091,eccentric_rotor,50
1/22/2025 14:16,-11.981,0.063,0.119,0.045,0.147,0.1,-12.025,0.075,0.145,0.053,0.15,0.097,eccentric_rotor,50
1/22/2025 14:17,-11.981,0.059,0.116,0.042,0.151,0.102,-12.025,0.064,0.161,0.046,0.155,0.092,eccentric_rotor,50
1/22/2025 14:17,-11.981,0.063,0.131,0.044,0.138,0.096,-12.025,0.076,0.134,0.054,0.149,0.096,eccentric_rotor,50
1/22/2025 14:17,-11.981,0.057,0.115,0.04,0.137,0.093,-12.025,0.065,0.159,0.046,0.154,0.098,eccentric_rotor,50
1/22/2025 14:17,-11.981,0.056,0.126,0.04,0.143,0.105,-12.025,0.074,0.15,0.052,0.147,0.093,eccentric_rotor,50
1/22/2025 14:17,-11.981,0.064,0.114,0.045,0.138,0.096,-12.025,0.077,0.14,0.054,0.153,0.09,eccentric_rotor,50
1/22/2025 14:17,-11.982,0.057,0.127,0.04,0.141,0.103,-12.025,0.063,0.159,0.045,0.143,0.1,eccentric_rotor,50
1/22/2025 14:17,-11.981,0.057,0.115,0.041,0.149,0.094,-12.025,0.063,0.138,0.044,0.143,0.098,eccentric_rotor,50
1/22/2025 14:17,-11.982,0.063,0.129,0.045,0.142,0.103,-12.025,0.074,0.158,0.052,0.15,0.093,eccentric_rotor,50
1/22/2025 14:17,-11.981,0.064,0.127,0.045,0.149,0.092,-12.024,0.074,0.134,0.052,0.146,0.099,eccentric_rotor,50
1/22/2025 14:17,-11.981,0.057,0.115,0.04,0.15,0.098,-12.025,0.066,0.158,0.047,0.152,0.091,eccentric_rotor,50
1/22/2025 14:17,-11.982,0.055,0.118,0.039,0.144,0.099,-12.024,0.063,0.147,0.045,0.145,0.099,eccentric_rotor,50
1/22/2025 14:17,-11.982,0.063,0.129,0.045,0.141,0.095,-12.024,0.073,0.158,0.052,0.152,0.088,eccentric_rotor,50
1/22/2025 14:17,-11.981,0.063,0.13,0.044,0.153,0.1,-12.025,0.073,0.143,0.052,0.146,0.093,eccentric_rotor,50
1/22/2025 14:17,-11.982,0.056,0.118,0.04,0.151,0.095,-12.025,0.067,0.157,0.047,0.153,0.096,eccentric_rotor,50
1/22/2025 14:18,-11.981,0.054,0.115,0.038,0.143,0.092,-12.024,0.076,0.158,0.054,0.151,0.091,eccentric_rotor,50
1/22/2025 14:18,-11.982,0.061,0.129,0.043,0.151,0.091,-12.025,0.065,0.144,0.046,0.142,0.097,eccentric_rotor,50
1/22/2025 14:18,-11.981,0.057,0.126,0.04,0.142,0.097,-12.024,0.076,0.144,0.054,0.143,0.092,eccentric_rotor,50
1/22/2025 14:18,-11.981,0.065,0.116,0.046,0.149,0.094,-12.024,0.066,0.163,0.046,0.145,0.096,eccentric_rotor,50
1/22/2025 14:18,-11.981,0.057,0.127,0.04,0.14,0.098,-12.024,0.077,0.146,0.054,0.151,0.087,eccentric_rotor,50
1/22/2025 14:18,-11.982,0.065,0.127,0.046,0.146,0.09,-12.024,0.065,0.158,0.046,0.157,0.093,eccentric_rotor,50
1/22/2025 14:18,-11.982,0.058,0.119,0.041,0.147,0.091,-12.024,0.074,0.157,0.052,0.144,0.09,eccentric_rotor,50
1/22/2025 14:18,-11.981,0.064,0.131,0.045,0.142,0.105,-12.024,0.076,0.141,0.054,0.15,0.094,eccentric_rotor,50
1/22/2025 14:18,-11.981,0.066,0.121,0.047,0.148,0.105,-12.024,0.067,0.157,0.047,0.143,0.091,eccentric_rotor,50
1/22/2025 14:18,-11.981,0.056,0.129,0.04,0.142,0.095,-12.024,0.077,0.141,0.054,0.146,0.087,eccentric_rotor,50
1/22/2025 14:18,-11.981,0.058,0.12,0.041,0.141,0.104,-12.024,0.065,0.156,0.046,0.155,0.088,eccentric_rotor,50
1/22/2025 14:18,-11.981,0.065,0.127,0.046,0.137,0.1,-12.024,0.075,0.14,0.053,0.148,0.101,eccentric_rotor,50
1/22/2025 14:19,-11.981,0.063,0.129,0.045,0.146,0.095,-12.024,0.066,0.166,0.046,0.154,0.101,eccentric_rotor,50
1/22/2025 14:19,-11.981,0.056,0.116,0.04,0.14,0.107,-12.024,0.074,0.158,0.052,0.148,0.092,eccentric_rotor,50
1/22/2025 14:19,-11.981,0.063,0.145,0.045,0.142,0.098,-12.024,0.066,0.144,0.047,0.147,0.098,eccentric_rotor,50
1/22/2025 14:19,-11.981,0.065,0.118,0.046,0.136,0.106,-12.024,0.072,0.138,0.051,0.157,0.099,eccentric_rotor,50
1/22/2025 14:19,-11.981,0.059,0.133,0.042,0.14,0.098,-12.024,0.066,0.154,0.047,0.156,0.095,eccentric_rotor,50
1/22/2025 14:19,-11.981,0.058,0.131,0.041,0.153,0.093,-12.024,0.078,0.148,0.055,0.146,0.091,eccentric_rotor,50
1/22/2025 14:19,-11.981,0.061,0.117,0.043,0.156,0.097,-12.024,0.076,0.168,0.053,0.148,0.101,eccentric_rotor,50
1/22/2025 14:19,-11.982,0.059,0.122,0.042,0.144,0.106,-12.024,0.065,0.164,0.046,0.157,0.095,eccentric_rotor,50
1/22/2025 14:19,-11.981,0.066,0.128,0.047,0.149,0.105,-12.024,0.076,0.142,0.053,0.153,0.1,eccentric_rotor,50
1/22/2025 14:19,-11.981,0.057,0.137,0.041,0.155,0.099,-12.025,0.069,0.144,0.049,0.146,0.094,eccentric_rotor,50
1/22/2025 14:19,-11.982,0.065,0.12,0.046,0.148,0.097,-12.025,0.077,0.162,0.054,0.144,0.089,eccentric_rotor,50
1/22/2025 14:19,-11.982,0.066,0.119,0.047,0.155,0.107,-12.024,0.067,0.163,0.047,0.154,0.093,eccentric_rotor,50
1/22/2025 14:20,-11.981,0.059,0.127,0.042,0.147,0.102,-12.025,0.079,0.142,0.056,0.148,0.101,eccentric_rotor,50
1/22/2025 14:20,-11.981,0.065,0.14,0.046,0.155,0.108,-12.024,0.067,0.18,0.048,0.152,0.101,eccentric_rotor,50
1/22/2025 14:20,-11.981,0.065,0.118,0.046,0.147,0.103,-12.025,0.077,0.153,0.054,0.152,0.095,eccentric_rotor,50
1/22/2025 14:20,-11.981,0.058,0.117,0.041,0.139,0.108,-12.024,0.081,0.144,0.057,0.143,0.093,eccentric_rotor,50
1/22/2025 14:20,-11.981,0.068,0.133,0.048,0.147,0.103,-12.025,0.065,0.166,0.046,0.148,0.102,eccentric_rotor,50
1/22/2025 14:20,-11.981,0.058,0.115,0.041,0.142,0.102,-12.024,0.076,0.143,0.054,0.145,0.098,eccentric_rotor,50
1/22/2025 14:20,-11.981,0.064,0.129,0.046,0.155,0.107,-12.024,0.078,0.144,0.055,0.151,0.103,eccentric_rotor,50
1/22/2025 14:20,-11.981,0.067,0.114,0.047,0.154,0.103,-12.024,0.067,0.165,0.048,0.147,0.098,eccentric_rotor,50
1/22/2025 14:20,-11.982,0.059,0.118,0.042,0.148,0.108,-12.024,0.075,0.145,0.053,0.141,0.103,eccentric_rotor,50
1/22/2025 14:20,-11.981,0.065,0.132,0.046,0.147,0.101,-12.024,0.064,0.165,0.045,0.144,0.097,eccentric_rotor,50
1/22/2025 14:20,-11.982,0.058,0.146,0.041,0.157,0.105,-12.024,0.065,0.143,0.046,0.152,0.102,eccentric_rotor,50
1/22/2025 14:20,-11.982,0.057,0.121,0.041,0.152,0.1,-12.024,0.077,0.143,0.055,0.15,0.098,eccentric_rotor,50
1/22/2025 14:21,-11.982,0.065,0.121,0.046,0.157,0.099,-12.025,0.068,0.144,0.048,0.159,0.101,eccentric_rotor,50
1/22/2025 14:21,-11.981,0.06,0.136,0.042,0.152,0.11,-12.025,0.074,0.16,0.052,0.148,0.103,eccentric_rotor,50
1/22/2025 14:21,-11.982,0.064,0.134,0.045,0.155,0.103,-12.025,0.067,0.164,0.047,0.152,0.097,eccentric_rotor,50
1/22/2025 14:21,-11.982,0.059,0.118,0.042,0.16,0.1,-12.025,0.073,0.141,0.052,0.158,0.1,eccentric_rotor,50
1/22/2025 14:21,-11.981,0.063,0.131,0.045,0.151,0.107,-12.025,0.065,0.14,0.046,0.158,0.096,eccentric_rotor,50
1/22/2025 14:21,-11.982,0.055,0.115,0.039,0.157,0.107,-12.025,0.076,0.156,0.054,0.152,0.095,eccentric_rotor,50
1/22/2025 14:21,-11.981,0.063,0.139,0.045,0.153,0.099,-12.025,0.062,0.162,0.044,0.159,0.104,eccentric_rotor,50
1/22/2025 14:21,-11.981,0.063,0.115,0.045,0.158,0.107,-12.025,0.074,0.136,0.053,0.159,0.097,eccentric_rotor,50
1/22/2025 14:21,-11.982,0.055,0.145,0.039,0.152,0.098,-12.025,0.062,0.156,0.044,0.151,0.096,eccentric_rotor,50
1/22/2025 14:21,-11.982,0.055,0.131,0.039,0.157,0.103,-12.025,0.077,0.161,0.054,0.144,0.101,eccentric_rotor,50
1/22/2025 14:21,-11.982,0.066,0.127,0.046,0.149,0.098,-12.024,0.065,0.144,0.046,0.149,0.102,eccentric_rotor,50
1/22/2025 14:21,-11.981,0.055,0.118,0.039,0.148,0.099,-12.024,0.074,0.141,0.053,0.158,0.095,eccentric_rotor,50
1/22/2025 14:22,-11.981,0.061,0.116,0.043,0.157,0.092,-12.024,0.066,0.152,0.047,0.158,0.102,eccentric_rotor,50
1/22/2025 14:22,-11.981,0.063,0.138,0.044,0.162,0.096,-12.024,0.065,0.143,0.046,0.153,0.095,eccentric_rotor,50
1/22/2025 14:22,-11.981,0.057,0.118,0.04,0.148,0.093,-12.024,0.076,0.144,0.053,0.152,0.099,eccentric_rotor,50
1/22/2025 14:22,-11.981,0.056,0.113,0.039,0.158,0.103,-12.024,0.067,0.156,0.047,0.159,0.095,eccentric_rotor,50
1/22/2025 14:22,-11.981,0.063,0.131,0.045,0.157,0.097,-12.025,0.076,0.14,0.053,0.155,0.095,eccentric_rotor,50
1/22/2025 14:22,-11.981,0.056,0.132,0.04,0.15,0.092,-12.025,0.064,0.162,0.045,0.163,0.088,eccentric_rotor,50
1/22/2025 14:22,-11.981,0.057,0.117,0.04,0.152,0.1,-12.025,0.074,0.136,0.053,0.155,0.093,eccentric_rotor,50
1/22/2025 14:22,-11.982,0.065,0.115,0.046,0.159,0.092,-12.025,0.062,0.166,0.044,0.162,0.09,eccentric_rotor,50
1/22/2025 14:22,-11.982,0.064,0.136,0.045,0.148,0.102,-12.025,0.065,0.152,0.046,0.154,0.099,eccentric_rotor,50
1/22/2025 14:22,-11.981,0.056,0.133,0.04,0.148,0.1,-12.025,0.077,0.142,0.055,0.159,0.094,eccentric_rotor,50
1/22/2025 14:22,-11.981,0.056,0.116,0.039,0.138,0.085,-12.025,0.072,0.141,0.051,0.156,0.089,eccentric_rotor,50
1/22/2025 14:22,-11.982,0.065,0.137,0.046,0.143,0.092,-12.025,0.064,0.155,0.046,0.162,0.089,eccentric_rotor,50
1/22/2025 14:23,-11.981,0.064,0.119,0.045,0.139,0.099,-12.025,0.078,0.161,0.055,0.155,0.095,eccentric_rotor,50
1/22/2025 14:23,-11.981,0.055,0.115,0.039,0.153,0.096,-12.025,0.063,0.141,0.044,0.16,0.091,eccentric_rotor,50
1/22/2025 14:23,-11.982,0.066,0.132,0.046,0.145,0.103,-12.025,0.065,0.16,0.046,0.152,0.098,eccentric_rotor,50
1/22/2025 14:23,-11.981,0.057,0.113,0.04,0.138,0.092,-12.025,0.076,0.146,0.054,0.152,0.097,eccentric_rotor,50
1/22/2025 14:23,-11.982,0.064,0.129,0.045,0.139,0.1,-12.025,0.073,0.137,0.051,0.164,0.083,eccentric_rotor,50
1/22/2025 14:23,-11.982,0.061,0.115,0.043,0.148,0.095,-12.025,0.065,0.157,0.046,0.156,0.09,eccentric_rotor,50
1/22/2025 14:23,-11.982,0.055,0.13,0.039,0.143,0.104,-12.025,0.073,0.137,0.052,0.152,0.096,eccentric_rotor,50
1/22/2025 14:23,-11.982,0.063,0.134,0.044,0.15,0.097,-12.025,0.063,0.151,0.045,0.16,0.093,eccentric_rotor,50
1/22/2025 14:23,-11.982,0.055,0.119,0.039,0.148,0.093,-12.025,0.073,0.14,0.052,0.159,0.099,eccentric_rotor,50
1/22/2025 14:23,-11.982,0.056,0.134,0.04,0.138,0.094,-12.025,0.065,0.159,0.046,0.151,0.089,eccentric_rotor,50
1/22/2025 14:23,-11.982,0.061,0.117,0.043,0.14,0.101,-12.025,0.066,0.156,0.047,0.156,0.096,eccentric_rotor,50
1/22/2025 14:24,-11.982,0.058,0.129,0.041,0.148,0.098,-12.025,0.077,0.145,0.055,0.161,0.091,eccentric_rotor,50
1/22/2025 14:24,-11.982,0.064,0.121,0.045,0.145,0.094,-12.025,0.065,0.143,0.046,0.157,0.098,eccentric_rotor,50
1/22/2025 14:24,-11.982,0.056,0.136,0.04,0.151,0.091,-12.025,0.074,0.162,0.053,0.151,0.093,eccentric_rotor,50
1/22/2025 14:24,-11.982,0.063,0.121,0.044,0.147,0.091,-12.025,0.074,0.157,0.052,0.153,0.089,eccentric_rotor,50
1/22/2025 14:24,-11.982,0.058,0.126,0.041,0.139,0.099,-12.024,0.066,0.143,0.047,0.145,0.091,eccentric_rotor,50
1/22/2025 14:24,-11.982,0.064,0.117,0.045,0.143,0.094,-12.024,0.066,0.156,0.047,0.142,0.098,eccentric_rotor,50
1/22/2025 14:24,-11.982,0.057,0.138,0.04,0.153,0.101,-12.024,0.075,0.144,0.053,0.144,0.095,eccentric_rotor,50
1/22/2025 14:24,-11.982,0.065,0.114,0.046,0.144,0.095,-12.024,0.075,0.144,0.053,0.158,0.091,eccentric_rotor,50
1/22/2025 14:24,-11.982,0.065,0.129,0.046,0.14,0.101,-12.024,0.06,0.16,0.043,0.151,0.089,eccentric_rotor,50
1/22/2025 14:24,-11.982,0.054,0.117,0.038,0.149,0.095,-12.024,0.074,0.16,0.052,0.143,0.093,eccentric_rotor,50
1/22/2025 14:24,-11.982,0.064,0.131,0.045,0.14,0.105,-12.024,0.066,0.138,0.047,0.144,0.094,eccentric_rotor,50
1/22/2025 14:24,-11.982,0.057,0.129,0.041,0.147,0.104,-12.024,0.077,0.156,0.054,0.152,0.088,eccentric_rotor,50
1/22/2025 14:24,-11.982,0.064,0.118,0.046,0.14,0.1,-12.025,0.064,0.141,0.045,0.147,0.091,eccentric_rotor,50
1/22/2025 14:25,-11.982,0.057,0.127,0.04,0.14,0.103,-12.025,0.076,0.159,0.054,0.157,0.097,eccentric_rotor,50
1/22/2025 14:25,-11.982,0.064,0.119,0.045,0.145,0.093,-12.025,0.066,0.138,0.046,0.144,0.092,eccentric_rotor,50
1/22/2025 14:25,-11.982,0.058,0.118,0.041,0.139,0.104,-12.025,0.074,0.159,0.052,0.153,0.097,eccentric_rotor,50
1/22/2025 14:25,-11.982,0.057,0.13,0.04,0.141,0.096,-12.025,0.066,0.157,0.046,0.145,0.092,eccentric_rotor,50
1/22/2025 14:25,-11.982,0.063,0.117,0.044,0.151,0.1,-12.025,0.075,0.143,0.053,0.147,0.1,eccentric_rotor,50
1/22/2025 14:25,-11.982,0.063,0.133,0.045,0.149,0.095,-12.025,0.066,0.157,0.047,0.155,0.099,eccentric_rotor,50
1/22/2025 14:25,-11.982,0.057,0.117,0.04,0.144,0.104,-12.024,0.076,0.146,0.054,0.152,0.095,eccentric_rotor,50
1/22/2025 14:25,-11.982,0.056,0.111,0.039,0.143,0.096,-12.024,0.063,0.14,0.045,0.145,0.097,eccentric_rotor,50
1/22/2025 14:25,-11.982,0.064,0.138,0.046,0.154,0.1,-12.024,0.074,0.155,0.052,0.158,0.09,eccentric_rotor,50
1/22/2025 14:25,-11.982,0.064,0.134,0.045,0.153,0.096,-12.024,0.063,0.161,0.044,0.148,0.098,eccentric_rotor,50
1/22/2025 14:25,-11.982,0.055,0.115,0.039,0.148,0.104,-12.025,0.065,0.139,0.046,0.15,0.092,eccentric_rotor,50
1/22/2025 14:25,-11.982,0.056,0.116,0.04,0.152,0.098,-12.024,0.076,0.157,0.054,0.144,0.091,eccentric_rotor,50
1/22/2025 14:26,-11.982,0.065,0.129,0.046,0.141,0.101,-12.025,0.075,0.136,0.053,0.144,0.099,eccentric_rotor,50
1/22/2025 14:26,-11.982,0.063,0.128,0.044,0.152,0.095,-12.025,0.067,0.157,0.047,0.151,0.092,eccentric_rotor,50
1/22/2025 14:26,-11.982,0.058,0.117,0.041,0.144,0.1,-12.025,0.075,0.151,0.053,0.145,0.096,eccentric_rotor,50
1/22/2025 14:26,-11.982,0.056,0.13,0.04,0.149,0.096,-12.025,0.065,0.144,0.046,0.152,0.091,eccentric_rotor,50
1/22/2025 14:26,-11.982,0.063,0.118,0.045,0.143,0.094,-12.025,0.066,0.158,0.047,0.149,0.099,eccentric_rotor,50
1/22/2025 14:26,-11.982,0.058,0.119,0.041,0.154,0.102,-12.025,0.074,0.143,0.052,0.144,0.093,eccentric_rotor,50
1/22/2025 14:26,-11.982,0.061,0.128,0.043,0.142,0.102,-12.025,0.07,0.141,0.05,0.151,0.097,eccentric_rotor,50
1/22/2025 14:26,-11.982,0.056,0.134,0.04,0.148,0.091,-12.025,0.065,0.153,0.046,0.144,0.091,eccentric_rotor,50
1/22/2025 14:26,-11.982,0.058,0.116,0.041,0.151,0.096,-12.025,0.076,0.154,0.054,0.144,0.096,eccentric_rotor,50
1/22/2025 14:26,-11.982,0.065,0.118,0.046,0.144,0.1,-12.025,0.066,0.143,0.047,0.154,0.093,eccentric_rotor,50
1/22/2025 14:26,-11.982,0.059,0.135,0.042,0.144,0.094,-12.025,0.075,0.156,0.053,0.154,0.09,eccentric_rotor,50
1/22/2025 14:26,-11.982,0.064,0.115,0.045,0.15,0.094,-12.025,0.067,0.141,0.047,0.148,0.098,eccentric_rotor,50
1/22/2025 14:26,-11.982,0.058,0.129,0.041,0.143,0.101,-12.024,0.075,0.157,0.053,0.154,0.098,eccentric_rotor,50
1/22/2025 14:27,-11.982,0.058,0.117,0.041,0.149,0.096,-12.025,0.078,0.155,0.055,0.148,0.088,eccentric_rotor,50
1/22/2025 14:27,-11.982,0.063,0.141,0.045,0.149,0.095,-12.025,0.064,0.141,0.045,0.157,0.093,eccentric_rotor,50
1/22/2025 14:27,-11.982,0.067,0.122,0.047,0.145,0.099,-12.025,0.066,0.142,0.046,0.152,0.095,eccentric_rotor,50
1/22/2025 14:27,-11.982,0.058,0.116,0.041,0.151,0.104,-12.025,0.076,0.158,0.054,0.153,0.091,eccentric_rotor,50
1/22/2025 14:27,-11.982,0.057,0.133,0.041,0.149,0.1,-12.025,0.067,0.144,0.047,0.143,0.095,eccentric_rotor,50
1/22/2025 14:27,-11.982,0.065,0.12,0.046,0.139,0.109,-12.024,0.076,0.135,0.054,0.149,0.091,eccentric_rotor,50
1/22/2025 14:27,-11.982,0.059,0.138,0.042,0.143,0.103,-12.024,0.069,0.159,0.049,0.154,0.097,eccentric_rotor,50
1/22/2025 14:27,-11.982,0.066,0.119,0.047,0.148,0.099,-12.024,0.066,0.146,0.046,0.147,0.093,eccentric_rotor,50
1/22/2025 14:27,-11.982,0.058,0.131,0.041,0.142,0.108,-12.024,0.077,0.161,0.054,0.153,0.096,eccentric_rotor,50
1/22/2025 14:27,-11.982,0.066,0.132,0.046,0.142,0.102,-12.024,0.066,0.14,0.047,0.155,0.092,eccentric_rotor,50
1/22/2025 14:27,-11.982,0.059,0.131,0.042,0.149,0.102,-12.024,0.064,0.143,0.045,0.148,0.096,eccentric_rotor,50
1/22/2025 14:28,-11.982,0.065,0.115,0.046,0.148,0.11,-12.024,0.076,0.162,0.053,0.153,0.098,eccentric_rotor,50
1/22/2025 14:28,-11.982,0.056,0.117,0.039,0.142,0.108,-12.024,0.077,0.143,0.054,0.147,0.096,eccentric_rotor,50
1/22/2025 14:28,-11.982,0.056,0.136,0.04,0.144,0.101,-12.024,0.062,0.157,0.044,0.154,0.103,eccentric_rotor,50
1/22/2025 14:28,-11.982,0.064,0.131,0.045,0.153,0.108,-12.024,0.066,0.141,0.047,0.148,0.098,eccentric_rotor,50
1/22/2025 14:28,-11.982,0.057,0.115,0.04,0.148,0.103,-12.024,0.074,0.158,0.053,0.148,0.095,eccentric_rotor,50
1/22/2025 14:28,-11.982,0.066,0.129,0.046,0.159,0.11,-12.024,0.076,0.14,0.053,0.145,0.103,eccentric_rotor,50
1/22/2025 14:28,-11.981,0.055,0.119,0.039,0.151,0.11,-12.024,0.064,0.16,0.045,0.152,0.097,eccentric_rotor,50
1/22/2025 14:28,-11.982,0.057,0.132,0.04,0.155,0.105,-12.024,0.064,0.154,0.046,0.152,0.097,eccentric_rotor,50
1/22/2025 14:28,-11.982,0.066,0.129,0.047,0.147,0.1,-12.024,0.075,0.156,0.053,0.147,0.104,eccentric_rotor,50
1/22/2025 14:28,-11.982,0.056,0.117,0.04,0.159,0.104,-12.025,0.065,0.141,0.046,0.153,0.103,eccentric_rotor,50
1/22/2025 14:28,-11.982,0.064,0.134,0.045,0.152,0.097,-12.025,0.075,0.141,0.053,0.148,0.096,eccentric_rotor,50
1/22/2025 14:28,-11.982,0.064,0.129,0.045,0.161,0.093,-12.025,0.077,0.159,0.054,0.151,0.099,eccentric_rotor,50
1/22/2025 14:29,-11.982,0.056,0.132,0.04,0.161,0.099,-12.025,0.065,0.153,0.046,0.144,0.103,eccentric_rotor,50
1/22/2025 14:29,-11.982,0.062,0.117,0.044,0.15,0.095,-12.025,0.074,0.141,0.053,0.152,0.099,eccentric_rotor,50
1/22/2025 14:29,-11.982,0.057,0.135,0.041,0.159,0.097,-12.025,0.075,0.148,0.053,0.146,0.106,eccentric_rotor,50
1/22/2025 14:29,-11.982,0.066,0.115,0.047,0.155,0.101,-12.025,0.065,0.14,0.046,0.146,0.105,eccentric_rotor,50
1/22/2025 14:29,-11.982,0.056,0.121,0.04,0.162,0.104,-12.025,0.064,0.156,0.045,0.152,0.1,eccentric_rotor,50
1/22/2025 14:29,-11.982,0.063,0.14,0.044,0.161,0.094,-12.025,0.074,0.141,0.052,0.153,0.095,eccentric_rotor,50
1/22/2025 14:29,-11.982,0.056,0.121,0.04,0.156,0.093,-12.025,0.067,0.157,0.047,0.147,0.098,eccentric_rotor,50
1/22/2025 14:29,-11.982,0.062,0.135,0.044,0.15,0.104,-12.025,0.075,0.139,0.053,0.154,0.093,eccentric_rotor,50
1/22/2025 14:29,-11.982,0.063,0.12,0.045,0.152,0.104,-12.024,0.064,0.157,0.046,0.148,0.09,eccentric_rotor,50
1/22/2025 14:29,-11.982,0.058,0.139,0.041,0.144,0.097,-12.024,0.073,0.144,0.052,0.151,0.096,eccentric_rotor,50
1/22/2025 14:29,-11.982,0.056,0.134,0.039,0.149,0.097,-12.025,0.065,0.144,0.046,0.145,0.091,eccentric_rotor,50
1/22/2025 14:29,-11.982,0.065,0.12,0.046,0.141,0.098,-12.025,0.075,0.157,0.053,0.155,0.094,eccentric_rotor,50
1/22/2025 14:29,-11.982,0.064,0.134,0.045,0.141,0.104,-12.024,0.064,0.136,0.045,0.152,0.097,eccentric_rotor,50
1/22/2025 14:30,-11.982,0.055,0.117,0.039,0.149,0.104,-12.024,0.072,0.155,0.051,0.159,0.098,eccentric_rotor,50
1/22/2025 14:30,-11.982,0.056,0.12,0.04,0.153,0.101,-12.025,0.063,0.141,0.044,0.155,0.091,eccentric_rotor,50
1/22/2025 14:30,-11.982,0.066,0.136,0.047,0.141,0.101,-12.025,0.075,0.158,0.053,0.159,0.089,eccentric_rotor,50
1/22/2025 14:30,-11.982,0.056,0.12,0.04,0.141,0.106,-12.024,0.064,0.142,0.046,0.152,0.098,eccentric_rotor,50
1/22/2025 14:30,-11.982,0.056,0.136,0.039,0.152,0.104,-12.025,0.065,0.156,0.046,0.162,0.1,eccentric_rotor,50
1/22/2025 14:30,-11.982,0.061,0.137,0.043,0.154,0.097,-12.024,0.072,0.14,0.051,0.155,0.093,eccentric_rotor,50
1/22/2025 14:30,-11.982,0.055,0.116,0.039,0.149,0.095,-12.025,0.063,0.161,0.045,0.161,0.093,eccentric_rotor,50
1/22/2025 14:30,-11.982,0.064,0.136,0.045,0.144,0.101,-12.025,0.072,0.139,0.051,0.163,0.094,eccentric_rotor,50
1/22/2025 14:30,-11.982,0.057,0.117,0.04,0.144,0.096,-12.025,0.075,0.138,0.053,0.153,0.1,eccentric_rotor,50
1/22/2025 14:30,-11.982,0.065,0.132,0.046,0.152,0.099,-12.024,0.063,0.157,0.045,0.155,0.099,eccentric_rotor,50
1/22/2025 14:30,-11.982,0.058,0.115,0.041,0.146,0.105,-12.024,0.075,0.143,0.053,0.162,0.096,eccentric_rotor,50
1/22/2025 14:30,-11.982,0.062,0.133,0.044,0.152,0.102,-12.024,0.071,0.157,0.05,0.157,0.096,eccentric_rotor,50
1/22/2025 14:31,-11.982,0.058,0.118,0.041,0.149,0.095,-12.024,0.066,0.14,0.047,0.163,0.102,eccentric_rotor,50
1/22/2025 14:31,-11.982,0.056,0.141,0.04,0.153,0.098,-12.024,0.064,0.16,0.045,0.163,0.1,eccentric_rotor,50
1/22/2025 14:31,-11.982,0.067,0.118,0.047,0.15,0.101,-12.024,0.079,0.153,0.056,0.157,0.093,eccentric_rotor,50
1/22/2025 14:31,-11.982,0.064,0.117,0.045,0.156,0.103,-12.024,0.072,0.138,0.051,0.153,0.091,eccentric_rotor,50
1/22/2025 14:31,-11.982,0.057,0.134,0.041,0.146,0.094,-12.024,0.065,0.137,0.046,0.157,0.097,eccentric_rotor,50
1/22/2025 14:31,-11.982,0.066,0.118,0.047,0.144,0.099,-12.024,0.062,0.158,0.044,0.149,0.092,eccentric_rotor,50
1/22/2025 14:31,-11.982,0.054,0.119,0.039,0.152,0.092,-12.024,0.076,0.145,0.054,0.144,0.095,eccentric_rotor,50
1/22/2025 14:31,-11.982,0.062,0.128,0.044,0.144,0.098,-12.024,0.071,0.158,0.05,0.155,0.099,eccentric_rotor,50
1/22/2025 14:31,-11.982,0.056,0.118,0.04,0.146,0.096,-12.024,0.065,0.138,0.046,0.147,0.098,eccentric_rotor,50
1/22/2025 14:31,-11.982,0.064,0.135,0.045,0.155,0.1,-12.025,0.065,0.136,0.046,0.149,0.091,eccentric_rotor,50
1/22/2025 14:31,-11.982,0.056,0.12,0.039,0.151,0.098,-12.025,0.076,0.163,0.054,0.158,0.094,eccentric_rotor,50
1/22/2025 14:31,-11.982,0.061,0.131,0.043,0.142,0.104,-12.025,0.065,0.14,0.046,0.146,0.098,eccentric_rotor,50
1/22/2025 14:32,-11.982,0.056,0.116,0.04,0.145,0.097,-12.025,0.07,0.14,0.05,0.146,0.099,eccentric_rotor,50
1/22/2025 14:32,-11.982,0.065,0.129,0.046,0.149,0.105,-12.025,0.067,0.165,0.047,0.156,0.091,eccentric_rotor,50
1/22/2025 14:32,-11.982,0.056,0.116,0.039,0.151,0.099,-12.025,0.063,0.139,0.045,0.156,0.096,eccentric_rotor,50
1/22/2025 14:32,-11.982,0.058,0.133,0.041,0.14,0.097,-12.024,0.077,0.142,0.055,0.152,0.089,eccentric_rotor,50
1/22/2025 14:32,-11.982,0.062,0.119,0.044,0.144,0.1,-12.025,0.064,0.154,0.046,0.154,0.094,eccentric_rotor,50
1/22/2025 14:32,-11.982,0.055,0.127,0.039,0.138,0.101,-12.025,0.073,0.136,0.052,0.148,0.093,eccentric_rotor,50
1/22/2025 14:32,-11.982,0.066,0.115,0.047,0.145,0.095,-12.025,0.066,0.155,0.047,0.147,0.097,eccentric_rotor,50
1/22/2025 14:32,-11.982,0.058,0.13,0.041,0.142,0.093,-12.025,0.062,0.154,0.044,0.152,0.094,eccentric_rotor,50
1/22/2025 14:32,-11.982,0.064,0.132,0.045,0.149,0.097,-12.025,0.077,0.151,0.054,0.151,0.099,eccentric_rotor,50
1/22/2025 14:32,-11.982,0.064,0.123,0.045,0.146,0.098,-12.025,0.066,0.139,0.047,0.155,0.093,eccentric_rotor,50
1/22/2025 14:33,-11.982,0.066,0.135,0.046,0.153,0.093,-12.025,0.074,0.137,0.052,0.151,0.1,eccentric_rotor,50
1/22/2025 14:33,-11.982,0.056,0.118,0.04,0.154,0.097,-12.025,0.074,0.159,0.052,0.156,0.092,eccentric_rotor,50
1/22/2025 14:33,-11.982,0.057,0.136,0.04,0.145,0.098,-12.025,0.076,0.138,0.054,0.153,0.096,eccentric_rotor,50
1/22/2025 14:33,-11.982,0.063,0.119,0.045,0.153,0.093,-12.025,0.064,0.151,0.045,0.157,0.096,eccentric_rotor,50
1/22/2025 14:33,-11.982,0.063,0.132,0.045,0.144,0.098,-12.025,0.065,0.141,0.046,0.156,0.091,eccentric_rotor,50
1/22/2025 14:33,-11.982,0.057,0.118,0.04,0.149,0.096,-12.025,0.072,0.163,0.051,0.149,0.09,eccentric_rotor,50
1/22/2025 14:33,-11.982,0.065,0.135,0.046,0.148,0.099,-12.025,0.072,0.139,0.051,0.154,0.094,eccentric_rotor,50
1/22/2025 14:33,-11.982,0.055,0.117,0.039,0.142,0.103,-12.025,0.063,0.153,0.045,0.148,0.094,eccentric_rotor,50
1/22/2025 14:33,-11.982,0.068,0.129,0.048,0.14,0.095,-12.025,0.074,0.135,0.052,0.154,0.09,eccentric_rotor,50
1/22/2025 14:33,-11.982,0.059,0.132,0.042,0.145,0.097,-12.025,0.062,0.155,0.044,0.148,0.091,eccentric_rotor,50
1/22/2025 14:34,-11.982,0.066,0.117,0.047,0.145,0.101,-12.025,0.079,0.14,0.056,0.149,0.094,eccentric_rotor,50
1/22/2025 14:34,-11.982,0.066,0.116,0.046,0.14,0.096,-12.025,0.068,0.162,0.048,0.156,0.095,eccentric_rotor,50
1/22/2025 14:34,-11.982,0.065,0.133,0.046,0.14,0.108,-12.025,0.077,0.146,0.054,0.152,0.088,eccentric_rotor,50
1/22/2025 14:34,-11.982,0.056,0.122,0.04,0.145,0.109,-12.025,0.075,0.158,0.053,0.147,0.095,eccentric_rotor,50
1/22/2025 14:34,-11.982,0.057,0.137,0.04,0.147,0.096,-12.025,0.062,0.142,0.044,0.154,0.092,eccentric_rotor,50
1/22/2025 14:34,-11.982,0.065,0.124,0.046,0.139,0.097,-12.024,0.076,0.159,0.054,0.153,0.099,eccentric_rotor,50
1/22/2025 14:34,-11.982,0.056,0.133,0.04,0.145,0.101,-12.024,0.065,0.136,0.046,0.145,0.09,eccentric_rotor,50
1/22/2025 14:34,-11.982,0.064,0.135,0.046,0.144,0.103,-12.024,0.074,0.152,0.053,0.149,0.096,eccentric_rotor,50
1/22/2025 14:34,-11.982,0.057,0.13,0.04,0.155,0.098,-12.024,0.065,0.141,0.046,0.143,0.092,eccentric_rotor,50
1/22/2025 14:34,-11.982,0.058,0.116,0.041,0.14,0.096,-12.024,0.066,0.164,0.047,0.148,0.093,eccentric_rotor,50
1/22/2025 14:34,-11.982,0.066,0.117,0.047,0.151,0.101,-12.024,0.075,0.147,0.053,0.146,0.1,eccentric_rotor,50
1/22/2025 14:35,-11.982,0.063,0.138,0.045,0.144,0.094,-12.024,0.076,0.163,0.054,0.148,0.104,eccentric_rotor,50
1/22/2025 14:35,-11.982,0.056,0.137,0.039,0.171,0.1,-12.024,0.066,0.155,0.046,0.153,0.09,eccentric_rotor,50
1/22/2025 14:35,-11.982,0.063,0.124,0.045,0.16,0.101,-12.025,0.074,0.135,0.052,0.155,0.093,eccentric_rotor,50
1/22/2025 14:35,-11.982,0.055,0.12,0.039,0.143,0.098,-12.025,0.067,0.152,0.048,0.147,0.097,eccentric_rotor,50
1/22/2025 14:35,-11.982,0.065,0.133,0.046,0.142,0.102,-12.025,0.065,0.136,0.046,0.156,0.098,eccentric_rotor,50
1/22/2025 14:35,-11.982,0.064,0.12,0.046,0.148,0.096,-12.025,0.062,0.158,0.044,0.148,0.093,eccentric_rotor,50
1/22/2025 14:35,-11.982,0.055,0.12,0.039,0.149,0.101,-12.025,0.077,0.142,0.054,0.147,0.092,eccentric_rotor,50
1/22/2025 14:35,-11.982,0.056,0.132,0.04,0.146,0.114,-12.025,0.074,0.144,0.052,0.15,0.096,eccentric_rotor,50
1/22/2025 14:35,-11.982,0.062,0.129,0.044,0.142,0.106,-12.025,0.062,0.159,0.043,0.153,0.09,eccentric_rotor,50
1/22/2025 14:35,-11.982,0.055,0.116,0.039,0.15,0.11,-12.025,0.065,0.143,0.046,0.143,0.094,eccentric_rotor,50
1/22/2025 14:36,-11.982,0.063,0.117,0.045,0.149,0.101,-12.025,0.071,0.162,0.05,0.149,0.097,eccentric_rotor,50
1/22/2025 14:36,-11.982,0.064,0.132,0.046,0.141,0.097,-12.025,0.073,0.141,0.052,0.142,0.092,eccentric_rotor,50
1/22/2025 14:36,-11.982,0.056,0.133,0.04,0.15,0.097,-12.025,0.062,0.156,0.044,0.15,0.098,eccentric_rotor,50
1/22/2025 14:36,-11.982,0.057,0.114,0.041,0.144,0.105,-12.024,0.075,0.139,0.053,0.145,0.096,eccentric_rotor,50
1/22/2025 14:36,-11.982,0.063,0.126,0.044,0.15,0.097,-12.024,0.065,0.16,0.046,0.149,0.108,eccentric_rotor,50
1/22/2025 14:36,-11.982,0.062,0.134,0.044,0.148,0.102,-12.024,0.065,0.14,0.046,0.143,0.102,eccentric_rotor,50
1/22/2025 14:36,-11.982,0.057,0.12,0.04,0.158,0.102,-12.024,0.073,0.153,0.052,0.146,0.104,eccentric_rotor,50
1/22/2025 14:36,-11.982,0.063,0.131,0.045,0.165,0.097,-12.024,0.071,0.142,0.05,0.151,0.097,eccentric_rotor,50
1/22/2025 14:36,-11.982,0.056,0.117,0.04,0.162,0.095,-12.024,0.066,0.158,0.047,0.155,0.093,eccentric_rotor,50
1/22/2025 14:36,-11.982,0.057,0.128,0.04,0.152,0.1,-12.024,0.065,0.155,0.046,0.146,0.093,eccentric_rotor,50
1/22/2025 14:36,-11.982,0.065,0.12,0.046,0.15,0.096,-12.024,0.072,0.136,0.051,0.148,0.1,eccentric_rotor,50
1/22/2025 14:36,-11.982,0.057,0.131,0.04,0.145,0.099,-12.025,0.063,0.154,0.044,0.153,0.093,eccentric_rotor,50
1/22/2025 14:37,-11.982,0.063,0.119,0.044,0.154,0.096,-12.025,0.074,0.157,0.052,0.147,0.097,eccentric_rotor,50
1/22/2025 14:37,-11.982,0.064,0.116,0.045,0.144,0.103,-12.025,0.062,0.141,0.044,0.168,0.097,eccentric_rotor,50
1/22/2025 14:37,-11.982,0.058,0.128,0.041,0.151,0.096,-12.024,0.075,0.163,0.053,0.148,0.098,eccentric_rotor,50
1/22/2025 14:37,-11.982,0.058,0.115,0.041,0.152,0.099,-12.025,0.067,0.144,0.048,0.152,0.092,eccentric_rotor,50
1/22/2025 14:37,-11.982,0.067,0.132,0.048,0.144,0.095,-12.025,0.072,0.159,0.051,0.153,0.092,eccentric_rotor,50
1/22/2025 14:37,-11.982,0.056,0.119,0.039,0.148,0.097,-12.025,0.066,0.135,0.047,0.146,0.095,eccentric_rotor,50
1/22/2025 14:37,-11.982,0.064,0.121,0.045,0.143,0.094,-12.025,0.075,0.141,0.053,0.151,0.092,eccentric_rotor,50
1/22/2025 14:37,-11.982,0.06,0.137,0.043,0.144,0.094,-12.025,0.076,0.153,0.054,0.145,0.095,eccentric_rotor,50
1/22/2025 14:37,-11.982,0.065,0.136,0.046,0.148,0.1,-12.025,0.063,0.142,0.044,0.154,0.091,eccentric_rotor,50
1/22/2025 14:37,-11.982,0.057,0.124,0.04,0.14,0.099,-12.025,0.074,0.159,0.052,0.148,0.099,eccentric_rotor,50
1/22/2025 14:37,-11.982,0.058,0.14,0.041,0.151,0.094,-12.025,0.069,0.158,0.049,0.153,0.092,eccentric_rotor,50
1/22/2025 14:37,-11.982,0.067,0.125,0.047,0.153,0.09,-12.025,0.074,0.142,0.052,0.149,0.091,eccentric_rotor,50
1/22/2025 14:38,-11.982,0.056,0.119,0.039,0.145,0.095,-12.025,0.064,0.158,0.045,0.16,0.095,eccentric_rotor,50
1/22/2025 14:38,-11.982,0.066,0.133,0.047,0.142,0.096,-12.025,0.065,0.143,0.046,0.163,0.094,eccentric_rotor,50
1/22/2025 14:38,-11.982,0.058,0.139,0.041,0.146,0.096,-12.025,0.078,0.159,0.055,0.16,0.09,eccentric_rotor,50
1/22/2025 14:38,-11.982,0.062,0.121,0.044,0.141,0.1,-12.025,0.063,0.143,0.045,0.163,0.09,eccentric_rotor,50
1/22/2025 14:38,-11.982,0.056,0.134,0.039,0.138,0.096,-12.025,0.077,0.157,0.055,0.154,0.095,eccentric_rotor,50
1/22/2025 14:38,-11.982,0.065,0.117,0.046,0.149,0.106,-12.025,0.066,0.163,0.046,0.148,0.096,eccentric_rotor,50
1/22/2025 14:38,-11.982,0.056,0.123,0.039,0.148,0.103,-12.025,0.073,0.138,0.052,0.149,0.089,eccentric_rotor,50
1/22/2025 14:38,-11.982,0.065,0.133,0.046,0.139,0.096,-12.025,0.062,0.155,0.044,0.153,0.088,eccentric_rotor,50
1/22/2025 14:38,-11.982,0.063,0.139,0.045,0.135,0.102,-12.025,0.074,0.137,0.053,0.147,0.091,eccentric_rotor,50
1/22/2025 14:38,-11.982,0.063,0.119,0.045,0.141,0.104,-12.025,0.064,0.157,0.045,0.149,0.091,eccentric_rotor,50
1/22/2025 14:38,-11.982,0.057,0.118,0.04,0.145,0.099,-12.025,0.074,0.14,0.052,0.155,0.092,eccentric_rotor,50
1/22/2025 14:39,-11.982,0.063,0.132,0.045,0.143,0.1,-12.025,0.063,0.15,0.045,0.147,0.096,eccentric_rotor,50
1/22/2025 14:39,-11.982,0.056,0.12,0.04,0.148,0.106,-12.025,0.073,0.141,0.052,0.152,0.092,eccentric_rotor,50
1/22/2025 14:39,-11.982,0.055,0.141,0.039,0.143,0.106,-12.025,0.065,0.138,0.046,0.147,0.1,eccentric_rotor,50
1/22/2025 14:39,-11.982,0.063,0.12,0.044,0.155,0.098,-12.025,0.072,0.153,0.051,0.15,0.099,eccentric_rotor,50
1/22/2025 14:39,-11.982,0.065,0.131,0.046,0.153,0.105,-12.025,0.072,0.136,0.051,0.146,0.092,eccentric_rotor,50
1/22/2025 14:39,-11.982,0.056,0.12,0.04,0.143,0.096,-12.025,0.066,0.151,0.047,0.153,0.097,eccentric_rotor,50
1/22/2025 14:39,-11.982,0.054,0.12,0.039,0.151,0.098,-12.025,0.062,0.153,0.044,0.145,0.1,eccentric_rotor,50
1/22/2025 14:39,-11.982,0.064,0.138,0.045,0.155,0.104,-12.025,0.074,0.135,0.053,0.154,0.094,eccentric_rotor,50
1/22/2025 14:39,-11.982,0.064,0.119,0.045,0.147,0.102,-12.025,0.076,0.156,0.054,0.149,0.096,eccentric_rotor,50
1/22/2025 14:39,-11.982,0.055,0.133,0.039,0.149,0.098,-12.025,0.065,0.142,0.046,0.145,0.1,eccentric_rotor,50
1/22/2025 14:39,-11.982,0.054,0.119,0.038,0.158,0.101,-12.025,0.063,0.166,0.045,0.15,0.101,eccentric_rotor,50
1/22/2025 14:39,-11.982,0.066,0.13,0.047,0.158,0.096,-12.025,0.073,0.141,0.052,0.143,0.094,eccentric_rotor,50
1/22/2025 14:39,-11.982,0.06,0.128,0.042,0.145,0.097,-12.025,0.061,0.143,0.043,0.15,0.099,eccentric_rotor,50
1/22/2025 14:40,-11.982,0.058,0.118,0.041,0.154,0.101,-12.025,0.077,0.163,0.054,0.149,0.092,eccentric_rotor,50
1/22/2025 14:40,-11.982,0.063,0.12,0.044,0.145,0.093,-12.025,0.061,0.144,0.043,0.143,0.093,eccentric_rotor,50
1/22/2025 14:40,-11.982,0.055,0.133,0.039,0.145,0.096,-12.025,0.077,0.158,0.055,0.139,0.099,eccentric_rotor,50
1/22/2025 14:40,-11.982,0.065,0.133,0.046,0.151,0.1,-12.025,0.067,0.151,0.047,0.144,0.098,eccentric_rotor,50
1/22/2025 14:40,-11.982,0.058,0.119,0.041,0.153,0.096,-12.025,0.066,0.14,0.047,0.149,0.094,eccentric_rotor,50
1/22/2025 14:40,-11.982,0.065,0.118,0.046,0.147,0.102,-12.025,0.072,0.14,0.051,0.146,0.097,eccentric_rotor,50
1/22/2025 14:40,-11.982,0.062,0.137,0.044,0.151,0.1,-12.025,0.063,0.165,0.044,0.146,0.091,eccentric_rotor,50
1/22/2025 14:40,-11.982,0.06,0.123,0.042,0.144,0.092,-12.025,0.075,0.141,0.053,0.154,0.097,eccentric_rotor,50
1/22/2025 14:40,-11.982,0.065,0.135,0.046,0.143,0.102,-12.025,0.065,0.161,0.046,0.153,0.093,eccentric_rotor,50
1/22/2025 14:40,-11.982,0.058,0.122,0.041,0.149,0.091,-12.025,0.067,0.139,0.047,0.147,0.09,eccentric_rotor,50
1/22/2025 14:41,-11.982,0.064,0.121,0.045,0.138,0.091,-12.025,0.071,0.16,0.05,0.146,0.091,eccentric_rotor,50
1/22/2025 14:41,-11.982,0.06,0.135,0.043,0.141,0.094,-12.025,0.067,0.136,0.048,0.155,0.094,eccentric_rotor,50
1/22/2025 14:41,-11.982,0.066,0.135,0.047,0.148,0.097,-12.025,0.075,0.136,0.053,0.15,0.092,eccentric_rotor,50
1/22/2025 14:41,-11.982,0.066,0.123,0.047,0.149,0.092,-12.025,0.075,0.154,0.053,0.153,0.098,eccentric_rotor,50
1/22/2025 14:41,-11.982,0.059,0.121,0.041,0.143,0.092,-12.025,0.065,0.142,0.046,0.156,0.095,eccentric_rotor,50
1/22/2025 14:41,-11.982,0.068,0.134,0.048,0.15,0.097,-12.025,0.067,0.17,0.048,0.158,0.09,eccentric_rotor,50
1/22/2025 14:41,-11.982,0.067,0.121,0.047,0.137,0.102,-12.025,0.075,0.158,0.053,0.149,0.097,eccentric_rotor,50
1/22/2025 14:41,-11.982,0.06,0.145,0.042,0.15,0.094,-12.025,0.074,0.145,0.052,0.156,0.088,eccentric_rotor,50
1/22/2025 14:41,-11.982,0.06,0.119,0.042,0.137,0.095,-12.025,0.068,0.138,0.048,0.147,0.091,eccentric_rotor,50
1/22/2025 14:41,-11.982,0.065,0.137,0.046,0.136,0.101,-12.025,0.079,0.157,0.056,0.149,0.087,eccentric_rotor,50
1/22/2025 14:41,-11.982,0.058,0.121,0.041,0.14,0.095,-12.025,0.065,0.161,0.046,0.153,0.093,eccentric_rotor,50
1/22/2025 14:41,-11.982,0.064,0.138,0.045,0.144,0.1,-12.025,0.067,0.143,0.047,0.153,0.089,eccentric_rotor,50
1/22/2025 14:41,-11.982,0.064,0.124,0.046,0.136,0.097,-12.025,0.066,0.146,0.047,0.149,0.088,eccentric_rotor,50
1/22/2025 14:41,-11.982,0.057,0.12,0.041,0.137,0.102,-12.025,0.074,0.157,0.052,0.155,0.092,eccentric_rotor,50
1/22/2025 14:42,-11.982,0.057,0.121,0.04,0.145,0.096,-12.025,0.072,0.142,0.051,0.146,0.097,eccentric_rotor,50
1/22/2025 14:42,-11.982,0.062,0.13,0.044,0.148,0.106,-12.025,0.067,0.165,0.047,0.146,0.09,eccentric_rotor,50
1/22/2025 14:42,-11.982,0.065,0.119,0.046,0.141,0.11,-12.025,0.074,0.143,0.053,0.152,0.097,eccentric_rotor,50
1/22/2025 14:42,-11.982,0.064,0.133,0.045,0.141,0.109,-12.025,0.065,0.143,0.046,0.149,0.091,eccentric_rotor,50
1/22/2025 14:42,-11.982,0.059,0.121,0.041,0.149,0.098,-12.025,0.066,0.144,0.046,0.143,0.096,eccentric_rotor,50
1/22/2025 14:42,-11.982,0.067,0.116,0.047,0.142,0.105,-12.025,0.076,0.151,0.053,0.146,0.097,eccentric_rotor,50
1/22/2025 14:42,-11.982,0.056,0.131,0.04,0.148,0.113,-12.025,0.064,0.144,0.045,0.151,0.093,eccentric_rotor,50
1/22/2025 14:42,-11.982,0.062,0.136,0.044,0.143,0.113,-12.025,0.071,0.143,0.05,0.152,0.092,eccentric_rotor,50
1/22/2025 14:42,-11.982,0.057,0.118,0.04,0.15,0.107,-12.025,0.064,0.153,0.045,0.147,0.1,eccentric_rotor,50
1/22/2025 14:42,-11.982,0.061,0.119,0.043,0.145,0.102,-12.025,0.079,0.141,0.056,0.152,0.104,eccentric_rotor,50
1/22/2025 14:42,-11.982,0.057,0.138,0.04,0.154,0.113,-12.025,0.074,0.153,0.052,0.142,0.103,eccentric_rotor,50
1/22/2025 14:42,-11.982,0.065,0.118,0.046,0.159,0.109,-12.025,0.065,0.162,0.046,0.153,0.094,eccentric_rotor,50
1/22/2025 14:43,-11.982,0.054,0.133,0.038,0.16,0.103,-12.025,0.072,0.133,0.051,0.142,0.107,eccentric_rotor,50
1/22/2025 14:43,-11.982,0.065,0.14,0.046,0.148,0.102,-12.025,0.071,0.144,0.05,0.141,0.107,eccentric_rotor,50
1/22/2025 14:43,-11.982,0.054,0.134,0.038,0.154,0.097,-12.025,0.064,0.16,0.045,0.144,0.102,eccentric_rotor,50
1/22/2025 14:43,-11.982,0.064,0.117,0.045,0.166,0.107,-12.025,0.062,0.143,0.044,0.147,0.098,eccentric_rotor,50
1/22/2025 14:43,-11.982,0.061,0.121,0.043,0.166,0.095,-12.025,0.076,0.166,0.054,0.143,0.107,eccentric_rotor,50
1/22/2025 14:43,-11.982,0.057,0.132,0.041,0.158,0.1,-12.025,0.063,0.139,0.045,0.145,0.098,eccentric_rotor,50
1/22/2025 14:43,-11.982,0.055,0.12,0.039,0.153,0.094,-12.025,0.074,0.157,0.052,0.142,0.103,eccentric_rotor,50
1/22/2025 14:43,-11.982,0.062,0.13,0.044,0.165,0.1,-12.025,0.067,0.139,0.047,0.15,0.096,eccentric_rotor,50
1/22/2025 14:43,-11.982,0.056,0.13,0.04,0.161,0.098,-12.025,0.071,0.153,0.05,0.146,0.1,eccentric_rotor,50
1/22/2025 14:43,-11.982,0.063,0.116,0.045,0.153,0.103,-12.025,0.063,0.155,0.044,0.145,0.092,eccentric_rotor,50
1/22/2025 14:43,-11.982,0.056,0.116,0.04,0.15,0.095,-12.025,0.073,0.139,0.052,0.152,0.102,eccentric_rotor,50
1/22/2025 14:44,-11.982,0.063,0.141,0.045,0.145,0.094,-12.025,0.064,0.158,0.045,0.145,0.091,eccentric_rotor,50
1/22/2025 14:44,-11.982,0.054,0.128,0.038,0.152,0.104,-12.025,0.072,0.135,0.051,0.152,0.091,eccentric_rotor,50
1/22/2025 14:44,-11.982,0.063,0.117,0.045,0.141,0.104,-12.025,0.065,0.156,0.046,0.146,0.096,eccentric_rotor,50
1/22/2025 14:44,-11.982,0.058,0.116,0.041,0.141,0.093,-12.025,0.073,0.138,0.051,0.151,0.095,eccentric_rotor,50
1/22/2025 14:44,-11.982,0.059,0.127,0.042,0.148,0.1,-12.025,0.062,0.163,0.044,0.147,0.09,eccentric_rotor,50
1/22/2025 14:44,-11.982,0.065,0.134,0.046,0.147,0.101,-12.025,0.076,0.143,0.054,0.155,0.094,eccentric_rotor,50
1/22/2025 14:44,-11.982,0.057,0.136,0.04,0.14,0.098,-12.025,0.066,0.139,0.047,0.161,0.098,eccentric_rotor,50
1/22/2025 14:44,-11.982,0.066,0.117,0.047,0.145,0.099,-12.025,0.073,0.154,0.052,0.155,0.095,eccentric_rotor,50
1/22/2025 14:44,-11.982,0.058,0.128,0.041,0.152,0.094,-12.025,0.065,0.151,0.046,0.151,0.09,eccentric_rotor,50
1/22/2025 14:44,-11.982,0.064,0.131,0.045,0.141,0.098,-12.025,0.066,0.137,0.047,0.155,0.098,eccentric_rotor,50
1/22/2025 14:44,-11.982,0.056,0.119,0.04,0.139,0.092,-12.025,0.076,0.158,0.054,0.164,0.098,eccentric_rotor,50
1/22/2025 14:44,-11.982,0.055,0.132,0.039,0.153,0.097,-12.025,0.073,0.141,0.052,0.165,0.089,eccentric_rotor,50
1/22/2025 14:45,-11.982,0.065,0.136,0.046,0.14,0.092,-12.025,0.064,0.167,0.045,0.157,0.096,eccentric_rotor,50
1/22/2025 14:45,-11.982,0.064,0.123,0.045,0.153,0.096,-12.025,0.076,0.141,0.054,0.156,0.093,eccentric_rotor,50
1/22/2025 14:45,-11.982,0.058,0.138,0.041,0.138,0.094,-12.025,0.064,0.165,0.045,0.165,0.096,eccentric_rotor,50
1/22/2025 14:45,-11.982,0.062,0.121,0.044,0.149,0.101,-12.025,0.073,0.158,0.052,0.155,0.091,eccentric_rotor,50
1/22/2025 14:45,-11.982,0.056,0.12,0.04,0.148,0.093,-12.025,0.066,0.138,0.046,0.153,0.094,eccentric_rotor,50
1/22/2025 14:45,-11.982,0.056,0.136,0.04,0.144,0.1,-12.025,0.064,0.142,0.045,0.157,0.088,eccentric_rotor,50
1/22/2025 14:45,-11.982,0.065,0.121,0.046,0.141,0.09,-12.025,0.072,0.157,0.051,0.148,0.093,eccentric_rotor,50
1/22/2025 14:45,-11.982,0.059,0.14,0.042,0.147,0.09,-12.025,0.074,0.155,0.052,0.156,0.092,eccentric_rotor,50
1/22/2025 14:45,-11.982,0.062,0.116,0.044,0.136,0.098,-12.025,0.063,0.135,0.044,0.147,0.089,eccentric_rotor,50
1/22/2025 14:45,-11.982,0.065,0.129,0.046,0.138,0.094,-12.025,0.068,0.153,0.048,0.145,0.09,eccentric_rotor,50
1/22/2025 14:45,-11.982,0.056,0.12,0.04,0.145,0.101,-12.025,0.071,0.135,0.05,0.145,0.096,eccentric_rotor,50
1/22/2025 14:45,-11.982,0.057,0.131,0.04,0.139,0.104,-12.025,0.072,0.143,0.051,0.149,0.088,eccentric_rotor,50
1/22/2025 14:46,-11.982,0.067,0.118,0.047,0.142,0.095,-12.025,0.063,0.155,0.044,0.155,0.095,eccentric_rotor,50
1/22/2025 14:46,-11.982,0.067,0.121,0.047,0.139,0.101,-12.025,0.063,0.155,0.044,0.147,0.086,eccentric_rotor,50
1/22/2025 14:46,-11.982,0.058,0.133,0.041,0.147,0.102,-12.025,0.079,0.139,0.056,0.152,0.087,eccentric_rotor,50
1/22/2025 14:46,-11.982,0.061,0.131,0.043,0.136,0.099,-12.025,0.077,0.138,0.054,0.145,0.094,eccentric_rotor,50
1/22/2025 14:46,-11.982,0.059,0.119,0.042,0.145,0.098,-12.025,0.065,0.155,0.046,0.151,0.09,eccentric_rotor,50
1/22/2025 14:46,-11.982,0.065,0.134,0.046,0.135,0.103,-12.025,0.071,0.152,0.05,0.152,0.097,eccentric_rotor,50
1/22/2025 14:46,-11.982,0.055,0.119,0.039,0.136,0.098,-12.025,0.067,0.141,0.048,0.143,0.099,eccentric_rotor,50
1/22/2025 14:46,-11.982,0.065,0.135,0.046,0.144,0.103,-12.025,0.073,0.154,0.052,0.15,0.092,eccentric_rotor,50
1/22/2025 14:46,-11.982,0.064,0.115,0.045,0.14,0.098,-12.025,0.063,0.146,0.044,0.147,0.096,eccentric_rotor,50
1/22/2025 14:46,-11.982,0.058,0.114,0.041,0.151,0.103,-12.025,0.073,0.139,0.052,0.152,0.098,eccentric_rotor,50
1/22/2025 14:47,-11.982,0.058,0.135,0.041,0.147,0.096,-12.025,0.072,0.16,0.051,0.144,0.094,eccentric_rotor,50
1/22/2025 14:47,-11.982,0.062,0.117,0.044,0.153,0.102,-12.025,0.063,0.138,0.045,0.151,0.093,eccentric_rotor,50
1/22/2025 14:47,-11.982,0.057,0.119,0.04,0.144,0.096,-12.025,0.065,0.16,0.046,0.142,0.099,eccentric_rotor,50
1/22/2025 14:47,-11.982,0.067,0.138,0.047,0.151,0.095,-12.025,0.077,0.139,0.055,0.142,0.093,eccentric_rotor,50
1/22/2025 14:47,-11.982,0.057,0.129,0.04,0.152,0.101,-12.025,0.079,0.156,0.056,0.146,0.097,eccentric_rotor,50
1/22/2025 14:47,-11.982,0.067,0.12,0.047,0.143,0.105,-12.025,0.065,0.138,0.046,0.141,0.097,eccentric_rotor,50
1/22/2025 14:47,-11.982,0.064,0.14,0.045,0.152,0.097,-12.025,0.076,0.154,0.054,0.148,0.094,eccentric_rotor,50
1/22/2025 14:47,-11.982,0.057,0.115,0.04,0.144,0.098,-12.025,0.073,0.154,0.051,0.15,0.093,eccentric_rotor,50
1/22/2025 14:47,-11.982,0.062,0.13,0.044,0.152,0.102,-12.025,0.074,0.139,0.052,0.147,0.098,eccentric_rotor,50
1/22/2025 14:47,-11.982,0.058,0.112,0.041,0.145,0.102,-12.025,0.063,0.142,0.044,0.143,0.096,eccentric_rotor,50
1/22/2025 14:47,-11.982,0.056,0.117,0.039,0.144,0.097,-12.025,0.063,0.159,0.044,0.149,0.092,eccentric_rotor,50
1/22/2025 14:48,-11.982,0.055,0.128,0.039,0.151,0.096,-12.025,0.075,0.139,0.053,0.139,0.096,eccentric_rotor,50
1/22/2025 14:48,-11.982,0.066,0.122,0.047,0.143,0.102,-12.025,0.072,0.155,0.051,0.139,0.091,eccentric_rotor,50
1/22/2025 14:48,-11.982,0.064,0.142,0.045,0.142,0.096,-12.025,0.063,0.135,0.044,0.144,0.099,eccentric_rotor,50
1/22/2025 14:48,-11.982,0.056,0.133,0.04,0.148,0.103,-12.025,0.071,0.162,0.05,0.145,0.093,eccentric_rotor,50
1/22/2025 14:48,-11.982,0.063,0.118,0.044,0.155,0.096,-12.025,0.065,0.146,0.046,0.15,0.093,eccentric_rotor,50
1/22/2025 14:48,-11.982,0.058,0.136,0.041,0.153,0.105,-12.025,0.071,0.158,0.05,0.149,0.097,eccentric_rotor,50
1/22/2025 14:48,-11.982,0.062,0.121,0.044,0.146,0.101,-12.025,0.065,0.157,0.046,0.153,0.097,eccentric_rotor,50
1/22/2025 14:48,-11.982,0.065,0.132,0.046,0.146,0.097,-12.025,0.076,0.141,0.054,0.147,0.093,eccentric_rotor,50
1/22/2025 14:48,-11.982,0.062,0.129,0.044,0.151,0.097,-12.025,0.063,0.156,0.045,0.152,0.093,eccentric_rotor,50
1/22/2025 14:48,-11.982,0.055,0.119,0.039,0.145,0.103,-12.025,0.073,0.154,0.051,0.149,0.098,eccentric_rotor,50
1/22/2025 14:48,-11.982,0.058,0.127,0.041,0.144,0.103,-12.025,0.072,0.137,0.051,0.155,0.093,eccentric_rotor,50
1/22/2025 14:48,-11.982,0.063,0.117,0.044,0.15,0.096,-12.025,0.065,0.142,0.046,0.145,0.098,eccentric_rotor,50
1/22/2025 14:49,-11.982,0.058,0.14,0.041,0.145,0.097,-12.025,0.063,0.169,0.045,0.148,0.093,eccentric_rotor,50
1/22/2025 14:49,-11.982,0.063,0.117,0.044,0.15,0.103,-12.025,0.071,0.156,0.05,0.153,0.1,eccentric_rotor,50
1/22/2025 14:49,-11.982,0.064,0.134,0.045,0.152,0.098,-12.025,0.071,0.135,0.05,0.154,0.095,eccentric_rotor,50
1/22/2025 14:49,-11.982,0.055,0.118,0.039,0.143,0.104,-12.025,0.064,0.152,0.045,0.147,0.097,eccentric_rotor,50
1/22/2025 14:49,-11.982,0.065,0.134,0.046,0.152,0.099,-12.025,0.064,0.14,0.045,0.15,0.093,eccentric_rotor,50
1/22/2025 14:49,-11.982,0.056,0.12,0.04,0.148,0.105,-12.025,0.076,0.152,0.054,0.152,0.092,eccentric_rotor,50
1/22/2025 14:49,-11.982,0.057,0.117,0.04,0.145,0.108,-12.025,0.065,0.152,0.046,0.146,0.099,eccentric_rotor,50
1/22/2025 14:49,-11.982,0.065,0.114,0.046,0.144,0.1,-12.025,0.075,0.14,0.053,0.151,0.098,eccentric_rotor,50
1/22/2025 14:49,-11.982,0.063,0.135,0.045,0.151,0.104,-12.025,0.073,0.136,0.051,0.145,0.091,eccentric_rotor,50
1/22/2025 14:49,-11.982,0.058,0.134,0.041,0.152,0.101,-12.025,0.066,0.152,0.047,0.146,0.093,eccentric_rotor,50
1/22/2025 14:49,-11.982,0.062,0.123,0.044,0.144,0.095,-12.025,0.071,0.137,0.05,0.156,0.098,eccentric_rotor,50
1/22/2025 14:50,-11.982,0.058,0.122,0.041,0.145,0.1,-12.025,0.065,0.138,0.046,0.153,0.094,eccentric_rotor,50
1/22/2025 14:50,-11.982,0.064,0.138,0.045,0.15,0.097,-12.025,0.073,0.158,0.052,0.149,0.099,eccentric_rotor,50
1/22/2025 14:50,-11.982,0.057,0.118,0.041,0.147,0.094,-12.024,0.073,0.138,0.052,0.149,0.095,eccentric_rotor,50
1/22/2025 14:50,-11.982,0.064,0.132,0.046,0.153,0.1,-12.024,0.064,0.142,0.045,0.153,0.1,eccentric_rotor,50
1/22/2025 14:50,-11.982,0.055,0.122,0.039,0.147,0.096,-12.025,0.072,0.16,0.051,0.152,0.102,eccentric_rotor,50
1/22/2025 14:50,-11.982,0.059,0.118,0.042,0.156,0.1,-12.024,0.065,0.158,0.046,0.147,0.099,eccentric_rotor,50
1/22/2025 14:50,-11.982,0.063,0.134,0.045,0.159,0.103,-12.025,0.071,0.14,0.051,0.146,0.093,eccentric_rotor,50
1/22/2025 14:50,-11.982,0.057,0.129,0.04,0.15,0.096,-12.025,0.072,0.153,0.051,0.152,0.096,eccentric_rotor,50
1/22/2025 14:50,-11.982,0.062,0.119,0.044,0.156,0.096,-12.025,0.064,0.139,0.045,0.147,0.091,eccentric_rotor,50
1/22/2025 14:50,-11.982,0.062,0.136,0.044,0.151,0.099,-12.025,0.074,0.165,0.052,0.152,0.093,eccentric_rotor,50
1/22/2025 14:50,-11.982,0.056,0.121,0.04,0.143,0.094,-12.025,0.063,0.137,0.045,0.147,0.096,eccentric_rotor,50
1/22/2025 14:51,-11.982,0.063,0.134,0.045,0.145,0.092,-12.025,0.074,0.153,0.052,0.154,0.09,eccentric_rotor,50
1/22/2025 14:51,-11.982,0.064,0.121,0.045,0.151,0.102,-12.025,0.075,0.157,0.053,0.151,0.092,eccentric_rotor,50
1/22/2025 14:51,-11.982,0.056,0.128,0.04,0.142,0.096,-12.024,0.066,0.139,0.047,0.146,0.095,eccentric_rotor,50
1/22/2025 14:51,-11.982,0.066,0.115,0.047,0.15,0.101,-12.024,0.073,0.138,0.052,0.147,0.098,eccentric_rotor,50
1/22/2025 14:51,-11.982,0.059,0.12,0.042,0.141,0.096,-12.024,0.066,0.143,0.046,0.152,0.091,eccentric_rotor,50
1/22/2025 14:51,-11.982,0.066,0.121,0.047,0.143,0.094,-12.024,0.075,0.158,0.053,0.153,0.095,eccentric_rotor,50
1/22/2025 14:51,-11.982,0.057,0.143,0.041,0.151,0.099,-12.024,0.063,0.156,0.045,0.148,0.09,eccentric_rotor,50
1/22/2025 14:51,-11.982,0.065,0.137,0.046,0.142,0.095,-12.024,0.064,0.137,0.045,0.148,0.089,eccentric_rotor,50
1/22/2025 14:51,-11.982,0.056,0.129,0.04,0.146,0.096,-12.024,0.078,0.154,0.055,0.153,0.098,eccentric_rotor,50
1/22/2025 14:51,-11.982,0.066,0.117,0.047,0.148,0.103,-12.025,0.076,0.135,0.054,0.155,0.092,eccentric_rotor,50
1/22/2025 14:51,-11.982,0.056,0.116,0.04,0.142,0.094,-12.025,0.063,0.155,0.044,0.149,0.096,eccentric_rotor,50
1/22/2025 14:51,-11.982,0.065,0.131,0.046,0.139,0.099,-12.025,0.065,0.141,0.046,0.15,0.092,eccentric_rotor,50
1/22/2025 14:52,-11.982,0.057,0.121,0.041,0.151,0.1,-12.025,0.075,0.149,0.053,0.155,0.09,eccentric_rotor,50
1/22/2025 14:52,-11.982,0.065,0.134,0.046,0.153,0.095,-12.025,0.072,0.134,0.051,0.158,0.096,eccentric_rotor,50
1/22/2025 14:52,-11.982,0.058,0.121,0.041,0.144,0.094,-12.025,0.066,0.151,0.047,0.157,0.091,eccentric_rotor,50
1/22/2025 14:52,-11.982,0.063,0.132,0.044,0.148,0.1,-12.025,0.075,0.136,0.053,0.147,0.092,eccentric_rotor,50
1/22/2025 14:52,-11.982,0.055,0.114,0.039,0.141,0.099,-12.025,0.061,0.16,0.043,0.144,0.097,eccentric_rotor,50
1/22/2025 14:52,-11.982,0.064,0.117,0.045,0.139,0.093,-12.025,0.076,0.143,0.054,0.151,0.09,eccentric_rotor,50
1/22/2025 14:52,-11.982,0.054,0.134,0.039,0.142,0.1,-12.025,0.062,0.156,0.044,0.146,0.094,eccentric_rotor,50
1/22/2025 14:52,-11.982,0.066,0.132,0.046,0.149,0.103,-12.025,0.07,0.145,0.05,0.152,0.096,eccentric_rotor,50
1/22/2025 14:52,-11.982,0.057,0.119,0.04,0.143,0.094,-12.025,0.066,0.139,0.047,0.15,0.091,eccentric_rotor,50
1/22/2025 14:52,-11.982,0.059,0.12,0.042,0.152,0.099,-12.025,0.067,0.155,0.048,0.144,0.095,eccentric_rotor,50
1/22/2025 14:53,-11.982,0.064,0.134,0.045,0.147,0.092,-12.025,0.072,0.152,0.051,0.146,0.09,eccentric_rotor,50
1/22/2025 14:53,-11.982,0.059,0.117,0.041,0.137,0.094,-12.025,0.066,0.14,0.047,0.148,0.094,eccentric_rotor,50
1/22/2025 14:53,-11.982,0.063,0.131,0.045,0.148,0.094,-12.025,0.072,0.133,0.051,0.147,0.088,eccentric_rotor,50
1/22/2025 14:53,-11.982,0.057,0.131,0.04,0.14,0.103,-12.025,0.065,0.158,0.046,0.152,0.096,eccentric_rotor,50
1/22/2025 14:53,-11.982,0.064,0.117,0.045,0.146,0.098,-12.025,0.075,0.155,0.053,0.146,0.098,eccentric_rotor,50
1/22/2025 14:53,-11.982,0.066,0.122,0.047,0.141,0.106,-12.024,0.073,0.14,0.052,0.15,0.089,eccentric_rotor,50
1/22/2025 14:53,-11.982,0.057,0.138,0.04,0.145,0.098,-12.024,0.066,0.148,0.046,0.152,0.094,eccentric_rotor,50
1/22/2025 14:53,-11.982,0.059,0.114,0.041,0.134,0.105,-12.025,0.073,0.14,0.052,0.14,0.09,eccentric_rotor,50
1/22/2025 14:53,-11.982,0.064,0.121,0.045,0.148,0.098,-12.025,0.066,0.142,0.046,0.142,0.088,eccentric_rotor,50
1/22/2025 14:53,-11.982,0.059,0.134,0.042,0.151,0.105,-12.024,0.065,0.152,0.046,0.149,0.09,eccentric_rotor,50
1/22/2025 14:53,-11.982,0.063,0.137,0.045,0.143,0.1,-12.024,0.071,0.136,0.05,0.15,0.093,eccentric_rotor,50
1/22/2025 14:54,-11.982,0.055,0.118,0.039,0.139,0.095,-12.024,0.064,0.155,0.045,0.148,0.098,eccentric_rotor,50
1/22/2025 14:54,-11.982,0.065,0.118,0.046,0.135,0.101,-12.024,0.074,0.145,0.053,0.15,0.093,eccentric_rotor,50
1/22/2025 14:54,-11.982,0.056,0.136,0.04,0.141,0.093,-12.025,0.076,0.16,0.054,0.149,0.099,eccentric_rotor,50
1/22/2025 14:54,-11.982,0.065,0.135,0.046,0.137,0.095,-12.025,0.063,0.153,0.044,0.142,0.099,eccentric_rotor,50
1/22/2025 14:54,-11.982,0.063,0.125,0.044,0.151,0.101,-12.025,0.073,0.141,0.051,0.143,0.094,eccentric_rotor,50
1/22/2025 14:54,-11.982,0.061,0.118,0.043,0.146,0.1,-12.025,0.065,0.152,0.046,0.152,0.099,eccentric_rotor,50
1/22/2025 14:54,-11.982,0.058,0.129,0.041,0.153,0.095,-12.025,0.071,0.14,0.05,0.143,0.095,eccentric_rotor,50
1/22/2025 14:54,-11.982,0.062,0.124,0.044,0.147,0.095,-12.025,0.072,0.142,0.051,0.15,0.091,eccentric_rotor,50
1/22/2025 14:54,-11.982,0.055,0.13,0.039,0.152,0.088,-12.025,0.062,0.151,0.044,0.142,0.097,eccentric_rotor,50
1/22/2025 14:54,-11.982,0.054,0.135,0.039,0.148,0.091,-12.025,0.061,0.156,0.043,0.149,0.089,eccentric_rotor,50
1/22/2025 14:54,-11.982,0.064,0.121,0.045,0.154,0.102,-12.025,0.076,0.137,0.054,0.144,0.091,eccentric_rotor,50
1/22/2025 14:54,-11.982,0.056,0.126,0.04,0.151,0.098,-12.025,0.063,0.138,0.045,0.15,0.095,eccentric_rotor,50
1/22/2025 14:54,-11.982,0.062,0.118,0.044,0.142,0.104,-12.025,0.064,0.155,0.045,0.144,0.095,eccentric_rotor,50
1/22/2025 14:55,-11.982,0.058,0.135,0.041,0.148,0.106,-12.025,0.07,0.156,0.05,0.15,0.09,eccentric_rotor,50
1/22/2025 14:55,-11.982,0.063,0.12,0.045,0.139,0.101,-12.025,0.065,0.136,0.046,0.14,0.091,eccentric_rotor,50
1/22/2025 14:55,-11.982,0.055,0.135,0.039,0.141,0.104,-12.025,0.074,0.149,0.053,0.149,0.085,eccentric_rotor,50
1/22/2025 14:55,-11.982,0.065,0.122,0.046,0.149,0.095,-12.025,0.074,0.136,0.052,0.151,0.087,eccentric_rotor,50
1/22/2025 14:55,-11.982,0.055,0.118,0.039,0.146,0.106,-12.025,0.064,0.156,0.045,0.142,0.097,eccentric_rotor,50
1/22/2025 14:55,-11.982,0.056,0.115,0.04,0.141,0.098,-12.025,0.064,0.138,0.046,0.148,0.094,eccentric_rotor,50
1/22/2025 14:55,-11.982,0.063,0.124,0.044,0.141,0.095,-12.025,0.07,0.149,0.049,0.146,0.099,eccentric_rotor,50
1/22/2025 14:55,-11.982,0.056,0.132,0.04,0.134,0.102,-12.025,0.063,0.153,0.045,0.14,0.096,eccentric_rotor,50
1/22/2025 14:55,-11.982,0.062,0.119,0.044,0.134,0.098,-12.025,0.071,0.137,0.05,0.141,0.1,eccentric_rotor,50
1/22/2025 14:55,-11.982,0.063,0.119,0.044,0.147,0.105,-12.025,0.065,0.149,0.046,0.148,0.099,eccentric_rotor,50
1/22/2025 14:55,-11.982,0.057,0.129,0.041,0.144,0.102,-12.025,0.064,0.142,0.045,0.149,0.09,eccentric_rotor,50
1/22/2025 14:56,-11.982,0.055,0.133,0.039,0.154,0.097,-12.025,0.071,0.158,0.051,0.151,0.101,eccentric_rotor,50
1/22/2025 14:56,-11.982,0.063,0.117,0.045,0.149,0.103,-12.025,0.075,0.139,0.053,0.154,0.093,eccentric_rotor,50
1/22/2025 14:56,-11.982,0.066,0.135,0.047,0.153,0.097,-12.025,0.077,0.154,0.055,0.149,0.091,eccentric_rotor,50
1/22/2025 14:56,-11.982,0.068,0.12,0.048,0.143,0.095,-12.025,0.066,0.137,0.047,0.148,0.097,eccentric_rotor,50
1/22/2025 14:56,-11.982,0.057,0.127,0.041,0.149,0.1,-12.025,0.064,0.153,0.045,0.153,0.094,eccentric_rotor,50
1/22/2025 14:56,-11.982,0.059,0.12,0.041,0.156,0.101,-12.025,0.075,0.155,0.053,0.147,0.1,eccentric_rotor,50
1/22/2025 14:56,-11.982,0.066,0.133,0.047,0.146,0.096,-12.025,0.075,0.134,0.053,0.156,0.097,eccentric_rotor,50
1/22/2025 14:56,-11.982,0.066,0.119,0.047,0.142,0.097,-12.025,0.067,0.156,0.047,0.149,0.092,eccentric_rotor,50
1/22/2025 14:56,-11.982,0.06,0.131,0.042,0.151,0.1,-12.025,0.073,0.137,0.051,0.145,0.098,eccentric_rotor,50
1/22/2025 14:56,-11.982,0.06,0.121,0.042,0.145,0.093,-12.025,0.069,0.153,0.049,0.149,0.093,eccentric_rotor,50
1/22/2025 14:56,-11.982,0.06,0.131,0.043,0.154,0.098,-12.025,0.074,0.14,0.052,0.142,0.091,eccentric_rotor,50
1/22/2025 14:56,-11.982,0.064,0.121,0.045,0.152,0.091,-12.025,0.066,0.158,0.047,0.146,0.096,eccentric_rotor,50
1/22/2025 14:56,-11.982,0.059,0.13,0.042,0.145,0.099,-12.025,0.071,0.139,0.05,0.152,0.092,eccentric_rotor,50
1/22/2025 14:56,-11.982,0.063,0.121,0.045,0.143,0.092,-12.025,0.066,0.153,0.046,0.15,0.095,eccentric_rotor,50
1/22/2025 14:57,-11.982,0.058,0.131,0.041,0.151,0.101,-12.025,0.065,0.137,0.046,0.142,0.096,eccentric_rotor,50
1/22/2025 14:57,-11.982,0.064,0.131,0.046,0.142,0.097,-12.025,0.073,0.136,0.052,0.145,0.088,eccentric_rotor,50
1/22/2025 14:57,-11.982,0.057,0.121,0.04,0.143,0.1,-12.025,0.065,0.151,0.046,0.139,0.094,eccentric_rotor,50
1/22/2025 14:57,-11.982,0.066,0.122,0.046,0.148,0.096,-12.025,0.075,0.144,0.053,0.141,0.087,eccentric_rotor,50
1/22/2025 14:57,-11.982,0.061,0.134,0.043,0.143,0.094,-12.025,0.077,0.158,0.055,0.148,0.093,eccentric_rotor,50
1/22/2025 14:57,-11.982,0.069,0.138,0.048,0.148,0.101,-12.025,0.068,0.142,0.048,0.154,0.088,eccentric_rotor,50
1/22/2025 14:57,-11.982,0.061,0.137,0.043,0.137,0.094,-12.025,0.075,0.137,0.053,0.157,0.095,eccentric_rotor,50
1/22/2025 14:57,-11.982,0.065,0.123,0.046,0.145,0.092,-12.025,0.075,0.151,0.053,0.15,0.093,eccentric_rotor,50
1/22/2025 14:57,-11.982,0.06,0.123,0.042,0.135,0.096,-12.024,0.066,0.139,0.047,0.145,0.096,eccentric_rotor,50
1/22/2025 14:57,-11.982,0.06,0.14,0.043,0.146,0.092,-12.024,0.074,0.157,0.052,0.154,0.092,eccentric_rotor,50
1/22/2025 14:57,-11.982,0.067,0.122,0.047,0.138,0.102,-12.024,0.075,0.15,0.053,0.156,0.091,eccentric_rotor,50
1/22/2025 14:57,-11.982,0.061,0.121,0.043,0.148,0.11,-12.024,0.068,0.135,0.048,0.15,0.096,eccentric_rotor,50
1/22/2025 14:57,-11.982,0.065,0.126,0.046,0.143,0.113,-12.024,0.073,0.143,0.052,0.146,0.089,eccentric_rotor,50
1/22/2025 14:58,-11.982,0.061,0.132,0.043,0.147,0.104,-12.024,0.067,0.161,0.048,0.15,0.091,eccentric_rotor,50
1/22/2025 14:58,-11.982,0.061,0.12,0.043,0.14,0.103,-12.025,0.074,0.143,0.052,0.149,0.089,eccentric_rotor,50
1/22/2025 14:58,-11.982,0.065,0.121,0.046,0.146,0.11,-12.024,0.068,0.155,0.048,0.156,0.088,eccentric_rotor,50
1/22/2025 14:58,-11.982,0.064,0.131,0.045,0.148,0.112,-12.024,0.073,0.144,0.052,0.154,0.097,eccentric_rotor,50
1/22/2025 14:58,-11.982,0.06,0.124,0.043,0.139,0.104,-12.024,0.069,0.153,0.049,0.147,0.105,eccentric_rotor,50
1/22/2025 14:58,-11.982,0.065,0.132,0.046,0.142,0.111,-12.025,0.066,0.155,0.047,0.152,0.106,eccentric_rotor,50
1/22/2025 14:58,-11.982,0.059,0.131,0.042,0.139,0.112,-12.025,0.072,0.142,0.051,0.147,0.098,eccentric_rotor,50
1/22/2025 14:58,-11.982,0.057,0.137,0.04,0.138,0.104,-12.025,0.075,0.143,0.053,0.146,0.098,eccentric_rotor,50
1/22/2025 14:58,-11.982,0.068,0.124,0.048,0.147,0.101,-12.025,0.064,0.152,0.045,0.149,0.104,eccentric_rotor,50
1/22/2025 14:58,-11.982,0.066,0.121,0.046,0.15,0.105,-12.025,0.077,0.149,0.054,0.15,0.106,eccentric_rotor,50
1/22/2025 14:58,-11.982,0.057,0.135,0.04,0.162,0.105,-12.025,0.073,0.14,0.052,0.146,0.099,eccentric_rotor,50
1/22/2025 14:59,-11.982,0.065,0.121,0.046,0.166,0.099,-12.025,0.063,0.141,0.045,0.145,0.105,eccentric_rotor,50
1/22/2025 14:59,-11.982,0.057,0.131,0.04,0.153,0.109,-12.025,0.073,0.152,0.052,0.151,0.1,eccentric_rotor,50
1/22/2025 14:59,-11.982,0.059,0.12,0.042,0.162,0.11,-12.025,0.063,0.142,0.045,0.152,0.106,eccentric_rotor,50
1/22/2025 14:59,-11.982,0.066,0.131,0.046,0.157,0.116,-12.025,0.065,0.156,0.046,0.14,0.099,eccentric_rotor,50
1/22/2025 14:59,-11.982,0.065,0.14,0.046,0.164,0.117,-12.025,0.074,0.16,0.052,0.139,0.095,eccentric_rotor,50
1/22/2025 14:59,-11.982,0.061,0.122,0.043,0.155,0.106,-12.025,0.067,0.14,0.048,0.144,0.099,eccentric_rotor,50
1/22/2025 14:59,-11.982,0.066,0.142,0.047,0.163,0.11,-12.025,0.074,0.151,0.052,0.147,0.099,eccentric_rotor,50
1/22/2025 14:59,-11.982,0.06,0.12,0.043,0.156,0.104,-12.025,0.074,0.137,0.053,0.14,0.095,eccentric_rotor,50
1/22/2025 14:59,-11.982,0.064,0.118,0.045,0.164,0.116,-12.025,0.066,0.164,0.047,0.151,0.103,eccentric_rotor,50
1/22/2025 14:59,-11.982,0.064,0.141,0.046,0.153,0.116,-12.025,0.072,0.139,0.051,0.145,0.103,eccentric_rotor,50
1/22/2025 14:59,-11.982,0.061,0.117,0.043,0.154,0.11,-12.025,0.067,0.154,0.047,0.149,0.108,eccentric_rotor,50
1/22/2025 15:00,-11.982,0.059,0.143,0.042,0.149,0.11,-12.025,0.072,0.136,0.051,0.145,0.109,eccentric_rotor,50
1/22/2025 15:00,-11.982,0.065,0.123,0.046,0.154,0.102,-12.025,0.068,0.135,0.048,0.143,0.1,eccentric_rotor,50
1/22/2025 15:00,-11.982,0.058,0.146,0.041,0.15,0.111,-12.025,0.072,0.16,0.051,0.149,0.099,eccentric_rotor,50
1/22/2025 15:00,-11.982,0.064,0.14,0.045,0.16,0.103,-12.025,0.064,0.139,0.046,0.148,0.104,eccentric_rotor,50
1/22/2025 15:00,-11.982,0.058,0.121,0.041,0.16,0.111,-12.025,0.065,0.156,0.046,0.143,0.109,eccentric_rotor,50
1/22/2025 15:00,-11.982,0.064,0.136,0.046,0.168,0.107,-12.025,0.073,0.14,0.052,0.146,0.109,eccentric_rotor,50
1/22/2025 15:00,-11.982,0.066,0.122,0.047,0.17,0.105,-12.025,0.075,0.154,0.053,0.141,0.103,eccentric_rotor,50
1/22/2025 15:00,-11.982,0.058,0.121,0.041,0.157,0.113,-12.025,0.063,0.141,0.045,0.14,0.104,eccentric_rotor,50
1/22/2025 15:00,-11.982,0.067,0.137,0.048,0.162,0.105,-12.025,0.078,0.142,0.055,0.152,0.096,eccentric_rotor,50
1/22/2025 15:00,-11.982,0.059,0.118,0.042,0.154,0.107,-12.025,0.075,0.158,0.053,0.16,0.104,eccentric_rotor,50
1/22/2025 15:00,-11.982,0.067,0.134,0.048,0.154,0.104,-12.025,0.066,0.148,0.047,0.165,0.098,eccentric_rotor,50
1/22/2025 15:00,-11.982,0.058,0.122,0.041,0.164,0.105,-12.024,0.065,0.143,0.046,0.154,0.1,eccentric_rotor,50
1/22/2025 15:00,-11.982,0.058,0.138,0.041,0.171,0.102,-12.024,0.063,0.157,0.045,0.152,0.104,eccentric_rotor,50
1/22/2025 15:01,-11.982,0.065,0.134,0.046,0.161,0.1,-12.024,0.076,0.14,0.054,0.159,0.099,eccentric_rotor,50
1/22/2025 15:01,-11.982,0.066,0.118,0.046,0.161,0.105,-12.024,0.076,0.155,0.054,0.157,0.106,eccentric_rotor,50
1/22/2025 15:01,-11.982,0.064,0.138,0.045,0.151,0.111,-12.025,0.063,0.134,0.045,0.16,0.1,eccentric_rotor,50
1/22/2025 15:01,-11.982,0.066,0.124,0.047,0.162,0.104,-12.025,0.076,0.152,0.053,0.156,0.101,eccentric_rotor,50
1/22/2025 15:01,-11.982,0.057,0.118,0.04,0.155,0.111,-12.024,0.064,0.158,0.045,0.159,0.098,eccentric_rotor,50
1/22/2025 15:01,-11.982,0.059,0.132,0.042,0.162,0.103,-12.025,0.066,0.141,0.047,0.158,0.097,eccentric_rotor,50
1/22/2025 15:01,-11.982,0.066,0.123,0.047,0.157,0.11,-12.024,0.075,0.144,0.053,0.161,0.1,eccentric_rotor,50
1/22/2025 15:01,-11.982,0.055,0.136,0.039,0.155,0.103,-12.025,0.063,0.164,0.044,0.159,0.095,eccentric_rotor,50
1/22/2025 15:01,-11.982,0.056,0.122,0.04,0.165,0.115,-12.025,0.063,0.14,0.044,0.154,0.1,eccentric_rotor,50
1/22/2025 15:02,-11.982,0.066,0.138,0.047,0.154,0.104,-12.025,0.073,0.157,0.052,0.149,0.104,eccentric_rotor,50
1/22/2025 15:02,-11.982,0.058,0.121,0.041,0.158,0.105,-12.025,0.074,0.138,0.053,0.155,0.098,eccentric_rotor,50
1/22/2025 15:02,-11.982,0.067,0.12,0.048,0.155,0.11,-12.025,0.075,0.149,0.053,0.151,0.105,eccentric_rotor,50
1/22/2025 15:02,-11.982,0.067,0.131,0.047,0.15,0.109,-12.025,0.077,0.154,0.055,0.151,0.098,eccentric_rotor,50
1/22/2025 15:02,-11.982,0.068,0.122,0.048,0.147,0.103,-12.025,0.065,0.135,0.046,0.162,0.104,eccentric_rotor,50
1/22/2025 15:02,-11.982,0.058,0.139,0.041,0.154,0.105,-12.025,0.071,0.139,0.05,0.158,0.098,eccentric_rotor,50
1/22/2025 15:02,-11.982,0.065,0.123,0.046,0.159,0.11,-12.025,0.064,0.151,0.045,0.167,0.107,eccentric_rotor,50
1/22/2025 15:02,-11.982,0.057,0.122,0.04,0.154,0.11,-12.024,0.073,0.153,0.052,0.159,0.108,eccentric_rotor,50
1/22/2025 15:02,-11.982,0.057,0.133,0.04,0.163,0.105,-12.025,0.065,0.137,0.046,0.16,0.099,eccentric_rotor,50
1/22/2025 15:02,-11.982,0.066,0.122,0.047,0.162,0.106,-12.024,0.075,0.154,0.053,0.154,0.099,eccentric_rotor,50
1/22/2025 15:03,-11.982,0.058,0.135,0.041,0.152,0.11,-12.024,0.075,0.14,0.053,0.156,0.103,eccentric_rotor,50
1/22/2025 15:03,-11.982,0.065,0.122,0.046,0.165,0.105,-12.024,0.064,0.161,0.045,0.165,0.103,eccentric_rotor,50
1/22/2025 15:03,-11.982,0.066,0.147,0.047,0.168,0.102,-12.024,0.074,0.135,0.052,0.167,0.097,eccentric_rotor,50
1/22/2025 15:03,-11.982,0.058,0.122,0.041,0.16,0.107,-12.024,0.066,0.153,0.047,0.16,0.099,eccentric_rotor,50
1/22/2025 15:03,-11.982,0.064,0.134,0.045,0.153,0.104,-12.024,0.074,0.142,0.053,0.159,0.104,eccentric_rotor,50
1/22/2025 15:03,-11.982,0.06,0.117,0.042,0.158,0.109,-12.024,0.067,0.138,0.047,0.153,0.105,eccentric_rotor,50
1/22/2025 15:03,-11.982,0.064,0.13,0.046,0.153,0.101,-12.024,0.065,0.153,0.046,0.161,0.098,eccentric_rotor,50
1/22/2025 15:03,-11.982,0.059,0.122,0.042,0.153,0.109,-12.024,0.074,0.152,0.052,0.161,0.1,eccentric_rotor,50
1/22/2025 15:03,-11.982,0.058,0.131,0.041,0.16,0.109,-12.024,0.065,0.138,0.046,0.156,0.104,eccentric_rotor,50
1/22/2025 15:03,-11.982,0.066,0.122,0.046,0.163,0.108,-12.024,0.073,0.157,0.052,0.156,0.101,eccentric_rotor,50
1/22/2025 15:03,-11.982,0.065,0.14,0.046,0.155,0.099,-12.024,0.074,0.14,0.053,0.165,0.096,eccentric_rotor,50
1/22/2025 15:04,-11.982,0.057,0.118,0.04,0.157,0.109,-12.024,0.063,0.156,0.045,0.154,0.099,eccentric_rotor,50
1/22/2025 15:04,-11.982,0.066,0.134,0.047,0.161,0.099,-12.024,0.073,0.148,0.052,0.16,0.103,eccentric_rotor,50
1/22/2025 15:04,-11.982,0.058,0.133,0.041,0.16,0.104,-12.024,0.065,0.143,0.046,0.153,0.096,eccentric_rotor,50
1/22/2025 15:04,-11.982,0.063,0.135,0.044,0.156,0.1,-12.024,0.075,0.161,0.053,0.15,0.104,eccentric_rotor,50
1/22/2025 15:04,-11.982,0.058,0.118,0.041,0.151,0.103,-12.024,0.066,0.16,0.047,0.148,0.104,eccentric_rotor,50
1/22/2025 15:04,-11.982,0.065,0.118,0.046,0.153,0.11,-12.025,0.075,0.138,0.053,0.157,0.101,eccentric_rotor,50
1/22/2025 15:04,-11.982,0.057,0.131,0.04,0.159,0.103,-12.024,0.066,0.142,0.047,0.152,0.095,eccentric_rotor,50
1/22/2025 15:04,-11.982,0.06,0.121,0.043,0.151,0.104,-12.025,0.074,0.152,0.052,0.155,0.103,eccentric_rotor,50
1/22/2025 15:04,-11.982,0.065,0.142,0.046,0.16,0.108,-12.025,0.066,0.142,0.047,0.16,0.094,eccentric_rotor,50
1/22/2025 15:04,-11.982,0.063,0.136,0.044,0.158,0.104,-12.025,0.073,0.159,0.051,0.155,0.099,eccentric_rotor,50
1/22/2025 15:04,-11.982,0.059,0.119,0.042,0.15,0.097,-12.025,0.067,0.142,0.048,0.158,0.096,eccentric_rotor,50
1/22/2025 15:04,-11.982,0.064,0.126,0.046,0.157,0.098,-12.025,0.067,0.14,0.047,0.153,0.097,eccentric_rotor,50
1/22/2025 15:04,-11.982,0.058,0.137,0.041,0.146,0.103,-12.025,0.07,0.157,0.05,0.162,0.104,eccentric_rotor,50
1/22/2025 15:05,-11.982,0.063,0.136,0.045,0.152,0.101,-12.025,0.072,0.142,0.051,0.166,0.098,eccentric_rotor,50
1/22/2025 15:05,-11.982,0.06,0.124,0.042,0.158,0.111,-12.025,0.067,0.142,0.047,0.158,0.102,eccentric_rotor,50
1/22/2025 15:05,-11.982,0.063,0.123,0.045,0.145,0.1,-12.025,0.064,0.154,0.045,0.153,0.098,eccentric_rotor,50
1/22/2025 15:05,-11.982,0.056,0.133,0.04,0.153,0.102,-12.025,0.075,0.138,0.053,0.16,0.1,eccentric_rotor,50
1/22/2025 15:05,-11.982,0.067,0.12,0.047,0.148,0.108,-12.025,0.064,0.152,0.046,0.16,0.093,eccentric_rotor,50
1/22/2025 15:05,-11.982,0.065,0.134,0.046,0.153,0.1,-12.025,0.065,0.154,0.046,0.154,0.093,eccentric_rotor,50
1/22/2025 15:05,-11.982,0.057,0.117,0.04,0.161,0.109,-12.025,0.073,0.139,0.052,0.154,0.098,eccentric_rotor,50
1/22/2025 15:05,-11.982,0.059,0.118,0.042,0.157,0.102,-12.025,0.066,0.138,0.047,0.162,0.096,eccentric_rotor,50
1/22/2025 15:05,-11.982,0.065,0.129,0.046,0.152,0.107,-12.025,0.077,0.151,0.054,0.163,0.105,eccentric_rotor,50
1/22/2025 15:06,-11.982,0.058,0.131,0.041,0.159,0.101,-12.025,0.063,0.14,0.045,0.154,0.094,eccentric_rotor,50
1/22/2025 15:06,-11.982,0.067,0.121,0.048,0.152,0.104,-12.025,0.065,0.156,0.046,0.161,0.096,eccentric_rotor,50
1/22/2025 15:06,-11.982,0.066,0.117,0.047,0.155,0.099,-12.025,0.077,0.143,0.054,0.161,0.102,eccentric_rotor,50
1/22/2025 15:06,-11.982,0.057,0.137,0.04,0.143,0.105,-12.025,0.063,0.148,0.044,0.155,0.096,eccentric_rotor,50
1/22/2025 15:06,-11.982,0.07,0.121,0.049,0.144,0.097,-12.025,0.073,0.137,0.052,0.159,0.103,eccentric_rotor,50
1/22/2025 15:06,-11.982,0.057,0.121,0.04,0.154,0.105,-12.024,0.063,0.139,0.045,0.152,0.096,eccentric_rotor,50
1/22/2025 15:06,-11.982,0.064,0.135,0.045,0.148,0.099,-12.024,0.065,0.146,0.046,0.159,0.1,eccentric_rotor,50
1/22/2025 15:06,-11.982,0.056,0.121,0.04,0.161,0.105,-12.025,0.076,0.155,0.054,0.151,0.096,eccentric_rotor,50
1/22/2025 15:06,-11.982,0.057,0.137,0.041,0.162,0.11,-12.024,0.073,0.143,0.051,0.161,0.099,eccentric_rotor,50
1/22/2025 15:06,-11.982,0.066,0.116,0.047,0.149,0.099,-12.025,0.067,0.136,0.048,0.157,0.095,eccentric_rotor,50
1/22/2025 15:06,-11.982,0.063,0.119,0.045,0.151,0.106,-12.025,0.073,0.15,0.052,0.151,0.095,eccentric_rotor,50
1/22/2025 15:06,-11.982,0.06,0.137,0.043,0.158,0.101,-12.024,0.067,0.141,0.047,0.16,0.093,eccentric_rotor,50
1/22/2025 15:07,-11.982,0.062,0.121,0.044,0.148,0.108,-12.024,0.07,0.138,0.049,0.148,0.1,eccentric_rotor,50
1/22/2025 15:07,-11.982,0.064,0.136,0.045,0.159,0.103,-12.025,0.073,0.162,0.052,0.157,0.093,eccentric_rotor,50
1/22/2025 15:07,-11.982,0.062,0.12,0.044,0.151,0.099,-12.024,0.072,0.139,0.051,0.151,0.099,eccentric_rotor,50
1/22/2025 15:07,-11.982,0.065,0.128,0.046,0.155,0.103,-12.025,0.066,0.159,0.047,0.147,0.104,eccentric_rotor,50
1/22/2025 15:07,-11.982,0.06,0.135,0.043,0.149,0.103,-12.025,0.073,0.135,0.052,0.154,0.097,eccentric_rotor,50
1/22/2025 15:07,-11.982,0.065,0.12,0.046,0.154,0.099,-12.024,0.065,0.138,0.046,0.149,0.095,eccentric_rotor,50
1/22/2025 15:07,-11.982,0.059,0.136,0.042,0.147,0.099,-12.024,0.072,0.158,0.051,0.154,0.095,eccentric_rotor,50
1/22/2025 15:07,-11.982,0.064,0.121,0.045,0.147,0.106,-12.024,0.066,0.157,0.047,0.15,0.101,eccentric_rotor,50
1/22/2025 15:07,-11.982,0.059,0.125,0.042,0.154,0.099,-12.024,0.066,0.136,0.047,0.161,0.094,eccentric_rotor,50
1/22/2025 15:07,-11.982,0.058,0.138,0.041,0.155,0.104,-12.024,0.074,0.153,0.052,0.152,0.098,eccentric_rotor,50
1/22/2025 15:07,-11.982,0.064,0.123,0.045,0.146,0.105,-12.024,0.071,0.153,0.051,0.158,0.099,eccentric_rotor,50
1/22/2025 15:08,-11.982,0.059,0.143,0.041,0.143,0.11,-12.025,0.066,0.139,0.047,0.152,0.095,eccentric_rotor,50
1/22/2025 15:08,-11.982,0.063,0.135,0.045,0.15,0.102,-12.025,0.072,0.154,0.051,0.154,0.097,eccentric_rotor,50
1/22/2025 15:08,-11.982,0.058,0.123,0.041,0.162,0.107,-12.025,0.065,0.143,0.046,0.146,0.094,eccentric_rotor,50
1/22/2025 15:08,-11.982,0.062,0.132,0.044,0.147,0.101,-12.025,0.064,0.156,0.045,0.153,0.094,eccentric_rotor,50
1/22/2025 15:08,-11.982,0.057,0.122,0.04,0.157,0.11,-12.025,0.071,0.145,0.05,0.15,0.1,eccentric_rotor,50
1/22/2025 15:08,-11.982,0.062,0.126,0.044,0.149,0.099,-12.025,0.07,0.141,0.05,0.157,0.094,eccentric_rotor,50
1/22/2025 15:08,-11.982,0.058,0.12,0.041,0.153,0.092,-12.025,0.066,0.155,0.047,0.16,0.1,eccentric_rotor,50
1/22/2025 15:08,-11.982,0.062,0.142,0.044,0.146,0.095,-12.025,0.065,0.14,0.046,0.151,0.103,eccentric_rotor,50
1/22/2025 15:08,-11.982,0.064,0.121,0.045,0.149,0.104,-12.025,0.071,0.159,0.05,0.153,0.098,eccentric_rotor,50
1/22/2025 15:08,-11.982,0.056,0.135,0.04,0.151,0.111,-12.025,0.069,0.138,0.049,0.157,0.104,eccentric_rotor,50
1/22/2025 15:08,-11.982,0.063,0.122,0.045,0.152,0.104,-12.025,0.065,0.153,0.046,0.153,0.097,eccentric_rotor,50
1/22/2025 15:09,-11.982,0.057,0.117,0.04,0.146,0.111,-12.025,0.072,0.142,0.051,0.158,0.102,eccentric_rotor,50
1/22/2025 15:09,-11.982,0.063,0.129,0.045,0.146,0.105,-12.025,0.064,0.151,0.046,0.152,0.095,eccentric_rotor,50
1/22/2025 15:09,-11.982,0.058,0.119,0.041,0.154,0.113,-12.025,0.073,0.142,0.052,0.157,0.104,eccentric_rotor,50
1/22/2025 15:09,-11.982,0.058,0.128,0.041,0.148,0.113,-12.025,0.066,0.155,0.047,0.156,0.095,eccentric_rotor,50
1/22/2025 15:09,-11.982,0.065,0.123,0.046,0.155,0.104,-12.025,0.063,0.148,0.045,0.151,0.089,eccentric_rotor,50
1/22/2025 15:09,-11.982,0.057,0.131,0.04,0.154,0.112,-12.025,0.072,0.14,0.051,0.154,0.091,eccentric_rotor,50
1/22/2025 15:09,-11.982,0.064,0.136,0.046,0.162,0.103,-12.025,0.064,0.139,0.045,0.148,0.098,eccentric_rotor,50
1/22/2025 15:09,-11.982,0.056,0.122,0.04,0.154,0.108,-12.025,0.075,0.146,0.053,0.149,0.104,eccentric_rotor,50
1/22/2025 15:09,-11.982,0.065,0.118,0.046,0.159,0.102,-12.025,0.063,0.138,0.045,0.155,0.104,eccentric_rotor,50
1/22/2025 15:09,-11.982,0.066,0.136,0.047,0.149,0.105,-12.024,0.078,0.15,0.055,0.148,0.1,eccentric_rotor,50
1/22/2025 15:09,-11.982,0.057,0.123,0.04,0.16,0.094,-12.024,0.063,0.162,0.045,0.147,0.099,eccentric_rotor,50
1/22/2025 15:09,-11.982,0.066,0.137,0.046,0.145,0.104,-12.025,0.076,0.14,0.054,0.154,0.107,eccentric_rotor,50
1/22/2025 15:09,-11.982,0.055,0.116,0.039,0.137,0.104,-12.025,0.073,0.139,0.052,0.159,0.107,eccentric_rotor,50
1/22/2025 15:10,-11.982,0.055,0.118,0.039,0.14,0.099,-12.025,0.061,0.152,0.043,0.153,0.099,eccentric_rotor,50
1/22/2025 15:10,-11.982,0.066,0.133,0.046,0.149,0.102,-12.025,0.076,0.151,0.053,0.15,0.105,eccentric_rotor,50
1/22/2025 15:10,-11.982,0.068,0.132,0.048,0.162,0.096,-12.025,0.063,0.14,0.045,0.154,0.097,eccentric_rotor,50
1/22/2025 15:10,-11.982,0.056,0.121,0.039,0.162,0.096,-12.025,0.064,0.149,0.045,0.156,0.103,eccentric_rotor,50
1/22/2025 15:10,-11.982,0.058,0.131,0.041,0.154,0.103,-12.025,0.076,0.136,0.054,0.152,0.097,eccentric_rotor,50
1/22/2025 15:10,-11.982,0.065,0.114,0.046,0.153,0.096,-12.025,0.062,0.162,0.044,0.148,0.099,eccentric_rotor,50
1/22/2025 15:10,-11.982,0.055,0.128,0.039,0.164,0.099,-12.025,0.074,0.158,0.052,0.153,0.09,eccentric_rotor,50
1/22/2025 15:10,-11.982,0.065,0.117,0.046,0.165,0.097,-12.025,0.063,0.135,0.045,0.15,0.099,eccentric_rotor,50
1/22/2025 15:10,-11.982,0.055,0.115,0.039,0.154,0.101,-12.025,0.064,0.159,0.045,0.154,0.099,eccentric_rotor,50
1/22/2025 15:10,-11.982,0.057,0.131,0.04,0.153,0.102,-12.025,0.074,0.141,0.052,0.148,0.094,eccentric_rotor,50
1/22/2025 15:10,-11.982,0.065,0.119,0.046,0.161,0.095,-12.025,0.063,0.155,0.045,0.155,0.097,eccentric_rotor,50
1/22/2025 15:10,-11.982,0.056,0.134,0.04,0.151,0.096,-12.025,0.074,0.134,0.053,0.148,0.091,eccentric_rotor,50
1/22/2025 15:11,-11.982,0.066,0.136,0.047,0.159,0.1,-12.025,0.065,0.159,0.046,0.148,0.093,eccentric_rotor,50
1/22/2025 15:11,-11.982,0.066,0.12,0.047,0.156,0.099,-12.025,0.076,0.132,0.054,0.154,0.098,eccentric_rotor,50
1/22/2025 15:11,-11.982,0.057,0.136,0.04,0.143,0.109,-12.025,0.072,0.137,0.051,0.16,0.095,eccentric_rotor,50
1/22/2025 15:11,-11.982,0.065,0.122,0.046,0.154,0.103,-12.025,0.065,0.153,0.046,0.159,0.092,eccentric_rotor,50
1/22/2025 15:11,-11.982,0.056,0.135,0.04,0.153,0.098,-12.025,0.074,0.134,0.052,0.154,0.093,eccentric_rotor,50
1/22/2025 15:11,-11.982,0.065,0.126,0.046,0.146,0.099,-12.025,0.063,0.162,0.045,0.157,0.097,eccentric_rotor,50
1/22/2025 15:11,-11.982,0.056,0.124,0.04,0.148,0.106,-12.025,0.072,0.134,0.051,0.149,0.096,eccentric_rotor,50
1/22/2025 15:11,-11.982,0.064,0.122,0.045,0.142,0.108,-12.025,0.072,0.151,0.051,0.159,0.092,eccentric_rotor,50
1/22/2025 15:11,-11.982,0.057,0.143,0.04,0.142,0.099,-12.025,0.065,0.135,0.046,0.146,0.092,eccentric_rotor,50
1/22/2025 15:11,-11.982,0.063,0.118,0.044,0.152,0.103,-12.025,0.064,0.133,0.045,0.142,0.095,eccentric_rotor,50
1/22/2025 15:11,-11.982,0.064,0.137,0.045,0.149,0.096,-12.025,0.071,0.15,0.05,0.143,0.103,eccentric_rotor,50
1/22/2025 15:11,-11.982,0.06,0.118,0.043,0.143,0.098,-12.025,0.066,0.142,0.047,0.152,0.097,eccentric_rotor,50
1/22/2025 15:12,-11.982,0.063,0.117,0.045,0.145,0.096,-12.024,0.071,0.157,0.05,0.16,0.093,eccentric_rotor,50
1/22/2025 15:12,-11.982,0.063,0.132,0.044,0.147,0.096,-12.024,0.071,0.136,0.051,0.159,0.095,eccentric_rotor,50
1/22/2025 15:12,-11.982,0.059,0.121,0.042,0.15,0.105,-12.025,0.067,0.161,0.047,0.156,0.1,eccentric_rotor,50
1/22/2025 15:12,-11.982,0.057,0.139,0.04,0.143,0.1,-12.024,0.063,0.156,0.044,0.156,0.102,eccentric_rotor,50
1/22/2025 15:12,-11.982,0.068,0.137,0.048,0.147,0.102,-12.024,0.077,0.14,0.054,0.162,0.093,eccentric_rotor,50
1/22/2025 15:12,-11.982,0.059,0.121,0.042,0.144,0.097,-12.024,0.065,0.161,0.046,0.156,0.099,eccentric_rotor,50
1/22/2025 15:12,-11.982,0.064,0.12,0.045,0.147,0.097,-12.024,0.073,0.135,0.052,0.159,0.091,eccentric_rotor,50
1/22/2025 15:12,-11.982,0.057,0.136,0.041,0.16,0.1,-12.024,0.062,0.154,0.044,0.154,0.094,eccentric_rotor,50
1/22/2025 15:12,-11.982,0.056,0.119,0.039,0.153,0.104,-12.024,0.075,0.137,0.053,0.154,0.091,eccentric_rotor,50
1/22/2025 15:12,-11.982,0.066,0.119,0.047,0.148,0.098,-12.024,0.064,0.155,0.045,0.157,0.092,eccentric_rotor,50
1/22/2025 15:12,-11.982,0.057,0.141,0.04,0.155,0.104,-12.024,0.071,0.141,0.05,0.155,0.1,eccentric_rotor,50
1/22/2025 15:12,-11.982,0.059,0.118,0.042,0.148,0.106,-12.024,0.071,0.154,0.05,0.146,0.098,eccentric_rotor,50
1/22/2025 15:12,-11.982,0.062,0.118,0.044,0.158,0.099,-12.024,0.066,0.153,0.047,0.153,0.095,eccentric_rotor,50
1/22/2025 15:13,-11.982,0.066,0.138,0.046,0.148,0.1,-12.024,0.072,0.138,0.051,0.153,0.093,eccentric_rotor,50
1/22/2025 15:13,-11.982,0.056,0.116,0.04,0.151,0.098,-12.024,0.065,0.152,0.046,0.148,0.092,eccentric_rotor,50
1/22/2025 15:13,-11.982,0.066,0.129,0.047,0.142,0.102,-12.024,0.063,0.136,0.045,0.149,0.095,eccentric_rotor,50
1/22/2025 15:13,-11.982,0.056,0.122,0.04,0.145,0.096,-12.024,0.078,0.154,0.055,0.145,0.098,eccentric_rotor,50
1/22/2025 15:13,-11.982,0.067,0.134,0.048,0.141,0.104,-12.025,0.077,0.161,0.055,0.144,0.094,eccentric_rotor,50
1/22/2025 15:13,-11.982,0.065,0.123,0.046,0.145,0.1,-12.025,0.062,0.136,0.044,0.154,0.099,eccentric_rotor,50
1/22/2025 15:13,-11.982,0.056,0.119,0.04,0.154,0.098,-12.025,0.063,0.146,0.045,0.152,0.101,eccentric_rotor,50
1/22/2025 15:13,-11.982,0.063,0.134,0.045,0.148,0.104,-12.025,0.075,0.136,0.053,0.145,0.094,eccentric_rotor,50
1/22/2025 15:13,-11.982,0.06,0.131,0.043,0.153,0.104,-12.025,0.071,0.161,0.05,0.149,0.095,eccentric_rotor,50
1/22/2025 15:13,-11.982,0.062,0.119,0.044,0.144,0.101,-12.025,0.066,0.133,0.046,0.146,0.093,eccentric_rotor,50
1/22/2025 15:13,-11.982,0.059,0.131,0.042,0.142,0.099,-12.025,0.07,0.153,0.05,0.153,0.096,eccentric_rotor,50
1/22/2025 15:14,-11.982,0.064,0.119,0.045,0.148,0.099,-12.025,0.065,0.154,0.046,0.145,0.091,eccentric_rotor,50
1/22/2025 15:14,-11.982,0.057,0.131,0.041,0.147,0.106,-12.025,0.064,0.138,0.045,0.15,0.097,eccentric_rotor,50
1/22/2025 15:14,-11.982,0.067,0.129,0.047,0.154,0.1,-12.025,0.077,0.14,0.054,0.145,0.099,eccentric_rotor,50
1/22/2025 15:14,-11.982,0.058,0.12,0.041,0.146,0.104,-12.025,0.066,0.151,0.046,0.147,0.094,eccentric_rotor,50
1/22/2025 15:14,-11.982,0.057,0.135,0.04,0.154,0.097,-12.025,0.063,0.156,0.044,0.159,0.094,eccentric_rotor,50
1/22/2025 15:14,-11.982,0.067,0.119,0.047,0.156,0.102,-12.025,0.073,0.138,0.052,0.154,0.098,eccentric_rotor,50
1/22/2025 15:14,-11.982,0.057,0.132,0.04,0.147,0.097,-12.025,0.064,0.162,0.045,0.149,0.099,eccentric_rotor,50
1/22/2025 15:14,-11.982,0.058,0.138,0.041,0.153,0.103,-12.025,0.074,0.137,0.052,0.157,0.094,eccentric_rotor,50
1/22/2025 15:14,-11.982,0.066,0.122,0.047,0.148,0.098,-12.025,0.075,0.152,0.053,0.15,0.095,eccentric_rotor,50
1/22/2025 15:14,-11.982,0.065,0.136,0.046,0.147,0.108,-12.025,0.062,0.134,0.044,0.158,0.1,eccentric_rotor,50
1/22/2025 15:14,-11.982,0.057,0.122,0.04,0.149,0.099,-12.025,0.064,0.152,0.045,0.148,0.1,eccentric_rotor,50
1/22/2025 15:14,-11.982,0.058,0.131,0.041,0.146,0.097,-12.025,0.076,0.139,0.054,0.153,0.095,eccentric_rotor,50
1/22/2025 15:15,-11.982,0.058,0.123,0.041,0.15,0.102,-12.025,0.074,0.14,0.052,0.144,0.099,eccentric_rotor,50
1/22/2025 15:15,-11.982,0.068,0.136,0.048,0.153,0.097,-12.025,0.067,0.154,0.048,0.149,0.092,eccentric_rotor,50
1/22/2025 15:15,-11.982,0.067,0.136,0.047,0.146,0.102,-12.025,0.066,0.136,0.047,0.143,0.097,eccentric_rotor,50
1/22/2025 15:15,-11.982,0.06,0.122,0.042,0.147,0.098,-12.025,0.07,0.151,0.05,0.152,0.092,eccentric_rotor,50
1/22/2025 15:15,-11.982,0.063,0.119,0.045,0.153,0.104,-12.025,0.063,0.156,0.045,0.155,0.098,eccentric_rotor,50
1/22/2025 15:15,-11.982,0.064,0.136,0.045,0.149,0.106,-12.024,0.077,0.143,0.054,0.148,0.094,eccentric_rotor,50
1/22/2025 15:15,-11.982,0.066,0.128,0.047,0.156,0.099,-12.024,0.065,0.138,0.046,0.151,0.103,eccentric_rotor,50
1/22/2025 15:15,-11.982,0.057,0.139,0.04,0.153,0.104,-12.025,0.073,0.156,0.051,0.145,0.095,eccentric_rotor,50
1/22/2025 15:15,-11.982,0.065,0.12,0.046,0.145,0.107,-12.024,0.071,0.137,0.05,0.145,0.092,eccentric_rotor,50
1/22/2025 15:15,-11.982,0.059,0.123,0.041,0.147,0.099,-12.025,0.065,0.143,0.046,0.15,0.096,eccentric_rotor,50
1/22/2025 15:15,-11.982,0.06,0.135,0.042,0.156,0.107,-12.024,0.075,0.168,0.053,0.153,0.092,eccentric_rotor,50
1/22/2025 15:15,-11.982,0.067,0.14,0.048,0.157,0.104,-12.024,0.076,0.137,0.054,0.148,0.097,eccentric_rotor,50
1/22/2025 15:16,-11.982,0.06,0.119,0.042,0.149,0.109,-12.025,0.066,0.139,0.047,0.154,0.094,eccentric_rotor,50
1/22/2025 15:16,-11.982,0.067,0.12,0.048,0.146,0.106,-12.025,0.075,0.155,0.053,0.155,0.093,eccentric_rotor,50
1/22/2025 15:16,-11.982,0.065,0.133,0.046,0.145,0.103,-12.025,0.063,0.153,0.045,0.149,0.099,eccentric_rotor,50
1/22/2025 15:16,-11.982,0.061,0.125,0.043,0.152,0.106,-12.025,0.066,0.142,0.047,0.154,0.101,eccentric_rotor,50
1/22/2025 15:16,-11.982,0.057,0.123,0.04,0.144,0.112,-12.025,0.077,0.153,0.054,0.148,0.097,eccentric_rotor,50
1/22/2025 15:16,-11.982,0.068,0.134,0.048,0.15,0.109,-12.025,0.065,0.14,0.046,0.152,0.099,eccentric_rotor,50
1/22/2025 15:16,-11.982,0.059,0.138,0.042,0.153,0.104,-12.025,0.072,0.136,0.051,0.147,0.093,eccentric_rotor,50
1/22/2025 15:16,-11.982,0.065,0.125,0.046,0.147,0.097,-12.025,0.067,0.155,0.047,0.147,0.101,eccentric_rotor,50
1/22/2025 15:16,-11.982,0.065,0.138,0.046,0.158,0.108,-12.025,0.073,0.149,0.052,0.152,0.094,eccentric_rotor,50
1/22/2025 15:16,-11.982,0.06,0.136,0.042,0.147,0.103,-12.025,0.076,0.135,0.054,0.155,0.102,eccentric_rotor,50
1/22/2025 15:16,-11.982,0.061,0.124,0.043,0.145,0.111,-12.025,0.065,0.15,0.046,0.148,0.103,eccentric_rotor,50
1/22/2025 15:16,-11.982,0.068,0.137,0.048,0.151,0.102,-12.025,0.075,0.16,0.053,0.153,0.098,eccentric_rotor,50
1/22/2025 15:17,-11.982,0.058,0.121,0.041,0.144,0.099,-12.025,0.066,0.142,0.047,0.154,0.1,eccentric_rotor,50
1/22/2025 15:17,-11.982,0.061,0.132,0.043,0.151,0.105,-12.025,0.066,0.157,0.047,0.148,0.097,eccentric_rotor,50
1/22/2025 15:17,-11.982,0.065,0.118,0.046,0.144,0.098,-12.025,0.075,0.14,0.053,0.151,0.105,eccentric_rotor,50
1/22/2025 15:17,-11.982,0.06,0.12,0.042,0.152,0.104,-12.025,0.079,0.16,0.056,0.146,0.103,eccentric_rotor,50
1/22/2025 15:17,-11.982,0.065,0.138,0.046,0.156,0.097,-12.025,0.066,0.135,0.047,0.153,0.098,eccentric_rotor,50
1/22/2025 15:17,-11.982,0.059,0.125,0.042,0.149,0.105,-12.025,0.065,0.155,0.046,0.156,0.093,eccentric_rotor,50
1/22/2025 15:17,-11.982,0.068,0.14,0.048,0.152,0.103,-12.025,0.074,0.154,0.052,0.148,0.102,eccentric_rotor,50
1/22/2025 15:17,-11.982,0.058,0.138,0.041,0.145,0.109,-12.025,0.075,0.139,0.053,0.152,0.098,eccentric_rotor,50
1/22/2025 15:17,-11.982,0.066,0.122,0.047,0.157,0.101,-12.025,0.064,0.157,0.045,0.144,0.105,eccentric_rotor,50
1/22/2025 15:17,-11.982,0.067,0.118,0.047,0.146,0.109,-12.024,0.064,0.135,0.045,0.154,0.097,eccentric_rotor,50
1/22/2025 15:18,-11.982,0.057,0.137,0.041,0.158,0.113,-12.025,0.076,0.138,0.054,0.145,0.094,eccentric_rotor,50
1/22/2025 15:18,-11.982,0.058,0.124,0.041,0.151,0.108,-12.025,0.064,0.14,0.045,0.153,0.1,eccentric_rotor,50
1/22/2025 15:18,-11.982,0.07,0.142,0.049,0.16,0.107,-12.025,0.074,0.153,0.053,0.148,0.092,eccentric_rotor,50
1/22/2025 15:18,-11.982,0.059,0.124,0.042,0.157,0.118,-12.025,0.078,0.142,0.055,0.155,0.099,eccentric_rotor,50
1/22/2025 15:18,-11.982,0.065,0.125,0.046,0.152,0.116,-12.025,0.067,0.163,0.048,0.149,0.097,eccentric_rotor,50
1/22/2025 15:18,-11.982,0.068,0.139,0.048,0.156,0.103,-12.025,0.067,0.16,0.047,0.145,0.102,eccentric_rotor,50
1/22/2025 15:18,-11.982,0.062,0.124,0.044,0.163,0.101,-12.024,0.075,0.135,0.053,0.151,0.096,eccentric_rotor,50
1/22/2025 15:18,-11.982,0.06,0.143,0.042,0.16,0.11,-12.024,0.065,0.16,0.046,0.143,0.102,eccentric_rotor,50
1/22/2025 15:18,-11.982,0.066,0.138,0.047,0.152,0.107,-12.024,0.08,0.137,0.056,0.147,0.105,eccentric_rotor,50
1/22/2025 15:18,-11.982,0.065,0.121,0.046,0.142,0.102,-12.024,0.066,0.161,0.046,0.152,0.1,eccentric_rotor,50
1/22/2025 15:18,-11.982,0.06,0.133,0.043,0.161,0.107,-12.024,0.067,0.155,0.047,0.145,0.11,eccentric_rotor,50
1/22/2025 15:19,-11.982,0.069,0.123,0.049,0.151,0.111,-12.025,0.074,0.141,0.052,0.155,0.108,eccentric_rotor,50
1/22/2025 15:19,-11.982,0.06,0.143,0.042,0.161,0.105,-12.025,0.077,0.159,0.054,0.156,0.097,eccentric_rotor,50
1/22/2025 15:19,-11.982,0.066,0.124,0.047,0.161,0.111,-12.025,0.066,0.141,0.046,0.15,0.095,eccentric_rotor,50
1/22/2025 15:19,-11.982,0.069,0.134,0.049,0.152,0.104,-12.025,0.077,0.157,0.055,0.148,0.102,eccentric_rotor,50
1/22/2025 15:19,-11.982,0.059,0.146,0.042,0.155,0.105,-12.025,0.068,0.161,0.048,0.149,0.099,eccentric_rotor,50
1/22/2025 15:19,-11.982,0.067,0.121,0.047,0.146,0.109,-12.025,0.067,0.138,0.047,0.154,0.101,eccentric_rotor,50
1/22/2025 15:19,-11.982,0.062,0.124,0.044,0.155,0.103,-12.025,0.067,0.157,0.048,0.148,0.097,eccentric_rotor,50
1/22/2025 15:19,-11.982,0.06,0.137,0.042,0.144,0.102,-12.025,0.078,0.139,0.055,0.156,0.099,eccentric_rotor,50
1/22/2025 15:19,-11.982,0.065,0.132,0.046,0.154,0.106,-12.025,0.076,0.141,0.054,0.152,0.105,eccentric_rotor,50
1/22/2025 15:19,-11.982,0.061,0.121,0.043,0.153,0.11,-12.025,0.065,0.163,0.046,0.158,0.104,eccentric_rotor,50
1/22/2025 15:19,-11.982,0.071,0.134,0.05,0.158,0.111,-12.025,0.076,0.139,0.054,0.157,0.097,eccentric_rotor,50
1/22/2025 15:20,-11.982,0.067,0.143,0.048,0.151,0.105,-12.025,0.066,0.139,0.047,0.15,0.1,eccentric_rotor,50
1/22/2025 15:20,-11.982,0.06,0.124,0.042,0.165,0.11,-12.025,0.069,0.151,0.048,0.153,0.103,eccentric_rotor,50
1/22/2025 15:20,-11.982,0.068,0.139,0.048,0.157,0.105,-12.025,0.074,0.156,0.052,0.162,0.097,eccentric_rotor,50
1/22/2025 15:20,-11.982,0.06,0.143,0.042,0.174,0.109,-12.025,0.067,0.139,0.048,0.157,0.096,eccentric_rotor,50
1/22/2025 15:20,-11.982,0.063,0.124,0.044,0.17,0.105,-12.025,0.077,0.141,0.054,0.152,0.099,eccentric_rotor,50
1/22/2025 15:20,-11.982,0.065,0.125,0.046,0.151,0.109,-12.025,0.067,0.159,0.047,0.147,0.103,eccentric_rotor,50
1/22/2025 15:20,-11.982,0.061,0.135,0.043,0.159,0.107,-12.025,0.078,0.144,0.055,0.159,0.105,eccentric_rotor,50
1/22/2025 15:20,-11.982,0.069,0.12,0.048,0.159,0.118,-12.025,0.067,0.159,0.048,0.148,0.1,eccentric_rotor,50
1/22/2025 15:20,-11.982,0.061,0.133,0.043,0.154,0.106,-12.025,0.079,0.144,0.056,0.159,0.104,eccentric_rotor,50
1/22/2025 15:20,-11.982,0.068,0.126,0.048,0.152,0.105,-12.025,0.076,0.159,0.054,0.16,0.103,eccentric_rotor,50
1/22/2025 15:20,-11.982,0.061,0.143,0.043,0.157,0.11,-12.025,0.068,0.141,0.048,0.153,0.099,eccentric_rotor,50
1/22/2025 15:20,-11.982,0.07,0.138,0.049,0.153,0.108,-12.025,0.076,0.155,0.054,0.149,0.099,eccentric_rotor,50
1/22/2025 15:21,-11.982,0.069,0.122,0.049,0.165,0.113,-12.025,0.065,0.151,0.046,0.154,0.103,eccentric_rotor,50
1/22/2025 15:21,-11.982,0.062,0.144,0.044,0.154,0.108,-12.025,0.079,0.136,0.056,0.153,0.101,eccentric_rotor,50
1/22/2025 15:21,-11.982,0.067,0.125,0.048,0.164,0.114,-12.025,0.068,0.16,0.048,0.146,0.11,eccentric_rotor,50
1/22/2025 15:21,-11.982,0.06,0.141,0.042,0.162,0.111,-12.025,0.079,0.146,0.056,0.155,0.1,eccentric_rotor,50
1/22/2025 15:21,-11.982,0.07,0.126,0.05,0.155,0.118,-12.025,0.079,0.159,0.056,0.149,0.1,eccentric_rotor,50
1/22/2025 15:21,-11.982,0.07,0.14,0.049,0.156,0.11,-12.025,0.069,0.159,0.049,0.155,0.104,eccentric_rotor,50
1/22/2025 15:21,-11.982,0.062,0.125,0.044,0.161,0.118,-12.025,0.076,0.141,0.053,0.15,0.107,eccentric_rotor,50
1/22/2025 15:21,-11.982,0.069,0.124,0.049,0.151,0.112,-12.025,0.07,0.158,0.05,0.164,0.102,eccentric_rotor,50
1/22/2025 15:21,-11.982,0.062,0.138,0.044,0.149,0.118,-12.025,0.07,0.139,0.049,0.157,0.107,eccentric_rotor,50
1/22/2025 15:21,-11.982,0.068,0.128,0.048,0.159,0.119,-12.025,0.077,0.144,0.054,0.156,0.105,eccentric_rotor,50
1/22/2025 15:21,-11.982,0.064,0.141,0.045,0.155,0.112,-12.025,0.07,0.158,0.05,0.168,0.111,eccentric_rotor,50
1/22/2025 15:21,-11.982,0.062,0.125,0.044,0.161,0.114,-12.025,0.079,0.159,0.056,0.166,0.104,eccentric_rotor,50
1/22/2025 15:22,-11.982,0.069,0.139,0.049,0.164,0.105,-12.024,0.081,0.162,0.057,0.152,0.111,eccentric_rotor,50
1/22/2025 15:22,-11.982,0.064,0.128,0.045,0.156,0.109,-12.025,0.071,0.145,0.05,0.156,0.105,eccentric_rotor,50
1/22/2025 15:22,-11.982,0.069,0.128,0.049,0.155,0.121,-12.024,0.073,0.159,0.052,0.15,0.111,eccentric_rotor,50
1/22/2025 15:22,-11.982,0.07,0.135,0.05,0.162,0.117,-12.024,0.077,0.144,0.054,0.158,0.111,eccentric_rotor,50
1/22/2025 15:22,-11.982,0.064,0.137,0.046,0.162,0.11,-12.024,0.071,0.145,0.05,0.15,0.105,eccentric_rotor,50
1/22/2025 15:22,-11.982,0.07,0.125,0.049,0.155,0.108,-12.024,0.08,0.169,0.057,0.158,0.108,eccentric_rotor,50
1/22/2025 15:22,-11.982,0.066,0.129,0.047,0.156,0.119,-12.024,0.078,0.143,0.055,0.154,0.1,eccentric_rotor,50
1/22/2025 15:22,-11.982,0.066,0.138,0.046,0.161,0.106,-12.024,0.069,0.17,0.049,0.155,0.103,eccentric_rotor,50
1/22/2025 15:22,-11.982,0.071,0.137,0.05,0.16,0.107,-12.024,0.078,0.148,0.055,0.16,0.114,eccentric_rotor,50
1/22/2025 15:22,-11.982,0.069,0.127,0.049,0.17,0.117,-12.025,0.066,0.147,0.047,0.161,0.108,eccentric_rotor,50
1/22/2025 15:22,-11.982,0.063,0.131,0.044,0.155,0.11,-12.025,0.066,0.155,0.047,0.154,0.104,eccentric_rotor,50
1/22/2025 15:22,-11.982,0.07,0.149,0.049,0.155,0.129,-12.025,0.075,0.154,0.053,0.158,0.102,eccentric_rotor,50
1/22/2025 15:22,-11.982,0.061,0.143,0.043,0.163,0.122,-12.025,0.079,0.144,0.056,0.157,0.111,eccentric_rotor,50
1/22/2025 15:23,-11.982,0.059,0.131,0.042,0.158,0.108,-12.025,0.068,0.164,0.048,0.149,0.1,eccentric_rotor,50
1/22/2025 15:23,-11.982,0.069,0.129,0.049,0.165,0.12,-12.025,0.078,0.145,0.055,0.155,0.101,eccentric_rotor,50
1/22/2025 15:23,-11.982,0.07,0.141,0.049,0.16,0.111,-12.025,0.067,0.149,0.048,0.155,0.11,eccentric_rotor,50
1/22/2025 15:23,-11.982,0.063,0.145,0.045,0.163,0.118,-12.025,0.074,0.158,0.052,0.155,0.104,eccentric_rotor,50
1/22/2025 15:23,-11.982,0.059,0.129,0.042,0.171,0.12,-12.025,0.068,0.15,0.048,0.161,0.121,eccentric_rotor,50
1/22/2025 15:23,-11.982,0.07,0.163,0.049,0.164,0.114,-12.025,0.068,0.162,0.048,0.155,0.114,eccentric_rotor,50
1/22/2025 15:23,-11.982,0.067,0.123,0.048,0.172,0.116,-12.025,0.077,0.148,0.054,0.158,0.102,eccentric_rotor,50
1/22/2025 15:23,-11.982,0.061,0.15,0.043,0.165,0.122,-12.025,0.066,0.163,0.047,0.155,0.112,eccentric_rotor,50
1/22/2025 15:23,-11.982,0.062,0.126,0.044,0.173,0.122,-12.025,0.076,0.162,0.053,0.159,0.104,eccentric_rotor,50
1/22/2025 15:23,-11.982,0.068,0.13,0.048,0.166,0.114,-12.025,0.076,0.146,0.054,0.153,0.11,eccentric_rotor,50
1/22/2025 15:24,-11.982,0.061,0.147,0.043,0.166,0.112,-12.025,0.067,0.159,0.048,0.161,0.113,eccentric_rotor,50
1/22/2025 15:24,-11.982,0.067,0.136,0.048,0.155,0.118,-12.025,0.077,0.144,0.055,0.156,0.107,eccentric_rotor,50
1/22/2025 15:24,-11.982,0.067,0.123,0.047,0.159,0.127,-12.025,0.066,0.168,0.046,0.169,0.109,eccentric_rotor,50
1/22/2025 15:24,-11.982,0.06,0.132,0.042,0.176,0.126,-12.025,0.066,0.14,0.047,0.168,0.115,eccentric_rotor,50
1/22/2025 15:24,-11.982,0.07,0.124,0.049,0.171,0.122,-12.025,0.074,0.142,0.053,0.155,0.114,eccentric_rotor,50
1/22/2025 15:24,-11.982,0.061,0.132,0.043,0.163,0.126,-12.025,0.065,0.164,0.046,0.156,0.107,eccentric_rotor,50
1/22/2025 15:24,-11.982,0.066,0.138,0.047,0.16,0.121,-12.025,0.077,0.165,0.054,0.161,0.112,eccentric_rotor,50
1/22/2025 15:24,-11.982,0.06,0.136,0.043,0.172,0.124,-12.025,0.079,0.147,0.056,0.158,0.106,eccentric_rotor,50
1/22/2025 15:24,-11.982,0.067,0.127,0.047,0.159,0.119,-12.025,0.066,0.16,0.047,0.162,0.111,eccentric_rotor,50
1/22/2025 15:24,-11.982,0.058,0.126,0.041,0.158,0.124,-12.025,0.065,0.145,0.046,0.158,0.118,eccentric_rotor,50
1/22/2025 15:24,-11.983,0.06,0.137,0.043,0.172,0.119,-12.025,0.077,0.153,0.054,0.165,0.119,eccentric_rotor,50
1/22/2025 15:24,-11.982,0.07,0.127,0.049,0.161,0.122,-12.025,0.072,0.147,0.051,0.161,0.113,eccentric_rotor,50
1/22/2025 15:25,-11.982,0.059,0.142,0.042,0.169,0.112,-12.025,0.067,0.144,0.047,0.166,0.113,eccentric_rotor,50
1/22/2025 15:25,-11.982,0.068,0.122,0.048,0.169,0.109,-12.025,0.065,0.158,0.046,0.162,0.118,eccentric_rotor,50
1/22/2025 15:25,-11.982,0.065,0.138,0.046,0.181,0.117,-12.025,0.073,0.137,0.052,0.168,0.116,eccentric_rotor,50
1/22/2025 15:25,-11.982,0.059,0.137,0.042,0.179,0.119,-12.025,0.067,0.152,0.048,0.162,0.113,eccentric_rotor,50
1/22/2025 15:25,-11.982,0.065,0.124,0.046,0.159,0.111,-12.025,0.078,0.159,0.055,0.171,0.117,eccentric_rotor,50
1/22/2025 15:25,-11.982,0.06,0.132,0.042,0.173,0.117,-12.025,0.077,0.142,0.054,0.165,0.111,eccentric_rotor,50
1/22/2025 15:25,-11.982,0.069,0.122,0.049,0.163,0.113,-12.025,0.068,0.158,0.048,0.162,0.113,eccentric_rotor,50
1/22/2025 15:25,-11.982,0.061,0.122,0.043,0.172,0.108,-12.025,0.065,0.136,0.046,0.155,0.106,eccentric_rotor,50
1/22/2025 15:25,-11.982,0.069,0.139,0.048,0.173,0.113,-12.025,0.075,0.146,0.053,0.162,0.103,eccentric_rotor,50
1/22/2025 15:25,-11.982,0.058,0.122,0.041,0.168,0.109,-12.025,0.067,0.159,0.047,0.172,0.11,eccentric_rotor,50
1/22/2025 15:25,-11.982,0.06,0.134,0.042,0.177,0.109,-12.025,0.073,0.141,0.051,0.168,0.112,eccentric_rotor,50
1/22/2025 15:25,-11.982,0.064,0.125,0.045,0.177,0.113,-12.025,0.081,0.139,0.057,0.161,0.105,eccentric_rotor,50
1/22/2025 15:26,-11.982,0.07,0.138,0.049,0.165,0.115,-12.025,0.063,0.155,0.044,0.158,0.111,eccentric_rotor,50
1/22/2025 15:26,-11.982,0.059,0.137,0.042,0.164,0.108,-12.025,0.068,0.139,0.048,0.169,0.102,eccentric_rotor,50
1/22/2025 15:26,-11.982,0.061,0.125,0.043,0.171,0.106,-12.025,0.065,0.171,0.046,0.17,0.107,eccentric_rotor,50
1/22/2025 15:26,-11.982,0.066,0.136,0.047,0.182,0.11,-12.025,0.076,0.139,0.054,0.158,0.107,eccentric_rotor,50
1/22/2025 15:26,-11.982,0.067,0.125,0.048,0.182,0.108,-12.025,0.065,0.157,0.046,0.17,0.103,eccentric_rotor,50
1/22/2025 15:26,-11.982,0.059,0.123,0.042,0.178,0.104,-12.025,0.075,0.155,0.053,0.159,0.103,eccentric_rotor,50
1/22/2025 15:26,-11.982,0.058,0.136,0.041,0.183,0.101,-12.025,0.066,0.162,0.047,0.167,0.107,eccentric_rotor,50
1/22/2025 15:26,-11.982,0.067,0.119,0.047,0.176,0.104,-12.025,0.072,0.143,0.051,0.166,0.108,eccentric_rotor,50
1/22/2025 15:26,-11.982,0.059,0.135,0.042,0.182,0.108,-12.025,0.064,0.143,0.045,0.177,0.102,eccentric_rotor,50
1/22/2025 15:26,-11.982,0.066,0.138,0.047,0.173,0.103,-12.025,0.064,0.159,0.045,0.167,0.099,eccentric_rotor,50
1/22/2025 15:26,-11.982,0.066,0.126,0.047,0.181,0.11,-12.025,0.072,0.156,0.051,0.158,0.104,eccentric_rotor,50
1/22/2025 15:26,-11.982,0.058,0.12,0.041,0.172,0.109,-12.025,0.074,0.141,0.052,0.163,0.102,eccentric_rotor,50
1/22/2025 15:26,-11.982,0.065,0.144,0.046,0.175,0.102,-12.025,0.063,0.155,0.044,0.172,0.098,eccentric_rotor,50
1/22/2025 15:27,-11.982,0.057,0.123,0.04,0.164,0.102,-12.025,0.077,0.14,0.054,0.172,0.096,eccentric_rotor,50
1/22/2025 15:27,-11.982,0.064,0.134,0.045,0.162,0.11,-12.025,0.064,0.16,0.045,0.165,0.102,eccentric_rotor,50
1/22/2025 15:27,-11.982,0.058,0.122,0.041,0.165,0.113,-12.025,0.065,0.139,0.046,0.175,0.097,eccentric_rotor,50
1/22/2025 15:27,-11.982,0.066,0.137,0.047,0.173,0.109,-12.025,0.075,0.146,0.053,0.174,0.103,eccentric_rotor,50
1/22/2025 15:27,-11.982,0.056,0.135,0.04,0.164,0.116,-12.025,0.066,0.156,0.046,0.165,0.103,eccentric_rotor,50
1/22/2025 15:27,-11.982,0.065,0.122,0.046,0.171,0.113,-12.025,0.062,0.158,0.044,0.163,0.096,eccentric_rotor,50
1/22/2025 15:27,-11.982,0.062,0.122,0.044,0.167,0.101,-12.025,0.075,0.14,0.053,0.17,0.097,eccentric_rotor,50
1/22/2025 15:27,-11.982,0.059,0.139,0.041,0.159,0.101,-12.025,0.072,0.156,0.051,0.171,0.105,eccentric_rotor,50
1/22/2025 15:27,-11.982,0.056,0.122,0.04,0.162,0.108,-12.025,0.063,0.138,0.045,0.181,0.107,eccentric_rotor,50
1/22/2025 15:27,-11.982,0.066,0.131,0.047,0.168,0.104,-12.024,0.065,0.154,0.046,0.18,0.103,eccentric_rotor,50
1/22/2025 15:27,-11.982,0.065,0.119,0.046,0.165,0.111,-12.024,0.074,0.154,0.052,0.174,0.109,eccentric_rotor,50
1/22/2025 15:27,-11.982,0.058,0.135,0.041,0.16,0.113,-12.024,0.075,0.137,0.053,0.18,0.105,eccentric_rotor,50
1/22/2025 15:27,-11.982,0.058,0.132,0.041,0.17,0.105,-12.024,0.063,0.155,0.045,0.174,0.096,eccentric_rotor,50
1/22/2025 15:28,-11.982,0.066,0.121,0.046,0.161,0.109,-12.024,0.072,0.138,0.051,0.177,0.096,eccentric_rotor,50
1/22/2025 15:28,-11.982,0.067,0.132,0.047,0.156,0.111,-12.024,0.065,0.157,0.046,0.172,0.102,eccentric_rotor,50
1/22/2025 15:28,-11.982,0.058,0.117,0.041,0.163,0.105,-12.025,0.078,0.136,0.055,0.178,0.099,eccentric_rotor,50
1/22/2025 15:28,-11.982,0.066,0.133,0.047,0.161,0.112,-12.025,0.075,0.136,0.053,0.169,0.104,eccentric_rotor,50
1/22/2025 15:28,-11.982,0.058,0.123,0.041,0.152,0.103,-12.025,0.064,0.157,0.045,0.174,0.106,eccentric_rotor,50
1/22/2025 15:28,-11.982,0.068,0.142,0.048,0.149,0.098,-12.025,0.066,0.151,0.046,0.163,0.1,eccentric_rotor,50
1/22/2025 15:28,-11.982,0.067,0.121,0.047,0.154,0.099,-12.025,0.065,0.152,0.046,0.159,0.103,eccentric_rotor,50
1/22/2025 15:28,-11.982,0.058,0.124,0.041,0.16,0.102,-12.025,0.074,0.14,0.053,0.167,0.105,eccentric_rotor,50
1/22/2025 15:28,-11.982,0.059,0.13,0.042,0.153,0.099,-12.025,0.061,0.133,0.043,0.17,0.099,eccentric_rotor,50
1/22/2025 15:28,-11.982,0.066,0.119,0.047,0.16,0.105,-12.025,0.074,0.154,0.052,0.164,0.106,eccentric_rotor,50
1/22/2025 15:28,-11.982,0.06,0.142,0.042,0.149,0.102,-12.025,0.063,0.134,0.045,0.16,0.098,eccentric_rotor,50
1/22/2025 15:28,-11.982,0.056,0.12,0.04,0.149,0.097,-12.025,0.063,0.155,0.044,0.169,0.099,eccentric_rotor,50
1/22/2025 15:29,-11.983,0.065,0.136,0.046,0.163,0.102,-12.025,0.072,0.144,0.051,0.165,0.093,eccentric_rotor,50
1/22/2025 15:29,-11.982,0.066,0.123,0.047,0.167,0.097,-12.025,0.064,0.139,0.045,0.158,0.097,eccentric_rotor,50
1/22/2025 15:29,-11.982,0.057,0.136,0.04,0.16,0.1,-12.025,0.073,0.152,0.051,0.165,0.094,eccentric_rotor,50
1/22/2025 15:29,-11.982,0.065,0.123,0.046,0.17,0.097,-12.025,0.062,0.155,0.044,0.16,0.1,eccentric_rotor,50
1/22/2025 15:29,-11.982,0.065,0.139,0.046,0.165,0.098,-12.025,0.076,0.14,0.053,0.16,0.096,eccentric_rotor,50
1/22/2025 15:29,-11.982,0.057,0.121,0.041,0.151,0.099,-12.025,0.062,0.138,0.044,0.165,0.093,eccentric_rotor,50
1/22/2025 15:29,-11.982,0.063,0.131,0.045,0.15,0.104,-12.025,0.064,0.158,0.045,0.166,0.098,eccentric_rotor,50
1/22/2025 15:29,-11.982,0.058,0.122,0.041,0.16,0.102,-12.024,0.075,0.137,0.053,0.158,0.093,eccentric_rotor,50
1/22/2025 15:29,-11.983,0.068,0.136,0.048,0.156,0.098,-12.024,0.064,0.135,0.045,0.161,0.095,eccentric_rotor,50
1/22/2025 15:29,-11.982,0.059,0.125,0.041,0.162,0.096,-12.024,0.071,0.158,0.05,0.156,0.092,eccentric_rotor,50
1/22/2025 15:29,-11.982,0.067,0.122,0.047,0.167,0.102,-12.024,0.064,0.154,0.045,0.16,0.096,eccentric_rotor,50
1/22/2025 15:29,-11.982,0.058,0.119,0.041,0.155,0.101,-12.024,0.074,0.141,0.052,0.153,0.093,eccentric_rotor,50
1/22/2025 15:30,-11.982,0.064,0.135,0.046,0.162,0.108,-12.024,0.069,0.139,0.049,0.154,0.094,eccentric_rotor,50
1/22/2025 15:30,-11.982,0.058,0.135,0.041,0.164,0.11,-12.025,0.063,0.152,0.044,0.149,0.099,eccentric_rotor,50
1/22/2025 15:30,-11.982,0.066,0.118,0.047,0.155,0.108,-12.025,0.071,0.151,0.05,0.157,0.098,eccentric_rotor,50
1/22/2025 15:30,-11.982,0.062,0.134,0.044,0.153,0.101,-12.025,0.061,0.133,0.043,0.153,0.091,eccentric_rotor,50
1/22/2025 15:30,-11.982,0.055,0.133,0.039,0.157,0.101,-12.025,0.072,0.151,0.051,0.152,0.096,eccentric_rotor,50
1/22/2025 15:30,-11.982,0.064,0.118,0.045,0.145,0.107,-12.025,0.065,0.135,0.046,0.161,0.102,eccentric_rotor,50
1/22/2025 15:30,-11.982,0.054,0.14,0.038,0.145,0.099,-12.025,0.077,0.153,0.055,0.15,0.098,eccentric_rotor,50
1/22/2025 15:30,-11.982,0.064,0.118,0.045,0.152,0.099,-12.025,0.06,0.139,0.042,0.15,0.104,eccentric_rotor,50
1/22/2025 15:30,-11.982,0.059,0.12,0.042,0.149,0.106,-12.025,0.07,0.153,0.049,0.159,0.101,eccentric_rotor,50
1/22/2025 15:30,-11.982,0.066,0.136,0.047,0.155,0.106,-12.025,0.061,0.155,0.043,0.16,0.096,eccentric_rotor,50
1/22/2025 15:31,-11.982,0.055,0.135,0.039,0.153,0.101,-12.025,0.074,0.138,0.052,0.163,0.096,eccentric_rotor,50
1/22/2025 15:31,-11.982,0.064,0.125,0.046,0.144,0.102,-12.025,0.064,0.133,0.045,0.167,0.101,eccentric_rotor,50
1/22/2025 15:31,-11.982,0.056,0.118,0.04,0.15,0.097,-12.025,0.067,0.15,0.048,0.165,0.095,eccentric_rotor,50
1/22/2025 15:31,-11.982,0.065,0.133,0.046,0.145,0.096,-12.025,0.063,0.135,0.044,0.152,0.094,eccentric_rotor,50
1/22/2025 15:31,-11.982,0.058,0.127,0.041,0.143,0.1,-12.025,0.076,0.155,0.053,0.151,0.101,eccentric_rotor,50
1/22/2025 15:31,-11.982,0.062,0.136,0.044,0.151,0.097,-12.025,0.072,0.139,0.051,0.157,0.1,eccentric_rotor,50
1/22/2025 15:31,-11.982,0.057,0.132,0.04,0.145,0.104,-12.025,0.062,0.153,0.044,0.161,0.096,eccentric_rotor,50
1/22/2025 15:31,-11.982,0.068,0.12,0.048,0.147,0.098,-12.025,0.071,0.138,0.05,0.163,0.097,eccentric_rotor,50
1/22/2025 15:31,-11.982,0.065,0.138,0.046,0.154,0.103,-12.025,0.075,0.151,0.053,0.154,0.092,eccentric_rotor,50
1/22/2025 15:31,-11.982,0.055,0.12,0.039,0.153,0.099,-12.025,0.063,0.155,0.045,0.156,0.092,eccentric_rotor,50
1/22/2025 15:31,-11.982,0.064,0.132,0.045,0.147,0.097,-12.025,0.061,0.135,0.043,0.16,0.094,eccentric_rotor,50
1/22/2025 15:31,-11.982,0.058,0.136,0.041,0.142,0.102,-12.025,0.072,0.152,0.051,0.153,0.092,eccentric_rotor,50
1/22/2025 15:31,-11.982,0.066,0.139,0.047,0.153,0.104,-12.025,0.063,0.158,0.044,0.161,0.099,eccentric_rotor,50
1/22/2025 15:32,-11.982,0.057,0.122,0.04,0.151,0.106,-12.025,0.072,0.133,0.051,0.163,0.093,eccentric_rotor,50
1/22/2025 15:32,-11.982,0.057,0.12,0.04,0.16,0.099,-12.025,0.063,0.164,0.045,0.155,0.097,eccentric_rotor,50
1/22/2025 15:32,-11.982,0.062,0.132,0.044,0.154,0.1,-12.025,0.074,0.136,0.053,0.147,0.094,eccentric_rotor,50
1/22/2025 15:32,-11.982,0.057,0.122,0.04,0.162,0.101,-12.025,0.077,0.15,0.054,0.146,0.092,eccentric_rotor,50
1/22/2025 15:32,-11.982,0.064,0.132,0.045,0.161,0.096,-12.025,0.062,0.154,0.044,0.152,0.098,eccentric_rotor,50
1/22/2025 15:32,-11.982,0.057,0.119,0.041,0.15,0.095,-12.025,0.073,0.139,0.051,0.154,0.097,eccentric_rotor,50
1/22/2025 15:32,-11.982,0.065,0.119,0.046,0.149,0.097,-12.025,0.063,0.137,0.045,0.15,0.101,eccentric_rotor,50
1/22/2025 15:32,-11.982,0.057,0.137,0.041,0.157,0.093,-12.025,0.067,0.152,0.047,0.145,0.094,eccentric_rotor,50
1/22/2025 15:32,-11.982,0.067,0.136,0.048,0.147,0.099,-12.025,0.074,0.137,0.052,0.152,0.097,eccentric_rotor,50
1/22/2025 15:32,-11.982,0.065,0.117,0.046,0.145,0.093,-12.025,0.061,0.164,0.043,0.146,0.094,eccentric_rotor,50
1/22/2025 15:32,-11.982,0.065,0.136,0.046,0.157,0.098,-12.025,0.072,0.139,0.051,0.145,0.096,eccentric_rotor,50
1/22/2025 15:32,-11.982,0.058,0.121,0.041,0.155,0.101,-12.025,0.062,0.135,0.044,0.15,0.092,eccentric_rotor,50
1/22/2025 15:32,-11.982,0.068,0.125,0.048,0.149,0.102,-12.025,0.073,0.156,0.052,0.145,0.09,eccentric_rotor,50
1/22/2025 15:33,-11.982,0.057,0.147,0.04,0.154,0.096,-12.025,0.063,0.153,0.044,0.147,0.093,eccentric_rotor,50
1/22/2025 15:33,-11.982,0.065,0.119,0.046,0.143,0.101,-12.025,0.063,0.139,0.044,0.154,0.089,eccentric_rotor,50
1/22/2025 15:33,-11.982,0.057,0.128,0.04,0.143,0.097,-12.025,0.07,0.138,0.049,0.147,0.094,eccentric_rotor,50
1/22/2025 15:33,-11.982,0.065,0.12,0.046,0.149,0.096,-12.025,0.063,0.148,0.045,0.149,0.089,eccentric_rotor,50
1/22/2025 15:33,-11.982,0.056,0.129,0.04,0.143,0.1,-12.025,0.072,0.161,0.051,0.145,0.093,eccentric_rotor,50
1/22/2025 15:33,-11.982,0.064,0.118,0.045,0.153,0.101,-12.025,0.062,0.136,0.044,0.15,0.097,eccentric_rotor,50
1/22/2025 15:33,-11.982,0.057,0.133,0.04,0.152,0.096,-12.025,0.073,0.134,0.052,0.157,0.097,eccentric_rotor,50
1/22/2025 15:33,-11.982,0.065,0.135,0.046,0.145,0.095,-12.025,0.064,0.151,0.045,0.154,0.09,eccentric_rotor,50
1/22/2025 15:33,-11.982,0.057,0.12,0.04,0.152,0.102,-12.025,0.074,0.137,0.052,0.161,0.096,eccentric_rotor,50
1/22/2025 15:33,-11.982,0.065,0.138,0.046,0.143,0.099,-12.025,0.062,0.153,0.044,0.157,0.092,eccentric_rotor,50
1/22/2025 15:33,-11.982,0.057,0.122,0.04,0.152,0.103,-12.025,0.063,0.159,0.045,0.149,0.09,eccentric_rotor,50
1/22/2025 15:33,-11.982,0.064,0.132,0.045,0.153,0.099,-12.025,0.075,0.136,0.053,0.15,0.095,eccentric_rotor,50
1/22/2025 15:34,-11.982,0.056,0.12,0.039,0.157,0.097,-12.025,0.073,0.151,0.052,0.157,0.093,eccentric_rotor,50
1/22/2025 15:34,-11.982,0.067,0.139,0.048,0.149,0.103,-12.025,0.066,0.154,0.047,0.148,0.092,eccentric_rotor,50
1/22/2025 15:34,-11.982,0.058,0.119,0.041,0.152,0.098,-12.025,0.076,0.137,0.053,0.147,0.095,eccentric_rotor,50
1/22/2025 15:34,-11.982,0.061,0.14,0.043,0.148,0.103,-12.025,0.073,0.149,0.052,0.153,0.09,eccentric_rotor,50
1/22/2025 15:34,-11.982,0.068,0.124,0.048,0.144,0.104,-12.025,0.063,0.149,0.044,0.154,0.09,eccentric_rotor,50
1/22/2025 15:34,-11.982,0.067,0.132,0.047,0.148,0.102,-12.025,0.072,0.134,0.051,0.15,0.093,eccentric_rotor,50
1/22/2025 15:34,-11.982,0.057,0.122,0.04,0.14,0.097,-12.025,0.074,0.147,0.052,0.143,0.097,eccentric_rotor,50
1/22/2025 15:34,-11.982,0.066,0.133,0.047,0.145,0.104,-12.025,0.063,0.132,0.045,0.144,0.098,eccentric_rotor,50
1/22/2025 15:34,-11.982,0.065,0.118,0.046,0.148,0.097,-12.025,0.075,0.153,0.053,0.148,0.095,eccentric_rotor,50
1/22/2025 15:34,-11.982,0.057,0.125,0.04,0.14,0.103,-12.025,0.062,0.137,0.044,0.146,0.092,eccentric_rotor,50
1/22/2025 15:34,-11.982,0.067,0.138,0.047,0.147,0.102,-12.025,0.074,0.16,0.052,0.151,0.097,eccentric_rotor,50
1/22/2025 15:34,-11.982,0.058,0.129,0.041,0.145,0.101,-12.025,0.064,0.137,0.045,0.15,0.097,eccentric_rotor,50
1/22/2025 15:34,-11.982,0.067,0.119,0.048,0.153,0.098,-12.025,0.074,0.151,0.053,0.147,0.094,eccentric_rotor,50
1/22/2025 15:35,-11.982,0.069,0.134,0.049,0.144,0.105,-12.025,0.064,0.138,0.045,0.144,0.098,eccentric_rotor,50
1/22/2025 15:35,-11.982,0.059,0.12,0.042,0.153,0.099,-12.025,0.075,0.148,0.053,0.152,0.093,eccentric_rotor,50
1/22/2025 15:35,-11.982,0.067,0.141,0.047,0.142,0.099,-12.025,0.066,0.134,0.047,0.149,0.098,eccentric_rotor,50
1/22/2025 15:35,-11.982,0.062,0.12,0.044,0.143,0.104,-12.024,0.076,0.139,0.053,0.144,0.093,eccentric_rotor,50
1/22/2025 15:35,-11.982,0.067,0.137,0.048,0.148,0.097,-12.025,0.065,0.154,0.046,0.147,0.098,eccentric_rotor,50
1/22/2025 15:35,-11.982,0.069,0.121,0.049,0.142,0.101,-12.025,0.076,0.139,0.054,0.151,0.095,eccentric_rotor,50
1/22/2025 15:35,-11.982,0.059,0.124,0.042,0.151,0.097,-12.025,0.074,0.159,0.053,0.155,0.097,eccentric_rotor,50
1/22/2025 15:35,-11.982,0.06,0.122,0.042,0.141,0.099,-12.025,0.066,0.154,0.047,0.147,0.094,eccentric_rotor,50
1/22/2025 15:35,-11.982,0.069,0.135,0.049,0.14,0.095,-12.025,0.078,0.135,0.055,0.147,0.099,eccentric_rotor,50
1/22/2025 15:35,-11.982,0.06,0.138,0.042,0.153,0.096,-12.025,0.064,0.156,0.045,0.145,0.094,eccentric_rotor,50
1/22/2025 15:35,-11.982,0.059,0.124,0.042,0.146,0.099,-12.025,0.065,0.154,0.046,0.15,0.093,eccentric_rotor,50
1/22/2025 15:35,-11.982,0.067,0.138,0.047,0.149,0.101,-12.025,0.074,0.14,0.052,0.143,0.098,eccentric_rotor,50
1/22/2025 15:36,-11.982,0.069,0.119,0.049,0.153,0.092,-12.025,0.077,0.154,0.055,0.146,0.092,eccentric_rotor,50
1/22/2025 15:36,-11.982,0.061,0.138,0.043,0.153,0.095,-12.026,0.065,0.136,0.046,0.141,0.096,eccentric_rotor,50
1/22/2025 15:36,-11.982,0.067,0.122,0.048,0.144,0.1,-12.025,0.074,0.154,0.052,0.141,0.09,eccentric_rotor,50
1/22/2025 15:36,-11.982,0.06,0.134,0.043,0.145,0.097,-12.025,0.065,0.138,0.046,0.147,0.093,eccentric_rotor,50
1/22/2025 15:36,-11.982,0.061,0.144,0.043,0.154,0.105,-12.025,0.067,0.151,0.047,0.15,0.09,eccentric_rotor,50
1/22/2025 15:36,-11.982,0.069,0.119,0.049,0.149,0.105,-12.025,0.067,0.156,0.047,0.143,0.094,eccentric_rotor,50
1/22/2025 15:36,-11.982,0.061,0.138,0.043,0.154,0.109,-12.025,0.077,0.135,0.054,0.149,0.096,eccentric_rotor,50
1/22/2025 15:36,-11.982,0.061,0.139,0.043,0.154,0.112,-12.025,0.068,0.159,0.048,0.142,0.088,eccentric_rotor,50
1/22/2025 15:36,-11.982,0.068,0.125,0.048,0.143,0.107,-12.025,0.076,0.159,0.053,0.147,0.089,eccentric_rotor,50
1/22/2025 15:36,-11.982,0.061,0.14,0.043,0.155,0.11,-12.025,0.067,0.137,0.047,0.143,0.095,eccentric_rotor,50
1/22/2025 15:37,-11.982,0.068,0.136,0.048,0.154,0.1,-12.025,0.075,0.159,0.053,0.148,0.092,eccentric_rotor,50
1/22/2025 15:37,-11.982,0.069,0.126,0.049,0.146,0.107,-12.025,0.077,0.141,0.054,0.143,0.1,eccentric_rotor,50
1/22/2025 15:37,-11.982,0.062,0.124,0.044,0.148,0.105,-12.025,0.066,0.15,0.047,0.148,0.098,eccentric_rotor,50
1/22/2025 15:37,-11.982,0.059,0.142,0.041,0.154,0.097,-12.025,0.064,0.141,0.045,0.144,0.103,eccentric_rotor,50
1/22/2025 15:37,-11.982,0.068,0.133,0.048,0.147,0.108,-12.025,0.079,0.161,0.056,0.141,0.105,eccentric_rotor,50
1/22/2025 15:37,-11.982,0.058,0.124,0.041,0.158,0.101,-12.025,0.061,0.138,0.043,0.15,0.102,eccentric_rotor,50
1/22/2025 15:37,-11.982,0.066,0.125,0.047,0.147,0.11,-12.025,0.072,0.141,0.051,0.145,0.104,eccentric_rotor,50
1/22/2025 15:37,-11.982,0.067,0.139,0.047,0.148,0.109,-12.025,0.064,0.157,0.045,0.152,0.095,eccentric_rotor,50
1/22/2025 15:37,-11.982,0.058,0.124,0.041,0.156,0.106,-12.025,0.074,0.142,0.052,0.147,0.102,eccentric_rotor,50
1/22/2025 15:37,-11.982,0.06,0.142,0.042,0.152,0.112,-12.025,0.065,0.155,0.046,0.144,0.1,eccentric_rotor,50
1/22/2025 15:37,-11.982,0.067,0.125,0.047,0.145,0.113,-12.025,0.073,0.158,0.052,0.151,0.092,eccentric_rotor,50
1/22/2025 15:37,-11.982,0.069,0.135,0.048,0.15,0.106,-12.025,0.074,0.143,0.052,0.147,0.102,eccentric_rotor,50
1/22/2025 15:38,-11.982,0.06,0.126,0.042,0.143,0.108,-12.025,0.063,0.14,0.044,0.152,0.095,eccentric_rotor,50
1/22/2025 15:38,-11.982,0.068,0.135,0.048,0.147,0.112,-12.025,0.075,0.152,0.053,0.152,0.103,eccentric_rotor,50
1/22/2025 15:38,-11.982,0.059,0.124,0.042,0.142,0.105,-12.025,0.066,0.14,0.047,0.145,0.103,eccentric_rotor,50
1/22/2025 15:38,-11.982,0.067,0.14,0.047,0.148,0.11,-12.025,0.064,0.154,0.045,0.145,0.099,eccentric_rotor,50
1/22/2025 15:38,-11.982,0.058,0.129,0.041,0.151,0.102,-12.025,0.075,0.14,0.053,0.152,0.105,eccentric_rotor,50
1/22/2025 15:38,-11.982,0.067,0.143,0.047,0.142,0.108,-12.025,0.074,0.14,0.052,0.146,0.105,eccentric_rotor,50
1/22/2025 15:38,-11.982,0.06,0.145,0.042,0.141,0.107,-12.025,0.065,0.154,0.046,0.152,0.101,eccentric_rotor,50
1/22/2025 15:38,-11.982,0.058,0.123,0.041,0.148,0.102,-12.025,0.064,0.141,0.045,0.146,0.101,eccentric_rotor,50
1/22/2025 15:38,-11.982,0.068,0.137,0.048,0.143,0.105,-12.025,0.075,0.154,0.053,0.151,0.105,eccentric_rotor,50
1/22/2025 15:38,-11.982,0.066,0.128,0.047,0.155,0.113,-12.025,0.064,0.155,0.045,0.146,0.098,eccentric_rotor,50
1/22/2025 15:38,-11.982,0.059,0.138,0.042,0.164,0.104,-12.025,0.075,0.142,0.053,0.147,0.104,eccentric_rotor,50
1/22/2025 15:39,-11.982,0.061,0.142,0.043,0.166,0.112,-12.025,0.071,0.143,0.05,0.152,0.096,eccentric_rotor,50
1/22/2025 15:39,-11.982,0.065,0.125,0.046,0.159,0.104,-12.025,0.066,0.159,0.046,0.145,0.101,eccentric_rotor,50
1/22/2025 15:39,-11.982,0.056,0.135,0.04,0.164,0.11,-12.025,0.062,0.134,0.044,0.149,0.101,eccentric_rotor,50
1/22/2025 15:39,-11.982,0.065,0.124,0.046,0.149,0.109,-12.025,0.072,0.154,0.051,0.147,0.097,eccentric_rotor,50
1/22/2025 15:39,-11.982,0.066,0.146,0.047,0.161,0.113,-12.025,0.074,0.139,0.053,0.142,0.098,eccentric_rotor,50
1/22/2025 15:39,-11.982,0.057,0.125,0.04,0.155,0.107,-12.025,0.062,0.157,0.044,0.143,0.106,eccentric_rotor,50
1/22/2025 15:39,-11.982,0.059,0.132,0.041,0.145,0.115,-12.025,0.074,0.151,0.052,0.147,0.098,eccentric_rotor,50
1/22/2025 15:39,-11.982,0.057,0.123,0.041,0.151,0.111,-12.025,0.063,0.139,0.045,0.149,0.098,eccentric_rotor,50
1/22/2025 15:39,-11.982,0.067,0.139,0.047,0.16,0.108,-12.025,0.062,0.151,0.044,0.147,0.104,eccentric_rotor,50
1/22/2025 15:39,-11.982,0.057,0.12,0.04,0.153,0.116,-12.025,0.072,0.137,0.051,0.143,0.103,eccentric_rotor,50
1/22/2025 15:39,-11.982,0.066,0.121,0.047,0.163,0.1,-12.025,0.061,0.158,0.043,0.144,0.106,eccentric_rotor,50
1/22/2025 15:39,-11.982,0.06,0.137,0.042,0.157,0.107,-12.025,0.072,0.139,0.051,0.153,0.101,eccentric_rotor,50
1/22/2025 15:40,-11.982,0.066,0.139,0.046,0.157,0.101,-12.025,0.072,0.153,0.051,0.153,0.108,eccentric_rotor,50
1/22/2025 15:40,-11.982,0.066,0.126,0.047,0.166,0.111,-12.025,0.066,0.132,0.046,0.161,0.104,eccentric_rotor,50
1/22/2025 15:40,-11.982,0.058,0.141,0.041,0.167,0.11,-12.025,0.072,0.152,0.051,0.156,0.102,eccentric_rotor,50
1/22/2025 15:40,-11.982,0.064,0.124,0.046,0.158,0.104,-12.025,0.064,0.155,0.045,0.158,0.108,eccentric_rotor,50
1/22/2025 15:40,-11.982,0.056,0.138,0.04,0.16,0.103,-12.025,0.071,0.134,0.05,0.148,0.094,eccentric_rotor,50
1/22/2025 15:40,-11.982,0.065,0.134,0.046,0.164,0.117,-12.025,0.061,0.143,0.043,0.156,0.101,eccentric_rotor,50
1/22/2025 15:40,-11.982,0.056,0.125,0.04,0.155,0.113,-12.025,0.072,0.155,0.051,0.146,0.096,eccentric_rotor,50
1/22/2025 15:40,-11.982,0.059,0.122,0.041,0.164,0.104,-12.025,0.063,0.149,0.044,0.144,0.104,eccentric_rotor,50
1/22/2025 15:40,-11.982,0.067,0.138,0.047,0.15,0.106,-12.025,0.074,0.14,0.052,0.151,0.103,eccentric_rotor,50
1/22/2025 15:40,-11.982,0.065,0.122,0.046,0.16,0.109,-12.025,0.063,0.136,0.044,0.154,0.098,eccentric_rotor,50
1/22/2025 15:40,-11.983,0.064,0.14,0.045,0.153,0.108,-12.025,0.071,0.153,0.05,0.151,0.098,eccentric_rotor,50
1/22/2025 15:40,-11.983,0.057,0.12,0.04,0.159,0.105,-12.025,0.071,0.15,0.05,0.16,0.108,eccentric_rotor,50
1/22/2025 15:41,-11.982,0.068,0.142,0.048,0.153,0.108,-12.025,0.063,0.133,0.045,0.158,0.106,eccentric_rotor,50
1/22/2025 15:41,-11.982,0.058,0.122,0.041,0.168,0.104,-12.025,0.063,0.154,0.044,0.154,0.097,eccentric_rotor,50
1/22/2025 15:41,-11.982,0.066,0.117,0.046,0.157,0.104,-12.025,0.075,0.135,0.053,0.154,0.099,eccentric_rotor,50
1/22/2025 15:41,-11.982,0.058,0.118,0.041,0.154,0.107,-12.025,0.075,0.134,0.053,0.163,0.103,eccentric_rotor,50
1/22/2025 15:41,-11.982,0.058,0.133,0.041,0.163,0.108,-12.025,0.063,0.149,0.044,0.163,0.102,eccentric_rotor,50
1/22/2025 15:41,-11.983,0.066,0.144,0.047,0.16,0.101,-12.025,0.064,0.133,0.045,0.154,0.101,eccentric_rotor,50
1/22/2025 15:41,-11.982,0.057,0.121,0.04,0.168,0.107,-12.025,0.074,0.146,0.052,0.161,0.098,eccentric_rotor,50
1/22/2025 15:41,-11.983,0.065,0.139,0.046,0.168,0.101,-12.025,0.063,0.16,0.045,0.152,0.097,eccentric_rotor,50
1/22/2025 15:41,-11.982,0.058,0.122,0.041,0.159,0.1,-12.025,0.063,0.139,0.044,0.16,0.101,eccentric_rotor,50
1/22/2025 15:41,-11.982,0.065,0.13,0.046,0.171,0.104,-12.025,0.072,0.15,0.051,0.15,0.1,eccentric_rotor,50
1/22/2025 15:42,-11.983,0.057,0.119,0.041,0.162,0.1,-12.025,0.063,0.136,0.045,0.156,0.096,eccentric_rotor,50
1/22/2025 15:42,-11.983,0.056,0.119,0.04,0.16,0.103,-12.025,0.073,0.147,0.051,0.156,0.1,eccentric_rotor,50
1/22/2025 15:42,-11.982,0.066,0.133,0.046,0.17,0.099,-12.025,0.062,0.134,0.044,0.15,0.095,eccentric_rotor,50
1/22/2025 15:42,-11.982,0.064,0.135,0.045,0.148,0.104,-12.025,0.074,0.139,0.053,0.153,0.094,eccentric_rotor,50
1/22/2025 15:42,-11.982,0.057,0.123,0.04,0.159,0.097,-12.025,0.063,0.149,0.045,0.161,0.098,eccentric_rotor,50
1/22/2025 15:42,-11.982,0.058,0.137,0.041,0.152,0.096,-12.025,0.072,0.155,0.051,0.161,0.094,eccentric_rotor,50
1/22/2025 15:42,-11.982,0.067,0.123,0.048,0.165,0.101,-12.025,0.061,0.139,0.043,0.155,0.097,eccentric_rotor,50
1/22/2025 15:42,-11.982,0.067,0.134,0.047,0.165,0.105,-12.025,0.064,0.134,0.045,0.153,0.094,eccentric_rotor,50
1/22/2025 15:42,-11.982,0.055,0.121,0.039,0.155,0.103,-12.025,0.074,0.15,0.052,0.161,0.098,eccentric_rotor,50
1/22/2025 15:42,-11.983,0.059,0.128,0.041,0.154,0.1,-12.025,0.073,0.136,0.052,0.159,0.092,eccentric_rotor,50
1/22/2025 15:42,-11.982,0.067,0.14,0.047,0.169,0.097,-12.025,0.062,0.156,0.044,0.164,0.096,eccentric_rotor,50
1/22/2025 15:42,-11.982,0.066,0.119,0.046,0.169,0.099,-12.025,0.064,0.138,0.045,0.156,0.091,eccentric_rotor,50
1/22/2025 15:42,-11.982,0.058,0.134,0.041,0.154,0.096,-12.025,0.072,0.147,0.051,0.165,0.098,eccentric_rotor,50
1/22/2025 15:42,-11.982,0.058,0.12,0.041,0.153,0.096,-12.025,0.073,0.15,0.052,0.157,0.097,eccentric_rotor,50
1/22/2025 15:43,-11.982,0.066,0.133,0.047,0.163,0.1,-12.025,0.064,0.136,0.045,0.166,0.095,eccentric_rotor,50
1/22/2025 15:43,-11.982,0.057,0.122,0.04,0.162,0.1,-12.025,0.061,0.151,0.043,0.146,0.095,eccentric_rotor,50
1/22/2025 15:43,-11.982,0.065,0.139,0.046,0.155,0.105,-12.025,0.072,0.15,0.051,0.153,0.092,eccentric_rotor,50
1/22/2025 15:43,-11.982,0.066,0.124,0.047,0.16,0.101,-12.025,0.063,0.136,0.044,0.149,0.09,eccentric_rotor,50
1/22/2025 15:43,-11.982,0.058,0.135,0.041,0.152,0.096,-12.025,0.073,0.149,0.051,0.16,0.091,eccentric_rotor,50
1/22/2025 15:43,-11.982,0.058,0.122,0.041,0.154,0.104,-12.025,0.075,0.135,0.053,0.162,0.094,eccentric_rotor,50
1/22/2025 15:43,-11.982,0.065,0.122,0.046,0.161,0.099,-12.025,0.064,0.15,0.045,0.154,0.094,eccentric_rotor,50
1/22/2025 15:43,-11.982,0.059,0.131,0.042,0.16,0.105,-12.025,0.063,0.134,0.045,0.15,0.099,eccentric_rotor,50
1/22/2025 15:43,-11.982,0.065,0.119,0.046,0.152,0.098,-12.025,0.071,0.152,0.05,0.163,0.096,eccentric_rotor,50
1/22/2025 15:43,-11.982,0.057,0.133,0.04,0.16,0.105,-12.025,0.065,0.137,0.046,0.166,0.091,eccentric_rotor,50
1/22/2025 15:43,-11.982,0.057,0.122,0.04,0.15,0.101,-12.025,0.074,0.149,0.052,0.152,0.097,eccentric_rotor,50
1/22/2025 15:43,-11.982,0.067,0.14,0.048,0.147,0.105,-12.025,0.062,0.145,0.044,0.152,0.093,eccentric_rotor,50
1/22/2025 15:43,-11.982,0.058,0.131,0.041,0.154,0.099,-12.025,0.063,0.135,0.045,0.158,0.099,eccentric_rotor,50
1/22/2025 15:44,-11.982,0.066,0.116,0.047,0.147,0.105,-12.025,0.075,0.148,0.053,0.156,0.093,eccentric_rotor,50
1/22/2025 15:44,-11.982,0.066,0.137,0.047,0.148,0.1,-12.025,0.063,0.136,0.044,0.152,0.099,eccentric_rotor,50
1/22/2025 15:44,-11.982,0.058,0.118,0.041,0.155,0.095,-12.025,0.073,0.149,0.052,0.156,0.095,eccentric_rotor,50
1/22/2025 15:44,-11.982,0.067,0.125,0.047,0.144,0.102,-12.025,0.062,0.133,0.044,0.15,0.099,eccentric_rotor,50
1/22/2025 15:44,-11.982,0.059,0.142,0.041,0.153,0.096,-12.025,0.064,0.15,0.045,0.152,0.099,eccentric_rotor,50
1/22/2025 15:44,-11.982,0.066,0.139,0.047,0.143,0.096,-12.025,0.074,0.151,0.052,0.156,0.093,eccentric_rotor,50
1/22/2025 15:44,-11.982,0.065,0.119,0.046,0.151,0.1,-12.025,0.074,0.153,0.052,0.156,0.099,eccentric_rotor,50
1/22/2025 15:44,-11.982,0.058,0.123,0.041,0.155,0.098,-12.025,0.063,0.136,0.045,0.149,0.093,eccentric_rotor,50
1/22/2025 15:44,-11.982,0.064,0.137,0.045,0.146,0.102,-12.025,0.073,0.148,0.052,0.156,0.091,eccentric_rotor,50
1/22/2025 15:44,-11.982,0.064,0.119,0.045,0.153,0.104,-12.025,0.064,0.135,0.045,0.15,0.096,eccentric_rotor,50
1/22/2025 15:44,-11.982,0.064,0.135,0.045,0.149,0.1,-12.025,0.063,0.136,0.044,0.146,0.091,eccentric_rotor,50
1/22/2025 15:45,-11.982,0.056,0.135,0.039,0.143,0.097,-12.025,0.071,0.149,0.05,0.151,0.094,eccentric_rotor,50
1/22/2025 15:45,-11.982,0.057,0.121,0.041,0.149,0.098,-12.025,0.072,0.138,0.051,0.153,0.092,eccentric_rotor,50
1/22/2025 15:45,-11.982,0.065,0.132,0.046,0.143,0.104,-12.025,0.062,0.148,0.044,0.151,0.095,eccentric_rotor,50
1/22/2025 15:45,-11.982,0.065,0.122,0.046,0.143,0.101,-12.025,0.07,0.149,0.049,0.147,0.093,eccentric_rotor,50
1/22/2025 15:45,-11.982,0.056,0.134,0.039,0.15,0.099,-12.025,0.074,0.134,0.053,0.152,0.098,eccentric_rotor,50
1/22/2025 15:45,-11.982,0.057,0.121,0.04,0.149,0.105,-12.025,0.063,0.148,0.044,0.145,0.094,eccentric_rotor,50
1/22/2025 15:45,-11.982,0.067,0.135,0.047,0.157,0.104,-12.025,0.074,0.151,0.053,0.143,0.091,eccentric_rotor,50
1/22/2025 15:45,-11.982,0.058,0.12,0.041,0.144,0.1,-12.025,0.062,0.138,0.044,0.149,0.093,eccentric_rotor,50
1/22/2025 15:45,-11.982,0.067,0.12,0.047,0.146,0.099,-12.025,0.062,0.147,0.044,0.151,0.098,eccentric_rotor,50
1/22/2025 15:45,-11.982,0.068,0.14,0.048,0.154,0.103,-12.025,0.073,0.136,0.052,0.146,0.095,eccentric_rotor,50
1/22/2025 15:45,-11.982,0.06,0.133,0.042,0.155,0.101,-12.025,0.064,0.149,0.045,0.151,0.094,eccentric_rotor,50
1/22/2025 15:45,-11.982,0.058,0.136,0.041,0.146,0.104,-12.025,0.073,0.136,0.052,0.148,0.098,eccentric_rotor,50
1/22/2025 15:46,-11.982,0.068,0.124,0.048,0.156,0.098,-12.025,0.073,0.136,0.052,0.143,0.093,eccentric_rotor,50
1/22/2025 15:46,-11.982,0.068,0.12,0.048,0.148,0.102,-12.025,0.063,0.162,0.044,0.143,0.093,eccentric_rotor,50
1/22/2025 15:46,-11.982,0.059,0.141,0.041,0.155,0.098,-12.025,0.063,0.136,0.044,0.142,0.098,eccentric_rotor,50
1/22/2025 15:46,-11.982,0.066,0.121,0.046,0.156,0.097,-12.025,0.075,0.16,0.053,0.149,0.094,eccentric_rotor,50
1/22/2025 15:46,-11.982,0.057,0.145,0.04,0.148,0.1,-12.026,0.077,0.139,0.054,0.152,0.098,eccentric_rotor,50
1/22/2025 15:46,-11.983,0.064,0.122,0.045,0.149,0.104,-12.025,0.062,0.147,0.044,0.15,0.093,eccentric_rotor,50
1/22/2025 15:46,-11.982,0.058,0.137,0.041,0.154,0.104,-12.026,0.061,0.15,0.043,0.144,0.096,eccentric_rotor,50
1/22/2025 15:46,-11.982,0.066,0.134,0.047,0.143,0.107,-12.025,0.072,0.14,0.051,0.146,0.092,eccentric_rotor,50
1/22/2025 15:46,-11.982,0.059,0.121,0.042,0.144,0.103,-12.025,0.074,0.15,0.052,0.151,0.092,eccentric_rotor,50
1/22/2025 15:46,-11.982,0.067,0.134,0.047,0.153,0.109,-12.026,0.063,0.134,0.045,0.152,0.094,eccentric_rotor,50
1/22/2025 15:46,-11.982,0.057,0.121,0.04,0.15,0.109,-12.026,0.075,0.136,0.053,0.144,0.099,eccentric_rotor,50
1/22/2025 15:46,-11.982,0.06,0.138,0.042,0.145,0.101,-12.025,0.062,0.157,0.044,0.153,0.096,eccentric_rotor,50
1/22/2025 15:47,-11.982,0.067,0.118,0.048,0.152,0.098,-12.025,0.065,0.136,0.046,0.147,0.101,eccentric_rotor,50
1/22/2025 15:47,-11.982,0.057,0.133,0.04,0.146,0.103,-12.026,0.074,0.135,0.053,0.152,0.097,eccentric_rotor,50
1/22/2025 15:47,-11.982,0.068,0.121,0.048,0.156,0.101,-12.025,0.063,0.161,0.045,0.153,0.102,eccentric_rotor,50
1/22/2025 15:47,-11.982,0.057,0.136,0.04,0.15,0.108,-12.025,0.076,0.136,0.054,0.146,0.102,eccentric_rotor,50
1/22/2025 15:47,-11.982,0.063,0.144,0.045,0.144,0.102,-12.025,0.072,0.153,0.051,0.148,0.095,eccentric_rotor,50
1/22/2025 15:47,-11.982,0.057,0.123,0.04,0.146,0.098,-12.025,0.069,0.132,0.049,0.153,0.092,eccentric_rotor,50
1/22/2025 15:47,-11.982,0.065,0.139,0.046,0.156,0.1,-12.025,0.063,0.137,0.044,0.148,0.097,eccentric_rotor,50
1/22/2025 15:47,-11.982,0.064,0.136,0.045,0.151,0.096,-12.025,0.074,0.156,0.053,0.142,0.1,eccentric_rotor,50
1/22/2025 15:47,-11.982,0.065,0.124,0.046,0.145,0.097,-12.025,0.061,0.136,0.043,0.148,0.096,eccentric_rotor,50
1/22/2025 15:47,-11.982,0.057,0.142,0.04,0.155,0.102,-12.025,0.073,0.151,0.052,0.144,0.092,eccentric_rotor,50
1/22/2025 15:47,-11.982,0.065,0.123,0.046,0.146,0.1,-12.025,0.062,0.134,0.044,0.145,0.091,eccentric_rotor,50
1/22/2025 15:48,-11.982,0.057,0.122,0.041,0.147,0.095,-12.025,0.07,0.154,0.049,0.15,0.091,eccentric_rotor,50
1/22/2025 15:48,-11.982,0.064,0.119,0.045,0.154,0.104,-12.025,0.062,0.136,0.044,0.152,0.096,eccentric_rotor,50
1/22/2025 15:48,-11.982,0.064,0.137,0.045,0.147,0.098,-12.025,0.074,0.157,0.052,0.146,0.094,eccentric_rotor,50
1/22/2025 15:48,-11.982,0.056,0.12,0.04,0.156,0.102,-12.025,0.064,0.139,0.045,0.143,0.091,eccentric_rotor,50
1/22/2025 15:48,-11.982,0.063,0.139,0.045,0.146,0.103,-12.025,0.07,0.157,0.049,0.146,0.097,eccentric_rotor,50
1/22/2025 15:48,-11.983,0.058,0.123,0.041,0.153,0.099,-12.025,0.073,0.157,0.051,0.153,0.092,eccentric_rotor,50
1/22/2025 15:48,-11.982,0.067,0.137,0.047,0.155,0.11,-12.025,0.061,0.135,0.043,0.153,0.097,eccentric_rotor,50
1/22/2025 15:48,-11.982,0.067,0.135,0.047,0.147,0.105,-12.025,0.072,0.138,0.051,0.149,0.093,eccentric_rotor,50
1/22/2025 15:48,-11.982,0.059,0.126,0.041,0.148,0.106,-12.025,0.074,0.154,0.053,0.146,0.097,eccentric_rotor,50
1/22/2025 15:48,-11.982,0.06,0.138,0.043,0.144,0.102,-12.025,0.062,0.148,0.044,0.153,0.104,eccentric_rotor,50
1/22/2025 15:48,-11.983,0.057,0.118,0.041,0.154,0.105,-12.025,0.064,0.138,0.045,0.145,0.099,eccentric_rotor,50
1/22/2025 15:48,-11.983,0.066,0.122,0.047,0.153,0.109,-12.025,0.072,0.157,0.051,0.144,0.102,eccentric_rotor,50
1/22/2025 15:48,-11.982,0.066,0.133,0.047,0.16,0.117,-12.025,0.074,0.138,0.052,0.151,0.095,eccentric_rotor,50
1/22/2025 15:49,-11.982,0.069,0.122,0.049,0.153,0.106,-12.025,0.064,0.138,0.045,0.151,0.098,eccentric_rotor,50
1/22/2025 15:49,-11.982,0.058,0.125,0.041,0.163,0.109,-12.025,0.075,0.152,0.053,0.147,0.102,eccentric_rotor,50
1/22/2025 15:49,-11.982,0.067,0.136,0.047,0.16,0.101,-12.025,0.061,0.138,0.043,0.145,0.108,eccentric_rotor,50
1/22/2025 15:49,-11.983,0.057,0.133,0.04,0.152,0.102,-12.025,0.074,0.151,0.053,0.15,0.099,eccentric_rotor,50
1/22/2025 15:49,-11.983,0.068,0.131,0.048,0.145,0.098,-12.025,0.063,0.153,0.044,0.145,0.102,eccentric_rotor,50
1/22/2025 15:49,-11.982,0.059,0.117,0.042,0.16,0.099,-12.025,0.075,0.132,0.053,0.143,0.094,eccentric_rotor,50
1/22/2025 15:49,-11.982,0.067,0.134,0.047,0.146,0.103,-12.025,0.061,0.145,0.043,0.146,0.093,eccentric_rotor,50
1/22/2025 15:49,-11.982,0.057,0.12,0.04,0.151,0.102,-12.025,0.075,0.136,0.053,0.148,0.097,eccentric_rotor,50
1/22/2025 15:49,-11.982,0.065,0.135,0.046,0.143,0.107,-12.024,0.063,0.156,0.045,0.156,0.096,eccentric_rotor,50
1/22/2025 15:49,-11.982,0.057,0.127,0.04,0.144,0.103,-12.025,0.066,0.134,0.047,0.151,0.099,eccentric_rotor,50
1/22/2025 15:49,-11.982,0.064,0.116,0.045,0.147,0.108,-12.025,0.075,0.148,0.053,0.157,0.097,eccentric_rotor,50
1/22/2025 15:50,-11.982,0.064,0.129,0.046,0.154,0.11,-12.025,0.061,0.137,0.043,0.157,0.101,eccentric_rotor,50
1/22/2025 15:50,-11.982,0.056,0.118,0.039,0.143,0.103,-12.025,0.072,0.134,0.051,0.149,0.102,eccentric_rotor,50
1/22/2025 15:50,-11.982,0.066,0.131,0.046,0.156,0.101,-12.025,0.072,0.145,0.051,0.143,0.097,eccentric_rotor,50
1/22/2025 15:50,-11.982,0.064,0.124,0.045,0.146,0.103,-12.025,0.063,0.14,0.045,0.15,0.095,eccentric_rotor,50
1/22/2025 15:50,-11.982,0.057,0.138,0.04,0.153,0.107,-12.025,0.071,0.15,0.05,0.147,0.098,eccentric_rotor,50
1/22/2025 15:50,-11.982,0.055,0.124,0.039,0.155,0.097,-12.025,0.061,0.147,0.043,0.154,0.1,eccentric_rotor,50
1/22/2025 15:50,-11.982,0.066,0.174,0.047,0.149,0.098,-12.025,0.072,0.138,0.051,0.151,0.092,eccentric_rotor,50
1/22/2025 15:50,-11.982,0.066,0.135,0.047,0.162,0.104,-12.025,0.062,0.146,0.044,0.142,0.092,eccentric_rotor,50
1/22/2025 15:50,-11.982,0.057,0.123,0.04,0.156,0.096,-12.025,0.072,0.132,0.051,0.147,0.097,eccentric_rotor,50
1/22/2025 15:50,-11.982,0.06,0.135,0.042,0.163,0.097,-12.025,0.063,0.147,0.044,0.143,0.091,eccentric_rotor,50
1/22/2025 15:50,-11.982,0.066,0.122,0.047,0.151,0.101,-12.025,0.061,0.154,0.043,0.148,0.091,eccentric_rotor,50
1/22/2025 15:50,-11.982,0.06,0.136,0.043,0.154,0.099,-12.025,0.073,0.135,0.052,0.145,0.095,eccentric_rotor,50
1/22/2025 15:51,-11.982,0.069,0.133,0.048,0.163,0.102,-12.025,0.071,0.137,0.05,0.15,0.093,eccentric_rotor,50
1/22/2025 15:51,-11.982,0.069,0.12,0.049,0.165,0.102,-12.025,0.062,0.149,0.044,0.142,0.095,eccentric_rotor,50
1/22/2025 15:51,-11.982,0.061,0.122,0.043,0.156,0.1,-12.025,0.072,0.134,0.051,0.151,0.096,eccentric_rotor,50
1/22/2025 15:51,-11.982,0.057,0.144,0.04,0.163,0.101,-12.025,0.064,0.157,0.045,0.144,0.094,eccentric_rotor,50
1/22/2025 15:51,-11.982,0.065,0.135,0.046,0.15,0.095,-12.025,0.074,0.14,0.053,0.145,0.095,eccentric_rotor,50
1/22/2025 15:51,-11.982,0.057,0.122,0.04,0.153,0.098,-12.025,0.075,0.15,0.053,0.15,0.091,eccentric_rotor,50
1/22/2025 15:51,-11.982,0.066,0.146,0.047,0.147,0.103,-12.025,0.064,0.139,0.045,0.148,0.096,eccentric_rotor,50
1/22/2025 15:51,-11.982,0.06,0.123,0.043,0.146,0.102,-12.025,0.072,0.156,0.051,0.157,0.095,eccentric_rotor,50
1/22/2025 15:51,-11.982,0.067,0.122,0.047,0.151,0.112,-12.025,0.062,0.152,0.044,0.153,0.105,eccentric_rotor,50
1/22/2025 15:51,-11.982,0.058,0.131,0.041,0.157,0.108,-12.025,0.061,0.137,0.043,0.158,0.095,eccentric_rotor,50
1/22/2025 15:51,-11.982,0.055,0.118,0.039,0.153,0.102,-12.024,0.072,0.145,0.051,0.148,0.095,eccentric_rotor,50
1/22/2025 15:51,-11.982,0.064,0.119,0.046,0.161,0.1,-12.025,0.065,0.138,0.046,0.15,0.1,eccentric_rotor,50
1/22/2025 15:52,-11.982,0.058,0.129,0.041,0.162,0.107,-12.024,0.072,0.153,0.051,0.158,0.101,eccentric_rotor,50
1/22/2025 15:52,-11.982,0.066,0.134,0.047,0.156,0.107,-12.024,0.063,0.134,0.045,0.161,0.101,eccentric_rotor,50
1/22/2025 15:52,-11.982,0.058,0.12,0.041,0.149,0.102,-12.025,0.061,0.153,0.043,0.154,0.095,eccentric_rotor,50
1/22/2025 15:52,-11.982,0.066,0.132,0.046,0.162,0.1,-12.024,0.073,0.132,0.051,0.155,0.102,eccentric_rotor,50
1/22/2025 15:52,-11.982,0.059,0.119,0.041,0.149,0.107,-12.025,0.073,0.149,0.052,0.147,0.095,eccentric_rotor,50
1/22/2025 15:52,-11.982,0.065,0.133,0.046,0.145,0.108,-12.025,0.064,0.133,0.045,0.15,0.091,eccentric_rotor,50
1/22/2025 15:52,-11.982,0.064,0.126,0.045,0.144,0.101,-12.024,0.063,0.146,0.045,0.145,0.098,eccentric_rotor,50
1/22/2025 15:52,-11.982,0.056,0.118,0.04,0.153,0.097,-12.024,0.073,0.145,0.052,0.15,0.112,eccentric_rotor,50
1/22/2025 15:52,-11.982,0.059,0.123,0.042,0.144,0.118,-12.024,0.064,0.132,0.045,0.149,0.093,eccentric_rotor,50
1/22/2025 15:52,-11.982,0.066,0.15,0.046,0.145,0.099,-12.024,0.072,0.163,0.051,0.154,0.106,eccentric_rotor,50
1/22/2025 15:52,-11.982,0.068,0.121,0.048,0.15,0.113,-12.024,0.071,0.136,0.05,0.15,0.092,eccentric_rotor,50
1/22/2025 15:53,-11.982,0.06,0.138,0.042,0.145,0.099,-12.024,0.061,0.134,0.043,0.156,0.097,eccentric_rotor,50
1/22/2025 15:53,-11.982,0.056,0.138,0.04,0.152,0.102,-12.025,0.063,0.149,0.045,0.158,0.093,eccentric_rotor,50
1/22/2025 15:53,-11.982,0.066,0.124,0.047,0.153,0.098,-12.025,0.073,0.132,0.051,0.152,0.092,eccentric_rotor,50
1/22/2025 15:53,-11.983,0.06,0.143,0.042,0.147,0.099,-12.024,0.074,0.155,0.052,0.146,0.097,eccentric_rotor,50
1/22/2025 15:53,-11.982,0.065,0.121,0.046,0.154,0.103,-12.024,0.064,0.145,0.046,0.155,0.094,eccentric_rotor,50
1/22/2025 15:53,-11.983,0.067,0.121,0.047,0.145,0.1,-12.024,0.074,0.135,0.052,0.152,0.088,eccentric_rotor,50
1/22/2025 15:53,-11.983,0.058,0.134,0.041,0.152,0.093,-12.024,0.062,0.138,0.044,0.144,0.088,eccentric_rotor,50
1/22/2025 15:53,-11.982,0.057,0.143,0.04,0.152,0.093,-12.024,0.063,0.17,0.045,0.142,0.094,eccentric_rotor,50
1/22/2025 15:53,-11.983,0.068,0.126,0.048,0.163,0.099,-12.024,0.073,0.138,0.052,0.149,0.093,eccentric_rotor,50
1/22/2025 15:53,-11.982,0.058,0.119,0.041,0.15,0.097,-12.024,0.071,0.148,0.05,0.149,0.092,eccentric_rotor,50
1/22/2025 15:53,-11.982,0.065,0.139,0.046,0.151,0.097,-12.024,0.063,0.154,0.044,0.142,0.089,eccentric_rotor,50
1/22/2025 15:54,-11.982,0.066,0.122,0.047,0.161,0.094,-12.024,0.062,0.136,0.044,0.149,0.09,eccentric_rotor,50
1/22/2025 15:54,-11.982,0.058,0.132,0.041,0.16,0.094,-12.024,0.075,0.133,0.053,0.144,0.095,eccentric_rotor,50
1/22/2025 15:54,-11.982,0.061,0.12,0.043,0.159,0.1,-12.024,0.062,0.148,0.044,0.15,0.094,eccentric_rotor,50
1/22/2025 15:54,-11.982,0.066,0.13,0.047,0.15,0.102,-12.024,0.073,0.135,0.051,0.151,0.097,eccentric_rotor,50
1/22/2025 15:54,-11.982,0.058,0.121,0.041,0.163,0.099,-12.024,0.073,0.157,0.052,0.143,0.098,eccentric_rotor,50
1/22/2025 15:54,-11.982,0.066,0.133,0.047,0.15,0.104,-12.024,0.063,0.14,0.044,0.15,0.101,eccentric_rotor,50
1/22/2025 15:54,-11.982,0.058,0.136,0.041,0.146,0.109,-12.024,0.074,0.135,0.052,0.143,0.107,eccentric_rotor,50
1/22/2025 15:54,-11.982,0.067,0.12,0.047,0.157,0.116,-12.024,0.073,0.151,0.052,0.15,0.103,eccentric_rotor,50
1/22/2025 15:54,-11.982,0.056,0.13,0.04,0.146,0.111,-12.024,0.062,0.133,0.044,0.144,0.1,eccentric_rotor,50
1/22/2025 15:54,-11.982,0.063,0.121,0.045,0.165,0.107,-12.024,0.072,0.149,0.051,0.152,0.101,eccentric_rotor,50
1/22/2025 15:54,-11.982,0.057,0.122,0.04,0.158,0.107,-12.025,0.063,0.152,0.044,0.157,0.093,eccentric_rotor,50
1/22/2025 15:54,-11.982,0.065,0.129,0.046,0.149,0.1,-12.025,0.07,0.137,0.049,0.157,0.094,eccentric_rotor,50
1/22/2025 15:55,-11.982,0.058,0.123,0.041,0.153,0.099,-12.025,0.071,0.136,0.051,0.147,0.101,eccentric_rotor,50
1/22/2025 15:55,-11.982,0.064,0.138,0.046,0.147,0.108,-12.025,0.062,0.149,0.044,0.149,0.103,eccentric_rotor,50
1/22/2025 15:55,-11.982,0.056,0.118,0.04,0.147,0.11,-12.025,0.07,0.151,0.049,0.155,0.095,eccentric_rotor,50
1/22/2025 15:55,-11.982,0.065,0.137,0.046,0.154,0.1,-12.025,0.062,0.139,0.044,0.157,0.099,eccentric_rotor,50
1/22/2025 15:55,-11.982,0.066,0.133,0.046,0.151,0.105,-12.025,0.071,0.149,0.05,0.146,0.092,eccentric_rotor,50
1/22/2025 15:55,-11.982,0.058,0.132,0.041,0.14,0.097,-12.025,0.062,0.132,0.044,0.154,0.095,eccentric_rotor,50
1/22/2025 15:55,-11.982,0.058,0.118,0.041,0.142,0.1,-12.025,0.064,0.134,0.045,0.157,0.092,eccentric_rotor,50
1/22/2025 15:55,-11.982,0.066,0.119,0.046,0.149,0.096,-12.025,0.072,0.153,0.051,0.144,0.092,eccentric_rotor,50
1/22/2025 15:55,-11.982,0.058,0.138,0.041,0.143,0.098,-12.025,0.062,0.136,0.044,0.152,0.097,eccentric_rotor,50
1/22/2025 15:55,-11.982,0.065,0.121,0.046,0.148,0.104,-12.025,0.072,0.149,0.051,0.147,0.093,eccentric_rotor,50
1/22/2025 15:55,-11.982,0.057,0.132,0.04,0.139,0.099,-12.025,0.062,0.141,0.044,0.159,0.099,eccentric_rotor,50
1/22/2025 15:56,-11.982,0.057,0.13,0.04,0.15,0.106,-12.025,0.073,0.16,0.052,0.154,0.099,eccentric_rotor,50
1/22/2025 15:56,-11.982,0.059,0.123,0.042,0.148,0.105,-12.025,0.063,0.147,0.044,0.148,0.092,eccentric_rotor,50
1/22/2025 15:56,-11.982,0.066,0.123,0.047,0.154,0.098,-12.025,0.061,0.137,0.043,0.152,0.092,eccentric_rotor,50
1/22/2025 15:56,-11.982,0.066,0.137,0.046,0.152,0.098,-12.025,0.072,0.132,0.051,0.145,0.097,eccentric_rotor,50
1/22/2025 15:56,-11.982,0.059,0.133,0.041,0.16,0.103,-12.025,0.063,0.155,0.045,0.146,0.095,eccentric_rotor,50
1/22/2025 15:56,-11.982,0.066,0.121,0.046,0.17,0.101,-12.025,0.062,0.134,0.044,0.15,0.099,eccentric_rotor,50
1/22/2025 15:56,-11.982,0.059,0.123,0.042,0.165,0.106,-12.025,0.072,0.155,0.051,0.139,0.105,eccentric_rotor,50
1/22/2025 15:56,-11.982,0.067,0.135,0.047,0.159,0.113,-12.025,0.063,0.134,0.044,0.146,0.095,eccentric_rotor,50
1/22/2025 15:56,-11.982,0.067,0.121,0.047,0.158,0.102,-12.025,0.063,0.146,0.044,0.145,0.1,eccentric_rotor,50
1/22/2025 15:56,-11.982,0.06,0.129,0.042,0.148,0.108,-12.025,0.072,0.138,0.051,0.141,0.096,eccentric_rotor,50
1/22/2025 15:56,-11.982,0.065,0.13,0.046,0.147,0.102,-12.025,0.073,0.164,0.052,0.144,0.1,eccentric_rotor,50
1/22/2025 15:56,-11.982,0.068,0.123,0.048,0.159,0.107,-12.025,0.074,0.139,0.052,0.14,0.096,eccentric_rotor,50
1/22/2025 15:57,-11.982,0.058,0.128,0.041,0.165,0.102,-12.025,0.066,0.148,0.047,0.14,0.095,eccentric_rotor,50
1/22/2025 15:57,-11.982,0.068,0.119,0.048,0.151,0.102,-12.025,0.071,0.153,0.05,0.147,0.098,eccentric_rotor,50
1/22/2025 15:57,-11.982,0.058,0.121,0.041,0.157,0.105,-12.025,0.065,0.133,0.046,0.145,0.099,eccentric_rotor,50
1/22/2025 15:57,-11.982,0.065,0.134,0.046,0.144,0.105,-12.025,0.076,0.136,0.054,0.149,0.095,eccentric_rotor,50
1/22/2025 15:57,-11.982,0.067,0.128,0.047,0.151,0.1,-12.025,0.063,0.13,0.044,0.149,0.092,eccentric_rotor,50
1/22/2025 15:57,-11.982,0.058,0.118,0.041,0.147,0.099,-12.025,0.075,0.15,0.053,0.156,0.097,eccentric_rotor,50
1/22/2025 15:57,-11.982,0.063,0.122,0.044,0.156,0.104,-12.025,0.062,0.152,0.044,0.155,0.1,eccentric_rotor,50
1/22/2025 15:57,-11.982,0.059,0.133,0.042,0.148,0.106,-12.025,0.074,0.134,0.052,0.165,0.096,eccentric_rotor,50
1/22/2025 15:57,-11.982,0.058,0.134,0.041,0.157,0.102,-12.025,0.062,0.147,0.044,0.16,0.1,eccentric_rotor,50
1/22/2025 15:57,-11.982,0.066,0.121,0.047,0.156,0.107,-12.025,0.073,0.134,0.052,0.154,0.098,eccentric_rotor,50
1/22/2025 15:57,-11.982,0.057,0.139,0.04,0.147,0.105,-12.025,0.063,0.149,0.045,0.156,0.096,eccentric_rotor,50
1/22/2025 15:57,-11.982,0.065,0.137,0.046,0.147,0.102,-12.025,0.071,0.144,0.05,0.146,0.101,eccentric_rotor,50
1/22/2025 15:58,-11.982,0.057,0.118,0.04,0.152,0.108,-12.025,0.062,0.136,0.044,0.145,0.096,eccentric_rotor,50
1/22/2025 15:58,-11.982,0.066,0.129,0.047,0.149,0.103,-12.025,0.074,0.135,0.052,0.156,0.092,eccentric_rotor,50
1/22/2025 15:58,-11.982,0.057,0.121,0.041,0.157,0.097,-12.025,0.061,0.149,0.043,0.158,0.093,eccentric_rotor,50
1/22/2025 15:58,-11.982,0.065,0.121,0.046,0.155,0.105,-12.025,0.073,0.137,0.052,0.15,0.099,eccentric_rotor,50
1/22/2025 15:58,-11.982,0.058,0.137,0.041,0.166,0.099,-12.025,0.062,0.15,0.044,0.152,0.097,eccentric_rotor,50
1/22/2025 15:58,-11.982,0.058,0.142,0.041,0.159,0.103,-12.025,0.071,0.135,0.05,0.144,0.097,eccentric_rotor,50
1/22/2025 15:58,-11.982,0.064,0.135,0.046,0.151,0.103,-12.025,0.072,0.152,0.051,0.147,0.093,eccentric_rotor,50
1/22/2025 15:58,-11.982,0.056,0.123,0.04,0.158,0.099,-12.025,0.06,0.135,0.042,0.142,0.098,eccentric_rotor,50
1/22/2025 15:58,-11.982,0.063,0.122,0.045,0.15,0.104,-12.025,0.075,0.153,0.053,0.144,0.1,eccentric_rotor,50
1/22/2025 15:58,-11.982,0.066,0.135,0.047,0.15,0.108,-12.025,0.062,0.135,0.044,0.15,0.097,eccentric_rotor,50
1/22/2025 15:58,-11.982,0.055,0.123,0.039,0.155,0.104,-12.025,0.068,0.152,0.048,0.145,0.1,eccentric_rotor,50
1/22/2025 15:58,-11.982,0.063,0.139,0.045,0.158,0.106,-12.025,0.071,0.136,0.051,0.153,0.093,eccentric_rotor,50
1/22/2025 15:58,-11.982,0.064,0.125,0.046,0.152,0.099,-12.025,0.062,0.146,0.044,0.153,0.093,eccentric_rotor,50
1/22/2025 15:59,-11.982,0.058,0.135,0.041,0.147,0.098,-12.025,0.062,0.13,0.044,0.143,0.09,eccentric_rotor,50
1/22/2025 15:59,-11.982,0.058,0.143,0.041,0.157,0.096,-12.025,0.071,0.152,0.05,0.144,0.098,eccentric_rotor,50
1/22/2025 15:59,-11.982,0.063,0.124,0.044,0.159,0.103,-12.025,0.076,0.137,0.053,0.148,0.094,eccentric_rotor,50
1/22/2025 15:59,-11.982,0.066,0.122,0.047,0.151,0.1,-12.025,0.062,0.151,0.044,0.154,0.095,eccentric_rotor,50
1/22/2025 15:59,-11.982,0.066,0.142,0.047,0.16,0.101,-12.025,0.076,0.152,0.054,0.147,0.101,eccentric_rotor,50
1/22/2025 15:59,-11.982,0.058,0.123,0.041,0.156,0.107,-12.025,0.064,0.136,0.045,0.161,0.094,eccentric_rotor,50
1/22/2025 15:59,-11.982,0.068,0.137,0.048,0.152,0.101,-12.025,0.063,0.15,0.045,0.149,0.099,eccentric_rotor,50
1/22/2025 15:59,-11.982,0.058,0.121,0.041,0.16,0.104,-12.025,0.074,0.139,0.052,0.153,0.101,eccentric_rotor,50
1/22/2025 15:59,-11.982,0.059,0.132,0.042,0.155,0.108,-12.025,0.063,0.152,0.045,0.147,0.099,eccentric_rotor,50
1/22/2025 15:59,-11.982,0.067,0.135,0.047,0.146,0.106,-12.025,0.074,0.131,0.052,0.153,0.105,eccentric_rotor,50
1/22/2025 15:59,-11.982,0.06,0.124,0.043,0.148,0.112,-12.025,0.076,0.151,0.054,0.146,0.099,eccentric_rotor,50
1/22/2025 16:00,-11.982,0.068,0.128,0.048,0.155,0.106,-12.025,0.064,0.137,0.045,0.152,0.104,eccentric_rotor,50
1/22/2025 16:00,-11.982,0.06,0.124,0.042,0.149,0.11,-12.025,0.065,0.134,0.046,0.153,0.098,eccentric_rotor,50
1/22/2025 16:00,-11.982,0.067,0.121,0.048,0.155,0.105,-12.025,0.073,0.149,0.052,0.147,0.105,eccentric_rotor,50
1/22/2025 16:00,-11.982,0.06,0.13,0.042,0.154,0.113,-12.025,0.072,0.135,0.051,0.145,0.097,eccentric_rotor,50
1/22/2025 16:00,-11.982,0.068,0.131,0.048,0.146,0.103,-12.025,0.064,0.135,0.045,0.15,0.102,eccentric_rotor,50
1/22/2025 16:00,-11.982,0.061,0.118,0.043,0.158,0.108,-12.025,0.065,0.151,0.046,0.148,0.095,eccentric_rotor,50
1/22/2025 16:00,-11.982,0.062,0.13,0.044,0.16,0.104,-12.025,0.076,0.138,0.053,0.156,0.101,eccentric_rotor,50
1/22/2025 16:00,-11.982,0.068,0.118,0.048,0.152,0.101,-12.025,0.075,0.153,0.053,0.148,0.102,eccentric_rotor,50
1/22/2025 16:00,-11.982,0.059,0.132,0.042,0.157,0.11,-12.025,0.064,0.149,0.045,0.154,0.095,eccentric_rotor,50
1/22/2025 16:00,-11.982,0.06,0.129,0.042,0.147,0.102,-12.025,0.074,0.134,0.052,0.149,0.099,eccentric_rotor,50
1/22/2025 16:00,-11.982,0.068,0.118,0.048,0.147,0.105,-12.025,0.063,0.154,0.044,0.157,0.094,eccentric_rotor,50
1/22/2025 16:01,-11.982,0.067,0.119,0.047,0.143,0.099,-12.025,0.062,0.136,0.044,0.15,0.1,eccentric_rotor,50
1/22/2025 16:01,-11.982,0.06,0.132,0.042,0.154,0.108,-12.025,0.072,0.134,0.051,0.151,0.098,eccentric_rotor,50
1/22/2025 16:01,-11.982,0.06,0.129,0.042,0.147,0.105,-12.025,0.07,0.133,0.049,0.143,0.101,eccentric_rotor,50
1/22/2025 16:01,-11.982,0.059,0.129,0.042,0.149,0.102,-12.025,0.064,0.154,0.045,0.152,0.095,eccentric_rotor,50
1/22/2025 16:01,-11.982,0.066,0.12,0.047,0.156,0.107,-12.025,0.062,0.149,0.043,0.151,0.1,eccentric_rotor,50
1/22/2025 16:01,-11.982,0.058,0.134,0.041,0.158,0.103,-12.025,0.074,0.133,0.052,0.145,0.097,eccentric_rotor,50
1/22/2025 16:01,-11.982,0.058,0.122,0.041,0.15,0.099,-12.025,0.062,0.147,0.044,0.15,0.092,eccentric_rotor,50
1/22/2025 16:01,-11.982,0.065,0.13,0.046,0.153,0.1,-12.025,0.075,0.135,0.053,0.144,0.095,eccentric_rotor,50
1/22/2025 16:01,-11.982,0.06,0.118,0.042,0.161,0.105,-12.025,0.064,0.155,0.045,0.152,0.099,eccentric_rotor,50
1/22/2025 16:01,-11.982,0.056,0.137,0.04,0.155,0.102,-12.025,0.071,0.134,0.051,0.149,0.095,eccentric_rotor,50
1/22/2025 16:01,-11.982,0.067,0.118,0.047,0.161,0.096,-12.025,0.063,0.148,0.044,0.155,0.09,eccentric_rotor,50
1/22/2025 16:02,-11.982,0.059,0.132,0.042,0.166,0.097,-12.025,0.072,0.134,0.051,0.152,0.096,eccentric_rotor,50
1/22/2025 16:02,-11.982,0.068,0.138,0.048,0.158,0.102,-12.025,0.072,0.143,0.051,0.143,0.099,eccentric_rotor,50
1/22/2025 16:02,-11.982,0.065,0.122,0.046,0.158,0.105,-12.025,0.065,0.15,0.046,0.151,0.094,eccentric_rotor,50
1/22/2025 16:02,-11.982,0.06,0.139,0.042,0.165,0.1,-12.025,0.073,0.133,0.052,0.144,0.098,eccentric_rotor,50
1/22/2025 16:02,-11.982,0.066,0.123,0.047,0.152,0.105,-12.025,0.064,0.15,0.045,0.142,0.093,eccentric_rotor,50
1/22/2025 16:02,-11.982,0.057,0.125,0.04,0.152,0.099,-12.025,0.063,0.128,0.045,0.152,0.093,eccentric_rotor,50
1/22/2025 16:02,-11.982,0.067,0.137,0.047,0.161,0.1,-12.025,0.075,0.162,0.053,0.144,0.096,eccentric_rotor,50
1/22/2025 16:02,-11.982,0.068,0.123,0.048,0.151,0.104,-12.025,0.074,0.161,0.052,0.146,0.093,eccentric_rotor,50
1/22/2025 16:02,-11.982,0.06,0.124,0.042,0.165,0.099,-12.025,0.063,0.136,0.044,0.155,0.091,eccentric_rotor,50
1/22/2025 16:02,-11.982,0.059,0.14,0.042,0.154,0.096,-12.025,0.06,0.137,0.042,0.148,0.093,eccentric_rotor,50
1/22/2025 16:02,-11.982,0.069,0.136,0.049,0.156,0.099,-12.025,0.071,0.153,0.05,0.152,0.1,eccentric_rotor,50
1/22/2025 16:03,-11.982,0.066,0.125,0.047,0.147,0.107,-12.025,0.06,0.136,0.042,0.156,0.096,eccentric_rotor,50
1/22/2025 16:03,-11.982,0.059,0.14,0.042,0.16,0.102,-12.025,0.071,0.148,0.05,0.152,0.098,eccentric_rotor,50
1/22/2025 16:03,-11.982,0.056,0.122,0.04,0.158,0.103,-12.025,0.061,0.14,0.043,0.157,0.097,eccentric_rotor,50
1/22/2025 16:03,-11.982,0.064,0.135,0.045,0.15,0.108,-12.025,0.062,0.134,0.044,0.159,0.1,eccentric_rotor,50
1/22/2025 16:03,-11.982,0.058,0.137,0.041,0.158,0.104,-12.025,0.073,0.153,0.051,0.152,0.098,eccentric_rotor,50
1/22/2025 16:03,-11.982,0.063,0.124,0.045,0.157,0.113,-12.025,0.062,0.136,0.044,0.153,0.1,eccentric_rotor,50
1/22/2025 16:03,-11.982,0.058,0.137,0.041,0.145,0.106,-12.025,0.074,0.15,0.052,0.16,0.104,eccentric_rotor,50
1/22/2025 16:03,-11.982,0.066,0.123,0.046,0.149,0.11,-12.025,0.062,0.138,0.044,0.151,0.102,eccentric_rotor,50
1/22/2025 16:03,-11.982,0.058,0.122,0.041,0.157,0.109,-12.025,0.075,0.134,0.053,0.15,0.1,eccentric_rotor,50
1/22/2025 16:03,-11.982,0.059,0.139,0.042,0.152,0.105,-12.025,0.064,0.151,0.046,0.156,0.102,eccentric_rotor,50
1/22/2025 16:03,-11.982,0.059,0.12,0.041,0.145,0.107,-12.025,0.068,0.153,0.048,0.147,0.098,eccentric_rotor,50
1/22/2025 16:03,-11.982,0.067,0.137,0.047,0.144,0.113,-12.025,0.076,0.136,0.054,0.158,0.1,eccentric_rotor,50
1/22/2025 16:03,-11.982,0.068,0.133,0.048,0.154,0.113,-12.025,0.065,0.136,0.046,0.158,0.106,eccentric_rotor,50
1/22/2025 16:04,-11.982,0.062,0.123,0.044,0.156,0.11,-12.025,0.071,0.159,0.051,0.149,0.102,eccentric_rotor,50
1/22/2025 16:04,-11.982,0.07,0.126,0.049,0.148,0.116,-12.025,0.062,0.137,0.044,0.152,0.108,eccentric_rotor,50
1/22/2025 16:04,-11.982,0.065,0.132,0.046,0.158,0.111,-12.025,0.071,0.157,0.05,0.145,0.103,eccentric_rotor,50
1/22/2025 16:04,-11.982,0.061,0.121,0.043,0.149,0.114,-12.025,0.062,0.138,0.044,0.149,0.106,eccentric_rotor,50
1/22/2025 16:04,-11.982,0.066,0.13,0.046,0.154,0.106,-12.025,0.065,0.148,0.046,0.155,0.103,eccentric_rotor,50
1/22/2025 16:04,-11.982,0.058,0.118,0.041,0.146,0.112,-12.025,0.061,0.134,0.043,0.153,0.1,eccentric_rotor,50
1/22/2025 16:04,-11.982,0.065,0.119,0.046,0.155,0.108,-12.025,0.072,0.143,0.051,0.146,0.104,eccentric_rotor,50
1/22/2025 16:04,-11.982,0.057,0.138,0.04,0.148,0.111,-12.025,0.065,0.134,0.046,0.157,0.101,eccentric_rotor,50
1/22/2025 16:04,-11.982,0.06,0.134,0.042,0.143,0.108,-12.025,0.072,0.133,0.051,0.15,0.104,eccentric_rotor,50
1/22/2025 16:04,-11.982,0.056,0.119,0.04,0.146,0.111,-12.025,0.064,0.149,0.045,0.143,0.101,eccentric_rotor,50
1/22/2025 16:04,-11.982,0.065,0.124,0.046,0.16,0.104,-12.025,0.075,0.137,0.053,0.151,0.103,eccentric_rotor,50
1/22/2025 16:04,-11.982,0.061,0.131,0.043,0.151,0.109,-12.025,0.074,0.135,0.052,0.146,0.096,eccentric_rotor,50
1/22/2025 16:05,-11.982,0.066,0.12,0.046,0.158,0.104,-12.025,0.062,0.148,0.044,0.143,0.102,eccentric_rotor,50
1/22/2025 16:05,-11.982,0.067,0.13,0.047,0.155,0.106,-12.025,0.062,0.135,0.044,0.143,0.098,eccentric_rotor,50
1/22/2025 16:05,-11.982,0.065,0.121,0.046,0.161,0.101,-12.025,0.071,0.134,0.05,0.148,0.099,eccentric_rotor,50
1/22/2025 16:05,-11.982,0.058,0.137,0.041,0.156,0.102,-12.025,0.064,0.161,0.045,0.152,0.095,eccentric_rotor,50
1/22/2025 16:05,-11.982,0.057,0.121,0.04,0.158,0.107,-12.025,0.07,0.137,0.05,0.146,0.095,eccentric_rotor,50
1/22/2025 16:05,-11.982,0.065,0.133,0.046,0.165,0.101,-12.025,0.071,0.145,0.05,0.153,0.101,eccentric_rotor,50
1/22/2025 16:05,-11.982,0.059,0.12,0.042,0.158,0.102,-12.025,0.061,0.136,0.043,0.146,0.099,eccentric_rotor,50
1/22/2025 16:05,-11.982,0.065,0.137,0.046,0.164,0.109,-12.025,0.069,0.154,0.049,0.151,0.094,eccentric_rotor,50
1/22/2025 16:05,-11.982,0.065,0.122,0.046,0.162,0.107,-12.025,0.067,0.138,0.047,0.144,0.096,eccentric_rotor,50
1/22/2025 16:06,-11.982,0.057,0.137,0.04,0.156,0.1,-12.025,0.062,0.152,0.044,0.151,0.102,eccentric_rotor,50
1/22/2025 16:06,-11.982,0.064,0.12,0.045,0.157,0.106,-12.025,0.061,0.143,0.043,0.141,0.101,eccentric_rotor,50
1/22/2025 16:06,-11.982,0.062,0.136,0.044,0.169,0.104,-12.025,0.072,0.134,0.051,0.147,0.093,eccentric_rotor,50
1/22/2025 16:06,-11.982,0.057,0.134,0.04,0.167,0.112,-12.025,0.061,0.146,0.043,0.154,0.097,eccentric_rotor,50
1/22/2025 16:06,-11.982,0.058,0.117,0.041,0.162,0.125,-12.025,0.072,0.135,0.051,0.148,0.103,eccentric_rotor,50
1/22/2025 16:06,-11.982,0.065,0.131,0.046,0.17,0.099,-12.025,0.068,0.135,0.048,0.153,0.118,eccentric_rotor,50
1/22/2025 16:06,-11.983,0.057,0.118,0.04,0.161,0.109,-12.025,0.064,0.147,0.045,0.15,0.092,eccentric_rotor,50
1/22/2025 16:06,-11.982,0.064,0.131,0.046,0.169,0.108,-12.025,0.062,0.131,0.044,0.157,0.098,eccentric_rotor,50
1/22/2025 16:06,-11.982,0.058,0.121,0.041,0.155,0.115,-12.025,0.071,0.149,0.05,0.156,0.1,eccentric_rotor,50
1/22/2025 16:06,-11.982,0.062,0.124,0.044,0.166,0.112,-12.025,0.06,0.127,0.043,0.151,0.107,eccentric_rotor,50
1/22/2025 16:06,-11.982,0.058,0.141,0.041,0.161,0.107,-12.025,0.071,0.148,0.05,0.16,0.104,eccentric_rotor,50
1/22/2025 16:07,-11.982,0.062,0.125,0.044,0.166,0.106,-12.025,0.062,0.135,0.044,0.153,0.099,eccentric_rotor,50
1/22/2025 16:07,-11.982,0.064,0.127,0.045,0.159,0.112,-12.025,0.069,0.151,0.049,0.157,0.104,eccentric_rotor,50
1/22/2025 16:07,-11.982,0.057,0.144,0.04,0.163,0.099,-12.024,0.062,0.125,0.044,0.151,0.098,eccentric_rotor,50
1/22/2025 16:07,-11.982,0.057,0.123,0.04,0.154,0.097,-12.025,0.071,0.131,0.05,0.158,0.093,eccentric_rotor,50
1/22/2025 16:07,-11.982,0.064,0.135,0.045,0.162,0.106,-12.024,0.074,0.134,0.052,0.151,0.092,eccentric_rotor,50
1/22/2025 16:07,-11.982,0.063,0.124,0.044,0.158,0.105,-12.025,0.063,0.152,0.045,0.163,0.099,eccentric_rotor,50
1/22/2025 16:07,-11.982,0.059,0.131,0.042,0.148,0.101,-12.025,0.073,0.149,0.052,0.157,0.1,eccentric_rotor,50
1/22/2025 16:07,-11.982,0.059,0.131,0.041,0.151,0.097,-12.025,0.061,0.147,0.043,0.157,0.095,eccentric_rotor,50
1/22/2025 16:07,-11.982,0.066,0.12,0.047,0.157,0.1,-12.025,0.064,0.136,0.046,0.164,0.091,eccentric_rotor,50
1/22/2025 16:07,-11.982,0.065,0.12,0.046,0.157,0.104,-12.025,0.071,0.14,0.05,0.157,0.094,eccentric_rotor,50
1/22/2025 16:07,-11.982,0.058,0.138,0.041,0.15,0.106,-12.025,0.077,0.163,0.054,0.162,0.094,eccentric_rotor,50
1/22/2025 16:08,-11.982,0.06,0.136,0.042,0.151,0.103,-12.025,0.065,0.133,0.046,0.153,0.099,eccentric_rotor,50
1/22/2025 16:08,-11.982,0.066,0.117,0.047,0.162,0.104,-12.025,0.073,0.148,0.051,0.154,0.096,eccentric_rotor,50
1/22/2025 16:08,-11.982,0.069,0.119,0.049,0.158,0.114,-12.025,0.063,0.152,0.045,0.159,0.096,eccentric_rotor,50
1/22/2025 16:08,-11.982,0.061,0.142,0.043,0.16,0.113,-12.025,0.064,0.135,0.045,0.16,0.107,eccentric_rotor,50
1/22/2025 16:08,-11.982,0.065,0.138,0.046,0.151,0.121,-12.025,0.074,0.151,0.053,0.154,0.105,eccentric_rotor,50
1/22/2025 16:08,-11.982,0.06,0.123,0.043,0.154,0.109,-12.025,0.073,0.131,0.051,0.159,0.111,eccentric_rotor,50
1/22/2025 16:08,-11.982,0.061,0.117,0.043,0.165,0.12,-12.025,0.065,0.134,0.046,0.15,0.101,eccentric_rotor,50
1/22/2025 16:08,-11.982,0.068,0.13,0.048,0.171,0.125,-12.025,0.064,0.152,0.045,0.157,0.116,eccentric_rotor,50
1/22/2025 16:08,-11.982,0.066,0.131,0.047,0.153,0.118,-12.025,0.073,0.144,0.052,0.154,0.11,eccentric_rotor,50
1/22/2025 16:08,-11.982,0.061,0.121,0.043,0.154,0.117,-12.025,0.064,0.134,0.046,0.146,0.099,eccentric_rotor,50
1/22/2025 16:08,-11.982,0.068,0.13,0.048,0.159,0.107,-12.025,0.064,0.136,0.045,0.154,0.1,eccentric_rotor,50
1/22/2025 16:08,-11.982,0.06,0.129,0.042,0.168,0.103,-12.025,0.073,0.15,0.052,0.153,0.096,eccentric_rotor,50
1/22/2025 16:09,-11.982,0.061,0.121,0.043,0.167,0.102,-12.025,0.065,0.152,0.046,0.146,0.095,eccentric_rotor,50
1/22/2025 16:09,-11.982,0.059,0.135,0.042,0.164,0.104,-12.025,0.072,0.131,0.051,0.147,0.098,eccentric_rotor,50
1/22/2025 16:09,-11.982,0.067,0.115,0.048,0.157,0.1,-12.025,0.074,0.153,0.052,0.156,0.093,eccentric_rotor,50
1/22/2025 16:09,-11.982,0.062,0.119,0.044,0.161,0.104,-12.025,0.064,0.149,0.045,0.155,0.098,eccentric_rotor,50
1/22/2025 16:09,-11.982,0.066,0.135,0.047,0.148,0.099,-12.025,0.063,0.132,0.045,0.148,0.099,eccentric_rotor,50
1/22/2025 16:09,-11.982,0.067,0.131,0.048,0.148,0.105,-12.025,0.073,0.131,0.051,0.146,0.092,eccentric_rotor,50
1/22/2025 16:09,-11.982,0.06,0.12,0.043,0.157,0.103,-12.025,0.066,0.146,0.046,0.152,0.097,eccentric_rotor,50
1/22/2025 16:09,-11.982,0.06,0.119,0.043,0.157,0.115,-12.025,0.073,0.151,0.051,0.149,0.106,eccentric_rotor,50
1/22/2025 16:09,-11.982,0.069,0.134,0.049,0.154,0.109,-12.025,0.075,0.148,0.053,0.156,0.101,eccentric_rotor,50
1/22/2025 16:09,-11.982,0.067,0.118,0.048,0.144,0.102,-12.025,0.065,0.133,0.046,0.165,0.095,eccentric_rotor,50
1/22/2025 16:10,-11.982,0.061,0.137,0.043,0.148,0.102,-12.025,0.063,0.13,0.045,0.15,0.095,eccentric_rotor,50
1/22/2025 16:10,-11.982,0.068,0.132,0.048,0.158,0.105,-12.025,0.071,0.142,0.051,0.151,0.099,eccentric_rotor,50
1/22/2025 16:10,-11.982,0.06,0.118,0.043,0.15,0.1,-12.025,0.074,0.129,0.052,0.154,0.095,eccentric_rotor,50
1/22/2025 16:10,-11.982,0.06,0.129,0.042,0.157,0.104,-12.025,0.064,0.145,0.045,0.159,0.097,eccentric_rotor,50
1/22/2025 16:10,-11.982,0.066,0.119,0.047,0.167,0.1,-12.025,0.064,0.13,0.045,0.161,0.095,eccentric_rotor,50
1/22/2025 16:10,-11.982,0.066,0.116,0.047,0.165,0.105,-12.025,0.069,0.158,0.049,0.152,0.098,eccentric_rotor,50
1/22/2025 16:10,-11.982,0.059,0.135,0.042,0.176,0.101,-12.025,0.074,0.133,0.053,0.15,0.095,eccentric_rotor,50
1/22/2025 16:10,-11.982,0.065,0.121,0.046,0.164,0.102,-12.025,0.063,0.143,0.044,0.162,0.096,eccentric_rotor,50
1/22/2025 16:10,-11.982,0.058,0.12,0.041,0.172,0.099,-12.025,0.074,0.134,0.053,0.145,0.093,eccentric_rotor,50
1/22/2025 16:10,-11.982,0.067,0.128,0.048,0.184,0.098,-12.024,0.064,0.146,0.045,0.142,0.092,eccentric_rotor,50
1/22/2025 16:10,-11.982,0.06,0.135,0.042,0.172,0.103,-12.025,0.062,0.136,0.044,0.153,0.096,eccentric_rotor,50
1/22/2025 16:10,-11.982,0.068,0.121,0.048,0.16,0.103,-12.025,0.072,0.155,0.051,0.148,0.097,eccentric_rotor,50
1/22/2025 16:11,-11.982,0.059,0.129,0.042,0.152,0.1,-12.025,0.07,0.13,0.049,0.147,0.094,eccentric_rotor,50
1/22/2025 16:11,-11.982,0.064,0.119,0.045,0.149,0.101,-12.025,0.06,0.15,0.042,0.141,0.095,eccentric_rotor,50
1/22/2025 16:11,-11.982,0.057,0.124,0.04,0.155,0.097,-12.025,0.062,0.132,0.044,0.143,0.092,eccentric_rotor,50
1/22/2025 16:11,-11.982,0.064,0.144,0.045,0.148,0.105,-12.025,0.07,0.153,0.05,0.151,0.1,eccentric_rotor,50
1/22/2025 16:11,-11.982,0.057,0.124,0.04,0.156,0.098,-12.025,0.074,0.137,0.052,0.152,0.092,eccentric_rotor,50
1/22/2025 16:11,-11.982,0.058,0.133,0.041,0.15,0.096,-12.025,0.061,0.153,0.043,0.146,0.091,eccentric_rotor,50
1/22/2025 16:11,-11.982,0.065,0.14,0.046,0.156,0.105,-12.025,0.061,0.132,0.043,0.147,0.098,eccentric_rotor,50
1/22/2025 16:11,-11.982,0.068,0.121,0.048,0.151,0.098,-12.025,0.07,0.132,0.05,0.162,0.092,eccentric_rotor,50
1/22/2025 16:11,-11.982,0.058,0.136,0.041,0.17,0.103,-12.025,0.068,0.145,0.048,0.161,0.097,eccentric_rotor,50
1/22/2025 16:11,-11.982,0.065,0.14,0.046,0.162,0.099,-12.025,0.06,0.139,0.042,0.171,0.098,eccentric_rotor,50
1/22/2025 16:11,-11.982,0.055,0.12,0.039,0.149,0.104,-12.024,0.072,0.157,0.051,0.16,0.094,eccentric_rotor,50
1/22/2025 16:12,-11.982,0.058,0.134,0.041,0.156,0.105,-12.024,0.061,0.144,0.043,0.168,0.097,eccentric_rotor,50
1/22/2025 16:12,-11.982,0.062,0.124,0.044,0.149,0.105,-12.025,0.062,0.135,0.044,0.175,0.097,eccentric_rotor,50
1/22/2025 16:12,-11.982,0.057,0.134,0.04,0.155,0.108,-12.024,0.07,0.137,0.05,0.164,0.101,eccentric_rotor,50
1/22/2025 16:12,-11.982,0.064,0.122,0.045,0.154,0.103,-12.025,0.07,0.15,0.05,0.153,0.096,eccentric_rotor,50
1/22/2025 16:12,-11.982,0.068,0.138,0.048,0.15,0.109,-12.024,0.064,0.15,0.045,0.153,0.102,eccentric_rotor,50
1/22/2025 16:12,-11.982,0.056,0.135,0.04,0.156,0.106,-12.025,0.073,0.134,0.051,0.146,0.099,eccentric_rotor,50
1/22/2025 16:12,-11.982,0.063,0.124,0.045,0.15,0.113,-12.024,0.06,0.138,0.042,0.151,0.104,eccentric_rotor,50
1/22/2025 16:12,-11.982,0.058,0.132,0.041,0.153,0.113,-12.024,0.058,0.151,0.041,0.146,0.103,eccentric_rotor,50
1/22/2025 16:12,-11.982,0.063,0.125,0.044,0.148,0.117,-12.025,0.069,0.13,0.049,0.152,0.108,eccentric_rotor,50
1/22/2025 16:12,-11.982,0.058,0.132,0.041,0.146,0.114,-12.024,0.064,0.152,0.045,0.145,0.106,eccentric_rotor,50
1/22/2025 16:12,-11.982,0.065,0.127,0.046,0.15,0.109,-12.025,0.07,0.151,0.049,0.148,0.101,eccentric_rotor,50
1/22/2025 16:12,-11.982,0.056,0.138,0.039,0.155,0.115,-12.024,0.061,0.133,0.043,0.163,0.107,eccentric_rotor,50
1/22/2025 16:13,-11.982,0.063,0.122,0.045,0.147,0.117,-12.024,0.073,0.136,0.051,0.156,0.108,eccentric_rotor,50
1/22/2025 16:13,-11.982,0.064,0.123,0.046,0.151,0.109,-12.025,0.06,0.135,0.042,0.148,0.101,eccentric_rotor,50
1/22/2025 16:13,-11.982,0.058,0.137,0.041,0.145,0.109,-12.025,0.061,0.15,0.043,0.147,0.102,eccentric_rotor,50
1/22/2025 16:13,-11.982,0.059,0.137,0.042,0.147,0.114,-12.025,0.072,0.135,0.051,0.151,0.106,eccentric_rotor,50
1/22/2025 16:13,-11.982,0.063,0.124,0.044,0.152,0.115,-12.025,0.061,0.148,0.043,0.144,0.107,eccentric_rotor,50
1/22/2025 16:13,-11.982,0.057,0.122,0.04,0.146,0.11,-12.025,0.069,0.136,0.048,0.15,0.103,eccentric_rotor,50
1/22/2025 16:13,-11.982,0.064,0.133,0.045,0.155,0.113,-12.025,0.058,0.133,0.041,0.15,0.105,eccentric_rotor,50
1/22/2025 16:13,-11.982,0.056,0.126,0.04,0.145,0.111,-12.025,0.059,0.158,0.042,0.146,0.102,eccentric_rotor,50
1/22/2025 16:13,-11.982,0.056,0.141,0.04,0.154,0.11,-12.025,0.069,0.136,0.049,0.15,0.102,eccentric_rotor,50
1/22/2025 16:13,-11.982,0.066,0.122,0.047,0.154,0.117,-12.025,0.063,0.152,0.045,0.145,0.108,eccentric_rotor,50
1/22/2025 16:13,-11.982,0.057,0.132,0.04,0.148,0.109,-12.025,0.069,0.154,0.049,0.148,0.102,eccentric_rotor,50
1/22/2025 16:13,-11.982,0.066,0.118,0.046,0.149,0.11,-12.025,0.07,0.133,0.05,0.143,0.103,eccentric_rotor,50
1/22/2025 16:13,-11.982,0.054,0.127,0.038,0.157,0.118,-12.025,0.061,0.146,0.043,0.144,0.109,eccentric_rotor,50
1/22/2025 16:13,-11.982,0.064,0.131,0.045,0.153,0.113,-12.025,0.07,0.137,0.05,0.147,0.105,eccentric_rotor,50
1/22/2025 16:14,-11.982,0.063,0.118,0.045,0.16,0.117,-12.025,0.06,0.149,0.043,0.15,0.108,eccentric_rotor,50
1/22/2025 16:14,-11.982,0.059,0.12,0.042,0.154,0.118,-12.025,0.062,0.164,0.044,0.144,0.108,eccentric_rotor,50
1/22/2025 16:14,-11.982,0.063,0.135,0.045,0.162,0.107,-12.025,0.072,0.135,0.051,0.147,0.099,eccentric_rotor,50
1/22/2025 16:14,-11.982,0.065,0.123,0.046,0.155,0.113,-12.025,0.073,0.132,0.052,0.142,0.105,eccentric_rotor,50
1/22/2025 16:14,-11.982,0.058,0.129,0.041,0.164,0.116,-12.025,0.061,0.149,0.043,0.15,0.107,eccentric_rotor,50
1/22/2025 16:14,-11.982,0.057,0.118,0.04,0.163,0.106,-12.025,0.07,0.149,0.049,0.142,0.099,eccentric_rotor,50
1/22/2025 16:14,-11.982,0.062,0.121,0.044,0.172,0.102,-12.025,0.06,0.136,0.043,0.15,0.096,eccentric_rotor,50
1/22/2025 16:14,-11.982,0.056,0.131,0.04,0.169,0.11,-12.025,0.068,0.131,0.048,0.144,0.102,eccentric_rotor,50
1/22/2025 16:14,-11.982,0.057,0.12,0.04,0.159,0.115,-12.025,0.066,0.149,0.047,0.142,0.106,eccentric_rotor,50
1/22/2025 16:14,-11.982,0.067,0.13,0.047,0.17,0.105,-12.024,0.063,0.135,0.044,0.15,0.098,eccentric_rotor,50
1/22/2025 16:14,-11.982,0.065,0.122,0.046,0.17,0.103,-12.025,0.063,0.137,0.045,0.149,0.096,eccentric_rotor,50
1/22/2025 16:14,-11.982,0.055,0.131,0.039,0.16,0.107,-12.025,0.069,0.15,0.049,0.145,0.1,eccentric_rotor,50
1/22/2025 16:15,-11.982,0.056,0.118,0.04,0.162,0.096,-12.024,0.068,0.134,0.048,0.151,0.09,eccentric_rotor,50
1/22/2025 16:15,-11.982,0.062,0.133,0.044,0.167,0.098,-12.024,0.068,0.151,0.048,0.15,0.093,eccentric_rotor,50
1/22/2025 16:15,-11.982,0.061,0.119,0.043,0.171,0.106,-12.024,0.06,0.134,0.042,0.154,0.098,eccentric_rotor,50
1/22/2025 16:15,-11.982,0.057,0.131,0.041,0.161,0.095,-12.024,0.061,0.141,0.043,0.154,0.09,eccentric_rotor,50
1/22/2025 16:15,-11.982,0.059,0.117,0.042,0.162,0.103,-12.024,0.068,0.137,0.048,0.15,0.096,eccentric_rotor,50
1/22/2025 16:15,-11.982,0.062,0.129,0.044,0.168,0.112,-12.024,0.062,0.153,0.044,0.151,0.104,eccentric_rotor,50
1/22/2025 16:15,-11.982,0.058,0.117,0.041,0.172,0.11,-12.024,0.071,0.136,0.05,0.16,0.102,eccentric_rotor,50
1/22/2025 16:15,-11.982,0.056,0.131,0.04,0.162,0.099,-12.025,0.063,0.15,0.044,0.158,0.094,eccentric_rotor,50
1/22/2025 16:15,-11.982,0.061,0.132,0.043,0.162,0.1,-12.024,0.072,0.136,0.051,0.165,0.094,eccentric_rotor,50
1/22/2025 16:15,-11.982,0.056,0.116,0.04,0.163,0.095,-12.025,0.072,0.137,0.051,0.163,0.09,eccentric_rotor,50
1/22/2025 16:15,-11.982,0.062,0.13,0.044,0.171,0.103,-12.025,0.061,0.148,0.043,0.153,0.096,eccentric_rotor,50
1/22/2025 16:15,-11.982,0.058,0.118,0.041,0.165,0.097,-12.025,0.069,0.136,0.049,0.156,0.091,eccentric_rotor,50
1/22/2025 16:15,-11.982,0.064,0.128,0.045,0.172,0.097,-12.025,0.06,0.158,0.042,0.164,0.091,eccentric_rotor,50
1/22/2025 16:16,-11.982,0.065,0.121,0.046,0.172,0.097,-12.025,0.071,0.131,0.05,0.155,0.091,eccentric_rotor,50
1/22/2025 16:16,-11.982,0.057,0.131,0.04,0.159,0.111,-12.025,0.061,0.148,0.043,0.155,0.104,eccentric_rotor,50
1/22/2025 16:16,-11.982,0.057,0.14,0.04,0.159,0.098,-12.025,0.068,0.133,0.048,0.16,0.093,eccentric_rotor,50
1/22/2025 16:16,-11.982,0.066,0.116,0.046,0.169,0.104,-12.025,0.063,0.158,0.045,0.163,0.099,eccentric_rotor,50
1/22/2025 16:16,-11.982,0.058,0.143,0.041,0.17,0.105,-12.025,0.07,0.146,0.05,0.155,0.093,eccentric_rotor,50
1/22/2025 16:16,-11.982,0.064,0.116,0.046,0.157,0.099,-12.025,0.061,0.134,0.043,0.156,0.097,eccentric_rotor,50
1/22/2025 16:16,-11.982,0.064,0.131,0.046,0.154,0.104,-12.025,0.07,0.13,0.049,0.161,0.093,eccentric_rotor,50
1/22/2025 16:16,-11.982,0.057,0.119,0.04,0.164,0.099,-12.024,0.071,0.133,0.05,0.162,0.097,eccentric_rotor,50
1/22/2025 16:16,-11.982,0.056,0.133,0.039,0.169,0.104,-12.025,0.06,0.154,0.042,0.156,0.092,eccentric_rotor,50
1/22/2025 16:16,-11.982,0.062,0.12,0.044,0.154,0.098,-12.025,0.071,0.147,0.05,0.164,0.091,eccentric_rotor,50
1/22/2025 16:16,-11.982,0.058,0.117,0.041,0.16,0.096,-12.024,0.062,0.128,0.044,0.158,0.097,eccentric_rotor,50
1/22/2025 16:16,-11.982,0.063,0.133,0.044,0.159,0.104,-12.024,0.063,0.132,0.045,0.156,0.095,eccentric_rotor,50
1/22/2025 16:17,-11.982,0.064,0.126,0.045,0.144,0.098,-12.025,0.068,0.131,0.048,0.165,0.092,eccentric_rotor,50
1/22/2025 16:17,-11.982,0.058,0.117,0.041,0.157,0.096,-12.025,0.068,0.147,0.048,0.157,0.091,eccentric_rotor,50
1/22/2025 16:17,-11.982,0.065,0.131,0.046,0.142,0.101,-12.025,0.063,0.133,0.044,0.166,0.095,eccentric_rotor,50
1/22/2025 16:17,-11.982,0.056,0.116,0.04,0.153,0.094,-12.024,0.072,0.147,0.051,0.164,0.09,eccentric_rotor,50
1/22/2025 16:17,-11.982,0.065,0.119,0.046,0.166,0.1,-12.025,0.062,0.135,0.044,0.153,0.095,eccentric_rotor,50
1/22/2025 16:17,-11.982,0.063,0.133,0.045,0.163,0.093,-12.025,0.07,0.151,0.05,0.161,0.088,eccentric_rotor,50
1/22/2025 16:17,-11.982,0.059,0.133,0.041,0.15,0.093,-12.025,0.061,0.127,0.043,0.155,0.088,eccentric_rotor,50
1/22/2025 16:17,-11.982,0.059,0.121,0.042,0.15,0.106,-12.025,0.074,0.149,0.053,0.161,0.098,eccentric_rotor,50
1/22/2025 16:17,-11.982,0.066,0.118,0.046,0.143,0.106,-12.024,0.061,0.129,0.043,0.152,0.099,eccentric_rotor,50
1/22/2025 16:17,-11.982,0.06,0.121,0.042,0.155,0.101,-12.025,0.061,0.131,0.043,0.149,0.094,eccentric_rotor,50
1/22/2025 16:17,-11.982,0.067,0.134,0.048,0.148,0.098,-12.025,0.069,0.155,0.049,0.158,0.092,eccentric_rotor,50
1/22/2025 16:18,-11.982,0.058,0.118,0.041,0.141,0.09,-12.025,0.061,0.131,0.043,0.162,0.086,eccentric_rotor,50
1/22/2025 16:18,-11.982,0.057,0.116,0.04,0.144,0.102,-12.024,0.07,0.13,0.049,0.153,0.097,eccentric_rotor,50
1/22/2025 16:18,-11.982,0.066,0.134,0.047,0.164,0.099,-12.025,0.071,0.147,0.05,0.155,0.092,eccentric_rotor,50
1/22/2025 16:18,-11.982,0.064,0.131,0.045,0.147,0.109,-12.024,0.062,0.136,0.044,0.15,0.101,eccentric_rotor,50
1/22/2025 16:18,-11.982,0.057,0.117,0.041,0.153,0.107,-12.025,0.061,0.132,0.043,0.153,0.092,eccentric_rotor,50
1/22/2025 16:18,-11.982,0.058,0.117,0.041,0.155,0.098,-12.024,0.072,0.146,0.051,0.139,0.101,eccentric_rotor,50
1/22/2025 16:18,-11.982,0.064,0.127,0.045,0.147,0.091,-12.024,0.064,0.13,0.045,0.141,0.093,eccentric_rotor,50
1/22/2025 16:18,-11.982,0.058,0.135,0.041,0.155,0.105,-12.024,0.074,0.151,0.052,0.151,0.086,eccentric_rotor,50
1/22/2025 16:18,-11.982,0.065,0.122,0.046,0.147,0.096,-12.024,0.062,0.142,0.044,0.142,0.099,eccentric_rotor,50
1/22/2025 16:18,-11.982,0.06,0.132,0.043,0.156,0.109,-12.024,0.062,0.129,0.044,0.151,0.091,eccentric_rotor,50
1/22/2025 16:19,-11.982,0.068,0.12,0.048,0.146,0.103,-12.024,0.071,0.134,0.05,0.157,0.102,eccentric_rotor,50
1/22/2025 16:19,-11.982,0.059,0.134,0.042,0.145,0.107,-12.024,0.07,0.146,0.05,0.158,0.096,eccentric_rotor,50
1/22/2025 16:19,-11.982,0.064,0.119,0.045,0.155,0.095,-12.024,0.06,0.134,0.043,0.143,0.099,eccentric_rotor,50
1/22/2025 16:19,-11.982,0.064,0.118,0.045,0.147,0.095,-12.024,0.071,0.138,0.051,0.146,0.09,eccentric_rotor,50
1/22/2025 16:19,-11.982,0.056,0.131,0.039,0.144,0.1,-12.025,0.059,0.131,0.042,0.141,0.089,eccentric_rotor,50
1/22/2025 16:19,-11.982,0.064,0.148,0.045,0.152,0.094,-12.024,0.069,0.148,0.049,0.145,0.094,eccentric_rotor,50
1/22/2025 16:19,-11.982,0.055,0.117,0.039,0.15,0.095,-12.024,0.07,0.131,0.05,0.148,0.089,eccentric_rotor,50
1/22/2025 16:19,-11.982,0.055,0.114,0.039,0.142,0.104,-12.025,0.069,0.142,0.049,0.145,0.089,eccentric_rotor,50
1/22/2025 16:19,-11.982,0.063,0.13,0.044,0.149,0.103,-12.024,0.059,0.133,0.041,0.139,0.097,eccentric_rotor,50
1/22/2025 16:19,-11.982,0.063,0.115,0.044,0.138,0.097,-12.024,0.06,0.145,0.043,0.141,0.097,eccentric_rotor,50
1/22/2025 16:19,-11.982,0.054,0.119,0.038,0.139,0.095,-12.024,0.069,0.15,0.048,0.155,0.092,eccentric_rotor,50
1/22/2025 16:19,-11.982,0.063,0.136,0.044,0.159,0.1,-12.025,0.066,0.153,0.047,0.143,0.089,eccentric_rotor,50
1/22/2025 16:19,-11.982,0.062,0.12,0.044,0.159,0.098,-12.024,0.059,0.132,0.042,0.149,0.095,eccentric_rotor,50
1/22/2025 16:19,-11.982,0.056,0.138,0.04,0.15,0.102,-12.024,0.067,0.129,0.047,0.15,0.091,eccentric_rotor,50
1/22/2025 16:20,-11.982,0.055,0.134,0.039,0.137,0.1,-12.025,0.06,0.143,0.043,0.141,0.094,eccentric_rotor,50
1/22/2025 16:20,-11.982,0.061,0.12,0.043,0.139,0.108,-12.025,0.07,0.133,0.05,0.149,0.099,eccentric_rotor,50
1/22/2025 16:20,-11.982,0.056,0.12,0.04,0.152,0.102,-12.024,0.062,0.131,0.044,0.142,0.099,eccentric_rotor,50
1/22/2025 16:20,-11.982,0.064,0.127,0.045,0.158,0.102,-12.024,0.06,0.153,0.043,0.152,0.095,eccentric_rotor,50
1/22/2025 16:20,-11.982,0.055,0.137,0.039,0.147,0.109,-12.025,0.071,0.147,0.05,0.142,0.102,eccentric_rotor,50
1/22/2025 16:20,-11.982,0.066,0.12,0.046,0.159,0.106,-12.025,0.06,0.132,0.042,0.149,0.099,eccentric_rotor,50
1/22/2025 16:20,-11.982,0.055,0.118,0.039,0.149,0.1,-12.024,0.069,0.156,0.048,0.149,0.093,eccentric_rotor,50
1/22/2025 16:20,-11.982,0.063,0.135,0.045,0.136,0.104,-12.024,0.061,0.133,0.043,0.144,0.097,eccentric_rotor,50
1/22/2025 16:20,-11.982,0.056,0.134,0.039,0.155,0.099,-12.024,0.071,0.146,0.05,0.142,0.093,eccentric_rotor,50
1/22/2025 16:20,-11.982,0.063,0.121,0.045,0.145,0.103,-12.024,0.058,0.133,0.041,0.145,0.097,eccentric_rotor,50
1/22/2025 16:20,-11.982,0.057,0.139,0.041,0.161,0.102,-12.024,0.06,0.146,0.043,0.14,0.094,eccentric_rotor,50
1/22/2025 16:20,-11.982,0.054,0.13,0.038,0.152,0.098,-12.024,0.072,0.147,0.051,0.144,0.096,eccentric_rotor,50
1/22/2025 16:21,-11.982,0.063,0.118,0.045,0.152,0.102,-12.024,0.07,0.131,0.049,0.137,0.092,eccentric_rotor,50
1/22/2025 16:21,-11.982,0.056,0.13,0.04,0.143,0.108,-12.024,0.06,0.136,0.043,0.136,0.095,eccentric_rotor,50
1/22/2025 16:21,-11.982,0.066,0.132,0.047,0.143,0.103,-12.024,0.07,0.15,0.05,0.15,0.101,eccentric_rotor,50
1/22/2025 16:21,-11.982,0.064,0.119,0.045,0.149,0.105,-12.024,0.063,0.155,0.045,0.152,0.096,eccentric_rotor,50
1/22/2025 16:21,-11.982,0.056,0.134,0.039,0.141,0.101,-12.024,0.071,0.133,0.05,0.146,0.099,eccentric_rotor,50
1/22/2025 16:21,-11.982,0.063,0.122,0.045,0.143,0.102,-12.024,0.061,0.147,0.043,0.142,0.094,eccentric_rotor,50
1/22/2025 16:21,-11.982,0.058,0.121,0.041,0.154,0.106,-12.024,0.06,0.134,0.042,0.136,0.096,eccentric_rotor,50
1/22/2025 16:21,-11.982,0.057,0.135,0.041,0.152,0.101,-12.024,0.067,0.152,0.047,0.148,0.094,eccentric_rotor,50
1/22/2025 16:21,-11.982,0.065,0.122,0.046,0.149,0.099,-12.024,0.059,0.132,0.042,0.144,0.098,eccentric_rotor,50
1/22/2025 16:21,-11.982,0.064,0.116,0.045,0.144,0.105,-12.024,0.073,0.151,0.052,0.153,0.094,eccentric_rotor,50
1/22/2025 16:21,-11.982,0.055,0.132,0.039,0.152,0.11,-12.024,0.071,0.129,0.05,0.152,0.098,eccentric_rotor,50
1/22/2025 16:22,-11.982,0.057,0.115,0.04,0.145,0.104,-12.024,0.059,0.147,0.042,0.143,0.103,eccentric_rotor,50
1/22/2025 16:22,-11.982,0.066,0.132,0.046,0.147,0.108,-12.024,0.061,0.137,0.043,0.135,0.097,eccentric_rotor,50
1/22/2025 16:22,-11.982,0.066,0.117,0.047,0.159,0.106,-12.024,0.071,0.134,0.05,0.146,0.102,eccentric_rotor,50
1/22/2025 16:22,-11.982,0.056,0.127,0.04,0.151,0.102,-12.024,0.062,0.158,0.044,0.14,0.099,eccentric_rotor,50
1/22/2025 16:22,-11.982,0.056,0.132,0.04,0.152,0.104,-12.024,0.069,0.135,0.049,0.154,0.094,eccentric_rotor,50
1/22/2025 16:22,-11.982,0.064,0.121,0.045,0.162,0.1,-12.024,0.071,0.146,0.051,0.142,0.097,eccentric_rotor,50
1/22/2025 16:22,-11.982,0.057,0.125,0.04,0.158,0.104,-12.024,0.062,0.135,0.044,0.148,0.097,eccentric_rotor,50
1/22/2025 16:22,-11.982,0.063,0.114,0.045,0.148,0.11,-12.025,0.067,0.145,0.047,0.149,0.102,eccentric_rotor,50
1/22/2025 16:22,-11.982,0.066,0.134,0.047,0.154,0.109,-12.024,0.062,0.13,0.044,0.14,0.102,eccentric_rotor,50
1/22/2025 16:22,-11.982,0.058,0.117,0.041,0.148,0.1,-12.025,0.069,0.146,0.049,0.139,0.093,eccentric_rotor,50
1/22/2025 16:22,-11.982,0.063,0.126,0.045,0.153,0.102,-12.024,0.061,0.127,0.043,0.145,0.096,eccentric_rotor,50
1/22/2025 16:23,-11.982,0.056,0.116,0.04,0.153,0.105,-12.025,0.061,0.134,0.043,0.145,0.097,eccentric_rotor,50
1/22/2025 16:23,-11.982,0.056,0.13,0.04,0.145,0.102,-12.025,0.073,0.147,0.051,0.139,0.095,eccentric_rotor,50
1/22/2025 16:23,-11.982,0.064,0.116,0.045,0.148,0.11,-12.024,0.063,0.133,0.045,0.14,0.103,eccentric_rotor,50
1/22/2025 16:23,-11.982,0.056,0.129,0.04,0.163,0.113,-12.025,0.062,0.149,0.044,0.149,0.105,eccentric_rotor,50
1/22/2025 16:23,-11.982,0.066,0.132,0.047,0.153,0.102,-12.025,0.07,0.146,0.05,0.148,0.095,eccentric_rotor,50
1/22/2025 16:23,-11.982,0.059,0.118,0.041,0.157,0.106,-12.024,0.058,0.125,0.041,0.142,0.1,eccentric_rotor,50
1/22/2025 16:23,-11.982,0.063,0.137,0.045,0.148,0.095,-12.024,0.059,0.145,0.042,0.14,0.089,eccentric_rotor,50
1/22/2025 16:23,-11.982,0.057,0.115,0.04,0.152,0.101,-12.024,0.07,0.15,0.049,0.144,0.095,eccentric_rotor,50
1/22/2025 16:23,-11.982,0.054,0.131,0.039,0.158,0.095,-12.024,0.06,0.129,0.043,0.142,0.09,eccentric_rotor,50
1/22/2025 16:23,-11.982,0.064,0.131,0.045,0.151,0.1,-12.024,0.06,0.141,0.043,0.147,0.09,eccentric_rotor,50
1/22/2025 16:24,-11.982,0.054,0.117,0.038,0.149,0.097,-12.024,0.07,0.13,0.05,0.154,0.094,eccentric_rotor,50
1/22/2025 16:24,-11.982,0.055,0.131,0.039,0.158,0.1,-12.024,0.06,0.145,0.043,0.145,0.094,eccentric_rotor,50
1/22/2025 16:24,-11.982,0.056,0.115,0.04,0.153,0.099,-12.024,0.069,0.129,0.048,0.146,0.09,eccentric_rotor,50
1/22/2025 16:24,-11.982,0.065,0.115,0.046,0.161,0.093,-12.024,0.063,0.153,0.044,0.155,0.092,eccentric_rotor,50
1/22/2025 16:24,-11.982,0.063,0.133,0.045,0.153,0.097,-12.024,0.071,0.143,0.05,0.145,0.088,eccentric_rotor,50
1/22/2025 16:24,-11.982,0.059,0.12,0.042,0.162,0.096,-12.024,0.068,0.13,0.048,0.144,0.091,eccentric_rotor,50
1/22/2025 16:24,-11.982,0.063,0.117,0.044,0.152,0.089,-12.024,0.064,0.145,0.045,0.148,0.085,eccentric_rotor,50
1/22/2025 16:24,-11.982,0.062,0.131,0.044,0.149,0.098,-12.024,0.068,0.133,0.048,0.148,0.085,eccentric_rotor,50
1/22/2025 16:24,-11.982,0.057,0.129,0.041,0.155,0.094,-12.024,0.062,0.128,0.044,0.145,0.089,eccentric_rotor,50
1/22/2025 16:24,-11.982,0.063,0.115,0.045,0.154,0.099,-12.024,0.068,0.143,0.048,0.147,0.094,eccentric_rotor,50
1/22/2025 16:24,-11.982,0.058,0.118,0.041,0.16,0.101,-12.024,0.06,0.145,0.042,0.141,0.095,eccentric_rotor,50
1/22/2025 16:24,-11.982,0.064,0.138,0.046,0.159,0.093,-12.024,0.072,0.133,0.051,0.144,0.089,eccentric_rotor,50
1/22/2025 16:24,-11.982,0.054,0.133,0.038,0.149,0.103,-12.024,0.072,0.151,0.051,0.156,0.096,eccentric_rotor,50
1/22/2025 16:25,-11.982,0.065,0.116,0.046,0.151,0.106,-12.024,0.061,0.133,0.043,0.146,0.099,eccentric_rotor,50
1/22/2025 16:25,-11.982,0.057,0.133,0.041,0.157,0.098,-12.024,0.062,0.147,0.044,0.152,0.093,eccentric_rotor,50
1/22/2025 16:25,-11.982,0.066,0.119,0.046,0.151,0.101,-12.024,0.06,0.132,0.043,0.144,0.095,eccentric_rotor,50
1/22/2025 16:25,-11.982,0.055,0.128,0.039,0.167,0.096,-12.024,0.066,0.142,0.047,0.147,0.091,eccentric_rotor,50
1/22/2025 16:25,-11.982,0.056,0.121,0.04,0.169,0.099,-12.024,0.059,0.129,0.041,0.151,0.094,eccentric_rotor,50
1/22/2025 16:25,-11.982,0.06,0.131,0.042,0.153,0.092,-12.024,0.07,0.145,0.049,0.146,0.088,eccentric_rotor,50
1/22/2025 16:25,-11.982,0.054,0.119,0.038,0.158,0.096,-12.024,0.06,0.129,0.042,0.144,0.09,eccentric_rotor,50
1/22/2025 16:25,-11.982,0.062,0.132,0.044,0.143,0.102,-12.024,0.069,0.15,0.049,0.148,0.095,eccentric_rotor,50
1/22/2025 16:25,-11.982,0.055,0.115,0.039,0.153,0.097,-12.024,0.062,0.141,0.044,0.153,0.092,eccentric_rotor,50
1/22/2025 16:25,-11.982,0.062,0.114,0.044,0.143,0.102,-12.024,0.06,0.134,0.042,0.148,0.096,eccentric_rotor,50
1/22/2025 16:25,-11.982,0.06,0.131,0.042,0.151,0.104,-12.024,0.067,0.131,0.047,0.155,0.097,eccentric_rotor,50
1/22/2025 16:26,-11.982,0.057,0.121,0.04,0.152,0.099,-12.024,0.068,0.145,0.048,0.151,0.093,eccentric_rotor,50
1/22/2025 16:26,-11.982,0.061,0.131,0.043,0.144,0.098,-12.024,0.059,0.144,0.042,0.145,0.096,eccentric_rotor,50
1/22/2025 16:26,-11.982,0.055,0.118,0.039,0.15,0.102,-12.024,0.06,0.133,0.043,0.15,0.092,eccentric_rotor,50
1/22/2025 16:26,-11.982,0.056,0.136,0.039,0.139,0.099,-12.024,0.069,0.137,0.049,0.144,0.095,eccentric_rotor,50
1/22/2025 16:26,-11.982,0.062,0.129,0.044,0.148,0.098,-12.024,0.058,0.143,0.041,0.152,0.093,eccentric_rotor,50
1/22/2025 16:26,-11.982,0.055,0.12,0.039,0.145,0.106,-12.024,0.06,0.154,0.043,0.156,0.092,eccentric_rotor,50
1/22/2025 16:26,-11.982,0.062,0.124,0.044,0.134,0.103,-12.024,0.067,0.131,0.047,0.144,0.099,eccentric_rotor,50
1/22/2025 16:26,-11.982,0.06,0.115,0.042,0.135,0.098,-12.024,0.059,0.133,0.041,0.146,0.097,eccentric_rotor,50
1/22/2025 16:26,-11.982,0.054,0.128,0.038,0.14,0.101,-12.024,0.069,0.151,0.049,0.15,0.091,eccentric_rotor,50
1/22/2025 16:26,-11.982,0.062,0.128,0.044,0.15,0.104,-12.024,0.068,0.134,0.048,0.146,0.095,eccentric_rotor,50
1/22/2025 16:26,-11.982,0.055,0.116,0.039,0.144,0.107,-12.024,0.06,0.134,0.043,0.156,0.098,eccentric_rotor,50
1/22/2025 16:26,-11.982,0.056,0.133,0.04,0.152,0.102,-12.024,0.066,0.152,0.047,0.162,0.099,eccentric_rotor,50
1/22/2025 16:27,-11.982,0.06,0.121,0.042,0.14,0.113,-12.024,0.057,0.133,0.041,0.151,0.096,eccentric_rotor,50
1/22/2025 16:27,-11.982,0.063,0.128,0.045,0.152,0.105,-12.024,0.07,0.146,0.049,0.152,0.105,eccentric_rotor,50
1/22/2025 16:27,-11.982,0.054,0.117,0.038,0.155,0.11,-12.024,0.061,0.123,0.043,0.145,0.098,eccentric_rotor,50
1/22/2025 16:27,-11.982,0.054,0.129,0.038,0.151,0.095,-12.024,0.068,0.147,0.048,0.141,0.102,eccentric_rotor,50
1/22/2025 16:27,-11.982,0.054,0.13,0.038,0.145,0.098,-12.024,0.063,0.129,0.044,0.137,0.09,eccentric_rotor,50
1/22/2025 16:27,-11.982,0.06,0.116,0.043,0.148,0.103,-12.024,0.07,0.131,0.05,0.139,0.093,eccentric_rotor,50
1/22/2025 16:27,-11.982,0.054,0.137,0.038,0.141,0.101,-12.024,0.067,0.144,0.047,0.146,0.096,eccentric_rotor,50
1/22/2025 16:27,-11.982,0.062,0.118,0.044,0.144,0.104,-12.024,0.058,0.134,0.041,0.145,0.097,eccentric_rotor,50
1/22/2025 16:27,-11.982,0.062,0.133,0.044,0.15,0.11,-12.024,0.061,0.149,0.043,0.137,0.094,eccentric_rotor,50
1/22/2025 16:27,-11.982,0.054,0.115,0.038,0.145,0.103,-12.024,0.068,0.13,0.048,0.143,0.101,eccentric_rotor,50
1/22/2025 16:27,-11.982,0.057,0.134,0.04,0.151,0.103,-12.024,0.06,0.144,0.042,0.14,0.095,eccentric_rotor,50
1/22/2025 16:27,-11.982,0.061,0.116,0.043,0.153,0.099,-12.024,0.068,0.152,0.048,0.13,0.097,eccentric_rotor,50
1/22/2025 16:27,-11.982,0.055,0.141,0.039,0.149,0.097,-12.024,0.058,0.134,0.041,0.142,0.093,eccentric_rotor,50
1/22/2025 16:27,-11.982,0.062,0.114,0.044,0.147,0.103,-12.024,0.07,0.131,0.049,0.137,0.092,eccentric_rotor,50
1/22/2025 16:28,-11.982,0.064,0.123,0.045,0.151,0.098,-12.024,0.071,0.144,0.05,0.144,0.096,eccentric_rotor,50
1/22/2025 16:28,-11.982,0.063,0.131,0.045,0.148,0.1,-12.024,0.06,0.133,0.042,0.147,0.092,eccentric_rotor,50
1/22/2025 16:28,-11.982,0.057,0.111,0.04,0.146,0.095,-12.024,0.067,0.155,0.047,0.14,0.094,eccentric_rotor,50
1/22/2025 16:28,-11.982,0.062,0.127,0.044,0.154,0.108,-12.024,0.061,0.13,0.043,0.139,0.089,eccentric_rotor,50
1/22/2025 16:28,-11.982,0.056,0.117,0.04,0.154,0.107,-12.024,0.058,0.125,0.041,0.149,0.1,eccentric_rotor,50
1/22/2025 16:28,-11.982,0.056,0.136,0.039,0.147,0.098,-12.024,0.071,0.148,0.05,0.152,0.1,eccentric_rotor,50
1/22/2025 16:28,-11.982,0.063,0.131,0.044,0.149,0.099,-12.024,0.061,0.15,0.043,0.146,0.09,eccentric_rotor,50
1/22/2025 16:28,-11.982,0.055,0.118,0.039,0.157,0.108,-12.024,0.071,0.132,0.05,0.141,0.093,eccentric_rotor,50
1/22/2025 16:28,-11.982,0.062,0.11,0.044,0.152,0.109,-12.024,0.06,0.128,0.042,0.142,0.1,eccentric_rotor,50
1/22/2025 16:28,-11.982,0.056,0.13,0.04,0.16,0.099,-12.024,0.059,0.15,0.041,0.136,0.102,eccentric_rotor,50
1/22/2025 16:28,-11.982,0.062,0.113,0.044,0.164,0.11,-12.024,0.069,0.129,0.048,0.14,0.094,eccentric_rotor,50
1/22/2025 16:28,-11.982,0.054,0.131,0.038,0.157,0.106,-12.024,0.066,0.143,0.047,0.146,0.102,eccentric_rotor,50
1/22/2025 16:28,-11.982,0.062,0.113,0.044,0.16,0.097,-12.024,0.062,0.134,0.044,0.14,0.099,eccentric_rotor,50
1/22/2025 16:29,-11.982,0.057,0.129,0.04,0.144,0.094,-12.024,0.059,0.132,0.042,0.147,0.091,eccentric_rotor,50
1/22/2025 16:29,-11.982,0.061,0.118,0.043,0.147,0.102,-12.024,0.071,0.148,0.05,0.148,0.089,eccentric_rotor,50
1/22/2025 16:29,-11.982,0.054,0.131,0.038,0.153,0.104,-12.024,0.061,0.134,0.043,0.144,0.097,eccentric_rotor,50
1/22/2025 16:29,-11.982,0.063,0.112,0.045,0.15,0.098,-12.024,0.065,0.132,0.046,0.142,0.091,eccentric_rotor,50
1/22/2025 16:29,-11.982,0.057,0.127,0.04,0.155,0.093,-12.024,0.066,0.147,0.047,0.146,0.094,eccentric_rotor,50
1/22/2025 16:29,-11.982,0.06,0.118,0.043,0.161,0.092,-12.024,0.061,0.131,0.043,0.143,0.088,eccentric_rotor,50
1/22/2025 16:29,-11.982,0.061,0.125,0.043,0.154,0.097,-12.024,0.07,0.132,0.05,0.142,0.087,eccentric_rotor,50
1/22/2025 16:29,-11.982,0.056,0.126,0.04,0.154,0.096,-12.024,0.068,0.153,0.048,0.148,0.091,eccentric_rotor,50
1/22/2025 16:29,-11.982,0.064,0.113,0.045,0.149,0.09,-12.025,0.061,0.133,0.043,0.147,0.09,eccentric_rotor,50
1/22/2025 16:29,-11.982,0.056,0.128,0.04,0.146,0.094,-12.025,0.067,0.144,0.047,0.143,0.086,eccentric_rotor,50
1/22/2025 16:29,-11.982,0.058,0.114,0.041,0.151,0.102,-12.025,0.071,0.146,0.05,0.145,0.088,eccentric_rotor,50
1/22/2025 16:29,-11.982,0.061,0.114,0.043,0.146,0.106,-12.024,0.06,0.135,0.042,0.15,0.096,eccentric_rotor,50
1/22/2025 16:30,-11.982,0.055,0.128,0.039,0.151,0.095,-12.025,0.069,0.128,0.049,0.145,0.099,eccentric_rotor,50
1/22/2025 16:30,-11.982,0.064,0.127,0.045,0.15,0.092,-12.024,0.062,0.14,0.044,0.152,0.089,eccentric_rotor,50
1/22/2025 16:30,-11.982,0.056,0.114,0.04,0.141,0.092,-12.024,0.06,0.128,0.043,0.158,0.087,eccentric_rotor,50
1/22/2025 16:30,-11.982,0.061,0.117,0.043,0.156,0.097,-12.024,0.069,0.146,0.049,0.151,0.087,eccentric_rotor,50
1/22/2025 16:30,-11.982,0.055,0.132,0.039,0.16,0.103,-12.024,0.06,0.133,0.043,0.153,0.092,eccentric_rotor,50
1/22/2025 16:30,-11.982,0.061,0.114,0.043,0.145,0.09,-12.024,0.068,0.13,0.048,0.14,0.096,eccentric_rotor,50
1/22/2025 16:30,-11.982,0.056,0.126,0.04,0.145,0.1,-12.024,0.061,0.15,0.043,0.143,0.084,eccentric_rotor,50
1/22/2025 16:30,-11.982,0.055,0.115,0.039,0.158,0.089,-12.024,0.072,0.127,0.051,0.148,0.094,eccentric_rotor,50
1/22/2025 16:30,-11.982,0.061,0.137,0.043,0.164,0.09,-12.024,0.068,0.139,0.048,0.146,0.084,eccentric_rotor,50
1/22/2025 16:30,-11.982,0.057,0.114,0.04,0.149,0.095,-12.024,0.059,0.144,0.042,0.149,0.085,eccentric_rotor,50
1/22/2025 16:30,-11.982,0.063,0.124,0.044,0.162,0.1,-12.024,0.07,0.133,0.05,0.155,0.089,eccentric_rotor,50
1/22/2025 16:31,-11.982,0.057,0.114,0.04,0.159,0.094,-12.024,0.06,0.148,0.042,0.149,0.094,eccentric_rotor,50
1/22/2025 16:31,-11.982,0.055,0.118,0.039,0.148,0.097,-12.024,0.067,0.13,0.047,0.148,0.089,eccentric_rotor,50
1/22/2025 16:31,-11.982,0.063,0.13,0.044,0.142,0.091,-12.024,0.061,0.132,0.043,0.143,0.091,eccentric_rotor,50
1/22/2025 16:31,-11.982,0.062,0.113,0.044,0.153,0.097,-12.024,0.067,0.144,0.047,0.142,0.086,eccentric_rotor,50
1/22/2025 16:31,-11.982,0.056,0.133,0.039,0.156,0.089,-12.024,0.057,0.129,0.041,0.147,0.09,eccentric_rotor,50
1/22/2025 16:31,-11.982,0.062,0.113,0.044,0.146,0.094,-12.024,0.066,0.13,0.047,0.141,0.084,eccentric_rotor,50
1/22/2025 16:31,-11.982,0.056,0.126,0.04,0.14,0.087,-12.024,0.073,0.146,0.051,0.147,0.089,eccentric_rotor,50
1/22/2025 16:31,-11.982,0.067,0.112,0.047,0.138,0.089,-12.024,0.06,0.144,0.042,0.145,0.082,eccentric_rotor,50
1/22/2025 16:31,-11.982,0.054,0.13,0.038,0.147,0.093,-12.024,0.066,0.128,0.047,0.137,0.084,eccentric_rotor,50
1/22/2025 16:31,-11.982,0.063,0.114,0.045,0.137,0.098,-12.025,0.067,0.131,0.047,0.143,0.087,eccentric_rotor,50
1/22/2025 16:31,-11.982,0.054,0.115,0.038,0.141,0.09,-12.025,0.058,0.15,0.041,0.151,0.092,eccentric_rotor,50
1/22/2025 16:31,-11.982,0.062,0.125,0.044,0.15,0.1,-12.025,0.066,0.131,0.046,0.149,0.086,eccentric_rotor,50
1/22/2025 16:31,-11.982,0.057,0.129,0.04,0.155,0.097,-12.025,0.066,0.139,0.046,0.142,0.094,eccentric_rotor,50
1/22/2025 16:32,-11.982,0.062,0.115,0.044,0.142,0.093,-12.025,0.058,0.144,0.041,0.144,0.091,eccentric_rotor,50
1/22/2025 16:32,-11.982,0.053,0.126,0.038,0.138,0.101,-12.025,0.061,0.134,0.043,0.153,0.087,eccentric_rotor,50
1/22/2025 16:32,-11.982,0.056,0.115,0.04,0.144,0.1,-12.024,0.068,0.146,0.048,0.155,0.09,eccentric_rotor,50
1/22/2025 16:32,-11.982,0.061,0.126,0.043,0.138,0.094,-12.024,0.059,0.127,0.042,0.143,0.094,eccentric_rotor,50
1/22/2025 16:32,-11.982,0.052,0.134,0.037,0.142,0.095,-12.024,0.067,0.145,0.048,0.155,0.088,eccentric_rotor,50
1/22/2025 16:32,-11.982,0.062,0.114,0.044,0.153,0.103,-12.024,0.059,0.134,0.042,0.152,0.09,eccentric_rotor,50
1/22/2025 16:32,-11.982,0.056,0.135,0.039,0.137,0.102,-12.024,0.067,0.147,0.048,0.146,0.096,eccentric_rotor,50
1/22/2025 16:32,-11.982,0.062,0.11,0.044,0.15,0.096,-12.024,0.059,0.13,0.041,0.139,0.096,eccentric_rotor,50
1/22/2025 16:32,-11.982,0.055,0.131,0.039,0.134,0.094,-12.024,0.068,0.144,0.048,0.148,0.09,eccentric_rotor,50
1/22/2025 16:32,-11.982,0.053,0.115,0.038,0.136,0.1,-12.024,0.06,0.131,0.043,0.142,0.088,eccentric_rotor,50
1/22/2025 16:32,-11.982,0.061,0.126,0.043,0.148,0.093,-12.024,0.067,0.146,0.048,0.143,0.094,eccentric_rotor,50
1/22/2025 16:32,-11.982,0.06,0.113,0.043,0.147,0.098,-12.024,0.061,0.132,0.043,0.137,0.088,eccentric_rotor,50
1/22/2025 16:33,-11.982,0.054,0.128,0.038,0.14,0.093,-12.024,0.069,0.147,0.049,0.135,0.092,eccentric_rotor,50
1/22/2025 16:33,-11.982,0.062,0.114,0.044,0.143,0.093,-12.024,0.06,0.131,0.043,0.141,0.088,eccentric_rotor,50
1/22/2025 16:33,-11.982,0.052,0.127,0.037,0.135,0.1,-12.024,0.067,0.149,0.047,0.14,0.088,eccentric_rotor,50
1/22/2025 16:33,-11.982,0.061,0.118,0.043,0.143,0.098,-12.024,0.06,0.148,0.042,0.133,0.094,eccentric_rotor,50
1/22/2025 16:33,-11.982,0.062,0.112,0.044,0.132,0.092,-12.024,0.059,0.13,0.041,0.135,0.092,eccentric_rotor,50
1/22/2025 16:33,-11.982,0.055,0.128,0.039,0.133,0.097,-12.024,0.061,0.13,0.043,0.145,0.087,eccentric_rotor,50
1/22/2025 16:33,-11.982,0.057,0.124,0.04,0.142,0.095,-12.024,0.073,0.148,0.052,0.145,0.092,eccentric_rotor,50
1/22/2025 16:33,-11.982,0.062,0.112,0.044,0.145,0.099,-12.024,0.058,0.147,0.041,0.139,0.089,eccentric_rotor,50
1/22/2025 16:33,-11.982,0.062,0.132,0.044,0.136,0.092,-12.024,0.069,0.13,0.049,0.136,0.093,eccentric_rotor,50
1/22/2025 16:33,-11.982,0.054,0.115,0.038,0.149,0.097,-12.024,0.061,0.155,0.043,0.141,0.087,eccentric_rotor,50
1/22/2025 16:33,-11.982,0.071,0.11,0.05,0.147,0.095,-12.024,0.067,0.134,0.047,0.135,0.089,eccentric_rotor,50
1/22/2025 16:34,-11.982,0.055,0.125,0.039,0.139,0.1,-12.024,0.059,0.131,0.042,0.138,0.094,eccentric_rotor,50
1/22/2025 16:34,-11.982,0.055,0.114,0.039,0.142,0.094,-12.024,0.072,0.145,0.051,0.147,0.088,eccentric_rotor,50
1/22/2025 16:34,-11.982,0.062,0.13,0.044,0.149,0.102,-12.024,0.061,0.134,0.043,0.133,0.093,eccentric_rotor,50
1/22/2025 16:34,-11.982,0.058,0.117,0.041,0.15,0.099,-12.024,0.069,0.128,0.048,0.144,0.091,eccentric_rotor,50
1/22/2025 16:34,-11.982,0.054,0.127,0.038,0.142,0.101,-12.024,0.06,0.147,0.043,0.132,0.095,eccentric_rotor,50
1/22/2025 16:34,-11.982,0.063,0.114,0.044,0.143,0.096,-12.024,0.07,0.133,0.05,0.132,0.091,eccentric_rotor,50
1/22/2025 16:34,-11.982,0.056,0.129,0.039,0.154,0.103,-12.024,0.068,0.147,0.048,0.144,0.09,eccentric_rotor,50
1/22/2025 16:34,-11.982,0.062,0.134,0.044,0.153,0.094,-12.024,0.058,0.149,0.041,0.136,0.096,eccentric_rotor,50
1/22/2025 16:34,-11.982,0.055,0.114,0.039,0.142,0.102,-12.024,0.068,0.135,0.048,0.137,0.095,eccentric_rotor,50
1/22/2025 16:34,-11.982,0.062,0.112,0.044,0.15,0.1,-12.024,0.061,0.146,0.043,0.141,0.089,eccentric_rotor,50
1/22/2025 16:34,-11.982,0.063,0.127,0.044,0.146,0.097,-12.024,0.065,0.132,0.046,0.139,0.095,eccentric_rotor,50
1/22/2025 16:34,-11.982,0.063,0.111,0.045,0.14,0.099,-12.024,0.057,0.142,0.04,0.132,0.093,eccentric_rotor,50
1/22/2025 16:35,-11.982,0.051,0.124,0.036,0.147,0.095,-12.024,0.068,0.128,0.048,0.132,0.091,eccentric_rotor,50
1/22/2025 16:35,-11.982,0.06,0.112,0.042,0.139,0.094,-12.024,0.065,0.143,0.046,0.133,0.093,eccentric_rotor,50
1/22/2025 16:35,-11.982,0.054,0.118,0.038,0.147,0.101,-12.024,0.057,0.131,0.041,0.136,0.09,eccentric_rotor,50
1/22/2025 16:35,-11.982,0.053,0.13,0.037,0.148,0.094,-12.024,0.057,0.144,0.04,0.142,0.088,eccentric_rotor,50
1/22/2025 16:35,-11.981,0.061,0.138,0.043,0.138,0.096,-12.024,0.065,0.149,0.046,0.132,0.095,eccentric_rotor,50
1/22/2025 16:35,-11.982,0.06,0.113,0.042,0.146,0.101,-12.024,0.059,0.145,0.042,0.144,0.09,eccentric_rotor,50
1/22/2025 16:35,-11.981,0.052,0.111,0.037,0.138,0.094,-12.024,0.068,0.13,0.048,0.141,0.091,eccentric_rotor,50
1/22/2025 16:35,-11.981,0.053,0.131,0.038,0.148,0.105,-12.024,0.058,0.131,0.041,0.136,0.094,eccentric_rotor,50
1/22/2025 16:35,-11.981,0.059,0.117,0.042,0.138,0.092,-12.024,0.069,0.141,0.049,0.138,0.095,eccentric_rotor,50
1/22/2025 16:35,-11.982,0.056,0.116,0.04,0.147,0.114,-12.024,0.057,0.147,0.04,0.144,0.088,eccentric_rotor,50
1/22/2025 16:35,-11.981,0.062,0.129,0.044,0.141,0.085,-12.024,0.067,0.131,0.047,0.137,0.099,eccentric_rotor,50
1/22/2025 16:36,-11.982,0.055,0.119,0.039,0.149,0.137,-12.024,0.058,0.145,0.041,0.14,0.086,eccentric_rotor,50
1/22/2025 16:36,-11.982,0.063,0.132,0.045,0.141,0.087,-12.024,0.065,0.133,0.046,0.146,0.105,eccentric_rotor,50
1/22/2025 16:36,-11.981,0.053,0.113,0.037,0.148,0.091,-12.024,0.07,0.147,0.049,0.146,0.081,eccentric_rotor,50
1/22/2025 16:36,-11.981,0.06,0.111,0.043,0.146,0.104,-12.024,0.06,0.129,0.043,0.138,0.125,eccentric_rotor,50
1/22/2025 16:36,-11.982,0.052,0.129,0.037,0.153,0.093,-12.024,0.066,0.148,0.047,0.14,0.082,eccentric_rotor,50
1/22/2025 16:36,-11.982,0.061,0.114,0.043,0.145,0.099,-12.024,0.059,0.147,0.042,0.145,0.085,eccentric_rotor,50
1/22/2025 16:36,-11.981,0.062,0.113,0.044,0.144,0.085,-12.024,0.057,0.129,0.041,0.136,0.097,eccentric_rotor,50
1/22/2025 16:36,-11.982,0.056,0.129,0.04,0.152,0.086,-12.024,0.064,0.147,0.045,0.136,0.093,eccentric_rotor,50
1/22/2025 16:36,-11.981,0.061,0.116,0.043,0.141,0.103,-12.024,0.065,0.142,0.046,0.141,0.078,eccentric_rotor,50
1/22/2025 16:36,-11.982,0.054,0.114,0.038,0.153,0.09,-12.024,0.059,0.129,0.042,0.136,0.081,eccentric_rotor,50
1/22/2025 16:36,-11.981,0.057,0.13,0.041,0.151,0.09,-12.024,0.062,0.146,0.044,0.143,0.095,eccentric_rotor,50
1/22/2025 16:36,-11.982,0.052,0.117,0.037,0.144,0.1,-12.024,0.068,0.132,0.048,0.143,0.085,eccentric_rotor,50
1/22/2025 16:36,-11.981,0.059,0.13,0.042,0.15,0.089,-12.024,0.064,0.144,0.046,0.135,0.085,eccentric_rotor,50
1/22/2025 16:37,-11.981,0.055,0.115,0.039,0.142,0.096,-12.024,0.058,0.148,0.041,0.14,0.093,eccentric_rotor,50
1/22/2025 16:37,-11.982,0.056,0.125,0.039,0.141,0.088,-12.024,0.06,0.132,0.042,0.136,0.085,eccentric_rotor,50
1/22/2025 16:37,-11.981,0.062,0.118,0.044,0.15,0.109,-12.024,0.067,0.142,0.048,0.142,0.091,eccentric_rotor,50
1/22/2025 16:37,-11.982,0.06,0.13,0.042,0.142,0.092,-12.024,0.068,0.131,0.048,0.134,0.083,eccentric_rotor,50
1/22/2025 16:37,-11.981,0.054,0.115,0.038,0.152,0.097,-12.024,0.06,0.131,0.043,0.14,0.101,eccentric_rotor,50
1/22/2025 16:37,-11.981,0.055,0.111,0.039,0.143,0.073,-12.024,0.069,0.153,0.048,0.137,0.086,eccentric_rotor,50
1/22/2025 16:37,-11.982,0.06,0.127,0.043,0.151,0.103,-12.024,0.061,0.132,0.043,0.143,0.091,eccentric_rotor,50
1/22/2025 16:37,-11.981,0.054,0.11,0.038,0.15,0.109,-12.024,0.066,0.131,0.047,0.142,0.072,eccentric_rotor,50
1/22/2025 16:37,-11.982,0.064,0.113,0.045,0.14,0.087,-12.024,0.06,0.143,0.042,0.138,0.096,eccentric_rotor,50
1/22/2025 16:37,-11.982,0.062,0.129,0.044,0.139,0.101,-12.024,0.059,0.13,0.042,0.146,0.101,eccentric_rotor,50
1/22/2025 16:38,-11.981,0.057,0.127,0.041,0.172,0.096,-12.024,0.067,0.134,0.047,0.14,0.082,eccentric_rotor,50
1/22/2025 16:38,-11.982,0.058,0.124,0.041,0.146,0.112,-12.024,0.066,0.152,0.046,0.14,0.089,eccentric_rotor,50
1/22/2025 16:38,-11.981,0.054,0.113,0.038,0.135,0.092,-12.024,0.069,0.142,0.048,0.144,0.094,eccentric_rotor,50
1/22/2025 16:38,-11.981,0.054,0.131,0.038,0.178,0.091,-12.024,0.06,0.134,0.042,0.139,0.104,eccentric_rotor,50
1/22/2025 16:38,-11.981,0.06,0.115,0.042,0.14,0.092,-12.024,0.058,0.129,0.041,0.147,0.086,eccentric_rotor,50
1/22/2025 16:38,-11.981,0.06,0.12,0.043,0.137,0.153,-12.024,0.066,0.143,0.047,0.137,0.086,eccentric_rotor,50
1/22/2025 16:38,-11.981,0.054,0.107,0.038,0.183,0.096,-12.024,0.058,0.15,0.041,0.147,0.087,eccentric_rotor,50
1/22/2025 16:38,-11.981,0.06,0.114,0.042,0.14,0.1,-12.024,0.067,0.133,0.047,0.145,0.14,eccentric_rotor,50
1/22/2025 16:38,-11.981,0.054,0.121,0.039,0.151,0.097,-12.024,0.059,0.15,0.042,0.139,0.09,eccentric_rotor,50
1/22/2025 16:38,-11.981,0.051,0.113,0.036,0.135,0.109,-12.024,0.068,0.126,0.048,0.137,0.095,eccentric_rotor,50
1/22/2025 16:38,-11.981,0.06,0.131,0.042,0.173,0.089,-12.024,0.06,0.153,0.043,0.142,0.09,eccentric_rotor,50
1/22/2025 16:38,-11.981,0.059,0.114,0.042,0.139,0.092,-12.024,0.066,0.128,0.047,0.138,0.101,eccentric_rotor,50
1/22/2025 16:38,-11.981,0.053,0.13,0.037,0.153,0.096,-12.024,0.059,0.141,0.041,0.144,0.083,eccentric_rotor,50
1/22/2025 16:39,-11.981,0.055,0.12,0.039,0.138,0.094,-12.024,0.065,0.128,0.046,0.139,0.086,eccentric_rotor,50
1/22/2025 16:39,-11.982,0.061,0.107,0.043,0.136,0.105,-12.024,0.067,0.133,0.048,0.145,0.091,eccentric_rotor,50
1/22/2025 16:39,-11.982,0.06,0.113,0.043,0.146,0.097,-12.024,0.059,0.148,0.042,0.14,0.088,eccentric_rotor,50
1/22/2025 16:39,-11.982,0.055,0.128,0.039,0.133,0.108,-12.024,0.059,0.148,0.042,0.147,0.097,eccentric_rotor,50
1/22/2025 16:39,-11.982,0.055,0.137,0.039,0.142,0.086,-12.024,0.071,0.131,0.05,0.144,0.091,eccentric_rotor,50
1/22/2025 16:39,-11.982,0.059,0.115,0.042,0.146,0.096,-12.024,0.066,0.133,0.047,0.135,0.099,eccentric_rotor,50
1/22/2025 16:39,-11.982,0.054,0.127,0.038,0.135,0.085,-12.023,0.065,0.152,0.046,0.135,0.082,eccentric_rotor,50
1/22/2025 16:39,-11.982,0.059,0.115,0.042,0.163,0.096,-12.024,0.058,0.146,0.041,0.162,0.09,eccentric_rotor,50
1/22/2025 16:39,-11.982,0.054,0.114,0.038,0.14,0.083,-12.023,0.061,0.128,0.043,0.151,0.082,eccentric_rotor,50
1/22/2025 16:39,-11.982,0.063,0.126,0.044,0.147,0.103,-12.023,0.068,0.13,0.048,0.134,0.09,eccentric_rotor,50
1/22/2025 16:39,-11.982,0.06,0.117,0.042,0.148,0.083,-12.024,0.065,0.142,0.046,0.167,0.079,eccentric_rotor,50
1/22/2025 16:39,-11.982,0.054,0.127,0.038,0.135,0.084,-12.024,0.059,0.131,0.042,0.149,0.096,eccentric_rotor,50
1/22/2025 16:40,-11.982,0.061,0.128,0.043,0.15,0.097,-12.024,0.067,0.143,0.047,0.135,0.08,eccentric_rotor,50
1/22/2025 16:40,-11.982,0.054,0.12,0.038,0.143,0.092,-12.024,0.059,0.128,0.041,0.158,0.08,eccentric_rotor,50
1/22/2025 16:40,-11.982,0.061,0.124,0.043,0.153,0.109,-12.024,0.065,0.15,0.046,0.135,0.091,eccentric_rotor,50
1/22/2025 16:40,-11.981,0.06,0.111,0.042,0.159,0.106,-12.023,0.058,0.131,0.041,0.135,0.087,eccentric_rotor,50
1/22/2025 16:40,-11.982,0.054,0.113,0.038,0.146,0.091,-12.024,0.064,0.146,0.045,0.147,0.102,eccentric_rotor,50
1/22/2025 16:40,-11.981,0.06,0.132,0.042,0.138,0.088,-12.023,0.058,0.147,0.041,0.133,0.099,eccentric_rotor,50
1/22/2025 16:40,-11.981,0.053,0.11,0.038,0.138,0.094,-12.023,0.065,0.131,0.046,0.165,0.086,eccentric_rotor,50
1/22/2025 16:40,-11.982,0.058,0.111,0.041,0.183,0.088,-12.023,0.056,0.151,0.04,0.143,0.085,eccentric_rotor,50
1/22/2025 16:40,-11.982,0.053,0.122,0.038,0.145,0.094,-12.023,0.067,0.129,0.047,0.132,0.087,eccentric_rotor,50
1/22/2025 16:40,-11.981,0.055,0.111,0.039,0.151,0.089,-12.024,0.058,0.145,0.041,0.145,0.083,eccentric_rotor,50
1/22/2025 16:40,-11.982,0.054,0.119,0.038,0.145,0.096,-12.023,0.065,0.127,0.046,0.133,0.088,eccentric_rotor,50
1/22/2025 16:40,-11.982,0.059,0.132,0.042,0.194,0.088,-12.023,0.066,0.133,0.047,0.132,0.084,eccentric_rotor,50
1/22/2025 16:41,-11.981,0.052,0.13,0.037,0.152,0.095,-12.023,0.056,0.142,0.04,0.14,0.089,eccentric_rotor,50
1/22/2025 16:41,-11.981,0.06,0.115,0.042,0.139,0.091,-12.023,0.056,0.128,0.04,0.132,0.083,eccentric_rotor,50
1/22/2025 16:41,-11.981,0.051,0.116,0.036,0.146,0.082,-12.024,0.065,0.142,0.046,0.137,0.089,eccentric_rotor,50
1/22/2025 16:41,-11.981,0.058,0.127,0.041,0.14,0.084,-12.023,0.059,0.132,0.042,0.14,0.086,eccentric_rotor,50
1/22/2025 16:41,-11.981,0.054,0.115,0.038,0.144,0.094,-12.024,0.072,0.151,0.051,0.131,0.077,eccentric_rotor,50
1/22/2025 16:41,-11.981,0.061,0.125,0.043,0.154,0.097,-12.024,0.06,0.139,0.042,0.151,0.079,eccentric_rotor,50
1/22/2025 16:41,-11.981,0.052,0.113,0.037,0.156,0.099,-12.024,0.067,0.133,0.048,0.135,0.089,eccentric_rotor,50
1/22/2025 16:41,-11.981,0.058,0.123,0.041,0.157,0.093,-12.024,0.06,0.125,0.043,0.141,0.092,eccentric_rotor,50
1/22/2025 16:41,-11.981,0.053,0.108,0.037,0.141,0.094,-12.024,0.069,0.147,0.049,0.144,0.093,eccentric_rotor,50
1/22/2025 16:41,-11.981,0.061,0.132,0.043,0.15,0.098,-12.023,0.062,0.145,0.044,0.131,0.087,eccentric_rotor,50
1/22/2025 16:41,-11.981,0.063,0.109,0.044,0.133,0.091,-12.024,0.067,0.126,0.048,0.138,0.088,eccentric_rotor,50
1/22/2025 16:41,-11.981,0.055,0.124,0.039,0.141,0.108,-12.024,0.067,0.14,0.048,0.145,0.092,eccentric_rotor,50
1/22/2025 16:41,-11.981,0.065,0.121,0.046,0.128,0.114,-12.023,0.059,0.131,0.042,0.149,0.1,eccentric_rotor,50
1/22/2025 16:42,-11.981,0.056,0.113,0.039,0.129,0.1,-12.024,0.066,0.126,0.047,0.141,0.087,eccentric_rotor,50
1/22/2025 16:42,-11.981,0.063,0.125,0.045,0.144,0.101,-12.023,0.068,0.138,0.048,0.133,0.105,eccentric_rotor,50
1/22/2025 16:42,-11.981,0.057,0.113,0.04,0.13,0.087,-12.023,0.059,0.133,0.041,0.135,0.093,eccentric_rotor,50
1/22/2025 16:42,-11.982,0.062,0.128,0.044,0.151,0.087,-12.023,0.069,0.146,0.049,0.175,0.094,eccentric_rotor,50
1/22/2025 16:42,-11.982,0.055,0.113,0.039,0.149,0.092,-12.023,0.058,0.133,0.041,0.145,0.083,eccentric_rotor,50
1/22/2025 16:42,-11.981,0.054,0.125,0.038,0.136,0.09,-12.023,0.065,0.147,0.046,0.139,0.083,eccentric_rotor,50
1/22/2025 16:42,-11.981,0.06,0.113,0.042,0.136,0.095,-12.023,0.056,0.134,0.04,0.139,0.088,eccentric_rotor,50
1/22/2025 16:42,-11.982,0.061,0.125,0.043,0.141,0.097,-12.023,0.065,0.131,0.046,0.169,0.085,eccentric_rotor,50
1/22/2025 16:42,-11.982,0.054,0.123,0.038,0.134,0.088,-12.023,0.065,0.144,0.046,0.147,0.088,eccentric_rotor,50
1/22/2025 16:42,-11.981,0.055,0.11,0.039,0.14,0.083,-12.023,0.058,0.149,0.041,0.135,0.092,eccentric_rotor,50
1/22/2025 16:42,-11.982,0.061,0.122,0.043,0.134,0.092,-12.023,0.065,0.132,0.046,0.135,0.084,eccentric_rotor,50
1/22/2025 16:42,-11.981,0.051,0.112,0.036,0.145,0.095,-12.023,0.056,0.133,0.04,0.144,0.078,eccentric_rotor,50
1/22/2025 16:43,-11.981,0.061,0.128,0.043,0.141,0.084,-12.023,0.068,0.129,0.048,0.138,0.089,eccentric_rotor,50
1/22/2025 16:43,-11.981,0.051,0.11,0.036,0.133,0.094,-12.024,0.057,0.143,0.04,0.148,0.078,eccentric_rotor,50
1/22/2025 16:43,-11.981,0.058,0.113,0.041,0.138,0.091,-12.024,0.065,0.126,0.046,0.141,0.088,eccentric_rotor,50
1/22/2025 16:43,-11.981,0.057,0.129,0.04,0.128,0.086,-12.024,0.056,0.142,0.04,0.149,0.085,eccentric_rotor,50
1/22/2025 16:43,-11.981,0.052,0.111,0.037,0.126,0.1,-12.024,0.065,0.139,0.046,0.134,0.082,eccentric_rotor,50
1/22/2025 16:43,-11.981,0.052,0.114,0.036,0.14,0.089,-12.024,0.06,0.128,0.042,0.139,0.094,eccentric_rotor,50
1/22/2025 16:43,-11.981,0.058,0.124,0.041,0.145,0.092,-12.024,0.068,0.148,0.048,0.131,0.084,eccentric_rotor,50
1/22/2025 16:43,-11.981,0.06,0.121,0.042,0.144,0.087,-12.024,0.057,0.132,0.04,0.134,0.087,eccentric_rotor,50
1/22/2025 16:43,-11.981,0.052,0.132,0.037,0.139,0.092,-12.024,0.066,0.145,0.047,0.124,0.083,eccentric_rotor,50
1/22/2025 16:43,-11.981,0.051,0.125,0.036,0.139,0.093,-12.024,0.059,0.147,0.042,0.135,0.087,eccentric_rotor,50
1/22/2025 16:43,-11.981,0.052,0.114,0.037,0.146,0.087,-12.024,0.067,0.128,0.047,0.127,0.083,eccentric_rotor,50
1/22/2025 16:43,-11.981,0.061,0.123,0.043,0.143,0.084,-12.024,0.058,0.134,0.041,0.126,0.087,eccentric_rotor,50
1/22/2025 16:43,-11.981,0.059,0.128,0.042,0.16,0.094,-12.024,0.065,0.146,0.046,0.137,0.082,eccentric_rotor,50
1/22/2025 16:44,-11.981,0.053,0.111,0.038,0.164,0.089,-12.024,0.059,0.14,0.042,0.149,0.08,eccentric_rotor,50
1/22/2025 16:44,-11.981,0.061,0.115,0.043,0.15,0.092,-12.024,0.066,0.123,0.047,0.135,0.089,eccentric_rotor,50
1/22/2025 16:44,-11.981,0.052,0.126,0.037,0.155,0.09,-12.024,0.066,0.139,0.046,0.144,0.087,eccentric_rotor,50
1/22/2025 16:44,-11.981,0.054,0.115,0.039,0.133,0.093,-12.024,0.059,0.143,0.042,0.133,0.083,eccentric_rotor,50
1/22/2025 16:44,-11.981,0.06,0.129,0.043,0.139,0.084,-12.024,0.058,0.13,0.041,0.13,0.087,eccentric_rotor,50
1/22/2025 16:44,-11.981,0.054,0.111,0.038,0.132,0.093,-12.023,0.068,0.127,0.048,0.135,0.085,eccentric_rotor,50
1/22/2025 16:44,-11.981,0.06,0.125,0.043,0.136,0.09,-12.023,0.067,0.151,0.047,0.13,0.079,eccentric_rotor,50
1/22/2025 16:44,-11.981,0.055,0.111,0.039,0.143,0.09,-12.023,0.058,0.13,0.041,0.137,0.088,eccentric_rotor,50
1/22/2025 16:44,-11.981,0.06,0.125,0.042,0.146,0.087,-12.023,0.059,0.139,0.042,0.13,0.085,eccentric_rotor,50
1/22/2025 16:44,-11.981,0.059,0.111,0.042,0.132,0.088,-12.024,0.068,0.128,0.048,0.138,0.085,eccentric_rotor,50
1/22/2025 16:44,-11.981,0.054,0.124,0.038,0.13,0.093,-12.024,0.057,0.152,0.04,0.136,0.082,eccentric_rotor,50
1/22/2025 16:44,-11.981,0.059,0.112,0.042,0.141,0.095,-12.023,0.066,0.129,0.047,0.131,0.083,eccentric_rotor,50
1/22/2025 16:44,-11.981,0.053,0.106,0.038,0.132,0.088,-12.023,0.057,0.157,0.04,0.132,0.088,eccentric_rotor,50
1/22/2025 16:45,-11.981,0.061,0.12,0.043,0.143,0.089,-12.023,0.071,0.126,0.05,0.127,0.089,eccentric_rotor,50
1/22/2025 16:45,-11.981,0.056,0.109,0.039,0.143,0.094,-12.023,0.058,0.147,0.041,0.124,0.083,eccentric_rotor,50
1/22/2025 16:45,-11.981,0.062,0.124,0.044,0.134,0.089,-12.023,0.068,0.132,0.048,0.135,0.083,eccentric_rotor,50
1/22/2025 16:45,-11.981,0.053,0.126,0.038,0.148,0.093,-12.023,0.059,0.143,0.042,0.137,0.088,eccentric_rotor,50
1/22/2025 16:45,-11.981,0.054,0.11,0.038,0.136,0.087,-12.023,0.068,0.129,0.048,0.133,0.084,eccentric_rotor,50
1/22/2025 16:45,-11.981,0.06,0.126,0.043,0.141,0.088,-12.023,0.061,0.148,0.043,0.139,0.087,eccentric_rotor,50
1/22/2025 16:45,-11.981,0.052,0.11,0.037,0.131,0.097,-12.023,0.059,0.133,0.042,0.134,0.083,eccentric_rotor,50
1/22/2025 16:45,-11.981,0.061,0.13,0.043,0.138,0.105,-12.023,0.069,0.132,0.049,0.14,0.082,eccentric_rotor,50
1/22/2025 16:45,-11.981,0.055,0.118,0.039,0.131,0.095,-12.023,0.06,0.143,0.042,0.137,0.083,eccentric_rotor,50
1/22/2025 16:45,-11.981,0.053,0.11,0.037,0.138,0.101,-12.023,0.067,0.126,0.047,0.15,0.09,eccentric_rotor,50
1/22/2025 16:45,-11.981,0.063,0.129,0.044,0.131,0.095,-12.023,0.059,0.149,0.042,0.154,0.098,eccentric_rotor,50
1/22/2025 16:45,-11.981,0.054,0.114,0.038,0.141,0.103,-12.023,0.066,0.131,0.047,0.144,0.089,eccentric_rotor,50
1/22/2025 16:46,-11.981,0.061,0.112,0.043,0.139,0.102,-12.023,0.058,0.128,0.041,0.148,0.095,eccentric_rotor,50
1/22/2025 16:46,-11.981,0.055,0.122,0.039,0.133,0.095,-12.024,0.057,0.138,0.04,0.129,0.09,eccentric_rotor,50
1/22/2025 16:46,-11.981,0.063,0.114,0.044,0.134,0.106,-12.024,0.066,0.126,0.047,0.134,0.089,eccentric_rotor,50
1/22/2025 16:46,-11.981,0.061,0.126,0.043,0.141,0.089,-12.023,0.057,0.143,0.04,0.13,0.097,eccentric_rotor,50
1/22/2025 16:46,-11.981,0.054,0.113,0.038,0.14,0.1,-12.023,0.066,0.126,0.047,0.138,0.089,eccentric_rotor,50
1/22/2025 16:46,-11.981,0.06,0.123,0.042,0.129,0.099,-12.023,0.059,0.128,0.042,0.14,0.095,eccentric_rotor,50
1/22/2025 16:46,-11.981,0.062,0.113,0.044,0.131,0.089,-12.023,0.064,0.139,0.045,0.131,0.098,eccentric_rotor,50
1/22/2025 16:46,-11.981,0.054,0.132,0.038,0.138,0.099,-12.023,0.057,0.128,0.041,0.126,0.084,eccentric_rotor,50
1/22/2025 16:46,-11.981,0.06,0.131,0.043,0.129,0.093,-12.023,0.065,0.145,0.046,0.133,0.094,eccentric_rotor,50
1/22/2025 16:46,-11.981,0.053,0.115,0.038,0.132,0.084,-12.023,0.058,0.13,0.041,0.138,0.092,eccentric_rotor,50
1/22/2025 16:46,-11.981,0.059,0.111,0.042,0.141,0.084,-12.023,0.071,0.144,0.05,0.127,0.084,eccentric_rotor,50
1/22/2025 16:46,-11.981,0.059,0.122,0.041,0.144,0.085,-12.023,0.058,0.127,0.041,0.136,0.093,eccentric_rotor,50
1/22/2025 16:47,-11.981,0.054,0.124,0.038,0.133,0.083,-12.023,0.065,0.128,0.046,0.132,0.088,eccentric_rotor,50
1/22/2025 16:47,-11.981,0.051,0.104,0.036,0.141,0.087,-12.023,0.057,0.143,0.04,0.131,0.08,eccentric_rotor,50
1/22/2025 16:47,-11.981,0.059,0.116,0.042,0.133,0.084,-12.023,0.069,0.135,0.049,0.141,0.08,eccentric_rotor,50
1/22/2025 16:47,-11.981,0.061,0.126,0.043,0.131,0.091,-12.023,0.06,0.148,0.042,0.133,0.081,eccentric_rotor,50
1/22/2025 16:47,-11.981,0.052,0.109,0.037,0.141,0.09,-12.023,0.066,0.127,0.047,0.133,0.079,eccentric_rotor,50
1/22/2025 16:47,-11.981,0.053,0.124,0.038,0.133,0.085,-12.023,0.06,0.148,0.042,0.129,0.083,eccentric_rotor,50
1/22/2025 16:47,-11.981,0.059,0.115,0.042,0.138,0.094,-12.023,0.065,0.146,0.046,0.128,0.079,eccentric_rotor,50
1/22/2025 16:47,-11.981,0.059,0.125,0.041,0.129,0.088,-12.024,0.058,0.13,0.041,0.133,0.086,eccentric_rotor,50
1/22/2025 16:47,-11.981,0.053,0.113,0.037,0.13,0.092,-12.023,0.06,0.142,0.042,0.129,0.086,eccentric_rotor,50
1/22/2025 16:47,-11.981,0.059,0.114,0.042,0.143,0.094,-12.023,0.066,0.132,0.047,0.132,0.08,eccentric_rotor,50
1/22/2025 16:47,-11.981,0.055,0.125,0.039,0.158,0.087,-12.023,0.068,0.147,0.048,0.134,0.087,eccentric_rotor,50
1/22/2025 16:48,-11.981,0.062,0.112,0.044,0.143,0.09,-12.023,0.061,0.129,0.043,0.13,0.083,eccentric_rotor,50
1/22/2025 16:48,-11.981,0.059,0.13,0.042,0.153,0.096,-12.023,0.064,0.143,0.045,0.134,0.087,eccentric_rotor,50
1/22/2025 16:48,-11.981,0.054,0.115,0.038,0.143,0.103,-12.024,0.058,0.141,0.041,0.129,0.089,eccentric_rotor,50
1/22/2025 16:48,-11.981,0.052,0.111,0.037,0.157,0.093,-12.023,0.057,0.129,0.04,0.129,0.082,eccentric_rotor,50
1/22/2025 16:48,-11.981,0.06,0.111,0.042,0.152,0.091,-12.024,0.064,0.144,0.045,0.136,0.084,eccentric_rotor,50
1/22/2025 16:48,-11.981,0.054,0.128,0.038,0.143,0.099,-12.023,0.056,0.141,0.039,0.127,0.09,eccentric_rotor,50
1/22/2025 16:48,-11.981,0.06,0.111,0.042,0.145,0.096,-12.023,0.066,0.129,0.046,0.127,0.097,eccentric_rotor,50
1/22/2025 16:48,-11.981,0.054,0.128,0.038,0.156,0.087,-12.023,0.066,0.142,0.047,0.132,0.086,eccentric_rotor,50
1/22/2025 16:48,-11.981,0.063,0.121,0.045,0.149,0.096,-12.023,0.058,0.133,0.041,0.128,0.086,eccentric_rotor,50
1/22/2025 16:48,-11.981,0.054,0.111,0.038,0.137,0.092,-12.024,0.056,0.132,0.039,0.132,0.092,eccentric_rotor,50
1/22/2025 16:48,-11.981,0.054,0.111,0.038,0.148,0.113,-12.024,0.065,0.148,0.046,0.129,0.09,eccentric_rotor,50
1/22/2025 16:49,-11.981,0.062,0.126,0.044,0.133,0.092,-12.023,0.067,0.152,0.048,0.134,0.081,eccentric_rotor,50
1/22/2025 16:49,-11.981,0.062,0.11,0.044,0.151,0.096,-12.023,0.059,0.144,0.041,0.136,0.09,eccentric_rotor,50
1/22/2025 16:49,-11.981,0.057,0.11,0.04,0.136,0.091,-12.023,0.066,0.131,0.047,0.128,0.104,eccentric_rotor,50
1/22/2025 16:49,-11.981,0.052,0.123,0.037,0.128,0.095,-12.023,0.058,0.144,0.041,0.134,0.088,eccentric_rotor,50
1/22/2025 16:49,-11.981,0.058,0.107,0.041,0.124,0.11,-12.023,0.059,0.133,0.042,0.136,0.089,eccentric_rotor,50
1/22/2025 16:49,-11.981,0.052,0.115,0.037,0.133,0.085,-12.023,0.066,0.146,0.046,0.129,0.085,eccentric_rotor,50
1/22/2025 16:49,-11.981,0.05,0.127,0.035,0.123,0.09,-12.023,0.058,0.127,0.041,0.128,0.089,eccentric_rotor,50
1/22/2025 16:49,-11.981,0.059,0.108,0.042,0.134,0.098,-12.023,0.058,0.142,0.041,0.135,0.102,eccentric_rotor,50
1/22/2025 16:49,-11.981,0.06,0.122,0.043,0.126,0.095,-12.023,0.064,0.144,0.045,0.131,0.081,eccentric_rotor,50
1/22/2025 16:49,-11.981,0.053,0.111,0.038,0.135,0.099,-12.023,0.059,0.128,0.042,0.128,0.085,eccentric_rotor,50
1/22/2025 16:49,-11.981,0.053,0.12,0.038,0.137,0.093,-12.023,0.063,0.145,0.044,0.137,0.091,eccentric_rotor,50
1/22/2025 16:50,-11.981,0.061,0.126,0.043,0.127,0.101,-12.023,0.065,0.132,0.046,0.146,0.089,eccentric_rotor,50
1/22/2025 16:50,-11.981,0.059,0.111,0.041,0.137,0.105,-12.023,0.059,0.149,0.042,0.138,0.093,eccentric_rotor,50
1/22/2025 16:50,-11.981,0.054,0.128,0.038,0.139,0.092,-12.023,0.059,0.142,0.042,0.143,0.087,eccentric_rotor,50
1/22/2025 16:50,-11.981,0.06,0.121,0.042,0.132,0.101,-12.023,0.07,0.142,0.049,0.138,0.093,eccentric_rotor,50
1/22/2025 16:50,-11.981,0.054,0.11,0.038,0.14,0.101,-12.023,0.066,0.128,0.047,0.138,0.098,eccentric_rotor,50
1/22/2025 16:50,-11.981,0.06,0.128,0.042,0.132,0.091,-12.023,0.059,0.129,0.042,0.145,0.086,eccentric_rotor,50
1/22/2025 16:50,-11.981,0.055,0.128,0.039,0.14,0.096,-12.023,0.07,0.145,0.049,0.144,0.095,eccentric_rotor,50
1/22/2025 16:50,-11.981,0.054,0.121,0.038,0.13,0.089,-12.023,0.06,0.148,0.042,0.139,0.094,eccentric_rotor,50
1/22/2025 16:50,-11.981,0.06,0.11,0.042,0.135,0.092,-12.024,0.065,0.129,0.046,0.139,0.086,eccentric_rotor,50
1/22/2025 16:50,-11.981,0.059,0.132,0.041,0.146,0.095,-12.023,0.005,0.141,0.003,0.149,0.09,eccentric_rotor,50
1/22/2025 16:50,-11.981,0.054,0.115,0.038,0.15,0.088,-12.024,0.001,0.128,0,0.131,0.084,eccentric_rotor,50
1/22/2025 16:51,-11.981,0.058,0.123,0.041,0.136,0.094,-12.024,0.001,0.14,0,0.141,0.09,eccentric_rotor,50
1/22/2025 16:51,-11.981,0.053,0.114,0.037,0.146,0.081,-12.023,0.001,0.131,0.001,0.14,0.083,eccentric_rotor,50
1/22/2025 16:51,-11.981,0.059,0.109,0.041,0.138,0.095,-12.023,0.001,0.145,0.001,0.131,0.077,eccentric_rotor,50
1/22/2025 16:51,-11.981,0.055,0.121,0.039,0.147,0.086,-12.023,0.001,0.129,0,0.141,0.089,eccentric_rotor,50
1/22/2025 16:51,-11.981,0.065,0.124,0.046,0.133,0.102,-12.023,0.001,0.146,0,0.135,0.09,eccentric_rotor,50
1/22/2025 16:51,-11.981,0.056,0.109,0.039,0.143,0.072,-12.023,0.003,0.142,0.002,0.126,0.082,eccentric_rotor,50
1/22/2025 16:51,-11.981,0.063,0.11,0.045,0.136,0.092,-12.023,0.001,0.13,0.001,0.122,0.095,eccentric_rotor,50
1/22/2025 16:51,-11.981,0.054,0.109,0.038,0.16,0.109,-12.023,0.001,0.143,0.001,0.127,0.069,eccentric_rotor,50
1/22/2025 16:51,-11.981,0.062,0.121,0.044,0.142,0.085,-12.023,0.001,0.144,0.001,0.122,0.088,eccentric_rotor,50
1/22/2025 16:51,-11.981,0.052,0.113,0.037,0.137,0.091,-12.023,0.001,0.132,0,0.128,0.081,eccentric_rotor,50
1/22/2025 16:51,-11.981,0.061,0.123,0.043,0.143,0.096,-12.023,0.001,0.131,0,0.123,0.101,eccentric_rotor,50
1/22/2025 16:52,-11.981,0.005,0.128,0.003,0.136,0.091,-12.023,0.001,0.139,0.001,0.124,0.085,eccentric_rotor,50
1/22/2025 16:52,-11.981,0.001,0.11,0.001,0.152,0.099,-12.023,0.001,0.151,0.001,0.131,0.087,eccentric_rotor,50
1/22/2025 16:52,-11.981,0.001,0.123,0.001,0.135,0.102,-12.023,0.001,0.131,0.001,0.132,0.09,eccentric_rotor,50
1/22/2025 16:52,-11.981,0.001,0.11,0.001,0.137,0.09,-12.023,0.001,0.149,0.001,0.125,0.086,eccentric_rotor,50
1/22/2025 16:52,-11.981,0.001,0.127,0.001,0.145,0.13,-12.023,0.003,0.132,0.002,0.134,0.084,eccentric_rotor,50
1/22/2025 16:52,-11.981,0.001,0.111,0.001,0.149,0.088,-12.023,0.001,0.138,0.001,0.128,0.094,eccentric_rotor,50
1/22/2025 16:52,-11.981,0.001,0.116,0.001,0.14,0.108,-12.023,0.002,0.13,0.001,0.133,0.118,eccentric_rotor,50
1/22/2025 16:52,-11.981,0.004,0.128,0.002,0.152,0.105,-12.023,0.001,0.132,0.001,0.133,0.083,eccentric_rotor,50
1/22/2025 16:52,-11.981,0.001,0.129,0.001,0.154,0.091,-12.023,0.001,0.147,0.001,0.13,0.099,eccentric_rotor,50
1/22/2025 16:52,-11.981,0.001,0.112,0.001,0.138,0.1,-12.023,0.001,0.126,0.001,0.132,0.098,eccentric_rotor,50
1/22/2025 16:52,-11.981,0.001,0.109,0.001,0.152,0.084,-12.023,0.002,0.123,0.002,0.127,0.086,eccentric_rotor,50
1/22/2025 16:52,-11.981,0.001,0.125,0.001,0.149,0.093,-12.023,0.001,0.142,0.001,0.129,0.093,eccentric_rotor,50
1/22/2025 16:52,-11.981,0.001,0.121,0.001,0.133,0.087,-12.023,0.001,0.129,0.001,0.136,0.079,eccentric_rotor,50
1/22/2025 16:52,-11.981,0.001,0.017,0.001,0.145,0.09,-12.023,0.001,0.143,0.001,0.142,0.088,eccentric_rotor,50
1/22/2025 16:53,-11.981,0.001,0.002,0.001,0.138,0.088,-12.023,0.001,0.134,0.001,0.133,0.082,eccentric_rotor,50
1/22/2025 16:53,-11.981,0.001,0.003,0.001,0.14,0.098,-12.024,0.001,0.143,0.001,0.132,0.085,eccentric_rotor,50
1/22/2025 16:53,-11.981,0.001,0.002,0.001,0.132,0.091,-12.023,0.001,0.126,0.001,0.139,0.084,eccentric_rotor,50
1/22/2025 16:53,-11.981,0.003,0.002,0.002,0.142,0.098,-12.024,0.001,0.129,0.001,0.129,0.092,eccentric_rotor,50
1/22/2025 16:53,-11.981,0.001,0.004,0.001,0.143,0.095,-12.024,0.001,0.128,0,0.138,0.086,eccentric_rotor,50
1/22/2025 16:53,-11.981,0.002,0.002,0.001,0.133,0.088,-12.024,0.001,0.143,0.001,0.132,0.091,eccentric_rotor,50
1/22/2025 16:53,-11.981,0.001,0.008,0.001,0.134,0.094,-12.024,0.011,0.145,0.007,0.147,0.089,eccentric_rotor,50
1/22/2025 16:53,-11.981,0.001,0.003,0.001,0.141,0.096,-12.024,0.001,0.127,0.001,0.134,0.084,eccentric_rotor,50
1/22/2025 16:53,-11.981,0.001,0.002,0.001,0.146,0.091,-12.023,0.001,0.142,0.001,0.137,0.088,eccentric_rotor,50
1/22/2025 16:53,-11.981,0.002,0.002,0.002,0.127,0.095,-12.023,0.004,0.129,0.003,0.132,0.09,eccentric_rotor,50
1/22/2025 16:53,-11.981,0.001,0.002,0.001,0.137,0.09,-12.023,0.001,0.129,0.001,0.135,0.086,eccentric_rotor,50
1/22/2025 16:54,-11.981,0.001,0.002,0.001,0.13,0.096,-12.023,0.002,0.145,0.001,0.132,0.089,eccentric_rotor,50
1/22/2025 16:54,-11.981,0.001,0.003,0.001,0.131,0.089,-12.023,0.001,0.129,0,0.14,0.085,eccentric_rotor,50
1/22/2025 16:54,-11.981,0.001,0.003,0.001,0.154,0.084,-12.023,0.001,0.145,0.001,0.133,0.09,eccentric_rotor,50
1/22/2025 16:54,-11.981,0.001,0.002,0.001,0.136,0.094,-12.023,0.001,0.141,0.001,0.139,0.08,eccentric_rotor,50
1/22/2025 16:54,-11.981,0.001,0.002,0.001,0.146,0.09,-12.023,0.002,0.128,0.001,0.136,0.085,eccentric_rotor,50
1/22/2025 16:54,-11.981,0.001,0.006,0.001,0.138,0.09,-12.023,0.001,0.144,0.001,0.143,0.085,eccentric_rotor,50
1/22/2025 16:54,-11.981,0.001,0.002,0.001,0.148,0.104,-12.023,0.001,0.158,0,0.136,0.089,eccentric_rotor,50
1/22/2025 16:54,-11.981,0.002,0.002,0.001,0.138,0.099,-12.023,0.001,0.014,0.001,0.143,0.085,eccentric_rotor,50
1/22/2025 16:54,-11.981,0.012,0.005,0.009,0.152,0.078,-12.023,0.001,0.002,0.001,0.146,0.096,eccentric_rotor,50
1/22/2025 16:54,-11.981,0.001,0.002,0.001,0.137,0.106,-12.023,0.002,0.002,0.002,0.132,0.093,eccentric_rotor,50
1/22/2025 16:54,-11.981,0.005,0.007,0.004,0.162,0.126,-12.023,0.001,0.002,0,0.143,0.076,eccentric_rotor,50
1/22/2025 16:55,-11.981,0.001,0.002,0.001,0.133,0.007,-12.023,0.002,0.002,0.001,0.143,0.098,eccentric_rotor,50
1/22/2025 16:55,-11.981,0.002,0.007,0.001,0.136,0.002,-12.023,0.002,0.004,0.001,0.138,0.113,eccentric_rotor,50
1/22/2025 16:55,-11.981,0.001,0.002,0.001,0.155,0.001,-12.023,0.001,0.002,0.001,0.131,0.006,eccentric_rotor,50
1/22/2025 16:55,-11.981,0.001,0.004,0.001,0.156,0.001,-12.023,0.001,0.007,0.001,0.133,0.001,eccentric_rotor,50
1/22/2025 16:55,-11.981,0.001,0.002,0.001,0.142,0.003,-12.023,0.001,0.002,0.001,0.137,0.001,eccentric_rotor,50
1/22/2025 16:55,-11.981,0.002,0.003,0.002,0.129,0.002,-12.024,0.002,0.003,0.001,0.128,0.003,eccentric_rotor,50
1/22/2025 16:55,-11.981,0.001,0.002,0.001,0.137,0.001,-12.023,0.001,0.002,0.001,0.134,0.002,eccentric_rotor,50
1/22/2025 16:55,-11.981,0.001,0.003,0.001,0.131,0.001,-12.023,0.002,0.002,0.001,0.136,0.001,eccentric_rotor,50
1/22/2025 16:55,-11.981,0.002,0.009,0.001,0.13,0.009,-12.023,0.001,0.002,0.001,0.126,0.001,eccentric_rotor,50
1/22/2025 16:55,-11.981,0.002,0.002,0.002,0.137,0.001,-12.023,0.003,0.003,0.002,0.133,0.009,eccentric_rotor,50
1/22/2025 16:55,-11.981,0.001,0.012,0.001,0.133,0.003,-12.023,0.003,0.003,0.002,0.13,0.001,eccentric_rotor,50
1/22/2025 16:56,-11.981,0.002,0.002,0.001,0.145,0.004,-12.023,0.002,0.002,0.001,0.136,0.003,eccentric_rotor,50
1/22/2025 16:56,-11.981,0.002,0.008,0.001,0.137,0.001,-12.023,0.003,0.002,0.002,0.126,0.003,eccentric_rotor,50
1/22/2025 16:56,-11.981,0.001,0.002,0.001,0.145,0.001,-12.023,0.002,0.005,0.001,0.133,0.001,eccentric_rotor,50
1/22/2025 16:56,-11.981,0.001,0.002,0.001,0.132,0.003,-12.023,0.004,0.002,0.003,0.128,0.001,eccentric_rotor,50
1/22/2025 16:56,-11.981,0.002,0.003,0.001,0.142,0.002,-12.023,0.006,0.002,0.004,0.144,0.003,eccentric_rotor,50
1/22/2025 16:56,-11.981,0.002,0.002,0.001,0.143,0.003,-12.023,0.001,0.006,0.001,0.132,0.001,eccentric_rotor,50
1/22/2025 16:56,-11.981,0.001,0.002,0.001,0.135,0.001,-12.023,0.001,0.002,0.001,0.132,0.003,eccentric_rotor,50
1/22/2025 16:56,-11.981,0.002,0.003,0.001,0.142,0.008,-12.023,0.004,0.006,0.003,0.14,0.001,eccentric_rotor,50
1/22/2025 16:56,-11.981,0.001,0.002,0.001,0.133,0.001,-12.023,0.001,0.002,0.001,0.141,0.008,eccentric_rotor,50
1/22/2025 16:56,-11.981,0.003,0.003,0.002,0.141,0.005,-12.023,0.001,0.002,0.001,0.13,0.001,eccentric_rotor,50
1/22/2025 16:56,-11.981,0.004,0.002,0.003,0.129,0.003,-12.023,0.002,0.007,0.001,0.146,0.004,eccentric_rotor,50
1/22/2025 16:57,-11.981,0.003,0.003,0.002,0.135,0.001,-12.023,0.001,0.004,0.001,0.155,0.002,eccentric_rotor,50
1/22/2025 16:57,-11.981,0.002,0.002,0.001,0.141,0.001,-12.023,0.001,0.002,0.001,0.129,0.001,eccentric_rotor,50
1/22/2025 16:57,-11.981,0.004,0.002,0.003,0.133,0.007,-12.023,0.001,0.002,0.001,0.131,0.001,eccentric_rotor,50
1/22/2025 16:57,-11.981,0.007,0.002,0.005,0.135,0.001,-12.023,0.001,0.003,0.001,0.146,0.006,eccentric_rotor,50
1/22/2025 16:57,-11.981,0.001,0.003,0.001,0.154,0.003,-12.023,0.002,0.002,0.001,0.148,0.001,eccentric_rotor,50
1/22/2025 16:57,-11.981,0.002,0.002,0.001,0.148,0.001,-12.023,0.001,0.003,0,0.133,0.003,eccentric_rotor,50
1/22/2025 16:57,-11.981,0.004,0.003,0.003,0.139,0.003,-12.023,0.001,0.008,0.001,0.138,0.001,eccentric_rotor,50
1/22/2025 16:57,-11.981,0.001,0.003,0.001,0.145,0.004,-12.023,0.006,0.002,0.004,0.124,0.003,eccentric_rotor,50
1/22/2025 16:57,-11.981,0.001,0.004,0.001,0.118,0.001,-12.023,0.001,0.01,0.001,0.133,0.004,eccentric_rotor,50
1/22/2025 16:57,-11.981,0.002,0.003,0.001,0.153,0.001,-12.023,0.001,0.002,0,0.126,0.001,eccentric_rotor,50
1/22/2025 16:57,-11.981,0.001,0.01,0.001,0.015,0.003,-12.023,0.001,0.009,0.001,0.132,0.001,eccentric_rotor,50
1/22/2025 16:57,-11.981,0.001,0.005,0.001,0.002,0.001,-12.023,0.001,0.002,0,0.129,0.003,eccentric_rotor,50
1/22/2025 16:58,-11.981,0.002,0.003,0.001,0.003,0.004,-12.023,0.001,0.002,0.001,0.137,0.001,eccentric_rotor,50
1/22/2025 16:58,-11.981,0.001,0.004,0.001,0.004,0.034,-12.023,0.016,0.003,0.011,0.138,0.004,eccentric_rotor,50
1/22/2025 16:58,-11.981,0.001,0.006,0.001,0.002,0.002,-12.023,0.001,0.002,0.001,0.132,0.03,eccentric_rotor,50
1/22/2025 16:58,-11.981,0.002,0.004,0.001,0.005,0.015,-12.023,0.006,0.002,0.004,0.139,0.001,eccentric_rotor,50
1/22/2025 16:58,-11.981,0.001,0.003,0,0.003,0.005,-12.023,0.003,0.002,0.002,0.13,0.002,eccentric_rotor,50
1/22/2025 16:58,-11.981,0.001,0.005,0.001,0.028,0.001,-12.023,0.001,0.003,0.001,0.136,0.012,eccentric_rotor,50
1/22/2025 16:58,-11.981,0.006,0.003,0.004,0.006,0.001,-12.023,0.001,0.002,0,0.133,0.004,eccentric_rotor,50
1/22/2025 16:58,-11.981,0.001,0.002,0.001,0.004,0.002,-12.023,0.002,0.002,0.001,0.137,0.001,eccentric_rotor,50
1/22/2025 16:58,-11.981,0.001,0.003,0.001,0.005,0.005,-12.023,0.001,0.002,0.001,0.138,0.001,eccentric_rotor,50
1/22/2025 16:58,-11.981,0.002,0.002,0.001,0.002,0.006,-12.023,0.001,0.002,0.001,0.132,0.002,eccentric_rotor,50
1/22/2025 16:58,-11.98,0.001,0.002,0.001,0.003,0.001,-12.023,0.001,0.003,0,0.137,0.001,eccentric_rotor,50
1/22/2025 16:58,-11.98,0.001,0.008,0.001,0.005,0.001,-12.023,0.001,0.002,0.001,0.132,0.005,eccentric_rotor,50
1/22/2025 16:59,-11.98,0.018,0.002,0.013,0.005,0.004,-12.023,0.001,0.002,0.001,0.127,0.001,eccentric_rotor,50
1/22/2025 16:59,-11.98,0.001,0.003,0.001,0.003,0.007,-12.023,0.002,0.002,0.001,0.136,0.001,eccentric_rotor,50
1/22/2025 16:59,-11.98,0.007,0.002,0.005,0.018,0.001,-12.023,0.001,0.003,0.001,0.13,0.004,eccentric_rotor,50
1/22/2025 16:59,-11.98,0.003,0.002,0.002,0.012,0.004,-12.023,0.002,0.002,0.001,0.13,0.006,eccentric_rotor,50
1/22/2025 16:59,-11.98,0.001,0.002,0.001,0.003,0.005,-12.023,0.001,0.002,0.001,0.147,0.001,eccentric_rotor,50
1/22/2025 16:59,-11.98,0.001,0.022,0.001,0.005,0.002,-12.023,0.001,0.002,0.001,0.14,0.004,eccentric_rotor,50
1/22/2025 16:59,-11.98,0.002,0.002,0.001,0.002,0.001,-12.023,0.011,0.003,0.008,0.133,0.005,eccentric_rotor,50
1/22/2025 16:59,-11.98,0.001,0.002,0.001,0.003,0.004,-12.023,0.001,0.003,0.001,0.143,0.001,eccentric_rotor,50
1/22/2025 16:59,-11.98,0.001,0.003,0.001,0.024,0.005,-12.023,0.002,0.008,0.002,0.128,0.001,eccentric_rotor,50
1/22/2025 16:59,-11.98,0.001,0.002,0,0.003,0.002,-12.023,0.003,0.005,0.002,0.145,0.004,eccentric_rotor,50
1/22/2025 16:59,-11.98,0.001,0.003,0.001,0.005,0.005,-12.023,0.001,0.004,0,0.016,0.005,eccentric_rotor,50
1/22/2025 16:59,-11.98,0.001,0.002,0.001,0.004,0.002,-12.023,0.001,0.003,0.001,0.002,0.002,eccentric_rotor,50
1/22/2025 16:59,-11.98,0.002,0.003,0.002,0.007,0.009,-12.023,0.001,0.006,0.001,0.004,0.002,eccentric_rotor,50
1/22/2025 17:00,-11.98,0.001,0.011,0.001,0.003,0.009,-12.023,0.003,0.003,0.002,0.003,0.005,eccentric_rotor,50
1/22/2025 17:00,-11.98,0.001,0.002,0.001,0.002,0.009,-12.023,0.002,0.003,0.001,0.002,0.002,eccentric_rotor,50
1/22/2025 17:00,-11.98,0.002,0.022,0.001,0.004,0.005,-12.023,0.001,0.004,0,0.005,0.008,eccentric_rotor,50
1/22/2025 17:00,-11.98,0.001,0.002,0.001,0.005,0.005,-12.023,0.001,0.002,0.001,0.002,0.008,eccentric_rotor,50
1/22/2025 17:00,-11.981,0.001,0.004,0.001,0.003,0.012,-12.023,0.001,0.002,0.001,0.025,0.009,eccentric_rotor,50
1/22/2025 17:00,-11.981,0.013,0.002,0.009,0.033,0.02,-12.023,0.001,0.003,0,0.006,0.004,eccentric_rotor,50
1/22/2025 17:00,-11.981,0.001,0.003,0.001,0.004,0.003,-12.023,0.001,0.002,0.001,0.004,0.011,eccentric_rotor,50
1/22/2025 17:00,-11.981,0.003,0.002,0.002,0.043,0.004,-12.023,0.005,0.002,0.004,0.005,0.018,eccentric_rotor,50
1/22/2025 17:00,-11.981,0.001,0.002,0.001,0.004,0.012,-12.023,0.001,0.009,0.001,0.002,0.003,eccentric_rotor,50
1/22/2025 17:00,-11.981,0.003,0.002,0.002,0.004,0.002,-12.023,0.001,0.001,0.001,0.002,0.003,eccentric_rotor,50
1/22/2025 17:00,-11.981,0.001,0.002,0.001,0.002,0.008,-12.023,0.001,0.002,0,0.004,0.011,eccentric_rotor,50
1/22/2025 17:01,-11.981,0.001,0.002,0.001,0.003,0.002,-12.023,0.002,0.003,0.001,0.004,0.002,eccentric_rotor,50
1/22/2025 17:01,-11.981,0.001,0.002,0.001,0.008,0.006,-12.023,0.002,0.001,0.002,0.003,0.007,eccentric_rotor,50
1/22/2025 17:01,-11.981,0.003,0.003,0.002,0.003,0.001,-12.023,0.001,0.019,0.001,0.003,0.001,eccentric_rotor,50
1/22/2025 17:01,-11.981,0.002,0.002,0.001,0.003,0.002,-12.023,0.009,0.002,0.007,0.016,0.005,eccentric_rotor,50
1/22/2025 17:01,-11.981,0.001,0.004,0.001,0.005,0.004,-12.023,0.001,0.001,0.001,0.003,0.001,eccentric_rotor,50
1/22/2025 17:01,-11.981,0.001,0.002,0.001,0.006,0.001,-12.023,0.003,0.003,0.002,0.005,0.003,eccentric_rotor,50
1/22/2025 17:01,-11.981,0.001,0.002,0.001,0.004,0.003,-12.023,0.001,0.003,0,0.002,0.001,eccentric_rotor,50
1/22/2025 17:01,-11.981,0.001,0.002,0.001,0.003,0.005,-12.023,0.001,0.002,0.001,0.003,0.001,eccentric_rotor,50
1/22/2025 17:01,-11.981,0.001,0.009,0.001,0.008,0.001,-12.023,0.001,0.003,0,0.021,0.003,eccentric_rotor,50
1/22/2025 17:01,-11.981,0.005,0.002,0.004,0.003,0.003,-12.023,0.001,0.009,0.001,0.002,0.004,eccentric_rotor,50
1/22/2025 17:01,-11.981,0.001,0.006,0.001,0.003,0.016,-12.023,0.001,0.002,0,0.005,0.001,eccentric_rotor,50
1/22/2025 17:02,-11.981,0.001,0.003,0.001,0.005,0.001,-12.023,0.002,0.019,0.002,0.003,0.002,eccentric_rotor,50
1/22/2025 17:02,-11.981,0.001,0.003,0.001,0.007,0.002,-12.022,0.001,0.003,0,0.005,0.014,eccentric_rotor,50
1/22/2025 17:02,-11.981,0.001,0.002,0.001,0.004,0.001,-12.022,0.002,0.002,0.001,0.002,0.001,eccentric_rotor,50
1/22/2025 17:02,-11.981,0.002,0.003,0.001,0.007,0.003,-12.022,0.002,0.002,0.002,0.002,0.001,eccentric_rotor,50
1/22/2025 17:02,-11.981,0.003,0.006,0.002,0.006,0.001,-12.022,0.001,0.003,0.001,0.003,0.003,eccentric_rotor,50
1/22/2025 17:02,-11.981,0.001,0.002,0.001,0.011,0.001,-12.022,0.001,0.002,0.001,0.002,0.001,eccentric_rotor,50
1/22/2025 17:02,-11.981,0.01,0.002,0.007,0.006,0.004,-12.022,0.002,0.002,0.001,0.005,0.001,eccentric_rotor,50
1/22/2025 17:02,-11.981,0.001,0.003,0.001,0.037,0.051,-12.022,0.001,0.002,0.001,0.028,0.003,eccentric_rotor,50
1/22/2025 17:02,-11.981,0.004,0.003,0.003,0.013,0.002,-12.022,0.001,0.002,0.001,0.004,0.044,eccentric_rotor,50
1/22/2025 17:02,-11.981,0.001,0.002,0.001,0.009,0.017,-12.022,0.001,0.002,0,0.036,0.002,eccentric_rotor,50
1/22/2025 17:02,-11.981,0.002,0.002,0.001,0.013,0.007,-12.022,0.001,0.002,0,0.004,0.015,eccentric_rotor,50
1/22/2025 17:02,-11.981,0.001,0.002,0,0.021,0.001,-12.022,0.001,0.002,0,0.004,0.007,eccentric_rotor,50
1/22/2025 17:03,-11.981,0.001,0.012,0.001,0.011,0.001,-12.022,0.004,0.003,0.003,0.002,0.001,eccentric_rotor,50
1/22/2025 17:03,-11.981,0.001,0.003,0,0.008,0.005,-12.022,0.002,0.002,0.002,0.002,0.001,eccentric_rotor,50
1/22/2025 17:03,-11.981,0.003,0.002,0.002,0.016,0.001,-12.022,0.001,0.002,0,0.007,0.004,eccentric_rotor,50
1/22/2025 17:03,-11.981,0.001,0.002,0.001,0.007,0.001,-12.022,0.001,0.002,0.001,0.002,0.001,eccentric_rotor,50
1/22/2025 17:03,-11.981,0.002,0.004,0.001,0.011,0.002,-12.022,0.001,0.007,0,0.002,0.001,eccentric_rotor,50
1/22/2025 17:03,-11.981,0.003,0.008,0.002,0.005,0.001,-12.022,0.001,0.002,0.001,0.005,0.002,eccentric_rotor,50
1/22/2025 17:03,-11.981,0.001,0.002,0.001,0.003,0.004,-12.022,0.001,0.007,0,0.006,0.003,eccentric_rotor,50
1/22/2025 17:03,-11.981,0.001,0.003,0.001,0.003,0.006,-12.023,0.001,0.002,0,0.003,0.006,eccentric_rotor,50
1/22/2025 17:03,-11.981,0.001,0.003,0.001,0.008,0.002,-12.023,0.001,0.003,0.001,0.007,0.001,eccentric_rotor,50
1/22/2025 17:03,-11.981,0.002,0.002,0.001,0.002,0.004,-12.023,0.001,0.002,0.001,0.003,0.004,eccentric_rotor,50
1/22/2025 17:03,-11.981,0.001,0.002,0.001,0.005,0.002,-12.023,0.001,0.002,0,0.003,0.002,eccentric_rotor,50
1/22/2025 17:03,-11.981,0.001,0.002,0,0.008,0.001,-12.023,0.004,0.003,0.003,0.005,0.001,eccentric_rotor,50
1/22/2025 17:04,-11.981,0.001,0.004,0.001,0.002,0.036,-12.023,0.001,0.005,0,0.007,0.032,eccentric_rotor,50
1/22/2025 17:04,-11.981,0.001,0.002,0.001,0.082,0.001,-12.023,0.001,0.002,0,0.003,0.001,eccentric_rotor,50
1/22/2025 17:04,-11.981,0.004,0.002,0.003,0.002,0.008,-12.023,0.002,0.002,0.001,0.006,0.007,eccentric_rotor,50
1/22/2025 17:04,-11.981,0.003,0.006,0.002,0.004,0.001,-12.023,0.001,0.003,0.001,0.006,0.001,eccentric_rotor,50
1/22/2025 17:04,-11.981,0.001,0.002,0,0.003,0.009,-12.023,0.001,0.002,0.001,0.009,0.008,eccentric_rotor,50
1/22/2025 17:04,-11.981,0.001,0.002,0.001,0.007,0.001,-12.023,0.002,0.002,0.001,0.006,0.001,eccentric_rotor,50
1/22/2025 17:04,-11.981,0.001,0.004,0,0.002,0.001,-12.023,0.001,0.002,0.001,0.031,0.001,eccentric_rotor,50
1/22/2025 17:04,-11.981,0.001,0.002,0.001,0.004,0.003,-12.023,0.002,0.009,0.002,0.012,0.003,eccentric_rotor,50
1/22/2025 17:04,-11.981,0.001,0.003,0,0.039,0.009,-12.023,0.001,0.002,0,0.008,0.007,eccentric_rotor,50
1/22/2025 17:04,-11.981,0.001,0.002,0.001,0.004,0.005,-12.023,0.001,0.002,0.001,0.012,0.001,eccentric_rotor,50
1/22/2025 17:04,-11.981,0.001,0.005,0.001,0.086,0.001,-12.023,0.002,0.002,0.002,0.019,0.004,eccentric_rotor,50
1/22/2025 17:04,-11.981,0.001,0.002,0.001,0.01,0.003,-12.023,0.003,0.002,0.002,0.011,0.001,eccentric_rotor,50
1/22/2025 17:05,-11.981,0.001,0.002,0.001,0.005,0.001,-12.023,0.001,0.004,0.001,0.007,0.003,eccentric_rotor,50
1/22/2025 17:05,-11.981,0.005,0.005,0.003,0.003,0.001,-12.023,0.003,0.008,0.002,0.015,0.001,eccentric_rotor,50
1/22/2025 17:05,-11.981,0.001,0.004,0.001,0.007,0.003,-12.023,0.001,0.002,0.001,0.006,0.001,eccentric_rotor,50
1/22/2025 17:05,-11.981,0.001,0.002,0.001,0.003,0.013,-12.023,0.002,0.003,0.001,0.01,0.002,eccentric_rotor,50
1/22/2025 17:05,-11.981,0.002,0.002,0.001,0.005,0.003,-12.024,0.001,0.002,0,0.004,0.012,eccentric_rotor,50
1/22/2025 17:05,-11.981,0.001,0.003,0.001,0.002,0.001,-12.024,0.001,0.002,0,0.002,0.003,eccentric_rotor,50
1/22/2025 17:05,-11.981,0.002,0.003,0.001,0.003,0.001,-12.024,0.001,0.002,0.001,0.002,0.001,eccentric_rotor,50
1/22/2025 17:05,-11.981,0.001,0.001,0.001,0.006,0.004,-12.024,0.001,0.001,0.001,0.007,0.001,eccentric_rotor,50
1/22/2025 17:05,-11.981,0.003,0.002,0.002,0.004,0.007,-12.024,0.005,0.003,0.003,0.002,0.004,eccentric_rotor,50
1/22/2025 17:05,-11.981,0.001,0.002,0.001,0.009,0.001,-12.023,0.002,0.002,0.001,0.005,0.007,eccentric_rotor,50
1/22/2025 17:05,-11.981,0.001,0.002,0.001,0.004,0.03,-12.024,0.001,0.002,0.001,0.008,0.001,eccentric_rotor,50
1/22/2025 17:06,-11.981,0.002,0.002,0.002,0.004,0.002,-12.024,0.001,0.006,0.001,0.002,0.027,eccentric_rotor,50
1/22/2025 17:06,-11.981,0.003,0.008,0.002,0.006,0.011,-12.023,0.001,0.002,0.001,0.071,0.001,eccentric_rotor,50
1/22/2025 17:06,-11.982,0.001,0.002,0.001,0.003,0.001,-12.024,0.004,0.005,0.003,0.002,0.01,eccentric_rotor,50
1/22/2025 17:06,-11.982,0.003,0.002,0.002,0.03,0.004,-12.024,0.001,0.003,0.001,0.004,0.001,eccentric_rotor,50
1/22/2025 17:06,-11.981,0.002,0.003,0.001,0.018,0.001,-12.024,0.002,0.002,0.001,0.003,0.003,eccentric_rotor,50
1/22/2025 17:06,-11.981,0.001,0.002,0.001,0.003,0.002,-12.024,0.001,0.002,0.001,0.006,0.001,eccentric_rotor,50
1/22/2025 17:06,-11.981,0.001,0.003,0.001,0.004,0.001,-12.024,0.001,0.002,0.001,0.002,0.002,eccentric_rotor,50
1/22/2025 17:06,-11.981,0.001,0.003,0.001,0.01,0.007,-12.024,0.002,0.006,0.001,0.004,0.001,eccentric_rotor,50
1/22/2025 17:06,-11.981,0.001,0.002,0.001,0.007,0.001,-12.024,0.001,0.002,0.001,0.034,0.006,eccentric_rotor,50
1/22/2025 17:06,-11.981,0.006,0.003,0.004,0.002,0.005,-12.024,0.003,0.002,0.002,0.003,0.001,eccentric_rotor,50
1/22/2025 17:07,-11.981,0.002,0.003,0.002,0.008,0.007,-12.024,0.001,0.004,0.001,0.074,0.005,eccentric_rotor,50
1/22/2025 17:07,-11.981,0.001,0.003,0.001,0.02,0.002,-12.024,0.002,0.004,0.001,0.009,0.006,eccentric_rotor,50
1/22/2025 17:07,-11.981,0.001,0.006,0.001,0.003,0.004,-12.024,0.001,0.002,0.001,0.004,0.002,eccentric_rotor,50
1/22/2025 17:07,-11.981,0.001,0.006,0.001,0.008,0.001,-12.024,0.002,0.002,0.001,0.002,0.003,eccentric_rotor,50
1/22/2025 17:07,-11.981,0.004,0.002,0.003,0.003,0.005,-12.024,0.001,0.002,0.001,0.006,0.004,eccentric_rotor,50
1/22/2025 17:07,-11.981,0.001,0.004,0.001,0.006,0.004,-12.024,0.001,0.002,0.001,0.003,0.001,eccentric_rotor,50
1/22/2025 17:07,-11.981,0.002,0.002,0.002,0.003,0.001,-12.024,0.004,0.001,0.003,0.004,0.003,eccentric_rotor,50
1/22/2025 17:07,-11.981,0.001,0.002,0.001,0.003,0.001,-12.024,0.001,0.002,0.001,0.003,0.001,eccentric_rotor,50
1/22/2025 17:07,-11.981,0.001,0.003,0.001,0.006,0.001,-12.024,0.014,0.002,0.01,0.005,0.001,eccentric_rotor,50
1/22/2025 17:07,-11.981,0.002,0.002,0.001,0.041,0.011,-12.024,0.013,0.002,0.009,0.002,0.001,eccentric_rotor,50
1/22/2025 17:07,-11.981,0.001,0.004,0.001,0.005,0.006,-12.024,0.001,0.002,0.001,0.003,0.01,eccentric_rotor,50
1/22/2025 17:07,-11.981,0.003,0.002,0.002,0.003,0.001,-12.024,0.008,0.007,0.006,0.005,0.006,eccentric_rotor,50
1/22/2025 17:08,-11.981,0.001,0.005,0.001,0.008,0.002,-12.024,0.002,0.002,0.001,0.003,0.001,eccentric_rotor,50
1/22/2025 17:08,-11.981,0.001,0.002,0.001,0.003,0.001,-12.024,0.002,0.001,0.001,0.008,0.001,eccentric_rotor,50
1/22/2025 17:08,-11.981,0.002,0.005,0.001,0.015,0.002,-12.024,0.001,0.003,0.001,0.003,0.002,eccentric_rotor,50
1/22/2025 17:08,-11.981,0.001,0.007,0.001,0.003,0.001,-12.024,0.002,0.002,0.001,0.003,0.001,eccentric_rotor,50
1/22/2025 17:08,-11.981,0.002,0.002,0.001,0.032,0.002,-12.024,0.001,0.003,0.001,0.006,0.001,eccentric_rotor,50
1/22/2025 17:08,-11.981,0.001,0.003,0.001,0.003,0.002,-12.024,0.001,0.003,0.001,0.003,0.002,eccentric_rotor,50
1/22/2025 17:08,-11.981,0.005,0.005,0.004,0.011,0.004,-12.024,0.002,0.002,0.001,0.025,0.003,eccentric_rotor,50
1/22/2025 17:08,-11.981,0.001,0.003,0.001,0.005,0.003,-12.024,0.001,0.002,0,0.003,0.003,eccentric_rotor,50
1/22/2025 17:08,-11.981,0.017,0.002,0.012,0.002,0.001,-12.024,0.001,0.003,0.001,0.004,0.001,eccentric_rotor,50
1/22/2025 17:08,-11.981,0.015,0.003,0.01,0.004,0.013,-12.024,0.001,0.002,0.001,0.008,0.012,eccentric_rotor,50
1/22/2025 17:08,-11.981,0.001,0.004,0.001,0.002,0.001,-12.024,0.001,0.004,0.001,0.006,0.001,eccentric_rotor,50
1/22/2025 17:08,-11.981,0.009,0.002,0.006,0.01,0.001,-12.024,0.001,0.004,0,0.002,0.001,eccentric_rotor,50
1/22/2025 17:09,-11.981,0.002,0.002,0.001,0.003,0.006,-12.024,0.001,0.005,0.001,0.007,0.006,eccentric_rotor,50
1/22/2025 17:09,-11.981,0.002,0.003,0.001,0.006,0.001,-12.024,0.001,0.002,0.001,0.017,0.001,eccentric_rotor,50
1/22/2025 17:09,-11.981,0.001,0.002,0.001,0.021,0.003,-12.024,0.001,0.004,0,0.003,0.003,eccentric_rotor,50
1/22/2025 17:09,-11.981,0.002,0.004,0.001,0.005,0.001,-12.024,0.001,0.002,0.001,0.007,0.001,eccentric_rotor,50
1/22/2025 17:09,-11.981,0.002,0.003,0.001,0.006,0.005,-12.024,0.001,0.002,0.001,0.002,0.004,eccentric_rotor,50
1/22/2025 17:09,-11.981,0.001,0.014,0.001,0.003,0.007,-12.024,0.001,0.003,0.001,0.005,0.006,eccentric_rotor,50
1/22/2025 17:09,-11.981,0.002,0.003,0.001,0.007,0.001,-12.024,0.001,0.002,0.001,0.002,0.001,eccentric_rotor,50
1/22/2025 17:09,-11.981,0.001,0.017,0,0.003,0.001,-12.023,0.001,0.004,0.001,0.002,0.002,eccentric_rotor,50
1/22/2025 17:09,-11.981,0.001,0.012,0.001,0.003,0.006,-12.023,0.001,0.002,0,0.006,0.006,eccentric_rotor,50
1/22/2025 17:09,-11.981,0.001,0.004,0.001,0.005,0.007,-12.023,0.001,0.005,0.001,0.033,0.005,eccentric_rotor,50
1/22/2025 17:09,-11.981,0.001,0.008,0.001,0.003,0.001,-12.023,0.001,0.002,0.001,0.005,0.002,eccentric_rotor,50
1/22/2025 17:09,-11.981,0.001,0.003,0.001,0.002,0.009,-12.023,0.001,0.005,0,0.002,0.001,eccentric_rotor,50
1/22/2025 17:10,-11.981,0.001,0.002,0.001,0.013,0.005,-12.024,0.001,0.007,0.001,0.008,0.008,eccentric_rotor,50
1/22/2025 17:10,-11.981,0.001,0.002,0.001,0.013,0.001,-12.023,0.001,0.002,0.001,0.002,0.004,eccentric_rotor,50
1/22/2025 17:10,-11.981,0.001,0.003,0.001,0.003,0.001,-12.023,0.001,0.002,0,0.013,0.001,eccentric_rotor,50
1/22/2025 17:10,-11.981,0.001,0.003,0.001,0.003,0.003,-12.023,0.001,0.005,0,0.003,0.001,eccentric_rotor,50
1/22/2025 17:10,-11.981,0.001,0.002,0.001,0.002,0.001,-12.023,0.002,0.003,0.001,0.028,0.003,eccentric_rotor,50
1/22/2025 17:10,-11.981,0.001,0.003,0.001,0.005,0.016,-12.023,0.001,0.002,0,0.002,0.001,eccentric_rotor,50
1/22/2025 17:10,-11.981,0.001,0.002,0.001,0.002,0.006,-12.023,0.001,0.002,0.001,0.01,0.013,eccentric_rotor,50
1/22/2025 17:10,-11.981,0.001,0.002,0.001,0.004,0.002,-12.024,0.001,0.003,0,0.005,0.005,eccentric_rotor,50
1/22/2025 17:10,-11.981,0.001,0.003,0.001,0.003,0.001,-12.024,0.002,0.002,0.001,0.002,0.001,eccentric_rotor,50
1/22/2025 17:10,-11.981,0.001,0.002,0.001,0.007,0.004,-12.023,0.001,0.002,0.001,0.003,0.001,eccentric_rotor,50
1/22/2025 17:10,-11.981,0.001,0.002,0.001,0.004,0.012,-12.024,0.001,0.003,0,0.002,0.004,eccentric_rotor,50
1/22/2025 17:10,-11.981,0.001,0.003,0.001,0.002,0.002,-12.024,0.002,0.002,0.002,0.008,0.01,eccentric_rotor,50
1/22/2025 17:11,-11.981,0.001,0.002,0.001,0.03,0.005,-12.024,0.001,0.003,0,0.003,0.002,eccentric_rotor,50
1/22/2025 17:11,-11.981,0.001,0.002,0.001,0.002,0.003,-12.023,0.001,0.002,0,0.005,0.005,eccentric_rotor,50
1/22/2025 17:11,-11.981,0.001,0.003,0.001,0.008,0.002,-12.023,0.001,0.012,0,0.018,0.002,eccentric_rotor,50
1/22/2025 17:11,-11.981,0.001,0.003,0.001,0.002,0.005,-12.024,0.001,0.002,0.001,0.005,0.002,eccentric_rotor,50
1/22/2025 17:11,-11.981,0.002,0.002,0.001,0.003,0.001,-12.024,0.001,0.014,0,0.006,0.005,eccentric_rotor,50
1/22/2025 17:11,-11.981,0.002,0.007,0.001,0.002,0.007,-12.023,0.001,0.01,0,0.003,0.001,eccentric_rotor,50
1/22/2025 17:11,-11.981,0.001,0.002,0,0.004,0.002,-12.024,0.001,0.004,0.001,0.006,0.007,eccentric_rotor,50
1/22/2025 17:11,-11.981,0.002,0.002,0.001,0.003,0.005,-12.023,0.001,0.008,0,0.003,0.002,eccentric_rotor,50
1/22/2025 17:11,-11.981,0.001,0.002,0.001,0.01,0.003,-12.023,0.001,0.004,0,0.003,0.005,eccentric_rotor,50
1/22/2025 17:11,-11.981,0.002,0.002,0.001,0.003,0.005,-12.024,0.002,0.002,0.001,0.005,0.003,eccentric_rotor,50
1/22/2025 17:11,-11.981,0.002,0.005,0.001,0.006,0.001,-12.024,0.001,0.002,0.001,0.002,0.005,eccentric_rotor,50
1/22/2025 17:11,-11.981,0.001,0.002,0.001,0.005,0.002,-12.024,0.002,0.002,0.001,0.002,0.001,eccentric_rotor,50
1/22/2025 17:12,-11.981,0.003,0.002,0.002,0.01,0.014,-12.024,0.001,0.002,0,0.012,0.002,eccentric_rotor,50
1/22/2025 17:12,-11.981,0.001,0.002,0.001,0.003,0.003,-12.024,0.001,0.002,0.001,0.013,0.011,eccentric_rotor,50
1/22/2025 17:12,-11.981,0.001,0.002,0,0.019,0.047,-12.024,0.001,0.002,0,0.002,0.002,eccentric_rotor,50
1/22/2025 17:12,-11.981,0.001,0.003,0.001,0.011,0.042,-12.023,0.001,0.002,0,0.002,0.039,eccentric_rotor,50
1/22/2025 17:12,-11.981,0.001,0.003,0.001,0.003,0.003,-12.023,0.003,0.002,0.002,0.002,0.037,eccentric_rotor,50
1/22/2025 17:12,-11.981,0.001,0.002,0.001,0.002,0.025,-12.023,0.001,0.003,0.001,0.005,0.003,eccentric_rotor,50
1/22/2025 17:12,-11.981,0.001,0.002,0.001,0.005,0.005,-12.023,0.001,0.002,0,0.002,0.024,eccentric_rotor,50
1/22/2025 17:12,-11.981,0.001,0.002,0.001,0.003,0.005,-12.023,0.001,0.002,0.001,0.003,0.004,eccentric_rotor,50
1/22/2025 17:12,-11.981,0.001,0.002,0.001,0.013,0.002,-12.023,0.002,0.003,0.001,0.006,0.004,eccentric_rotor,50
1/22/2025 17:12,-11.981,0.001,0.002,0.001,0.003,0.006,-12.023,0.001,0.001,0,0.003,0.002,eccentric_rotor,50
1/22/2025 17:12,-11.981,0.002,0.002,0.002,0.014,0.004,-12.023,0.001,0.004,0.001,0.002,0.005,eccentric_rotor,50
1/22/2025 17:12,-11.981,0.001,0.004,0.001,0.003,0.001,-12.023,0.001,0.003,0,0.025,0.001,eccentric_rotor,50
1/22/2025 17:13,-11.981,0.002,0.002,0.001,0.005,0.005,-12.023,0.002,0.002,0.001,0.002,0.003,eccentric_rotor,50
1/22/2025 17:13,-11.981,0.001,0.002,0.001,0.015,0.001,-12.023,0.002,0.008,0.001,0.007,0.005,eccentric_rotor,50
1/22/2025 17:13,-11.981,0.001,0.002,0.001,0.004,0.002,-12.023,0.001,0.002,0,0.003,0.001,eccentric_rotor,50
1/22/2025 17:13,-11.981,0.001,0.002,0.001,0.006,0.003,-12.023,0.001,0.001,0,0.002,0.002,eccentric_rotor,50
1/22/2025 17:13,-11.981,0.001,0.002,0.001,0.011,0.003,-12.023,0.001,0.002,0.001,0.004,0.002,eccentric_rotor,50
1/22/2025 17:13,-11.981,0.003,0.002,0.002,0.004,0.001,-12.024,0.001,0.002,0.001,0.002,0.001,eccentric_rotor,50
1/22/2025 17:13,-11.981,0.001,0.005,0.001,0.008,0.003,-12.023,0.001,0.002,0.001,0.008,0.003,eccentric_rotor,50
1/22/2025 17:13,-11.981,0.001,0.002,0,0.003,0.001,-12.024,0.001,0.006,0,0.003,0.001,eccentric_rotor,50
1/22/2025 17:13,-11.981,0.001,0.002,0.001,0.009,0.003,-12.024,0.001,0.003,0,0.006,0.003,eccentric_rotor,50
1/22/2025 17:13,-11.981,0.002,0.002,0.001,0.004,0.002,-12.023,0.001,0.001,0.001,0.004,0.001,eccentric_rotor,50
1/22/2025 17:13,-11.981,0.001,0.002,0.001,0.006,0.004,-12.024,0.001,0.002,0,0.01,0.003,eccentric_rotor,50
1/22/2025 17:13,-11.981,0.001,0.002,0.001,0.008,0.001,-12.023,0.001,0.001,0.001,0.003,0.002,eccentric_rotor,50
1/22/2025 17:13,-11.981,0.001,0.004,0.001,0.005,0.002,-12.023,0.001,0.002,0.001,0.017,0.003,eccentric_rotor,50
1/22/2025 17:14,-11.981,0.001,0.002,0,0.013,0.001,-12.023,0.001,0.002,0.001,0.01,0.001,eccentric_rotor,50
1/22/2025 17:14,-11.981,0.002,0.006,0.001,0.006,0.001,-12.023,0.001,0.002,0,0.003,0.002,eccentric_rotor,50
1/22/2025 17:14,-11.981,0.001,0.002,0,0.053,0.002,-12.023,0.001,0.002,0.001,0.002,0.001,eccentric_rotor,50
1/22/2025 17:14,-11.981,0.001,0.009,0,0.007,0.001,-12.023,0.001,0.001,0,0.005,0.002,eccentric_rotor,50
1/22/2025 17:14,-11.981,0.001,0.005,0.001,0.064,0.002,-12.023,0,0.002,0,0.002,0.001,eccentric_rotor,50
1/22/2025 17:14,-11.981,0.001,0.002,0.001,0.044,0.001,-12.023,0.001,0.002,0,0.01,0.002,eccentric_rotor,50
1/22/2025 17:14,-11.981,0.001,0.004,0.001,0.014,0.002,-12.023,0.001,0.001,0,0.003,0.002,eccentric_rotor,50
1/22/2025 17:14,-11.981,0.001,0.002,0.001,0.027,0.001,-12.023,0.001,0.004,0.001,0.012,0.002,eccentric_rotor,50
1/22/2025 17:14,-11.981,0.002,0.002,0.001,0.01,0.001,-12.023,0.001,0.002,0.001,0.003,0.001,eccentric_rotor,50
1/22/2025 17:14,-11.981,0.001,0.003,0.001,0.006,0.005,-12.023,0.001,0.002,0,0.004,0.001,eccentric_rotor,50
1/22/2025 17:14,-11.981,0.001,0.004,0.001,0.004,0.005,-12.023,0.001,0.003,0,0.013,0.004,eccentric_rotor,50
1/22/2025 17:14,-11.981,0.001,0.004,0.001,0.008,0.001,-12.023,0.001,0.001,0.001,0.004,0.004,eccentric_rotor,50
1/22/2025 17:14,-11.981,0.001,0.002,0.001,0.007,0.004,-12.023,0.001,0.002,0.001,0.005,0.001,eccentric_rotor,50
1/22/2025 17:14,-11.981,0.001,0.002,0.001,0.004,0.001,-12.023,0.001,0.002,0,0.01,0.004,eccentric_rotor,50
1/22/2025 17:15,-11.981,0.001,0.002,0.001,0.007,0.005,-12.023,0.002,0.005,0.001,0.004,0.001,eccentric_rotor,50
1/22/2025 17:15,-11.981,0.001,0.002,0.001,0.003,0.005,-12.023,0.001,0.001,0,0.008,0.004,eccentric_rotor,50
1/22/2025 17:15,-11.981,0.001,0.002,0,0.004,0.001,-12.023,0.001,0.002,0.001,0.003,0.004,eccentric_rotor,50
1/22/2025 17:15,-11.981,0.001,0.003,0,0.003,0.008,-12.023,0.001,0.002,0,0.008,0.001,eccentric_rotor,50
1/22/2025 17:15,-11.981,0.001,0.002,0.001,0.004,0.001,-12.023,0.001,0.001,0.001,0.004,0.007,eccentric_rotor,50
1/22/2025 17:15,-11.981,0.002,0.002,0.001,0.003,0.001,-12.023,0.001,0.002,0,0.005,0.001,eccentric_rotor,50
1/22/2025 17:15,-11.981,0.001,0.002,0.001,0.003,0.002,-12.023,0.001,0.004,0.001,0.007,0.001,eccentric_rotor,50
1/22/2025 17:15,-11.981,0.001,0.002,0.001,0.004,0.001,-12.023,0.001,0.002,0.001,0.005,0.001,eccentric_rotor,50
1/22/2025 17:15,-11.981,0.001,0.002,0,0.003,0.003,-12.023,0.001,0.003,0,0.011,0.002,eccentric_rotor,50
1/22/2025 17:15,-11.981,0.001,0.002,0.001,0.004,0.001,-12.023,0.001,0.006,0,0.005,0.001,eccentric_rotor,50
1/22/2025 17:15,-11.981,0.001,0.002,0.001,0.008,0.003,-12.023,0.001,0.001,0,0.046,0.003,eccentric_rotor,50
1/22/2025 17:15,-11.981,0.002,0.005,0.001,0.003,0.001,-12.023,0.001,0.01,0.001,0.006,0.001,eccentric_rotor,50
1/22/2025 17:16,-11.981,0.001,0.002,0,0.005,0.001,-12.023,0.001,0.005,0.001,0.055,0.001,eccentric_rotor,50
1/22/2025 17:16,-11.981,0.001,0.002,0.001,0.003,0.006,-12.023,0.001,0.002,0,0.037,0.003,eccentric_rotor,50
1/22/2025 17:16,-11.981,0.001,0.003,0,0.003,0.002,-12.023,0.001,0.004,0.001,0.012,0.002,eccentric_rotor,50
1/22/2025 17:16,-11.981,0.001,0.001,0.001,0.004,0.005,-12.023,0.001,0.002,0.001,0.026,0.005,eccentric_rotor,50
1/22/2025 17:16,-11.981,0.001,0.005,0,0.002,0.001,-12.023,0.002,0.002,0.001,0.01,0.001,eccentric_rotor,50
1/22/2025 17:16,-11.981,0.001,0.002,0.001,0.004,0.002,-12.023,0.001,0.003,0.001,0.005,0.001,eccentric_rotor,50
1/22/2025 17:16,-11.981,0.001,0.003,0,0.004,0.001,-12.023,0.001,0.005,0,0.004,0.001,eccentric_rotor,50
1/22/2025 17:16,-11.981,0.001,0.003,0.001,0.003,0.001,-12.023,0.001,0.004,0.001,0.007,0.001,eccentric_rotor,50
1/22/2025 17:16,-11.981,0.002,0.002,0.001,0.002,0.007,-12.024,0.001,0.002,0,0.007,0.007,eccentric_rotor,50
1/22/2025 17:16,-11.981,0.001,0.002,0.001,0.007,0.001,-12.024,0.001,0.002,0,0.003,0.001,eccentric_rotor,50
1/22/2025 17:16,-11.981,0.001,0.004,0.001,0.007,0.001,-12.024,0.001,0.002,0.001,0.006,0.001,eccentric_rotor,50
1/22/2025 17:16,-11.981,0.002,0.002,0.001,0.003,0.002,-12.023,0.001,0.002,0,0.003,0.002,eccentric_rotor,50
1/22/2025 17:17,-11.981,0.002,0.002,0.001,0.005,0.005,-12.023,0.001,0.001,0.001,0.004,0.005,eccentric_rotor,50
1/22/2025 17:17,-11.981,0.001,0.002,0.001,0.002,0.001,-12.023,0.001,0.002,0,0.003,0.001,eccentric_rotor,50
1/22/2025 17:17,-11.981,0.001,0.002,0.001,0.005,0.003,-12.023,0.001,0.002,0.001,0.004,0.003,eccentric_rotor,50
1/22/2025 17:17,-11.981,0.001,0.002,0.001,0.006,0.001,-12.023,0.001,0.004,0,0.003,0.001,eccentric_rotor,50
1/22/2025 17:17,-11.981,0.001,0.002,0.001,0.003,0.001,-12.023,0.001,0.002,0.001,0.002,0.004,eccentric_rotor,50
1/22/2025 17:17,-11.981,0.001,0.004,0.001,0.003,0.006,-12.023,0.002,0.002,0.002,0.004,0.006,eccentric_rotor,50
1/22/2025 17:17,-11.981,0.001,0.002,0.001,0.01,0.001,-12.023,0.002,0.002,0.002,0.002,0.001,eccentric_rotor,50
1/22/2025 17:17,-11.981,0.001,0.002,0.001,0.007,0.001,-12.023,0.001,0.002,0.001,0.003,0.001,eccentric_rotor,50
1/22/2025 17:17,-11.981,0.001,0.001,0.001,0.002,0.002,-12.023,0.002,0.003,0.001,0.008,0.002,eccentric_rotor,50
1/22/2025 17:17,-11.981,0.001,0.002,0,0.002,0.003,-12.023,0.001,0.002,0.001,0.003,0.002,eccentric_rotor,50
1/22/2025 17:17,-11.981,0.001,0.002,0.001,0.003,0.002,-12.023,0.001,0.006,0.001,0.005,0.002,eccentric_rotor,50
1/22/2025 17:18,-11.981,0.001,0.002,0.001,0.004,0.003,-12.023,0.001,0.002,0,0.002,0.001,eccentric_rotor,50
1/22/2025 17:18,-11.981,0.001,0.003,0.001,0.003,0.001,-12.023,0.001,0.001,0.001,0.002,0.004,eccentric_rotor,50
1/22/2025 17:18,-11.981,0.001,0.002,0.001,0.004,0.001,-12.023,0.001,0.003,0.001,0.003,0.001,eccentric_rotor,50
1/22/2025 17:18,-11.981,0.001,0.002,0.001,0.002,0.004,-12.023,0.001,0.001,0,0.002,0.002,eccentric_rotor,50
1/22/2025 17:18,-11.981,0.003,0.002,0.002,0.004,0.003,-12.023,0.001,0.005,0.001,0.004,0.001,eccentric_rotor,50
1/22/2025 17:18,-11.981,0.003,0.003,0.002,0.002,0.001,-12.023,0.001,0.002,0,0.003,0.003,eccentric_rotor,50
1/22/2025 17:18,-11.981,0.001,0.002,0.001,0.005,0.003,-12.023,0.001,0.003,0,0.003,0.001,eccentric_rotor,50
1/22/2025 17:18,-11.981,0.002,0.002,0.001,0.013,0.001,-12.023,0.001,0.002,0.001,0.002,0.002,eccentric_rotor,50
1/22/2025 17:18,-11.981,0.001,0.002,0.001,0.003,0.002,-12.023,0.001,0.003,0,0.007,0.001,eccentric_rotor,50
1/22/2025 17:18,-11.981,0.001,0.002,0.001,0.004,0.001,-12.023,0.001,0.002,0,0.007,0.001,eccentric_rotor,50
1/22/2025 17:18,-11.981,0.001,0.002,0.001,0.002,0.001,-12.023,0.001,0.005,0.001,0.003,0.002,eccentric_rotor,50
1/22/2025 17:18,-11.981,0.001,0.002,0.001,0.002,0.003,-12.023,0.001,0.002,0,0.004,0.001,eccentric_rotor,50
1/22/2025 17:19,-11.981,0.001,0.002,0,0.008,0.001,-12.023,0.001,0.002,0,0.002,0.001,eccentric_rotor,50
1/22/2025 17:19,-11.981,0.001,0.002,0.001,0.002,0.001,-12.023,0.001,0.002,0.001,0.005,0.001,eccentric_rotor,50
1/22/2025 17:19,-11.981,0.001,0.002,0.001,0.002,0.003,-12.023,0.001,0.001,0,0.005,0.004,eccentric_rotor,50
1/22/2025 17:19,-11.981,0.001,0.002,0,0.003,0.004,-12.023,0.001,0.002,0.001,0.003,0.004,eccentric_rotor,50
1/22/2025 17:19,-11.981,0.001,0.002,0.001,0.002,0.004,-12.023,0.001,0.004,0,0.01,0.001,eccentric_rotor,50
1/22/2025 17:19,-11.981,0.001,0.002,0.001,0.005,0.001,-12.023,0.001,0.002,0,0.003,0.001,eccentric_rotor,50
1/22/2025 17:19,-11.981,0.001,0.002,0,0.003,0.001,-12.023,0.001,0.002,0.001,0.002,0.003,eccentric_rotor,50
1/22/2025 17:19,-11.981,0.001,0.004,0.001,0.002,0.003,-12.023,0.001,0.001,0,0.002,0.004,eccentric_rotor,50
1/22/2025 17:19,-11.981,0.001,0.004,0,0.005,0.005,-12.023,0.001,0.002,0.001,0.003,0.001,eccentric_rotor,50
1/22/2025 17:19,-11.981,0.001,0.002,0.001,0.006,0.003,-12.023,0.001,0.001,0.001,0.002,0.002,eccentric_rotor,50
1/22/2025 17:19,-11.981,0.001,0.003,0.001,0.003,0.001,-12.023,0.001,0.002,0,0.002,0.001,eccentric_rotor,50
1/22/2025 17:20,-11.981,0.001,0.002,0.001,0.002,0.001,-12.023,0.001,0.002,0.001,0.004,0.001,eccentric_rotor,50
1/22/2025 17:20,-11.981,0.001,0.006,0,0.003,0.001,-12.023,0.001,0.002,0,0.002,0.001,eccentric_rotor,50
1/22/2025 17:20,-11.981,0.001,0.002,0.001,0.003,0.003,-12.023,0.001,0.001,0,0.004,0.003,eccentric_rotor,50
1/22/2025 17:20,-11.981,0.001,0.002,0.001,0.005,0.001,-12.023,0.001,0.002,0.001,0.002,0.001,eccentric_rotor,50
1/22/2025 17:20,-11.981,0.001,0.002,0,0.003,0.001,-12.023,0.001,0.001,0.001,0.004,0.001,eccentric_rotor,50
1/22/2025 17:20,-11.981,0.001,0.002,0.001,0.003,0.001,-12.023,0.001,0.002,0,0.012,0.001,eccentric_rotor,50
1/22/2025 17:20,-11.981,0.001,0.001,0.001,0.006,0.001,-12.023,0.001,0.002,0,0.003,0.001,eccentric_rotor,50
1/22/2025 17:20,-11.981,0.001,0.002,0.001,0.005,0.004,-12.023,0.001,0.001,0.001,0.004,0.001,eccentric_rotor,50
1/22/2025 17:20,-11.981,0.001,0.002,0.001,0.002,0.003,-12.023,0.001,0.002,0.001,0.002,0.004,eccentric_rotor,50
1/22/2025 17:20,-11.981,0.001,0.002,0.001,0.003,0.001,-12.023,0.001,0.001,0,0.002,0.003,eccentric_rotor,50
1/22/2025 17:20,-11.981,0.001,0.002,0,0.009,0.004,-12.023,0.001,0.001,0.001,0.008,0.001,eccentric_rotor,50
1/22/2025 17:21,-11.981,0.001,0.002,0.001,0.002,0.006,-12.023,0.001,0.002,0,0.002,0.001,eccentric_rotor,50
1/22/2025 17:21,-11.981,0.001,0.002,0.001,0.004,0.002,-12.023,0.001,0.001,0.001,0.002,0.003,eccentric_rotor,50
1/22/2025 17:21,-11.981,0.001,0.002,0,0.003,0.003,-12.023,0.001,0.001,0,0.003,0.005,eccentric_rotor,50
1/22/2025 17:21,-11.981,0.001,0.002,0.001,0.002,0.001,-12.023,0.001,0.002,0,0.002,0.002,eccentric_rotor,50
1/22/2025 17:21,-11.981,0.001,0.002,0.001,0.002,0.003,-12.023,0.002,0.001,0.001,0.005,0.003,eccentric_rotor,50
1/22/2025 17:21,-11.981,0.001,0.002,0.001,0.004,0.001,-12.023,0.001,0.002,0.001,0.004,0.001,eccentric_rotor,50
1/22/2025 17:21,-11.981,0.001,0.002,0.001,0.003,0.001,-12.023,0.001,0.001,0.001,0.002,0.003,eccentric_rotor,50
1/22/2025 17:21,-11.981,0.001,0.002,0.001,0.006,0.003,-12.023,0.001,0.004,0.001,0.005,0.001,eccentric_rotor,50
1/22/2025 17:21,-11.981,0.001,0.001,0.001,0.002,0.003,-12.023,0.001,0.003,0,0.006,0.001,eccentric_rotor,50
1/22/2025 17:21,-11.981,0.001,0.002,0.001,0.002,0.001,-12.023,0.001,0.002,0.001,0.003,0.003,eccentric_rotor,50
1/22/2025 17:21,-11.981,0.001,0.002,0.001,0.004,0.001,-12.023,0.001,0.003,0,0.002,0.003,eccentric_rotor,50
1/22/2025 17:21,-11.981,0.002,0.002,0.001,0.003,0.002,-12.023,0.001,0.002,0,0.003,0.001,eccentric_rotor,50
1/22/2025 17:21,-11.981,0.001,0.002,0.001,0.006,0.001,-12.023,0.001,0.007,0.001,0.004,0.001,eccentric_rotor,50
1/22/2025 17:22,-11.981,0.001,0.004,0,0.002,0.003,-12.023,0.001,0.002,0,0.002,0.001,eccentric_rotor,50
1/22/2025 17:22,-11.981,0.002,0.002,0.001,0.004,0.007,-12.023,0.001,0.002,0.001,0.005,0.001,eccentric_rotor,50
1/22/2025 17:22,-11.981,0.001,0.003,0.001,0.002,0.007,-12.023,0.001,0.002,0,0.004,0.003,eccentric_rotor,50
1/22/2025 17:22,-11.981,0.001,0.003,0.001,0.002,0.002,-12.023,0.002,0.001,0.001,0.002,0.007,eccentric_rotor,50
1/22/2025 17:22,-11.981,0.001,0.002,0.001,0.002,0.004,-12.023,0.002,0.001,0.001,0.002,0.006,eccentric_rotor,50
1/22/2025 17:22,-11.981,0.001,0.002,0.001,0.004,0.001,-12.023,0.001,0.002,0,0.008,0.001,eccentric_rotor,50
1/22/2025 17:22,-11.981,0.001,0.002,0.001,0.002,0.004,-12.023,0.001,0.002,0.001,0.002,0.004,eccentric_rotor,50
1/22/2025 17:22,-11.981,0.001,0.003,0.001,0.002,0.001,-12.023,0.001,0.001,0,0.004,0.001,eccentric_rotor,50
1/22/2025 17:22,-11.98,0.001,0.002,0,0.002,0.002,-12.023,0.002,0.002,0.001,0.003,0.004,eccentric_rotor,50
1/22/2025 17:22,-11.981,0.001,0.002,0.001,0.003,0.001,-12.023,0.001,0.001,0.001,0.002,0.001,eccentric_rotor,50
1/22/2025 17:22,-11.98,0.001,0.004,0,0.006,0.001,-12.023,0.001,0.001,0,0.002,0.002,eccentric_rotor,50
1/22/2025 17:23,-11.981,0.001,0.002,0.001,0.005,0.002,-12.023,0.001,0.003,0.001,0.004,0.001,eccentric_rotor,50
1/22/2025 17:23,-11.981,0.001,0.002,0.001,0.002,0.001,-12.023,0.001,0.001,0,0.003,0.001,eccentric_rotor,50
1/22/2025 17:23,-11.981,0.002,0.003,0.002,0.005,0.002,-12.023,0.001,0.002,0.001,0.005,0.002,eccentric_rotor,50
1/22/2025 17:23,-11.981,0.002,0.002,0.001,0.003,0.001,-12.023,0.002,0.001,0.001,0.002,0.001,eccentric_rotor,50
1/22/2025 17:23,-11.981,0.001,0.003,0.001,0.007,0.001,-12.023,0.001,0.002,0.001,0.002,0.002,eccentric_rotor,50
1/22/2025 17:23,-11.98,0.001,0.002,0.001,0.005,0.001,-12.023,0.001,0.001,0.001,0.004,0.001,eccentric_rotor,50
1/22/2025 17:23,-11.98,0.001,0.006,0.001,0.003,0.001,-12.023,0.002,0.001,0.002,0.004,0.001,eccentric_rotor,50
1/22/2025 17:23,-11.981,0.002,0.005,0.002,0.005,0.002,-12.023,0.001,0.001,0,0.006,0.001,eccentric_rotor,50
1/22/2025 17:23,-11.981,0.001,0.002,0.001,0.002,0.001,-12.023,0.001,0.002,0.001,0.002,0.001,eccentric_rotor,50
1/22/2025 17:23,-11.981,0.001,0.003,0,0.002,0.002,-12.023,0.001,0.002,0,0.004,0.002,eccentric_rotor,50
1/22/2025 17:23,-11.981,0.001,0.002,0.001,0.003,0.001,-12.023,0.001,0.002,0.001,0.002,0.001,eccentric_rotor,50
1/22/2025 17:24,-11.981,0.001,0.001,0,0.004,0.002,-12.023,0.001,0.005,0,0.002,0.002,eccentric_rotor,50
1/22/2025 17:24,-11.981,0.001,0.002,0.001,0.004,0.001,-12.023,0.001,0.001,0.001,0.001,0.001,eccentric_rotor,50
1/22/2025 17:24,-11.98,0.002,0.002,0.001,0.002,0.001,-12.023,0.001,0.003,0,0.003,0.002,eccentric_rotor,50
1/22/2025 17:24,-11.981,0.001,0.002,0.001,0.002,0.002,-12.023,0.005,0.003,0.003,0.002,0.001,eccentric_rotor,50
1/22/2025 17:24,-11.981,0.001,0.002,0.001,0.002,0.001,-12.023,0.001,0.002,0.001,0.002,0.001,eccentric_rotor,50
1/22/2025 17:24,-11.98,0.003,0.003,0.002,0.002,0.004,-12.023,0.001,0.002,0,0.002,0.002,eccentric_rotor,50
1/22/2025 17:24,-11.98,0.001,0.003,0.001,0.012,0.002,-12.023,0.001,0.001,0.001,0.002,0.001,eccentric_rotor,50
1/22/2025 17:24,-11.981,0.001,0.002,0.001,0.006,0.001,-12.023,0.001,0.002,0.001,0.003,0.004,eccentric_rotor,50
1/22/2025 17:24,-11.981,0.001,0.002,0.001,0.004,0.002,-12.023,0.001,0.003,0,0.005,0.002,eccentric_rotor,50
1/22/2025 17:24,-11.981,0.001,0.002,0.001,0.008,0.001,-12.023,0.001,0.002,0.001,0.005,0.001,eccentric_rotor,50
1/22/2025 17:24,-11.98,0.001,0.003,0,0.006,0.001,-12.023,0.001,0.004,0.001,0.002,0.002,eccentric_rotor,50
1/22/2025 17:24,-11.981,0.001,0.002,0.001,0.003,0.001,-12.023,0.002,0.002,0.002,0.004,0.001,eccentric_rotor,50
1/22/2025 17:25,-11.981,0.001,0.001,0.001,0.005,0.002,-12.023,0.001,0.002,0,0.003,0.001,eccentric_rotor,50
1/22/2025 17:25,-11.981,0.004,0.002,0.003,0.002,0.001,-12.023,0.001,0.004,0.001,0.006,0.001,eccentric_rotor,50
1/22/2025 17:25,-11.981,0.001,0.002,0.001,0.003,0.001,-12.023,0.001,0.001,0.001,0.004,0.002,eccentric_rotor,50
1/22/2025 17:25,-11.981,0.001,0.002,0.001,0.002,0.002,-12.023,0.001,0.003,0,0.002,0.001,eccentric_rotor,50
1/22/2025 17:25,-11.98,0.001,0.003,0.001,0.002,0.001,-12.023,0.001,0.002,0,0.005,0.002,eccentric_rotor,50
1/22/2025 17:25,-11.98,0.001,0.002,0.001,0.004,0.004,-12.023,0.001,0.007,0.001,0.002,0.001,eccentric_rotor,50
1/22/2025 17:25,-11.981,0.001,0.004,0.001,0.004,0.003,-12.023,0.001,0.006,0,0.002,0.003,eccentric_rotor,50
1/22/2025 17:25,-11.98,0.001,0.002,0.001,0.002,0.001,-12.023,0.001,0.002,0.001,0.004,0.003,eccentric_rotor,50
1/22/2025 17:25,-11.98,0.002,0.002,0.002,0.002,0.004,-12.023,0.001,0.003,0,0.004,0.001,eccentric_rotor,50
1/22/2025 17:25,-11.981,0.001,0.002,0.001,0.002,0.001,-12.023,0.001,0.001,0,0.002,0.004,eccentric_rotor,50
1/22/2025 17:25,-11.981,0.001,0.002,0.001,0.003,0.001,-12.023,0.001,0.001,0.001,0.002,0.001,eccentric_rotor,50
1/22/2025 17:25,-11.981,0.001,0.002,0.001,0.002,0.005,-12.023,0.001,0.002,0,0.002,0.001,eccentric_rotor,50
1/22/2025 17:26,-11.981,0.001,0.002,0,0.004,0.001,-12.023,0.001,0.001,0.001,0.002,0.005,eccentric_rotor,50
1/22/2025 17:26,-11.981,0.001,0.002,0,0.003,0.004,-12.023,0.001,0.002,0,0.01,0.001,eccentric_rotor,50
1/22/2025 17:26,-11.981,0.001,0.003,0.001,0.002,0.004,-12.023,0.001,0.001,0,0.005,0.004,eccentric_rotor,50
1/22/2025 17:26,-11.98,0.001,0.007,0,0.002,0.001,-12.023,0.001,0.002,0.001,0.003,0.004,eccentric_rotor,50
1/22/2025 17:26,-11.98,0.001,0.002,0.001,0.004,0.002,-12.023,0.001,0.002,0,0.007,0.001,eccentric_rotor,50
1/22/2025 17:26,-11.98,0.001,0.003,0,0.002,0.001,-12.023,0.002,0.002,0.001,0.005,0.002,eccentric_rotor,50
1/22/2025 17:26,-11.98,0.001,0.004,0,0.003,0.002,-12.023,0.002,0.001,0.001,0.003,0.001,eccentric_rotor,50
1/22/2025 17:26,-11.981,0.001,0.002,0.001,0.006,0.001,-12.023,0.001,0.002,0,0.004,0.001,eccentric_rotor,50
1/22/2025 17:26,-11.98,0.001,0.002,0.001,0.002,0.001,-12.023,0.001,0.003,0.001,0.002,0.002,eccentric_rotor,50
1/22/2025 17:26,-11.981,0.002,0.002,0.001,0.004,0.002,-12.023,0.001,0.001,0.001,0.003,0.002,eccentric_rotor,50
1/22/2025 17:26,-11.981,0.001,0.003,0.001,0.002,0.001,-12.023,0.001,0.001,0,0.002,0.001,eccentric_rotor,50
1/22/2025 17:26,-11.981,0.001,0.004,0.001,0.002,0.007,-12.023,0.001,0.002,0,0.001,0.006,eccentric_rotor,50
1/22/2025 17:27,-11.981,0.002,0.002,0.001,0.003,0.005,-12.023,0.001,0.002,0,0.003,0.005,eccentric_rotor,50
1/22/2025 17:27,-11.98,0.001,0.002,0.001,0.004,0.001,-12.023,0.001,0.002,0,0.004,0.001,eccentric_rotor,50
1/22/2025 17:27,-11.98,0.002,0.002,0.002,0.002,0.002,-12.023,0.001,0.003,0.001,0.002,0.001,eccentric_rotor,50
1/22/2025 17:27,-11.981,0.002,0.002,0.002,0.003,0.001,-12.023,0.001,0.002,0,0.004,0.002,eccentric_rotor,50
1/22/2025 17:27,-11.98,0.001,0.002,0.001,0.002,0.006,-12.023,0.003,0.004,0.002,0.002,0.005,eccentric_rotor,50
1/22/2025 17:27,-11.981,0.001,0.001,0.001,0.002,0.002,-12.023,0.001,0.002,0.001,0.001,0.001,eccentric_rotor,50
1/22/2025 17:27,-11.98,0.001,0.002,0.001,0.006,0.001,-12.023,0.001,0.002,0.001,0.002,0.001,eccentric_rotor,50
1/22/2025 17:27,-11.981,0.001,0.001,0,0.003,0.003,-12.023,0.001,0.001,0,0.003,0.003,eccentric_rotor,50
1/22/2025 17:27,-11.98,0.001,0.001,0,0.005,0.001,-12.023,0.001,0.001,0.001,0.002,0.001,eccentric_rotor,50
1/22/2025 17:27,-11.98,0.001,0.002,0.001,0.002,0.004,-12.023,0.001,0.002,0,0.002,0.003,eccentric_rotor,50
1/22/2025 17:27,-11.98,0.001,0.003,0,0.002,0.005,-12.023,0.001,0.001,0,0.003,0.005,eccentric_rotor,50
1/22/2025 17:27,-11.98,0.001,0.002,0.001,0.006,0.002,-12.023,0.001,0.001,0.001,0.002,0.002,eccentric_rotor,50
1/22/2025 17:28,-11.98,0.003,0.003,0.002,0.005,0.002,-12.023,0.002,0.003,0.001,0.002,0.007,eccentric_rotor,50
1/22/2025 17:28,-11.98,0.001,0.002,0.001,0.003,0.007,-12.023,0.001,0.007,0,0.002,0.001,eccentric_rotor,50
1/22/2025 17:28,-11.98,0.001,0.002,0.001,0.005,0.001,-12.023,0.001,0.002,0,0.004,0.001,eccentric_rotor,50
1/22/2025 17:28,-11.981,0.001,0.003,0.001,0.002,0.004,-12.023,0.001,0.003,0.001,0.003,0.003,eccentric_rotor,50
1/22/2025 17:28,-11.981,0.001,0.002,0.001,0.003,0.001,-12.023,0.001,0.004,0.001,0.005,0.001,eccentric_rotor,50
1/22/2025 17:28,-11.98,0.001,0.002,0.001,0.002,0.002,-12.023,0.001,0.002,0,0.002,0.001,eccentric_rotor,50
1/22/2025 17:28,-11.98,0.001,0.002,0.001,0.003,0.001,-12.023,0.001,0.002,0.001,0.003,0.001,eccentric_rotor,50
1/22/2025 17:28,-11.981,0.002,0.002,0.002,0.002,0.001,-12.023,0.001,0.003,0,0.002,0.001,eccentric_rotor,50
1/22/2025 17:28,-11.98,0.001,0.002,0,0.002,0.001,-12.023,0.001,0.004,0,0.002,0.001,eccentric_rotor,50
1/22/2025 17:28,-11.98,0.001,0.002,0.001,0.003,0.012,-12.023,0.001,0.001,0.001,0.002,0.011,eccentric_rotor,50
1/22/2025 17:28,-11.98,0.002,0.002,0.001,0.002,0.001,-12.023,0.001,0.002,0,0.004,0.001,eccentric_rotor,50
1/22/2025 17:28,-11.98,0.001,0.003,0.001,0.007,0.003,-12.023,0.003,0.001,0.002,0.002,0.002,eccentric_rotor,50
1/22/2025 17:29,-11.981,0.002,0.002,0.001,0.008,0.003,-12.023,0.003,0.001,0.002,0.003,0.003,eccentric_rotor,50
1/22/2025 17:29,-11.981,0.001,0.003,0.001,0.002,0.001,-12.023,0.001,0.002,0,0.002,0.001,eccentric_rotor,50
1/22/2025 17:29,-11.981,0.001,0.003,0.001,0.003,0.003,-12.023,0.001,0.001,0.001,0.002,0.002,eccentric_rotor,50
1/22/2025 17:29,-11.981,0.001,0.002,0.001,0.005,0.002,-12.023,0.001,0.002,0.001,0.006,0.002,eccentric_rotor,50
1/22/2025 17:29,-11.98,0.001,0.004,0.001,0.008,0.007,-12.023,0.001,0.001,0,0.002,0.007,eccentric_rotor,50
1/22/2025 17:29,-11.981,0.003,0.002,0.002,0.003,0.001,-12.023,0.001,0.001,0.001,0.005,0.001,eccentric_rotor,50
1/22/2025 17:29,-11.98,0.003,0.002,0.002,0.002,0.003,-12.023,0.001,0.002,0,0.002,0.003,eccentric_rotor,50
1/22/2025 17:29,-11.98,0.001,0.002,0.001,0.005,0.004,-12.023,0.001,0.001,0,0.002,0.003,eccentric_rotor,50
1/22/2025 17:29,-11.981,0.001,0.002,0.001,0.005,0.001,-12.023,0.001,0.002,0.001,0.006,0.001,eccentric_rotor,50
1/22/2025 17:29,-11.98,0.001,0.002,0,0.003,0.001,-12.023,0.001,0.001,0,0.005,0.001,eccentric_rotor,50
1/22/2025 17:29,-11.98,0.001,0.001,0.001,0.007,0.002,-12.023,0.001,0.004,0.001,0.003,0.002,eccentric_rotor,50
1/22/2025 17:29,-11.981,0.001,0.002,0.001,0.004,0.001,-12.023,0.001,0.002,0.001,0.005,0.001,eccentric_rotor,50
1/22/2025 17:29,-11.98,0.001,0.002,0,0.014,0.002,-12.023,0.001,0.001,0,0.002,0.002,eccentric_rotor,50
1/22/2025 17:29,-11.98,0.001,0.002,0,0.005,0.001,-12.023,0.001,0.003,0,0.003,0.001,eccentric_rotor,50
1/22/2025 17:30,-11.98,0.001,0.002,0.001,0.007,0.001,-12.023,0.001,0.002,0,0.002,0.001,eccentric_rotor,50
1/22/2025 17:30,-11.981,0.001,0.002,0.001,0.003,0.002,-12.023,0.001,0.002,0.001,0.002,0.002,eccentric_rotor,50
1/22/2025 17:30,-11.98,0.001,0.002,0,0.002,0.001,-12.023,0.001,0.001,0.001,0.002,0.001,eccentric_rotor,50
1/22/2025 17:30,-11.98,0.001,0.002,0.001,0.005,0.004,-12.023,0.001,0.002,0,0.002,0.004,eccentric_rotor,50
1/22/2025 17:30,-11.98,0.001,0.002,0.001,0.002,0.001,-12.023,0.001,0.002,0,0.003,0.001,eccentric_rotor,50
1/22/2025 17:30,-11.98,0.001,0.002,0.001,0.002,0.001,-12.023,0.001,0.001,0.001,0.002,0.001,eccentric_rotor,50
1/22/2025 17:30,-11.98,0.001,0.002,0.001,0.004,0.004,-12.023,0.001,0.002,0.001,0.006,0.004,eccentric_rotor,50
1/22/2025 17:30,-11.98,0.001,0.002,0.001,0.023,0.001,-12.023,0.001,0.003,0,0.007,0.001,eccentric_rotor,50
1/22/2025 17:30,-11.98,0.001,0.002,0.001,0.005,0.006,-12.023,0.001,0.001,0.001,0.002,0.006,eccentric_rotor,50
1/22/2025 17:30,-11.981,0.002,0.003,0.001,0.003,0.006,-12.023,0.001,0.003,0,0.002,0.005,eccentric_rotor,50
1/22/2025 17:30,-11.981,0.001,0.004,0.001,0.004,0.001,-12.023,0.001,0.003,0,0.005,0.001,eccentric_rotor,50
1/22/2025 17:31,-11.98,0.001,0.002,0,0.003,0.003,-12.023,0.002,0.002,0.002,0.007,0.003,eccentric_rotor,50
1/22/2025 17:31,-11.98,0.001,0.002,0.001,0.004,0.001,-12.023,0.001,0.004,0,0.002,0.001,eccentric_rotor,50
1/22/2025 17:31,-11.98,0.001,0.002,0.001,0.003,0.001,-12.023,0.001,0.002,0.001,0.002,0.001,eccentric_rotor,50
1/22/2025 17:31,-11.981,0.001,0.002,0,0.008,0.001,-12.023,0.001,0.002,0,0.005,0.001,eccentric_rotor,50
1/22/2025 17:31,-11.98,0.002,0.002,0.002,0.004,0.001,-12.023,0.001,0.002,0.001,0.002,0.001,eccentric_rotor,50
1/22/2025 17:31,-11.98,0.001,0.002,0.001,0.002,0.001,-12.023,0.001,0.002,0.001,0.005,0.001,eccentric_rotor,50
1/22/2025 17:31,-11.98,0.001,0.002,0.001,0.005,0.001,-12.023,0.001,0.002,0,0.007,0.001,eccentric_rotor,50
1/22/2025 17:31,-11.98,0.001,0.002,0.001,0.002,0.001,-12.023,0.001,0.001,0,0.003,0.001,eccentric_rotor,50
1/22/2025 17:31,-11.98,0.001,0.002,0.001,0.002,0.01,-12.023,0.001,0.001,0.001,0.013,0.002,eccentric_rotor,50
1/22/2025 17:31,-11.98,0.001,0.002,0,0.004,0.002,-12.023,0.002,0.002,0.001,0.004,0.009,eccentric_rotor,50
1/22/2025 17:31,-11.98,0.001,0.007,0.001,0.002,0.002,-12.023,0.002,0.002,0.002,0.007,0.002,eccentric_rotor,50
1/22/2025 17:31,-11.98,0.001,0.002,0,0.003,0.004,-12.023,0.001,0.002,0,0.002,0.004,eccentric_rotor,50
1/22/2025 17:32,-11.98,0.001,0.002,0.001,0.002,0.001,-12.023,0.001,0.001,0,0.002,0.001,eccentric_rotor,50
1/22/2025 17:32,-11.98,0.002,0.002,0.001,0.002,0.003,-12.023,0.001,0.002,0.001,0.005,0.001,eccentric_rotor,50
1/22/2025 17:32,-11.98,0.003,0.002,0.002,0.005,0.001,-12.023,0.001,0.002,0,0.002,0.002,eccentric_rotor,50
1/22/2025 17:32,-11.98,0.001,0.002,0.001,0.003,0.001,-12.023,0.002,0.001,0.002,0.002,0.001,eccentric_rotor,50
1/22/2025 17:32,-11.98,0.001,0.002,0.001,0.006,0.004,-12.023,0.001,0.003,0,0.003,0.003,eccentric_rotor,50
1/22/2025 17:32,-11.98,0.001,0.002,0.001,0.003,0.006,-12.023,0.001,0.001,0.001,0.023,0.006,eccentric_rotor,50
1/22/2025 17:32,-11.98,0.001,0.002,0.001,0.003,0.001,-12.023,0.001,0.002,0,0.003,0.001,eccentric_rotor,50
1/22/2025 17:32,-11.98,0.002,0.002,0.002,0.005,0.001,-12.023,0.001,0.002,0.001,0.005,0.001,eccentric_rotor,50
1/22/2025 17:32,-11.98,0.001,0.002,0.001,0.003,0.002,-12.023,0.001,0.001,0.001,0.002,0.002,eccentric_rotor,50
1/22/2025 17:32,-11.98,0.001,0.002,0.001,0.007,0.005,-12.023,0.001,0.003,0,0.002,0.004,eccentric_rotor,50
1/22/2025 17:32,-11.98,0.001,0.003,0.001,0.007,0.001,-12.023,0.001,0.003,0.001,0.004,0.001,eccentric_rotor,50
1/22/2025 17:33,-11.98,0.001,0.002,0.001,0.002,0.004,-12.023,0.001,0.001,0,0.003,0.004,eccentric_rotor,50
1/22/2025 17:33,-11.98,0.001,0.003,0.001,0.003,0.001,-12.023,0.001,0.001,0,0.008,0.001,eccentric_rotor,50
1/22/2025 17:33,-11.98,0.001,0.002,0,0.005,0.001,-12.023,0.001,0.002,0.001,0.002,0.001,eccentric_rotor,50
1/22/2025 17:33,-11.98,0.001,0.002,0.001,0.004,0.003,-12.023,0.001,0.002,0.001,0.004,0.002,eccentric_rotor,50
1/22/2025 17:33,-11.98,0.001,0.001,0.001,0.002,0.001,-12.023,0.001,0.001,0,0.004,0.001,eccentric_rotor,50
1/22/2025 17:33,-11.98,0.001,0.002,0,0.002,0.007,-12.023,0.001,0.003,0,0.002,0.007,eccentric_rotor,50
1/22/2025 17:33,-11.98,0.001,0.002,0.001,0.002,0.01,-12.023,0.001,0.002,0,0.002,0.009,eccentric_rotor,50
1/22/2025 17:33,-11.98,0.001,0.002,0.001,0.002,0.001,-12.023,0.001,0.001,0,0.003,0.001,eccentric_rotor,50
1/22/2025 17:33,-11.98,0.001,0.002,0,0.002,0.002,-12.023,0.001,0.002,0.001,0.002,0.002,eccentric_rotor,50
1/22/2025 17:33,-11.98,0.001,0.003,0,0.002,0.001,-12.023,0.001,0.003,0,0.003,0.001,eccentric_rotor,50
1/22/2025 17:33,-11.98,0.001,0.002,0.001,0.004,0.003,-12.023,0.001,0.008,0.001,0.002,0.002,eccentric_rotor,50
1/22/2025 17:33,-11.98,0.001,0.005,0,0.012,0.003,-12.023,0.002,0.001,0.002,0.002,0.003,eccentric_rotor,50
1/22/2025 17:34,-11.98,0.001,0.002,0,0.004,0.001,-12.023,0.002,0.002,0.001,0.005,0.001,eccentric_rotor,50
1/22/2025 17:34,-11.98,0.003,0.003,0.002,0.003,0.001,-12.023,0.001,0.001,0,0.002,0.001,eccentric_rotor,50
1/22/2025 17:34,-11.98,0.001,0.002,0.001,0.006,0.002,-12.023,0.001,0.002,0,0.006,0.002,eccentric_rotor,50
1/22/2025 17:34,-11.98,0.002,0.007,0.002,0.005,0.002,-12.023,0.001,0.002,0.001,0.002,0.001,eccentric_rotor,50
1/22/2025 17:34,-11.981,0.001,0.002,0.001,0.003,0.004,-12.023,0.001,0.001,0,0.002,0.002,eccentric_rotor,50
1/22/2025 17:34,-11.98,0.001,0.002,0,0.002,0.001,-12.023,0.001,0.002,0.001,0.004,0.004,eccentric_rotor,50
1/22/2025 17:34,-11.98,0.001,0.002,0.001,0.004,0.001,-12.022,0.001,0.002,0,0.002,0.001,eccentric_rotor,50
1/22/2025 17:34,-11.98,0.001,0.002,0.001,0.002,0.001,-12.022,0.001,0.001,0,0.007,0.001,eccentric_rotor,50
1/22/2025 17:34,-11.98,0.001,0.002,0.001,0.006,0.002,-12.022,0.001,0.002,0.001,0.002,0.002,eccentric_rotor,50
1/22/2025 17:34,-11.98,0.001,0.002,0.001,0.003,0.003,-12.022,0.001,0.001,0,0.004,0.003,eccentric_rotor,50
1/22/2025 17:34,-11.98,0.001,0.002,0.001,0.002,0.001,-12.022,0.001,0.003,0.001,0.002,0.001,eccentric_rotor,50
1/22/2025 17:34,-11.98,0.001,0.002,0,0.004,0.001,-12.022,0.001,0.002,0,0.004,0.001,eccentric_rotor,50
1/22/2025 17:35,-11.98,0.001,0.002,0,0.006,0.005,-12.022,0.001,0.002,0.001,0.004,0.004,eccentric_rotor,50
1/22/2025 17:35,-11.98,0.002,0.002,0.001,0.003,0.003,-12.022,0.001,0.001,0,0.002,0.003,eccentric_rotor,50
1/22/2025 17:35,-11.98,0.001,0.002,0.001,0.006,0.001,-12.022,0.001,0.002,0,0.002,0.001,eccentric_rotor,50
1/22/2025 17:35,-11.98,0.001,0.002,0.001,0.002,0.003,-12.022,0.001,0.001,0.001,0.002,0.003,eccentric_rotor,50
1/22/2025 17:35,-11.98,0.001,0.001,0.001,0.004,0.001,-12.023,0.001,0.002,0,0.002,0.001,eccentric_rotor,50
1/22/2025 17:35,-11.98,0.001,0.002,0.001,0.003,0.007,-12.023,0.001,0.001,0,0.002,0.001,eccentric_rotor,50
1/22/2025 17:35,-11.98,0.001,0.001,0,0.003,0.001,-12.022,0.001,0.002,0,0.004,0.006,eccentric_rotor,50
1/22/2025 17:35,-11.98,0.001,0.002,0.001,0.005,0.003,-12.023,0.001,0.002,0,0.011,0.001,eccentric_rotor,50
1/22/2025 17:35,-11.98,0.001,0.003,0,0.003,0.001,-12.022,0.001,0.002,0,0.003,0.003,eccentric_rotor,50
1/22/2025 17:35,-11.98,0.001,0.002,0.001,0.009,0.002,-12.022,0.001,0.001,0.001,0.003,0.001,eccentric_rotor,50
1/22/2025 17:35,-11.98,0.001,0.002,0.001,0.012,0.001,-12.022,0.001,0.005,0,0.006,0.002,eccentric_rotor,50
1/22/2025 17:35,-11.98,0.001,0.002,0.001,0.003,0.003,-12.022,0.001,0.001,0.001,0.005,0.001,eccentric_rotor,50
1/22/2025 17:36,-11.98,0.001,0.002,0.001,0.003,0.001,-12.022,0.001,0.003,0,0.002,0.002,eccentric_rotor,50
1/22/2025 17:36,-11.98,0.001,0.002,0.001,0.002,0.005,-12.022,0.002,0.002,0.001,0.003,0.001,eccentric_rotor,50
1/22/2025 17:36,-11.98,0.001,0.002,0.001,0.004,0.002,-12.023,0.001,0.008,0.001,0.002,0.001,eccentric_rotor,50
1/22/2025 17:36,-11.98,0.002,0.002,0.001,0.003,0.008,-12.022,0.001,0.002,0,0.005,0.004,eccentric_rotor,50
1/22/2025 17:36,-11.98,0.001,0.002,0,0.002,0.001,-12.022,0.001,0.002,0,0.006,0.002,eccentric_rotor,50
1/22/2025 17:36,-11.98,0.001,0.001,0.001,0.002,0.001,-12.022,0.001,0.001,0.001,0.003,0.007,eccentric_rotor,50
1/22/2025 17:36,-11.98,0.001,0.002,0.001,0.003,0.002,-12.022,0.001,0.002,0,0.002,0.001,eccentric_rotor,50
1/22/2025 17:36,-11.98,0.001,0.005,0.001,0.003,0.001,-12.022,0.001,0.001,0.001,0.003,0.001,eccentric_rotor,50
1/22/2025 17:36,-11.98,0.001,0.002,0,0.003,0.006,-12.022,0.001,0.002,0,0.005,0.002,eccentric_rotor,50
1/22/2025 17:36,-11.98,0.001,0.005,0.001,0.002,0.001,-12.022,0.001,0.001,0.001,0.002,0.001,eccentric_rotor,50
1/22/2025 17:36,-11.98,0.001,0.003,0,0.004,0.003,-12.022,0.001,0.001,0,0.005,0.006,eccentric_rotor,50
1/22/2025 17:37,-11.98,0.001,0.002,0.001,0.004,0.001,-12.022,0.001,0.002,0.001,0.002,0.001,eccentric_rotor,50
1/22/2025 17:37,-11.98,0.001,0.002,0,0.002,0.002,-12.022,0.001,0.002,0,0.004,0.002,eccentric_rotor,50
1/22/2025 17:37,-11.98,0.001,0.008,0.001,0.002,0.001,-12.022,0.001,0.001,0.001,0.002,0.002,eccentric_rotor,50
1/22/2025 17:37,-11.98,0.001,0.001,0.001,0.004,0.001,-12.022,0.001,0.001,0.001,0.002,0.001,eccentric_rotor,50
1/22/2025 17:37,-11.98,0.001,0.002,0.001,0.004,0.001,-12.022,0.001,0.001,0,0.004,0.001,eccentric_rotor,50
1/22/2025 17:37,-11.98,0.001,0.008,0.001,0.002,0.001,-12.022,0.001,0.002,0,0.002,0.001,eccentric_rotor,50
1/22/2025 17:37,-11.98,0.001,0.002,0,0.002,0.003,-12.023,0.001,0.002,0,0.012,0.002,eccentric_rotor,50
1/22/2025 17:37,-11.98,0.001,0.002,0,0.006,0.003,-12.023,0.001,0.001,0,0.002,0.001,eccentric_rotor,50
1/22/2025 17:37,-11.98,0.001,0.002,0.001,0.005,0.001,-12.022,0.001,0.003,0.001,0.003,0.001,eccentric_rotor,50
1/22/2025 17:37,-11.98,0.001,0.002,0.001,0.002,0.001,-12.022,0.001,0.002,0.001,0.002,0.002,eccentric_rotor,50
1/22/2025 17:38,-11.98,0.001,0.002,0,0.005,0.004,-12.022,0.001,0.001,0,0.002,0.001,eccentric_rotor,50
1/22/2025 17:38,-11.98,0.001,0.009,0,0.002,0.001,-12.022,0.001,0.002,0.001,0.003,0.003,eccentric_rotor,50
1/22/2025 17:38,-11.98,0.001,0.006,0.001,0.008,0.002,-12.022,0.002,0.001,0.001,0.002,0.001,eccentric_rotor,50
1/22/2025 17:38,-11.98,0.002,0.002,0.002,0.003,0.008,-12.022,0.001,0.002,0,0.002,0.001,eccentric_rotor,50
1/22/2025 17:38,-11.98,0.001,0.001,0.001,0.007,0.006,-12.022,0.001,0.001,0.001,0.003,0.003,eccentric_rotor,50
1/22/2025 17:38,-11.98,0.001,0.003,0.001,0.003,0.001,-12.022,0.001,0.001,0,0.002,0.001,eccentric_rotor,50
1/22/2025 17:38,-11.98,0.001,0.007,0.001,0.004,0.001,-12.022,0.001,0.002,0,0.003,0.001,eccentric_rotor,50
1/22/2025 17:38,-11.98,0.002,0.002,0.001,0.002,0.002,-12.022,0.001,0.002,0.001,0.004,0.007,eccentric_rotor,50
1/22/2025 17:38,-11.98,0.001,0.002,0,0.003,0.001,-12.022,0.001,0.001,0.001,0.002,0.001,eccentric_rotor,50
1/22/2025 17:38,-11.98,0.001,0.002,0.001,0.002,0.003,-12.022,0.001,0.001,0,0.002,0.005,eccentric_rotor,50
1/22/2025 17:38,-11.98,0.001,0.002,0.001,0.002,0.002,-12.022,0.001,0.006,0.001,0.003,0.001,eccentric_rotor,50
1/22/2025 17:38,-11.98,0.001,0.002,0,0.003,0.001,-12.022,0.001,0.002,0,0.004,0.002,eccentric_rotor,50
1/22/2025 17:39,-11.98,0.001,0.002,0.001,0.003,0.001,-12.022,0.002,0.006,0.001,0.002,0.001,eccentric_rotor,50
1/22/2025 17:39,-11.98,0.001,0.002,0.001,0.007,0.001,-12.022,0.001,0.002,0,0.002,0.003,eccentric_rotor,50
1/22/2025 17:39,-11.98,0.002,0.002,0.001,0.007,0.004,-12.022,0.001,0.001,0,0.005,0.001,eccentric_rotor,50
1/22/2025 17:39,-11.98,0.001,0.002,0.001,0.002,0.001,-12.022,0.001,0.002,0,0.004,0.001,eccentric_rotor,50
1/22/2025 17:39,-11.98,0.001,0.001,0,0.002,0.004,-12.022,0.001,0.009,0.001,0.002,0.001,eccentric_rotor,50
1/22/2025 17:39,-11.98,0.001,0.002,0,0.004,0.001,-12.022,0.001,0.001,0,0.004,0.001,eccentric_rotor,50
1/22/2025 17:39,-11.98,0.001,0.002,0.001,0.003,0.002,-12.022,0.001,0.001,0.001,0.002,0.003,eccentric_rotor,50
1/22/2025 17:39,-11.98,0.001,0.001,0,0.006,0.001,-12.022,0.001,0.008,0,0.007,0.001,eccentric_rotor,50
1/22/2025 17:39,-11.98,0.001,0.001,0.001,0.003,0.001,-12.022,0.001,0.003,0,0.002,0.001,eccentric_rotor,50
1/22/2025 17:39,-11.98,0.001,0.002,0.001,0.005,0.001,-12.022,0.001,0.001,0,0.007,0.003,eccentric_rotor,50
1/22/2025 17:39,-11.98,0.001,0.003,0,0.002,0.001,-12.022,0.001,0.001,0.001,0.002,0.002,eccentric_rotor,50
1/22/2025 17:39,-11.98,0.001,0.002,0,0.003,0.001,-12.022,0.001,0.002,0,0.003,0.001,eccentric_rotor,50
1/22/2025 17:39,-11.98,0.001,0.002,0.001,0.002,0.001,-12.022,0.001,0.002,0.001,0.001,0.001,eccentric_rotor,50
1/22/2025 17:40,-11.98,0.001,0.002,0,0.003,0.001,-12.022,0.001,0.011,0,0.003,0.001,eccentric_rotor,50
1/22/2025 17:40,-11.98,0.001,0.004,0.001,0.002,0.001,-12.022,0.001,0.007,0.001,0.001,0.001,eccentric_rotor,50
1/22/2025 17:40,-11.98,0.001,0.002,0.001,0.003,0.002,-12.022,0.001,0.001,0.001,0.001,0.001,eccentric_rotor,50
1/22/2025 17:40,-11.98,0.001,0.002,0.001,0.002,0.003,-12.022,0.001,0.001,0,0.003,0.001,eccentric_rotor,50
1/22/2025 17:40,-11.98,0.001,0.002,0.001,0.005,0.001,-12.022,0.001,0.004,0,0.003,0.001,eccentric_rotor,50
1/22/2025 17:40,-11.98,0.001,0.001,0.001,0.003,0.001,-12.022,0.001,0.007,0.001,0.006,0.001,eccentric_rotor,50
1/22/2025 17:40,-11.98,0.001,0.002,0,0.002,0.001,-12.022,0.001,0.002,0.001,0.006,0.002,eccentric_rotor,50
1/22/2025 17:40,-11.98,0.001,0.002,0,0.002,0.001,-12.022,0.001,0.001,0,0.002,0.001,eccentric_rotor,50
1/22/2025 17:40,-11.98,0.001,0.002,0.001,0.004,0.002,-12.022,0.004,0.002,0.003,0.002,0.003,eccentric_rotor,50
1/22/2025 17:40,-11.98,0.004,0.002,0.003,0.002,0.001,-12.022,0.001,0.001,0,0.004,0.001,eccentric_rotor,50
1/22/2025 17:40,-11.98,0.001,0.002,0,0.008,0.002,-12.022,0.001,0.002,0.001,0.002,0.001,eccentric_rotor,50
1/22/2025 17:41,-11.98,0.001,0.001,0.001,0.003,0.001,-12.022,0.001,0.001,0.001,0.006,0.001,eccentric_rotor,50
1/22/2025 17:41,-11.98,0.001,0.005,0.001,0.002,0.004,-12.022,0.001,0.002,0,0.003,0.001,eccentric_rotor,50
1/22/2025 17:41,-11.98,0.001,0.002,0,0.006,0.001,-12.022,0.001,0.002,0.001,0.004,0.001,eccentric_rotor,50
1/22/2025 17:41,-11.98,0.001,0.004,0.001,0.002,0.003,-12.022,0.001,0.001,0,0.002,0.002,eccentric_rotor,50
1/22/2025 17:41,-11.98,0.001,0.002,0,0.003,0.001,-12.022,0.001,0.001,0,0.003,0.001,eccentric_rotor,50
1/22/2025 17:41,-11.98,0.001,0.004,0.001,0.002,0.003,-12.022,0.001,0.001,0.001,0.002,0.003,eccentric_rotor,50
1/22/2025 17:41,-11.98,0.001,0.002,0,0.005,0.002,-12.022,0.001,0.002,0,0.003,0.001,eccentric_rotor,50
1/22/2025 17:41,-11.98,0.001,0.001,0.001,0.002,0.001,-12.022,0.001,0.001,0.001,0.002,0.003,eccentric_rotor,50
1/22/2025 17:41,-11.98,0.001,0.001,0.001,0.002,0.001,-12.022,0.001,0.001,0,0.002,0.001,eccentric_rotor,50
1/22/2025 17:41,-11.98,0.001,0.008,0.001,0.002,0.001,-12.022,0.001,0.002,0.001,0.003,0.002,eccentric_rotor,50
1/22/2025 17:41,-11.98,0.001,0.002,0.001,0.002,0.001,-12.022,0.001,0.003,0,0.004,0.002,eccentric_rotor,50
1/22/2025 17:42,-11.98,0.001,0.003,0.001,0.005,0.001,-12.022,0.001,0.002,0.001,0.002,0.001,eccentric_rotor,50
1/22/2025 17:42,-11.98,0.001,0.002,0.001,0.006,0.003,-12.022,0.001,0.001,0.001,0.003,0.001,eccentric_rotor,50
1/22/2025 17:42,-11.98,0.001,0.007,0,0.003,0.001,-12.022,0.001,0.002,0,0.001,0.001,eccentric_rotor,50
1/22/2025 17:42,-11.98,0.002,0.001,0.001,0.006,0.002,-12.022,0.002,0.004,0.001,0.002,0.001,eccentric_rotor,50
1/22/2025 17:42,-11.98,0.001,0.001,0.001,0.002,0.007,-12.022,0.001,0.002,0.001,0.004,0.001,eccentric_rotor,50
1/22/2025 17:42,-11.98,0.001,0.002,0.001,0.002,0.001,-12.022,0.001,0.001,0,0.002,0.003,eccentric_rotor,50
1/22/2025 17:42,-11.98,0.001,0.005,0.001,0.003,0.001,-12.022,0.001,0.001,0,0.007,0.001,eccentric_rotor,50
1/22/2025 17:42,-11.98,0.001,0.002,0,0.002,0.004,-12.022,0.001,0.002,0.001,0.003,0.001,eccentric_rotor,50
1/22/2025 17:42,-11.98,0.001,0.003,0.001,0.002,0.001,-12.022,0.001,0.002,0,0.002,0.006,eccentric_rotor,50
1/22/2025 17:42,-11.98,0.001,0.002,0,0.003,0.004,-12.022,0.001,0.001,0,0.005,0.001,eccentric_rotor,50
1/22/2025 17:42,-11.98,0.001,0.001,0.001,0.002,0.002,-12.022,0.001,0.002,0.001,0.002,0.004,eccentric_rotor,50
1/22/2025 17:42,-11.98,0.001,0.001,0.001,0.002,0.001,-12.022,0.001,0.001,0,0.003,0.001,eccentric_rotor,50
1/22/2025 17:43,-11.98,0.001,0.002,0,0.002,0.003,-12.022,0.001,0.003,0.001,0.002,0.003,eccentric_rotor,50
1/22/2025 17:43,-11.98,0.001,0.002,0.001,0.004,0.001,-12.022,0.001,0.006,0,0.005,0.001,eccentric_rotor,50
1/22/2025 17:43,-11.98,0.001,0.001,0.001,0.003,0.005,-12.022,0.002,0.001,0.001,0.002,0.002,eccentric_rotor,50
1/22/2025 17:43,-11.98,0.002,0.001,0.002,0.004,0.001,-12.022,0.001,0.004,0,0.001,0.003,eccentric_rotor,50
1/22/2025 17:43,-11.98,0.001,0.002,0.001,0.003,0.001,-12.022,0.001,0.002,0,0.002,0.001,eccentric_rotor,50
1/22/2025 17:43,-11.98,0.001,0.002,0.001,0.002,0.001,-12.022,0.001,0.004,0.001,0.001,0.004,eccentric_rotor,50
1/22/2025 17:43,-11.98,0.001,0.002,0.001,0.002,0.001,-12.022,0.001,0.002,0.001,0.005,0.001,eccentric_rotor,50
1/22/2025 17:43,-11.98,0.001,0.002,0.001,0.003,0.001,-12.022,0.001,0.001,0.001,0.006,0.001,eccentric_rotor,50
1/22/2025 17:43,-11.98,0.001,0.002,0,0.002,0.001,-12.022,0.001,0.002,0,0.002,0.001,eccentric_rotor,50
1/22/2025 17:43,-11.98,0.001,0.001,0,0.004,0.001,-12.022,0.001,0.009,0,0.005,0.001,eccentric_rotor,50
1/22/2025 17:43,-11.98,0.001,0.002,0.001,0.002,0.001,-12.022,0.001,0.002,0.001,0.002,0.001,eccentric_rotor,50
1/22/2025 17:43,-11.98,0.001,0.002,0.001,0.004,0.001,-12.022,0.001,0.003,0.001,0.002,0.001,eccentric_rotor,50
1/22/2025 17:44,-11.98,0.001,0.002,0.001,0.005,0.001,-12.022,0.001,0.002,0,0.002,0.001,eccentric_rotor,50
1/22/2025 17:44,-11.98,0.001,0.001,0.001,0.002,0.001,-12.022,0.002,0.008,0.001,0.001,0.001,eccentric_rotor,50
1/22/2025 17:44,-11.98,0.001,0.002,0,0.002,0.002,-12.022,0.001,0.001,0,0.002,0.001,eccentric_rotor,50
1/22/2025 17:44,-11.98,0.001,0.002,0,0.003,0.001,-12.022,0.001,0.002,0,0.002,0.001,eccentric_rotor,50
1/22/2025 17:44,-11.98,0.002,0.002,0.001,0.003,0.003,-12.022,0.001,0.001,0.001,0.002,0.001,eccentric_rotor,50
1/22/2025 17:44,-11.98,0.001,0.002,0,0.002,0.004,-12.022,0.001,0.005,0,0.002,0.001,eccentric_rotor,50
1/22/2025 17:44,-11.98,0.001,0.004,0.001,0.002,0.001,-12.022,0.001,0.003,0,0.003,0.001,eccentric_rotor,50
1/22/2025 17:44,-11.979,0.001,0.007,0,0.002,0.001,-12.022,0.001,0.002,0,0.002,0.002,eccentric_rotor,50
1/22/2025 17:44,-11.979,0.001,0.002,0,0.002,0.001,-12.022,0.001,0.001,0,0.003,0.004,eccentric_rotor,50
1/22/2025 17:44,-11.98,0.001,0.002,0.001,0.003,0.001,-12.022,0.001,0.002,0,0.002,0.001,eccentric_rotor,50
1/22/2025 17:44,-11.979,0.001,0.002,0,0.002,0.012,-12.022,0.001,0.001,0,0.002,0.001,eccentric_rotor,50
1/22/2025 17:44,-11.979,0.001,0.004,0.001,0.005,0.001,-12.022,0.001,0.001,0.001,0.002,0.001,eccentric_rotor,50
1/22/2025 17:45,-11.979,0.001,0.006,0,0.011,0.004,-12.022,0.001,0.002,0.001,0.002,0.011,eccentric_rotor,50
1/22/2025 17:45,-11.979,0.001,0.002,0.001,0.006,0.003,-12.022,0.001,0.001,0,0.002,0.001,eccentric_rotor,50
1/22/2025 17:45,-11.979,0.001,0.007,0,0.002,0.001,-12.023,0.001,0.001,0,0.003,0.003,eccentric_rotor,50
1/22/2025 17:45,-11.979,0.001,0.002,0.001,0.003,0.002,-12.023,0.001,0.002,0.001,0.002,0.002,eccentric_rotor,50
1/22/2025 17:45,-11.979,0.001,0.002,0.001,0.005,0.001,-12.023,0.001,0.002,0.001,0.004,0.001,eccentric_rotor,50
1/22/2025 17:45,-11.979,0.001,0.004,0.001,0.003,0.003,-12.023,0.001,0.001,0,0.002,0.002,eccentric_rotor,50
1/22/2025 17:45,-11.98,0.001,0.002,0,0.002,0.001,-12.023,0.001,0.002,0,0.004,0.001,eccentric_rotor,50
1/22/2025 17:45,-11.979,0.001,0.002,0,0.003,0.002,-12.022,0.001,0.001,0,0.002,0.001,eccentric_rotor,50
1/22/2025 17:45,-11.979,0.001,0.002,0.001,0.002,0.001,-12.022,0.001,0.002,0,0.003,0.003,eccentric_rotor,50
1/22/2025 17:45,-11.98,0.001,0.003,0.001,0.004,0.002,-12.022,0.001,0.002,0,0.002,0.001,eccentric_rotor,50
1/22/2025 17:45,-11.98,0.001,0.005,0,0.003,0.001,-12.023,0.001,0.002,0.001,0.002,0.002,eccentric_rotor,50
1/22/2025 17:45,-11.979,0.001,0.001,0.001,0.003,0.004,-12.022,0.001,0.001,0,0.002,0.001,eccentric_rotor,50
1/22/2025 17:45,-11.979,0.001,0.001,0,0.007,0.001,-12.022,0.001,0.001,0.001,0.002,0.002,eccentric_rotor,50
1/22/2025 17:46,-11.979,0.001,0.002,0,0.002,0.001,-12.022,0.001,0.003,0,0.002,0.001,eccentric_rotor,50
1/22/2025 17:46,-11.98,0.001,0.001,0.001,0.002,0.005,-12.022,0.001,0.001,0,0.002,0.003,eccentric_rotor,50
1/22/2025 17:46,-11.98,0.001,0.002,0,0.002,0.004,-12.022,0.001,0.001,0.001,0.002,0.002,eccentric_rotor,50
1/22/2025 17:46,-11.979,0.001,0.002,0.001,0.002,0.001,-12.022,0.001,0.003,0,0.004,0.001,eccentric_rotor,50
1/22/2025 17:46,-11.979,0.001,0.002,0.001,0.002,0.001,-12.022,0.001,0.004,0,0.01,0.005,eccentric_rotor,50
1/22/2025 17:46,-11.979,0.001,0.002,0,0.002,0.002,-12.022,0.003,0.008,0.002,0.006,0.001,eccentric_rotor,50
1/22/2025 17:46,-11.979,0.001,0.001,0,0.002,0.001,-12.022,0.001,0.002,0,0.002,0.003,eccentric_rotor,50
1/22/2025 17:46,-11.98,0.003,0.002,0.002,0.002,0.001,-12.022,0.001,0.002,0,0.002,0.001,eccentric_rotor,50
1/22/2025 17:46,-11.979,0.001,0.002,0.001,0.002,0.001,-12.022,0.001,0.002,0.001,0.005,0.001,eccentric_rotor,50
1/22/2025 17:46,-11.979,0.001,0.001,0.001,0.002,0.004,-12.022,0.001,0.004,0,0.003,0.001,eccentric_rotor,50
1/22/2025 17:46,-11.979,0.001,0.002,0.001,0.003,0.001,-12.022,0.001,0.006,0,0.002,0.001,eccentric_rotor,50
1/22/2025 17:47,-11.979,0.001,0.001,0.001,0.005,0.006,-12.022,0.001,0.002,0.001,0.003,0.001,eccentric_rotor,50
1/22/2025 17:47,-11.979,0.001,0.002,0.001,0.002,0.003,-12.022,0.001,0.008,0.001,0.002,0.001,eccentric_rotor,50
1/22/2025 17:47,-11.979,0.001,0.002,0.001,0.005,0.001,-12.022,0.001,0.002,0,0.004,0.001,eccentric_rotor,50
1/22/2025 17:47,-11.979,0.001,0.002,0.001,0.003,0.003,-12.022,0.001,0.002,0,0.002,0.003,eccentric_rotor,50
1/22/2025 17:47,-11.979,0.001,0.002,0.001,0.002,0.001,-12.022,0.001,0.005,0.001,0.006,0.001,eccentric_rotor,50
1/22/2025 17:47,-11.979,0.001,0.002,0,0.002,0.002,-12.022,0.001,0.002,0,0.003,0.006,eccentric_rotor,50
1/22/2025 17:47,-11.98,0.001,0.001,0,0.002,0.001,-12.022,0.002,0.002,0.001,0.002,0.003,eccentric_rotor,50
1/22/2025 17:47,-11.979,0.001,0.002,0.001,0.002,0.001,-12.022,0.001,0.002,0,0.001,0.001,eccentric_rotor,50
1/22/2025 17:47,-11.979,0.001,0.001,0.001,0.019,0.003,-12.022,0.001,0.002,0.001,0.002,0.002,eccentric_rotor,50
1/22/2025 17:47,-11.979,0.002,0.002,0.002,0.003,0.002,-12.022,0.001,0.004,0,0.002,0.001,eccentric_rotor,50
1/22/2025 17:47,-11.979,0.001,0.002,0.001,0.009,0.001,-12.022,0.001,0.006,0,0.002,0.001,eccentric_rotor,50
1/22/2025 17:47,-11.979,0.001,0.006,0,0.005,0.001,-12.022,0.001,0.001,0.001,0.002,0.001,eccentric_rotor,50
1/22/2025 17:48,-11.979,0.001,0.006,0,0.002,0.005,-12.022,0.001,0.001,0.001,0.002,0.001,eccentric_rotor,50
1/22/2025 17:48,-11.979,0.001,0.004,0.001,0.003,0.001,-12.022,0.001,0.001,0.001,0.002,0.003,eccentric_rotor,50
1/22/2025 17:48,-11.979,0.001,0.002,0.001,0.002,0.002,-12.022,0.001,0.001,0.001,0.002,0.002,eccentric_rotor,50
1/22/2025 17:48,-11.979,0.001,0.002,0.001,0.002,0.003,-12.022,0.001,0.001,0,0.002,0.001,eccentric_rotor,50
1/22/2025 17:48,-11.979,0.002,0.003,0.001,0.003,0.001,-12.022,0.001,0.001,0,0.002,0.004,eccentric_rotor,50
1/22/2025 17:48,-11.979,0.001,0.002,0,0.003,0.001,-12.022,0.001,0.002,0.001,0.004,0.001,eccentric_rotor,50
1/22/2025 17:48,-11.979,0.001,0.005,0.001,0.002,0.001,-12.022,0.001,0.002,0,0.002,0.002,eccentric_rotor,50
1/22/2025 17:48,-11.979,0.001,0.002,0.001,0.003,0.001,-12.022,0.001,0.001,0,0.004,0.002,eccentric_rotor,50
1/22/2025 17:48,-11.979,0.001,0.008,0,0.002,0.002,-12.022,0.001,0.001,0.001,0.002,0.001,eccentric_rotor,50
1/22/2025 17:48,-11.979,0.001,0.002,0,0.006,0.001,-12.022,0.001,0.002,0,0.002,0.001,eccentric_rotor,50
1/22/2025 17:48,-11.979,0.001,0.002,0.001,0.004,0.001,-12.022,0.001,0.002,0,0.002,0.001,eccentric_rotor,50
1/22/2025 17:48,-11.979,0.001,0.002,0,0.002,0.003,-12.022,0.001,0.001,0.001,0.018,0.001,eccentric_rotor,50
1/22/2025 17:49,-11.979,0.001,0.002,0.001,0.006,0.001,-12.022,0.001,0.002,0,0.003,0.002,eccentric_rotor,50
1/22/2025 17:49,-11.979,0.001,0.002,0,0.005,0.001,-12.022,0.002,0.001,0.001,0.009,0.002,eccentric_rotor,50
1/22/2025 17:49,-11.979,0.001,0.002,0,0.003,0.001,-12.022,0.001,0.001,0,0.005,0.001,eccentric_rotor,50
1/22/2025 17:49,-11.979,0.002,0.002,0.001,0.002,0.001,-12.022,0.001,0.001,0.001,0.002,0.001,eccentric_rotor,50
1/22/2025 17:49,-11.979,0.001,0.001,0.001,0.003,0.001,-12.022,0.001,0.001,0,0.002,0.003,eccentric_rotor,50
1/22/2025 17:49,-11.979,0.001,0.001,0,0.002,0.001,-12.022,0.001,0.002,0,0.003,0.002,eccentric_rotor,50
1/22/2025 17:49,-11.979,0.001,0.002,0.001,0.003,0.001,-12.022,0.003,0.001,0.002,0.002,0.001,eccentric_rotor,50
1/22/2025 17:49,-11.979,0.003,0.002,0.002,0.002,0.001,-12.022,0.001,0.001,0,0.003,0.001,eccentric_rotor,50
1/22/2025 17:49,-11.979,0.001,0.003,0.001,0.003,0.001,-12.022,0.001,0.002,0.001,0.002,0.001,eccentric_rotor,50
1/22/2025 17:49,-11.979,0.001,0.002,0.001,0.004,0.003,-12.022,0.001,0.001,0,0.002,0.001,eccentric_rotor,50
1/22/2025 17:49,-11.98,0.001,0.002,0,0.002,0.001,-12.022,0.001,0.001,0.001,0.002,0.001,eccentric_rotor,50
1/22/2025 17:50,-11.98,0.001,0.002,0.001,0.006,0.001,-12.022,0.001,0.007,0,0.002,0.001,eccentric_rotor,50
1/22/2025 17:50,-11.979,0.001,0.001,0,0.003,0.008,-12.022,0.001,0.001,0.001,0.005,0.001,eccentric_rotor,50
1/22/2025 17:50,-11.979,0.001,0.002,0.001,0.003,0.001,-12.022,0.001,0.006,0,0.004,0.001,eccentric_rotor,50
1/22/2025 17:50,-11.979,0.001,0.002,0.001,0.005,0.001,-12.022,0.001,0.005,0,0.002,0.001,eccentric_rotor,50
1/22/2025 17:50,-11.979,0.001,0.001,0,0.003,0.001,-12.022,0.001,0.001,0.001,0.005,0.001,eccentric_rotor,50
1/22/2025 17:50,-11.979,0.001,0.002,0.001,0.002,0.003,-12.022,0.001,0.002,0,0.002,0.001,eccentric_rotor,50
1/22/2025 17:50,-11.979,0.001,0.001,0,0.002,0.001,-12.022,0.001,0.003,0,0.005,0.002,eccentric_rotor,50
1/22/2025 17:50,-11.979,0.001,0.001,0.001,0.002,0.003,-12.022,0.001,0.002,0.001,0.002,0.001,eccentric_rotor,50
1/22/2025 17:50,-11.979,0.001,0.002,0,0.007,0.001,-12.022,0.001,0.006,0.001,0.002,0.001,eccentric_rotor,50
1/22/2025 17:50,-11.979,0.001,0.002,0.001,0.004,0.001,-12.022,0.004,0.002,0.003,0.002,0.007,eccentric_rotor,50
1/22/2025 17:50,-11.979,0.004,0.002,0.003,0.002,0.002,-12.022,0.001,0.009,0.001,0.002,0.001,eccentric_rotor,50
1/22/2025 17:50,-11.979,0.001,0.004,0.001,0.006,0.001,-12.022,0.001,0.001,0,0.002,0.001,eccentric_rotor,50
1/22/2025 17:51,-11.979,0.001,0.001,0,0.002,0.007,-12.022,0.001,0.001,0,0.003,0.003,eccentric_rotor,50
1/22/2025 17:51,-11.979,0.001,0.002,0,0.002,0.001,-12.022,0.002,0.002,0.001,0.004,0.001,eccentric_rotor,50
1/22/2025 17:51,-11.979,0.002,0.002,0.001,0.003,0.003,-12.022,0.002,0.001,0.001,0.004,0.002,eccentric_rotor,50
1/22/2025 17:51,-11.979,0.002,0.004,0.001,0.002,0.001,-12.022,0.001,0.002,0,0.002,0.001,eccentric_rotor,50
1/22/2025 17:51,-11.979,0.001,0.003,0.001,0.002,0.001,-12.022,0.001,0.001,0.001,0.006,0.001,eccentric_rotor,50
1/22/2025 17:51,-11.979,0.002,0.002,0.001,0.002,0.002,-12.022,0.001,0.002,0,0.003,0.002,eccentric_rotor,50
1/22/2025 17:51,-11.979,0.001,0.002,0.001,0.002,0.002,-12.022,0.002,0.001,0.001,0.002,0.006,eccentric_rotor,50
1/22/2025 17:51,-11.979,0.002,0.001,0.001,0.002,0.004,-12.022,0.001,0.001,0.001,0.005,0.001,eccentric_rotor,50
1/22/2025 17:51,-11.979,0.001,0.002,0.001,0.002,0.004,-12.022,0.001,0.002,0,0.003,0.002,eccentric_rotor,50
1/22/2025 17:51,-11.979,0.001,0.001,0,0.003,0.001,-12.022,0.001,0.002,0,0.002,0,eccentric_rotor,50
1/22/2025 17:51,-11.979,0.001,0.003,0,0.003,0.001,-12.022,0.001,0.003,0.001,0.002,0.001,eccentric_rotor,50
1/22/2025 17:51,-11.979,0.001,0.002,0.001,0.002,0.003,-12.022,0.001,0.002,0.001,0.002,0.002,eccentric_rotor,50
1/22/2025 17:52,-11.979,0.001,0.001,0.001,0.004,0.001,-12.022,0.001,0.001,0,0.002,0.001,eccentric_rotor,50
1/22/2025 17:52,-11.979,0.001,0.001,0,0.002,0.001,-12.022,0.001,0.002,0,0.007,0.004,eccentric_rotor,50
1/22/2025 17:52,-11.979,0.001,0.003,0,0.002,0.003,-12.022,0.001,0.002,0.001,0.002,0.004,eccentric_rotor,50
1/22/2025 17:52,-11.979,0.001,0.002,0.001,0.002,0.001,-12.022,,0.001,,0.005,0.001,eccentric_rotor,50
1/22/2025 17:52,-11.979,,0.005,,0.002,0.003,-12.022,,0.002,,0.002,0.001,eccentric_rotor,50
1/22/2025 17:52,-11.979,,0.005,,0.002,0.001,-12.022,,0.001,,0.002,0.002,eccentric_rotor,50
1/22/2025 17:52,-11.979,,0.002,,0.002,0.001,-12.022,,0.002,,0.002,0.002,eccentric_rotor,50
1/22/2025 17:52,-11.979,,0.002,,0.002,0.003,-12.022,,0.001,,0.003,0.001,eccentric_rotor,50
1/22/2025 17:52,-11.979,,0.003,,0.002,0.005,-12.022,,0.002,,0.002,0.001,eccentric_rotor,50
1/22/2025 17:52,-11.979,,0.004,,0.003,0.002,-12.022,,0.002,,0.002,0.003,eccentric_rotor,50
1/22/2025 17:52,-11.979,,0.002,,0.002,0.001,-12.022,,0.002,,0.002,0.002,eccentric_rotor,50
1/22/2025 17:52,-11.979,,0.006,,0.002,0.001,-12.022,,0.002,,0.002,0.001,eccentric_rotor,50
1/22/2025 17:52,-11.979,,0.003,,0.002,0.009,-12.022,,0.004,,0.003,0.001,eccentric_rotor,50
1/22/2025 17:53,-11.979,,0.001,,0.004,0.001,-12.022,,0.001,,0.003,0.004,eccentric_rotor,50
1/22/2025 17:53,-11.979,,0.002,,0.002,0.004,-12.022,,0.002,,0.002,0.001,eccentric_rotor,50
1/22/2025 17:53,-11.979,,0.001,,0.002,0.001,-12.022,,0.002,,0.002,0.001,eccentric_rotor,50
1/22/2025 17:53,-11.979,,0.002,,0.009,0.001,-12.022,,0.004,,0.004,0.001,eccentric_rotor,50
1/22/2025 17:53,-11.979,,0.007,,0.004,0.003,-12.022,,0.002,,0.002,0.001,eccentric_rotor,50
1/22/2025 17:53,-11.979,,0.001,,0.002,0.001,-12.022,,0.002,,0.002,0.008,eccentric_rotor,50
1/22/2025 17:53,-11.979,,0.001,,0.002,0.001,-12.022,,0.002,,0.002,0.001,eccentric_rotor,50
1/22/2025 17:53,-11.979,,0.005,,0.003,0.001,-12.022,,0.001,,0.002,0.003,eccentric_rotor,50
1/22/2025 17:53,-11.979,,,,0.005,0.001,-12.022,,0.002,,0.001,0.001,eccentric_rotor,50
1/22/2025 17:53,-11.979,,,,0.002,0.001,-12.022,,0.001,,0.002,0.003,eccentric_rotor,50
1/22/2025 17:53,-11.979,,,,0.006,0.001,-12.022,,0.004,,0.002,0.001,eccentric_rotor,50
1/22/2025 17:54,-11.979,,,,0.002,0.002,-12.022,,0.002,,0.002,0.001,eccentric_rotor,50
1/22/2025 17:54,-11.979,,,,0.002,0.001,-12.022,,0.001,,0.001,0.001,eccentric_rotor,50
1/22/2025 17:54,-11.979,,,,0.004,0.001,-12.021,,0.002,,0.002,0.001,eccentric_rotor,50
1/22/2025 17:54,-11.979,,,,0.003,0.013,-12.021,,0.004,,0.001,0.001,eccentric_rotor,50
1/22/2025 17:54,-11.979,,,,0.007,0.002,-12.022,,0.002,,0.002,0.001,eccentric_rotor,50
1/22/2025 17:54,-11.979,,,,0.007,0.001,-12.022,,0.004,,0.004,0.001,eccentric_rotor,50
1/22/2025 17:54,-11.979,,,,0.005,0.001,-12.021,,0.006,,0.002,0.001,eccentric_rotor,50
1/22/2025 17:54,-11.979,,,,0.002,0.005,-12.021,,0.002,,0.002,0.012,eccentric_rotor,50
1/22/2025 17:54,-11.979,,,,0.002,0.005,-12.022,,0.002,,0.008,0.002,eccentric_rotor,50
1/22/2025 17:54,-11.979,,,,0.003,0.001,-12.021,,0.003,,0.004,0.001,eccentric_rotor,50
1/22/2025 17:54,-11.979,,,,0.007,0.005,-12.022,,0.004,,0.002,0.001,eccentric_rotor,50
1/22/2025 17:55,-11.979,,,,0.005,0.001,-12.022,,0.001,,0.002,0.004,eccentric_rotor,50
1/22/2025 17:55,-11.979,,,,0.003,0.006,-12.022,,0.008,,0.002,0.005,eccentric_rotor,50
1/22/2025 17:55,-11.979,,,,0.003,0.003,-12.022,,0.003,,0.004,0.001,eccentric_rotor,50
1/22/2025 17:55,-11.979,,,,0.002,0.001,-12.022,,0.001,,0.002,0.004,eccentric_rotor,50
1/22/2025 17:55,-11.979,,,,0.004,0.001,-12.021,,0.003,,0.005,0.001,eccentric_rotor,50
1/22/2025 17:55,-11.979,,,,0.002,0.002,-12.021,,0.001,,0.002,0.005,eccentric_rotor,50
1/22/2025 17:55,-11.979,,,,0.002,0.001,-12.021,,0.003,,0.002,0.003,eccentric_rotor,50
1/22/2025 17:55,-11.979,,,,0.003,0.001,-12.021,,0.008,,0.003,0.001,eccentric_rotor,50
1/22/2025 17:55,-11.979,,,,0.004,0.001,-12.021,,0.001,,0.002,0.001,eccentric_rotor,50
1/22/2025 17:55,-11.979,,,,0.002,0.003,-12.021,,0.001,,0.006,0.002,eccentric_rotor,50
1/22/2025 17:55,-11.979,,,,0.002,,-12.021,,0.005,,0.006,0.001,eccentric_rotor,50
1/22/2025 17:55,-11.979,,,,0.003,,-12.021,,,,0.004,0.001,eccentric_rotor,50
1/22/2025 17:56,-11.979,,,,0.006,,-12.022,,,,0.002,0.001,eccentric_rotor,50
1/22/2025 17:56,-11.979,,,,0.006,,-12.021,,,,0.002,0.003,eccentric_rotor,50
1/22/2025 17:56,-11.979,,,,0.003,,-12.021,,,,0.003,,eccentric_rotor,50
1/22/2025 17:56,-11.979,,,,0.002,,-12.022,,,,0.007,,eccentric_rotor,50
1/22/2025 17:56,-11.979,,,,0.002,,-12.022,,,,0.005,,eccentric_rotor,50
1/22/2025 17:56,-11.979,,,,0.003,,-12.022,,,,0.002,,eccentric_rotor,50
1/22/2025 17:56,-11.979,,,,0.005,,-12.022,,,,0.003,,eccentric_rotor,50
1/22/2025 17:56,-11.979,,,,0.014,,-12.022,,,,0.003,,eccentric_rotor,50
1/22/2025 17:56,-11.979,,,,0.007,,-12.022,,,,0.002,,eccentric_rotor,50
1/22/2025 17:56,-11.979,,,,0.003,,-12.022,,,,0.001,,eccentric_rotor,50
1/22/2025 17:57,-11.979,,,,0.003,,-12.022,,,,0.004,,eccentric_rotor,50
1/22/2025 17:57,-11.979,,,,0.003,,-12.022,,,,0.002,,eccentric_rotor,50
1/22/2025 17:57,-11.979,,,,0.002,,-12.022,,,,0.003,,eccentric_rotor,50
1/22/2025 17:57,-11.979,,,,0.002,,-12.022,,,,0.005,,eccentric_rotor,50
1/22/2025 17:57,-11.979,,,,0.002,,-12.022,,,,0.005,,eccentric_rotor,50
1/22/2025 17:57,-11.979,,,,0.002,,-12.022,,,,0.003,,eccentric_rotor,50
1/22/2025 17:57,-11.979,,,,0.001,,-12.022,,,,0.002,,eccentric_rotor,50
1/22/2025 17:57,-11.979,,,,0.003,,-12.022,,,,0.002,,eccentric_rotor,50
1/22/2025 17:57,-11.979,,,,0.003,,-12.022,,,,0.003,,eccentric_rotor,50
1/22/2025 17:57,-11.979,,,,0.015,,-12.022,,,,0.004,,eccentric_rotor,50
1/22/2025 17:57,-11.979,,,,0.01,,-12.022,,,,0.013,,eccentric_rotor,50
1/22/2025 17:57,-11.979,,,,0.002,,-12.022,,,,0.007,,eccentric_rotor,50
1/22/2025 17:58,-11.979,,,,0.002,,-12.022,,,,0.003,,eccentric_rotor,50
1/22/2025 17:58,-11.979,,,,0.009,,-12.022,,,,0.003,,eccentric_rotor,50
1/22/2025 17:58,-11.979,,,,0.008,,-12.022,,,,0.002,,eccentric_rotor,50
1/22/2025 17:58,-11.979,,,,0.003,,-12.022,,,,0.002,,eccentric_rotor,50
1/22/2025 17:58,-11.979,,,,0.007,,-12.021,,,,0.002,,eccentric_rotor,50
1/22/2025 17:58,-11.979,,,,0.009,,-12.022,,,,0.001,,eccentric_rotor,50
1/22/2025 17:58,-11.979,,,,0.005,,-12.022,,,,0.002,,eccentric_rotor,50
1/22/2025 17:58,-11.979,,,,0.002,,-12.022,,,,0.002,,eccentric_rotor,50
1/22/2025 17:58,-11.979,,,,0.002,,-12.022,,,,0.001,,eccentric_rotor,50
1/22/2025 17:58,-11.979,,,,0.003,,-12.022,,,,0.003,,eccentric_rotor,50
1/22/2025 17:58,-11.979,,,,0.002,,-12.022,,,,0.003,,eccentric_rotor,50
1/22/2025 17:59,-11.979,,,,0.002,,-12.022,,,,0.013,,eccentric_rotor,50
1/22/2025 17:59,-11.979,,,,0.002,,-12.022,,,,0.009,,eccentric_rotor,50
1/22/2025 17:59,-11.979,,,,0.004,,-12.022,,,,0.002,,eccentric_rotor,50
1/22/2025 17:59,-11.979,,,,,,-12.022,,,,0.002,,eccentric_rotor,50
1/22/2025 17:59,-11.979,,,,,,-12.022,,,,0.008,,eccentric_rotor,50
1/22/2025 17:59,-11.979,,,,,,-12.022,,,,0.008,,eccentric_rotor,50
1/22/2025 17:59,-11.979,,,,,,-12.022,,,,0.002,,eccentric_rotor,50
1/22/2025 17:59,-11.979,,,,,,-12.021,,,,0.006,,eccentric_rotor,50
1/22/2025 17:59,-11.979,,,,,,-12.021,,,,0.009,,eccentric_rotor,50
1/22/2025 17:59,-11.979,,,,,,-12.021,,,,0.005,,eccentric_rotor,50
1/22/2025 17:59,-11.979,,,,,,-12.021,,,,0.002,,eccentric_rotor,50
1/22/2025 17:59,-11.979,,,,,,-12.021,,,,0.001,,eccentric_rotor,50
1/22/2025 17:59,-11.979,,,,,,-12.021,,,,0.003,,eccentric_rotor,50
,,,,,,,-12.021,,,,0.002,,eccentric_rotor,50
,,,,,,,-12.021,,,,0.001,,eccentric_rotor,50
,,,,,,,-12.021,,,,0.002,,eccentric_rotor,50
,,,,,,,-12.021,,,,0.004,,eccentric_rotor,50
,,,,,,,-12.021,,,,,,eccentric_rotor,50
,,,,,,,-12.021,,,,,,eccentric_rotor,50
,,,,,,,-12.021,,,,,,eccentric_rotor,50
,,,,,,,-12.021,,,,,,eccentric_rotor,50
,,,,,,,-12.022,,,,,,eccentric_rotor,50
,,,,,,,-12.022,,,,,,eccentric_rotor,50
,,,,,,,-12.021,,,,,,eccentric_rotor,50
,,,,,,,-12.022,,,,,,eccentric_rotor,50
,,,,,,,-12.021,,,,,,eccentric_rotor,50
,,,,,,,-12.021,,,,,,eccentric_rotor,50
,,,,,,,-12.021,,,,,,eccentric_rotor,50
,,,,,,,-12.021,,,,,,eccentric_rotor,50
,,,,,,,-12.021,,,,,,eccentric_rotor,50
,,,,,,,-12.021,,,,,,eccentric_rotor,50
,,,,,,,-12.021,,,,,,eccentric_rotor,50
,,,,,,,-12.021,,,,,,eccentric_rotor,50
,,,,,,,-12.021,,,,,,eccentric_rotor,50
,,,,,,,-12.021,,,,,,eccentric_rotor,50
,,,,,,,-12.021,,,,,,eccentric_rotor,50
,,,,,,,-12.021,,,,,,eccentric_rotor,50
,,,,,,,-12.021,,,,,,eccentric_rotor,50
,,,,,,,-12.021,,,,,,eccentric_rotor,50
,,,,,,,-12.022,,,,,,eccentric_rotor,50
,,,,,,,-12.022,,,,,,eccentric_rotor,50
,,,,,,,-12.022,,,,,,eccentric_rotor,50
,,,,,,,-12.021,,,,,,eccentric_rotor,50
,,,,,,,-12.022,,,,,,eccentric_rotor,50
,,,,,,,-12.021,,,,,,eccentric_rotor,50
,,,,,,,-12.021,,,,,,eccentric_rotor,50
,,,,,,,-12.021,,,,,,eccentric_rotor,50
,,,,,,,-12.021,,,,,,eccentric_rotor,50
,,,,,,,-12.021,,,,,,eccentric_rotor,50
,,,,,,,-12.021,,,,,,eccentric_rotor,50
,,,,,,,-12.021,,,,,,eccentric_rotor,50
,,,,,,,-12.021,,,,,,eccentric_rotor,50
,,,,,,,-12.021,,,,,,eccentric_rotor,50
,,,,,,,-12.021,,,,,,eccentric_rotor,50
,,,,,,,-12.021,,,,,,eccentric_rotor,50
,,,,,,,-12.021,,,,,,eccentric_rotor,50
,,,,,,,-12.021,,,,,,eccentric_rotor,50
,,,,,,,-12.021,,,,,,eccentric_rotor,50
