timestamp,ch1_bias,ch1_derivedPk,ch1_direct,ch1_directRMS,ch1_velocityPk,ch1_velocityRMS,ch2_bias,ch2_derivedPk,ch2_direct,ch2_directRMS,ch2_velocityPk,ch2_velocityRMS,status,volts
2/13/2025 12:20,-11.982,0.239,0.742,0.169,0.062,0.018,-11.982,0.239,0.742,0.169,0.062,0.018,faulted_bearing,45
2/13/2025 12:20,-11.982,0.131,0.718,0.092,0.064,0.014,-11.982,0.131,0.718,0.092,0.064,0.014,faulted_bearing,45
2/13/2025 12:20,-11.981,0.229,0.587,0.162,0.05,0.019,-11.981,0.229,0.587,0.162,0.05,0.019,faulted_bearing,45
2/13/2025 12:20,-11.981,0.127,0.743,0.09,0.063,0.012,-11.981,0.127,0.743,0.09,0.063,0.012,faulted_bearing,45
2/13/2025 12:20,-11.981,0.231,0.618,0.164,0.053,0.018,-11.981,0.231,0.618,0.164,0.053,0.018,faulted_bearing,45
2/13/2025 12:20,-11.981,0.139,0.59,0.098,0.05,0.014,-11.981,0.139,0.59,0.098,0.05,0.014,faulted_bearing,45
2/13/2025 12:20,-11.981,0.25,0.715,0.177,0.061,0.017,-11.981,0.25,0.715,0.177,0.061,0.017,faulted_bearing,45
2/13/2025 12:20,-11.981,0.105,0.621,0.075,0.052,0.013,-11.981,0.105,0.621,0.075,0.052,0.013,faulted_bearing,45
2/13/2025 12:20,-11.981,0.228,0.804,0.161,0.065,0.018,-11.981,0.228,0.804,0.161,0.065,0.018,faulted_bearing,45
2/13/2025 12:20,-11.981,0.144,0.616,0.102,0.052,0.02,-11.981,0.144,0.616,0.102,0.052,0.02,faulted_bearing,45
2/13/2025 12:20,-11.981,0.21,0.774,0.149,0.066,0.013,-11.981,0.21,0.774,0.149,0.066,0.013,faulted_bearing,45
2/13/2025 12:20,-11.981,0.122,0.608,0.086,0.052,0.015,-11.981,0.122,0.608,0.086,0.052,0.015,faulted_bearing,45
2/13/2025 12:21,-11.981,0.136,0.789,0.096,0.068,0.02,-11.981,0.136,0.789,0.096,0.068,0.02,faulted_bearing,45
2/13/2025 12:21,-11.981,0.216,0.641,0.153,0.054,0.014,-11.981,0.216,0.641,0.153,0.054,0.014,faulted_bearing,45
2/13/2025 12:21,-11.981,0.253,0.725,0.179,0.063,0.012,-11.981,0.253,0.725,0.179,0.063,0.012,faulted_bearing,45
2/13/2025 12:21,-11.981,0.114,0.717,0.081,0.054,0.018,-11.981,0.114,0.717,0.081,0.054,0.018,faulted_bearing,45
2/13/2025 12:21,-11.981,0.139,0.607,0.098,0.05,0.013,-11.981,0.139,0.607,0.098,0.05,0.013,faulted_bearing,45
2/13/2025 12:21,-11.981,0.253,0.76,0.179,0.065,0.017,-11.981,0.253,0.76,0.179,0.065,0.017,faulted_bearing,45
2/13/2025 12:21,-11.981,0.164,0.581,0.116,0.063,0.014,-11.981,0.164,0.581,0.116,0.063,0.014,faulted_bearing,45
2/13/2025 12:21,-11.981,0.139,0.816,0.098,0.049,0.018,-11.981,0.139,0.816,0.098,0.049,0.018,faulted_bearing,45
2/13/2025 12:21,-11.981,0.227,0.618,0.16,0.066,0.018,-11.981,0.227,0.618,0.16,0.066,0.018,faulted_bearing,45
2/13/2025 12:21,-11.981,0.116,0.61,0.082,0.052,0.012,-11.981,0.116,0.61,0.082,0.052,0.012,faulted_bearing,45
2/13/2025 12:22,-11.981,0.207,0.602,0.146,0.054,0.014,-11.981,0.207,0.602,0.146,0.054,0.014,faulted_bearing,45
2/13/2025 12:22,-11.981,0.208,0.836,0.147,0.065,0.019,-11.981,0.208,0.836,0.147,0.065,0.019,faulted_bearing,45
2/13/2025 12:22,-11.981,0.138,0.59,0.098,0.05,0.013,-11.981,0.138,0.59,0.098,0.05,0.013,faulted_bearing,45
2/13/2025 12:22,-11.981,0.23,0.596,0.163,0.051,0.018,-11.981,0.23,0.596,0.163,0.051,0.018,faulted_bearing,45
2/13/2025 12:22,-11.981,0.106,0.779,0.075,0.052,0.013,-11.981,0.106,0.779,0.075,0.052,0.013,faulted_bearing,45
2/13/2025 12:22,-11.981,0.138,0.588,0.097,0.067,0.018,-11.981,0.138,0.588,0.097,0.067,0.018,faulted_bearing,45
2/13/2025 12:22,-11.981,0.237,0.775,0.167,0.05,0.014,-11.981,0.237,0.775,0.167,0.05,0.014,faulted_bearing,45
2/13/2025 12:22,-11.981,0.113,0.605,0.08,0.066,0.012,-11.981,0.113,0.605,0.08,0.066,0.012,faulted_bearing,45
2/13/2025 12:22,-11.981,0.219,0.721,0.155,0.051,0.018,-11.981,0.219,0.721,0.155,0.051,0.018,faulted_bearing,45
2/13/2025 12:22,-11.981,0.224,0.617,0.159,0.063,0.018,-11.981,0.224,0.617,0.159,0.063,0.018,faulted_bearing,45
2/13/2025 12:22,-11.981,0.127,0.779,0.09,0.065,0.012,-11.981,0.127,0.779,0.09,0.065,0.012,faulted_bearing,45
2/13/2025 12:22,-11.981,0.222,0.803,0.157,0.05,0.014,-11.981,0.222,0.803,0.157,0.05,0.014,faulted_bearing,45
2/13/2025 12:23,-11.981,0.139,0.59,0.099,0.062,0.019,-11.981,0.139,0.59,0.099,0.062,0.019,faulted_bearing,45
2/13/2025 12:23,-11.981,0.12,0.748,0.085,0.051,0.014,-11.981,0.12,0.748,0.085,0.051,0.014,faulted_bearing,45
2/13/2025 12:23,-11.981,0.225,0.603,0.159,0.051,0.018,-11.981,0.225,0.603,0.159,0.051,0.018,faulted_bearing,45
2/13/2025 12:23,-11.981,0.227,0.603,0.161,0.063,0.018,-11.981,0.227,0.603,0.161,0.063,0.018,faulted_bearing,45
2/13/2025 12:23,-11.981,0.112,0.793,0.079,0.063,0.013,-11.981,0.112,0.793,0.079,0.063,0.013,faulted_bearing,45
2/13/2025 12:23,-11.982,0.24,0.78,0.17,0.052,0.012,-11.982,0.24,0.78,0.17,0.052,0.012,faulted_bearing,45
2/13/2025 12:23,-11.981,0.158,0.575,0.112,0.067,0.018,-11.981,0.158,0.575,0.112,0.067,0.018,faulted_bearing,45
2/13/2025 12:23,-11.981,0.16,0.604,0.113,0.051,0.021,-11.981,0.16,0.604,0.113,0.051,0.021,faulted_bearing,45
2/13/2025 12:23,-11.982,0.224,0.795,0.158,0.052,0.012,-11.982,0.224,0.795,0.158,0.052,0.012,faulted_bearing,45
2/13/2025 12:23,-11.982,0.237,0.785,0.168,0.063,0.018,-11.982,0.237,0.785,0.168,0.063,0.018,faulted_bearing,45
2/13/2025 12:23,-11.981,0.13,0.588,0.092,0.065,0.014,-11.981,0.13,0.588,0.092,0.065,0.014,faulted_bearing,45
2/13/2025 12:23,-11.981,0.115,0.593,0.082,0.049,0.019,-11.981,0.115,0.593,0.082,0.049,0.019,faulted_bearing,45
2/13/2025 12:24,-11.982,0.237,0.711,0.167,0.058,0.013,-11.982,0.237,0.711,0.167,0.058,0.013,faulted_bearing,45
2/13/2025 12:24,-11.981,0.283,0.795,0.2,0.051,0.019,-11.981,0.283,0.795,0.2,0.051,0.019,faulted_bearing,45
2/13/2025 12:24,-11.982,0.123,0.573,0.087,0.064,0.014,-11.982,0.123,0.573,0.087,0.064,0.014,faulted_bearing,45
2/13/2025 12:24,-11.982,0.241,0.754,0.171,0.051,0.013,-11.982,0.241,0.754,0.171,0.051,0.013,faulted_bearing,45
2/13/2025 12:24,-11.982,0.151,0.602,0.107,0.065,0.018,-11.982,0.151,0.602,0.107,0.065,0.018,faulted_bearing,45
2/13/2025 12:24,-11.982,0.132,0.816,0.093,0.051,0.014,-11.982,0.132,0.816,0.093,0.051,0.014,faulted_bearing,45
2/13/2025 12:24,-11.982,0.231,0.61,0.164,0.067,0.013,-11.982,0.231,0.61,0.164,0.067,0.013,faulted_bearing,45
2/13/2025 12:24,-11.982,0.222,0.757,0.157,0.051,0.018,-11.982,0.222,0.757,0.157,0.051,0.018,faulted_bearing,45
2/13/2025 12:24,-11.982,0.147,0.603,0.104,0.054,0.018,-11.982,0.147,0.603,0.104,0.054,0.018,faulted_bearing,45
2/13/2025 12:24,-11.982,0.208,0.777,0.147,0.064,0.013,-11.982,0.208,0.777,0.147,0.064,0.013,faulted_bearing,45
2/13/2025 12:24,-11.982,0.122,0.606,0.086,0.069,0.019,-11.982,0.122,0.606,0.086,0.069,0.019,faulted_bearing,45
2/13/2025 12:24,-11.982,0.236,0.767,0.167,0.05,0.012,-11.982,0.236,0.767,0.167,0.05,0.012,faulted_bearing,45
2/13/2025 12:24,-11.982,0.162,0.762,0.115,0.062,0.018,-11.982,0.162,0.762,0.115,0.062,0.018,faulted_bearing,45
2/13/2025 12:24,-11.982,0.116,0.597,0.082,0.051,0.015,-11.982,0.116,0.597,0.082,0.051,0.015,faulted_bearing,45
2/13/2025 12:25,-11.982,0.208,0.652,0.147,0.064,0.013,-11.982,0.208,0.652,0.147,0.064,0.013,faulted_bearing,45
2/13/2025 12:25,-11.982,0.237,0.75,0.167,0.051,0.018,-11.982,0.237,0.75,0.167,0.051,0.018,faulted_bearing,45
2/13/2025 12:25,-11.981,0.122,0.778,0.086,0.054,0.013,-11.981,0.122,0.778,0.086,0.054,0.013,faulted_bearing,45
2/13/2025 12:25,-11.982,0.234,0.613,0.165,0.064,0.019,-11.982,0.234,0.613,0.165,0.064,0.019,faulted_bearing,45
2/13/2025 12:25,-11.981,0.109,0.728,0.077,0.051,0.014,-11.981,0.109,0.728,0.077,0.051,0.014,faulted_bearing,45
2/13/2025 12:25,-11.981,0.176,0.598,0.125,0.062,0.013,-11.981,0.176,0.598,0.125,0.062,0.013,faulted_bearing,45
2/13/2025 12:25,-11.982,0.246,0.716,0.174,0.052,0.017,-11.982,0.246,0.716,0.174,0.052,0.017,faulted_bearing,45
2/13/2025 12:25,-11.982,0.131,0.579,0.092,0.063,0.018,-11.982,0.131,0.579,0.092,0.063,0.018,faulted_bearing,45
2/13/2025 12:25,-11.982,0.218,0.744,0.154,0.052,0.012,-11.982,0.218,0.744,0.154,0.052,0.012,faulted_bearing,45
2/13/2025 12:25,-11.982,0.141,0.771,0.1,0.062,0.018,-11.982,0.141,0.771,0.1,0.062,0.018,faulted_bearing,45
2/13/2025 12:25,-11.982,0.214,0.589,0.151,0.052,0.013,-11.982,0.214,0.589,0.151,0.052,0.013,faulted_bearing,45
2/13/2025 12:25,-11.982,0.139,0.785,0.099,0.064,0.013,-11.982,0.139,0.785,0.099,0.064,0.013,faulted_bearing,45
2/13/2025 12:25,-11.982,0.126,0.785,0.089,0.069,0.018,-11.982,0.126,0.785,0.089,0.069,0.018,faulted_bearing,45
2/13/2025 12:25,-11.982,0.21,0.591,0.149,0.05,0.02,-11.982,0.21,0.591,0.149,0.05,0.02,faulted_bearing,45
2/13/2025 12:26,-11.982,0.207,0.783,0.146,0.064,0.014,-11.982,0.207,0.783,0.146,0.064,0.014,faulted_bearing,45
2/13/2025 12:26,-11.982,0.114,0.586,0.081,0.05,0.02,-11.982,0.114,0.586,0.081,0.05,0.02,faulted_bearing,45
2/13/2025 12:26,-11.982,0.208,0.819,0.147,0.066,0.017,-11.982,0.208,0.819,0.147,0.066,0.017,faulted_bearing,45
2/13/2025 12:26,-11.982,0.137,0.605,0.097,0.053,0.014,-11.982,0.137,0.605,0.097,0.053,0.014,faulted_bearing,45
2/13/2025 12:26,-11.982,0.131,0.6,0.093,0.071,0.021,-11.982,0.131,0.6,0.093,0.071,0.021,faulted_bearing,45
2/13/2025 12:26,-11.982,0.224,0.739,0.159,0.052,0.013,-11.982,0.224,0.739,0.159,0.052,0.013,faulted_bearing,45
2/13/2025 12:26,-11.982,0.13,0.772,0.092,0.065,0.019,-11.982,0.13,0.772,0.092,0.065,0.019,faulted_bearing,45
2/13/2025 12:26,-11.982,0.259,0.543,0.183,0.048,0.014,-11.982,0.259,0.543,0.183,0.048,0.014,faulted_bearing,45
2/13/2025 12:26,-11.982,0.257,0.589,0.182,0.048,0.019,-11.982,0.257,0.589,0.182,0.048,0.019,faulted_bearing,45
2/13/2025 12:26,-11.982,0.214,0.698,0.152,0.068,0.014,-11.982,0.214,0.698,0.152,0.068,0.014,faulted_bearing,45
2/13/2025 12:26,-11.982,0.138,0.765,0.098,0.052,0.019,-11.982,0.138,0.765,0.098,0.052,0.019,faulted_bearing,45
2/13/2025 12:27,-11.982,0.235,0.605,0.166,0.051,0.014,-11.982,0.235,0.605,0.166,0.051,0.014,faulted_bearing,45
2/13/2025 12:27,-11.982,0.127,0.609,0.09,0.05,0.019,-11.982,0.127,0.609,0.09,0.05,0.019,faulted_bearing,45
2/13/2025 12:27,-11.982,0.124,0.618,0.088,0.065,0.018,-11.982,0.124,0.618,0.088,0.065,0.018,faulted_bearing,45
2/13/2025 12:27,-11.983,0.229,0.795,0.162,0.05,0.013,-11.983,0.229,0.795,0.162,0.05,0.013,faulted_bearing,45
2/13/2025 12:27,-11.983,0.241,0.59,0.17,0.065,0.018,-11.983,0.241,0.59,0.17,0.065,0.018,faulted_bearing,45
2/13/2025 12:27,-11.982,0.126,0.556,0.089,0.053,0.013,-11.982,0.126,0.556,0.089,0.053,0.013,faulted_bearing,45
2/13/2025 12:27,-11.982,0.238,0.755,0.168,0.064,0.02,-11.982,0.238,0.755,0.168,0.064,0.02,faulted_bearing,45
2/13/2025 12:27,-11.982,0.16,0.599,0.113,0.063,0.013,-11.982,0.16,0.599,0.113,0.063,0.013,faulted_bearing,45
2/13/2025 12:27,-11.982,0.23,0.752,0.162,0.052,0.019,-11.982,0.23,0.752,0.162,0.052,0.019,faulted_bearing,45
2/13/2025 12:27,-11.982,0.23,0.596,0.163,0.064,0.018,-11.982,0.23,0.596,0.163,0.064,0.018,faulted_bearing,45
2/13/2025 12:27,-11.982,0.118,0.763,0.083,0.066,0.013,-11.982,0.118,0.763,0.083,0.066,0.013,faulted_bearing,45
2/13/2025 12:27,-11.982,0.219,0.594,0.155,0.052,0.019,-11.982,0.219,0.594,0.155,0.052,0.019,faulted_bearing,45
2/13/2025 12:28,-11.982,0.123,0.613,0.087,0.071,0.013,-11.982,0.123,0.613,0.087,0.071,0.013,faulted_bearing,45
2/13/2025 12:28,-11.982,0.252,0.794,0.178,0.064,0.015,-11.982,0.252,0.794,0.178,0.064,0.015,faulted_bearing,45
2/13/2025 12:28,-11.982,0.115,0.609,0.081,0.052,0.019,-11.982,0.115,0.609,0.081,0.052,0.019,faulted_bearing,45
2/13/2025 12:28,-11.982,0.247,0.824,0.175,0.066,0.013,-11.982,0.247,0.824,0.175,0.066,0.013,faulted_bearing,45
2/13/2025 12:28,-11.982,0.133,0.75,0.094,0.063,0.02,-11.982,0.133,0.75,0.094,0.063,0.02,faulted_bearing,45
2/13/2025 12:28,-11.982,0.216,0.603,0.152,0.053,0.013,-11.982,0.216,0.603,0.152,0.053,0.013,faulted_bearing,45
2/13/2025 12:28,-11.982,0.207,0.796,0.147,0.052,0.018,-11.982,0.207,0.796,0.147,0.052,0.018,faulted_bearing,45
2/13/2025 12:28,-11.982,0.132,0.615,0.094,0.065,0.015,-11.982,0.132,0.615,0.094,0.065,0.015,faulted_bearing,45
2/13/2025 12:28,-11.982,0.164,0.766,0.116,0.051,0.013,-11.982,0.164,0.766,0.116,0.051,0.013,faulted_bearing,45
2/13/2025 12:28,-11.982,0.234,0.62,0.165,0.068,0.018,-11.982,0.234,0.62,0.165,0.068,0.018,faulted_bearing,45
2/13/2025 12:28,-11.982,0.121,0.763,0.086,0.066,0.014,-11.982,0.121,0.763,0.086,0.066,0.014,faulted_bearing,45
2/13/2025 12:28,-11.982,0.246,0.597,0.174,0.067,0.017,-11.982,0.246,0.597,0.174,0.067,0.017,faulted_bearing,45
2/13/2025 12:28,-11.982,0.23,0.776,0.162,0.052,0.013,-11.982,0.23,0.776,0.162,0.052,0.013,faulted_bearing,45
2/13/2025 12:29,-11.982,0.149,0.774,0.105,0.051,0.018,-11.982,0.149,0.774,0.105,0.051,0.018,faulted_bearing,45
2/13/2025 12:29,-11.982,0.126,0.605,0.089,0.064,0.017,-11.982,0.126,0.605,0.089,0.064,0.017,faulted_bearing,45
2/13/2025 12:29,-11.982,0.223,0.784,0.158,0.065,0.015,-11.982,0.223,0.784,0.158,0.065,0.015,faulted_bearing,45
2/13/2025 12:29,-11.982,0.199,0.777,0.14,0.053,0.019,-11.982,0.199,0.777,0.14,0.053,0.019,faulted_bearing,45
2/13/2025 12:29,-11.982,0.132,0.633,0.093,0.065,0.019,-11.982,0.132,0.633,0.093,0.065,0.019,faulted_bearing,45
2/13/2025 12:29,-11.982,0.22,0.602,0.155,0.047,0.014,-11.982,0.22,0.602,0.155,0.047,0.014,faulted_bearing,45
2/13/2025 12:29,-11.982,0.205,0.746,0.145,0.067,0.018,-11.982,0.205,0.746,0.145,0.067,0.018,faulted_bearing,45
2/13/2025 12:29,-11.982,0.164,0.763,0.116,0.052,0.015,-11.982,0.164,0.763,0.116,0.052,0.015,faulted_bearing,45
2/13/2025 12:29,-11.982,0.171,0.573,0.121,0.065,0.013,-11.982,0.171,0.573,0.121,0.065,0.013,faulted_bearing,45
2/13/2025 12:29,-11.982,0.238,0.786,0.168,0.066,0.019,-11.982,0.238,0.786,0.168,0.066,0.019,faulted_bearing,45
2/13/2025 12:29,-11.982,0.156,0.63,0.111,0.051,0.019,-11.982,0.156,0.63,0.111,0.051,0.019,faulted_bearing,45
2/13/2025 12:29,-11.982,0.225,0.619,0.159,0.05,0.014,-11.982,0.225,0.619,0.159,0.05,0.014,faulted_bearing,45
2/13/2025 12:30,-11.982,0.146,0.598,0.103,0.066,0.019,-11.982,0.146,0.598,0.103,0.066,0.019,faulted_bearing,45
2/13/2025 12:30,-11.982,0.128,0.777,0.09,0.067,0.014,-11.982,0.128,0.777,0.09,0.067,0.014,faulted_bearing,45
2/13/2025 12:30,-11.982,0.218,0.77,0.154,0.05,0.018,-11.982,0.218,0.77,0.154,0.05,0.018,faulted_bearing,45
2/13/2025 12:30,-11.982,0.236,0.573,0.167,0.054,0.013,-11.982,0.236,0.573,0.167,0.054,0.013,faulted_bearing,45
2/13/2025 12:30,-11.982,0.144,0.811,0.102,0.068,0.014,-11.982,0.144,0.811,0.102,0.068,0.014,faulted_bearing,45
2/13/2025 12:30,-11.982,0.241,0.639,0.17,0.051,0.023,-11.982,0.241,0.639,0.17,0.051,0.023,faulted_bearing,45
2/13/2025 12:30,-11.982,0.124,0.829,0.088,0.074,0.019,-11.982,0.124,0.829,0.088,0.074,0.019,faulted_bearing,45
2/13/2025 12:30,-11.982,0.243,0.783,0.172,0.052,0.013,-11.982,0.243,0.783,0.172,0.052,0.013,faulted_bearing,45
2/13/2025 12:30,-11.982,0.122,0.621,0.086,0.067,0.019,-11.982,0.122,0.621,0.086,0.067,0.019,faulted_bearing,45
2/13/2025 12:30,-11.982,0.239,0.782,0.169,0.065,0.013,-11.982,0.239,0.782,0.169,0.065,0.013,faulted_bearing,45
2/13/2025 12:30,-11.982,0.141,0.612,0.1,0.051,0.018,-11.982,0.141,0.612,0.1,0.051,0.018,faulted_bearing,45
2/13/2025 12:30,-11.982,0.23,0.803,0.163,0.062,0.028,-11.982,0.23,0.803,0.163,0.062,0.028,faulted_bearing,45
2/13/2025 12:31,-11.982,0.147,0.611,0.104,0.051,0.014,-11.982,0.147,0.611,0.104,0.051,0.014,faulted_bearing,45
2/13/2025 12:31,-11.982,0.146,0.755,0.103,0.065,0.015,-11.982,0.146,0.755,0.103,0.065,0.015,faulted_bearing,45
2/13/2025 12:31,-11.982,0.232,0.742,0.164,0.05,0.018,-11.982,0.232,0.742,0.164,0.05,0.018,faulted_bearing,45
2/13/2025 12:31,-11.982,0.161,0.587,0.114,0.064,0.018,-11.982,0.161,0.587,0.114,0.064,0.018,faulted_bearing,45
2/13/2025 12:31,-11.982,0.225,0.607,0.159,0.051,0.013,-11.982,0.225,0.607,0.159,0.051,0.013,faulted_bearing,45
2/13/2025 12:31,-11.982,0.125,0.759,0.088,0.054,0.018,-11.982,0.125,0.759,0.088,0.054,0.018,faulted_bearing,45
2/13/2025 12:31,-11.982,0.226,0.764,0.16,0.064,0.013,-11.982,0.226,0.764,0.16,0.064,0.013,faulted_bearing,45
2/13/2025 12:31,-11.982,0.134,0.608,0.095,0.05,0.014,-11.982,0.134,0.608,0.095,0.05,0.014,faulted_bearing,45
2/13/2025 12:31,-11.982,0.146,0.763,0.103,0.053,0.018,-11.982,0.146,0.763,0.103,0.053,0.018,faulted_bearing,45
2/13/2025 12:31,-11.982,0.225,0.597,0.159,0.066,0.013,-11.982,0.225,0.597,0.159,0.066,0.013,faulted_bearing,45
2/13/2025 12:31,-11.982,0.126,0.815,0.089,0.067,0.018,-11.982,0.126,0.815,0.089,0.067,0.018,faulted_bearing,45
2/13/2025 12:31,-11.982,0.224,0.611,0.158,0.055,0.014,-11.982,0.224,0.611,0.158,0.055,0.014,faulted_bearing,45
2/13/2025 12:31,-11.982,0.154,0.623,0.109,0.067,0.019,-11.982,0.154,0.623,0.109,0.067,0.019,faulted_bearing,45
2/13/2025 12:32,-11.982,0.232,0.825,0.164,0.052,0.014,-11.982,0.232,0.825,0.164,0.052,0.014,faulted_bearing,45
2/13/2025 12:32,-11.982,0.132,0.628,0.093,0.051,0.018,-11.982,0.132,0.628,0.093,0.051,0.018,faulted_bearing,45
2/13/2025 12:32,-11.982,0.227,0.77,0.161,0.066,0.013,-11.982,0.227,0.77,0.161,0.066,0.013,faulted_bearing,45
2/13/2025 12:32,-11.982,0.136,0.621,0.096,0.053,0.021,-11.982,0.136,0.621,0.096,0.053,0.021,faulted_bearing,45
2/13/2025 12:32,-11.982,0.268,0.769,0.19,0.066,0.013,-11.982,0.268,0.769,0.19,0.066,0.013,faulted_bearing,45
2/13/2025 12:32,-11.982,0.135,0.62,0.096,0.049,0.018,-11.982,0.135,0.62,0.096,0.049,0.018,faulted_bearing,45
2/13/2025 12:32,-11.982,0.22,0.625,0.155,0.053,0.014,-11.982,0.22,0.625,0.155,0.053,0.014,faulted_bearing,45
2/13/2025 12:32,-11.982,0.151,0.755,0.107,0.068,0.018,-11.982,0.151,0.755,0.107,0.068,0.018,faulted_bearing,45
2/13/2025 12:32,-11.982,0.233,0.739,0.165,0.056,0.019,-11.982,0.233,0.739,0.165,0.056,0.019,faulted_bearing,45
2/13/2025 12:32,-11.982,0.237,0.593,0.168,0.055,0.013,-11.982,0.237,0.593,0.168,0.055,0.013,faulted_bearing,45
2/13/2025 12:32,-11.982,0.128,0.801,0.09,0.068,0.018,-11.982,0.128,0.801,0.09,0.068,0.018,faulted_bearing,45
2/13/2025 12:32,-11.982,0.235,0.631,0.166,0.062,0.014,-11.982,0.235,0.631,0.166,0.062,0.014,faulted_bearing,45
2/13/2025 12:33,-11.982,0.138,0.635,0.097,0.048,0.019,-11.982,0.138,0.635,0.097,0.048,0.019,faulted_bearing,45
2/13/2025 12:33,-11.982,0.137,0.78,0.097,0.063,0.014,-11.982,0.137,0.78,0.097,0.063,0.014,faulted_bearing,45
2/13/2025 12:33,-11.982,0.233,0.763,0.165,0.063,0.019,-11.982,0.233,0.763,0.165,0.063,0.019,faulted_bearing,45
2/13/2025 12:33,-11.982,0.242,0.591,0.171,0.052,0.013,-11.982,0.242,0.591,0.171,0.052,0.013,faulted_bearing,45
2/13/2025 12:33,-11.982,0.127,0.696,0.09,0.052,0.021,-11.982,0.127,0.696,0.09,0.052,0.021,faulted_bearing,45
2/13/2025 12:33,-11.982,0.262,0.739,0.185,0.066,0.014,-11.982,0.262,0.739,0.185,0.066,0.014,faulted_bearing,45
2/13/2025 12:33,-11.982,0.153,0.595,0.108,0.053,0.019,-11.982,0.153,0.595,0.108,0.053,0.019,faulted_bearing,45
2/13/2025 12:33,-11.982,0.239,0.613,0.169,0.064,0.017,-11.982,0.239,0.613,0.169,0.064,0.017,faulted_bearing,45
2/13/2025 12:33,-11.982,0.209,0.753,0.148,0.051,0.013,-11.982,0.209,0.753,0.148,0.051,0.013,faulted_bearing,45
2/13/2025 12:33,-11.982,0.121,0.594,0.085,0.065,0.018,-11.982,0.121,0.594,0.085,0.065,0.018,faulted_bearing,45
2/13/2025 12:33,-11.982,0.234,0.742,0.165,0.067,0.014,-11.982,0.234,0.742,0.165,0.067,0.014,faulted_bearing,45
2/13/2025 12:33,-11.982,0.13,0.735,0.092,0.052,0.015,-11.982,0.13,0.735,0.092,0.052,0.015,faulted_bearing,45
2/13/2025 12:34,-11.982,0.175,0.618,0.124,0.068,0.019,-11.982,0.175,0.618,0.124,0.068,0.019,faulted_bearing,45
2/13/2025 12:34,-11.982,0.228,0.771,0.162,0.051,0.019,-11.982,0.228,0.771,0.162,0.051,0.019,faulted_bearing,45
2/13/2025 12:34,-11.982,0.241,0.605,0.17,0.067,0.02,-11.982,0.241,0.605,0.17,0.067,0.02,faulted_bearing,45
2/13/2025 12:34,-11.982,0.136,0.813,0.096,0.051,0.013,-11.982,0.136,0.813,0.096,0.051,0.013,faulted_bearing,45
2/13/2025 12:34,-11.982,0.148,0.594,0.104,0.068,0.015,-11.982,0.148,0.594,0.104,0.068,0.015,faulted_bearing,45
2/13/2025 12:34,-11.982,0.213,0.789,0.151,0.053,0.019,-11.982,0.213,0.789,0.151,0.053,0.019,faulted_bearing,45
2/13/2025 12:34,-11.982,0.134,0.633,0.095,0.068,0.013,-11.982,0.134,0.633,0.095,0.068,0.013,faulted_bearing,45
2/13/2025 12:34,-11.982,0.135,0.777,0.096,0.053,0.014,-11.982,0.135,0.777,0.096,0.053,0.014,faulted_bearing,45
2/13/2025 12:34,-11.982,0.24,0.775,0.17,0.07,0.019,-11.982,0.24,0.775,0.17,0.07,0.019,faulted_bearing,45
2/13/2025 12:34,-11.982,0.137,0.604,0.097,0.052,0.013,-11.982,0.137,0.604,0.097,0.052,0.013,faulted_bearing,45
2/13/2025 12:34,-11.982,0.237,0.622,0.167,0.067,0.019,-11.982,0.237,0.622,0.167,0.067,0.019,faulted_bearing,45
2/13/2025 12:34,-11.982,0.159,0.783,0.113,0.053,0.019,-11.982,0.159,0.783,0.113,0.053,0.019,faulted_bearing,45
2/13/2025 12:35,-11.982,0.226,0.788,0.16,0.067,0.015,-11.982,0.226,0.788,0.16,0.067,0.015,faulted_bearing,45
2/13/2025 12:35,-11.982,0.213,0.627,0.151,0.054,0.014,-11.982,0.213,0.627,0.151,0.054,0.014,faulted_bearing,45
2/13/2025 12:35,-11.982,0.156,0.618,0.11,0.062,0.017,-11.982,0.156,0.618,0.11,0.062,0.017,faulted_bearing,45
2/13/2025 12:35,-11.982,0.237,0.809,0.168,0.055,0.019,-11.982,0.237,0.809,0.168,0.055,0.019,faulted_bearing,45
2/13/2025 12:35,-11.982,0.162,0.619,0.115,0.064,0.015,-11.982,0.162,0.619,0.115,0.064,0.015,faulted_bearing,45
2/13/2025 12:35,-11.982,0.124,0.794,0.088,0.052,0.012,-11.982,0.124,0.794,0.088,0.052,0.012,faulted_bearing,45
2/13/2025 12:35,-11.982,0.234,0.587,0.165,0.067,0.019,-11.982,0.234,0.587,0.165,0.067,0.019,faulted_bearing,45
2/13/2025 12:35,-11.982,0.138,0.642,0.097,0.053,0.014,-11.982,0.138,0.642,0.097,0.053,0.014,faulted_bearing,45
2/13/2025 12:35,-11.982,0.208,0.724,0.147,0.051,0.017,-11.982,0.208,0.724,0.147,0.051,0.017,faulted_bearing,45
2/13/2025 12:35,-11.982,0.153,0.625,0.108,0.065,0.015,-11.982,0.153,0.625,0.108,0.065,0.015,faulted_bearing,45
2/13/2025 12:35,-11.982,0.229,0.789,0.162,0.052,0.019,-11.982,0.229,0.789,0.162,0.052,0.019,faulted_bearing,45
2/13/2025 12:35,-11.982,0.139,0.612,0.098,0.062,0.014,-11.982,0.139,0.612,0.098,0.062,0.014,faulted_bearing,45
2/13/2025 12:35,-11.982,0.221,0.619,0.156,0.066,0.019,-11.982,0.221,0.619,0.156,0.066,0.019,faulted_bearing,45
2/13/2025 12:36,-11.982,0.22,0.8,0.156,0.054,0.013,-11.982,0.22,0.8,0.156,0.054,0.013,faulted_bearing,45
2/13/2025 12:36,-11.982,0.145,0.762,0.102,0.052,0.018,-11.982,0.145,0.762,0.102,0.052,0.018,faulted_bearing,45
2/13/2025 12:36,-11.982,0.219,0.637,0.155,0.067,0.015,-11.982,0.219,0.637,0.155,0.067,0.015,faulted_bearing,45
2/13/2025 12:36,-11.982,0.172,0.796,0.121,0.053,0.013,-11.982,0.172,0.796,0.121,0.053,0.013,faulted_bearing,45
2/13/2025 12:36,-11.982,0.13,0.629,0.092,0.063,0.018,-11.982,0.13,0.629,0.092,0.063,0.018,faulted_bearing,45
2/13/2025 12:36,-11.982,0.208,0.633,0.147,0.052,0.015,-11.982,0.208,0.633,0.147,0.052,0.015,faulted_bearing,45
2/13/2025 12:36,-11.982,0.156,0.601,0.11,0.067,0.019,-11.982,0.156,0.601,0.11,0.067,0.019,faulted_bearing,45
2/13/2025 12:36,-11.982,0.233,0.757,0.165,0.052,0.013,-11.982,0.233,0.757,0.165,0.052,0.013,faulted_bearing,45
2/13/2025 12:36,-11.982,0.128,0.591,0.09,0.065,0.018,-11.982,0.128,0.591,0.09,0.065,0.018,faulted_bearing,45
2/13/2025 12:36,-11.982,0.213,0.786,0.151,0.056,0.014,-11.982,0.213,0.786,0.151,0.056,0.014,faulted_bearing,45
2/13/2025 12:36,-11.982,0.138,0.738,0.098,0.06,0.013,-11.982,0.138,0.738,0.098,0.06,0.013,faulted_bearing,45
2/13/2025 12:37,-11.982,0.117,0.632,0.083,0.052,0.018,-11.982,0.117,0.632,0.083,0.052,0.018,faulted_bearing,45
2/13/2025 12:37,-11.982,0.228,0.794,0.161,0.063,0.014,-11.982,0.228,0.794,0.161,0.063,0.014,faulted_bearing,45
2/13/2025 12:37,-11.982,0.155,0.611,0.11,0.053,0.02,-11.982,0.155,0.611,0.11,0.053,0.02,faulted_bearing,45
2/13/2025 12:37,-11.982,0.236,0.753,0.167,0.054,0.015,-11.982,0.236,0.753,0.167,0.054,0.015,faulted_bearing,45
2/13/2025 12:37,-11.982,0.162,0.626,0.115,0.069,0.014,-11.982,0.162,0.626,0.115,0.069,0.014,faulted_bearing,45
2/13/2025 12:37,-11.982,0.211,0.75,0.149,0.06,0.019,-11.982,0.211,0.75,0.149,0.06,0.019,faulted_bearing,45
2/13/2025 12:37,-11.982,0.155,0.605,0.11,0.054,0.013,-11.982,0.155,0.605,0.11,0.054,0.013,faulted_bearing,45
2/13/2025 12:37,-11.982,0.226,0.619,0.16,0.052,0.014,-11.982,0.226,0.619,0.16,0.052,0.014,faulted_bearing,45
2/13/2025 12:37,-11.982,0.133,0.732,0.094,0.065,0.018,-11.982,0.133,0.732,0.094,0.065,0.018,faulted_bearing,45
2/13/2025 12:37,-11.982,0.153,0.635,0.108,0.053,0.015,-11.982,0.153,0.635,0.108,0.053,0.015,faulted_bearing,45
2/13/2025 12:37,-11.982,0.22,0.712,0.156,0.065,0.027,-11.982,0.22,0.712,0.156,0.065,0.027,faulted_bearing,45
2/13/2025 12:37,-11.982,0.232,0.753,0.164,0.07,0.021,-11.982,0.232,0.753,0.164,0.07,0.021,faulted_bearing,45
2/13/2025 12:38,-11.982,0.171,0.611,0.121,0.052,0.015,-11.982,0.171,0.611,0.121,0.052,0.015,faulted_bearing,45
2/13/2025 12:38,-11.982,0.221,0.609,0.156,0.05,0.018,-11.982,0.221,0.609,0.156,0.05,0.018,faulted_bearing,45
2/13/2025 12:38,-11.982,0.174,0.769,0.123,0.06,0.013,-11.982,0.174,0.769,0.123,0.06,0.013,faulted_bearing,45
2/13/2025 12:38,-11.982,0.22,0.797,0.156,0.052,0.019,-11.982,0.22,0.797,0.156,0.052,0.019,faulted_bearing,45
2/13/2025 12:38,-11.982,0.122,0.599,0.086,0.067,0.019,-11.982,0.122,0.599,0.086,0.067,0.019,faulted_bearing,45
2/13/2025 12:38,-11.982,0.225,0.63,0.159,0.065,0.015,-11.982,0.225,0.63,0.159,0.065,0.015,faulted_bearing,45
2/13/2025 12:38,-11.981,0.233,0.708,0.165,0.052,0.014,-11.981,0.233,0.708,0.165,0.052,0.014,faulted_bearing,45
2/13/2025 12:38,-11.981,0.151,0.642,0.107,0.061,0.019,-11.981,0.151,0.642,0.107,0.061,0.019,faulted_bearing,45
2/13/2025 12:38,-11.981,0.142,0.796,0.1,0.054,0.018,-11.981,0.142,0.796,0.1,0.054,0.018,faulted_bearing,45
2/13/2025 12:38,-11.981,0.224,0.627,0.158,0.063,0.015,-11.981,0.224,0.627,0.158,0.063,0.015,faulted_bearing,45
2/13/2025 12:38,-11.981,0.235,0.758,0.166,0.053,0.014,-11.981,0.235,0.758,0.166,0.053,0.014,faulted_bearing,45
2/13/2025 12:38,-11.981,0.17,0.624,0.121,0.066,0.02,-11.981,0.17,0.624,0.121,0.066,0.02,faulted_bearing,45
2/13/2025 12:38,-11.981,0.137,0.714,0.097,0.054,0.015,-11.981,0.137,0.714,0.097,0.054,0.015,faulted_bearing,45
2/13/2025 12:39,-11.981,0.205,0.747,0.145,0.069,0.018,-11.981,0.205,0.747,0.145,0.069,0.018,faulted_bearing,45
2/13/2025 12:39,-11.981,0.247,0.628,0.175,0.066,0.013,-11.981,0.247,0.628,0.175,0.066,0.013,faulted_bearing,45
2/13/2025 12:39,-11.981,0.141,0.624,0.1,0.053,0.014,-11.981,0.141,0.624,0.1,0.053,0.014,faulted_bearing,45
2/13/2025 12:39,-11.981,0.125,0.743,0.089,0.051,0.018,-11.981,0.125,0.743,0.089,0.051,0.018,faulted_bearing,45
2/13/2025 12:39,-11.981,0.203,0.784,0.143,0.065,0.018,-11.981,0.203,0.784,0.143,0.065,0.018,faulted_bearing,45
2/13/2025 12:39,-11.982,0.134,0.62,0.094,0.053,0.014,-11.982,0.134,0.62,0.094,0.053,0.014,faulted_bearing,45
2/13/2025 12:39,-11.982,0.214,0.779,0.151,0.066,0.014,-11.982,0.214,0.779,0.151,0.066,0.014,faulted_bearing,45
2/13/2025 12:39,-11.982,0.215,0.621,0.152,0.054,0.018,-11.982,0.215,0.621,0.152,0.054,0.018,faulted_bearing,45
2/13/2025 12:39,-11.982,0.15,0.604,0.106,0.061,0.019,-11.982,0.15,0.604,0.106,0.061,0.019,faulted_bearing,45
2/13/2025 12:39,-11.982,0.129,0.737,0.091,0.053,0.014,-11.982,0.129,0.737,0.091,0.053,0.014,faulted_bearing,45
2/13/2025 12:39,-11.982,0.225,0.642,0.159,0.052,0.017,-11.982,0.225,0.642,0.159,0.052,0.017,faulted_bearing,45
2/13/2025 12:39,-11.982,0.244,0.8,0.173,0.067,0.013,-11.982,0.244,0.8,0.173,0.067,0.013,faulted_bearing,45
2/13/2025 12:40,-11.982,0.158,0.632,0.112,0.051,0.02,-11.982,0.158,0.632,0.112,0.051,0.02,faulted_bearing,45
2/13/2025 12:40,-11.982,0.209,0.621,0.148,0.068,0.014,-11.982,0.209,0.621,0.148,0.068,0.014,faulted_bearing,45
2/13/2025 12:40,-11.981,0.122,0.708,0.087,0.055,0.017,-11.981,0.122,0.708,0.087,0.055,0.017,faulted_bearing,45
2/13/2025 12:40,-11.981,0.252,0.628,0.178,0.053,0.013,-11.981,0.252,0.628,0.178,0.053,0.013,faulted_bearing,45
2/13/2025 12:40,-11.981,0.154,0.825,0.109,0.06,0.019,-11.981,0.154,0.825,0.109,0.06,0.019,faulted_bearing,45
2/13/2025 12:40,-11.982,0.136,0.63,0.096,0.055,0.015,-11.982,0.136,0.63,0.096,0.055,0.015,faulted_bearing,45
2/13/2025 12:40,-11.981,0.207,0.764,0.146,0.06,0.017,-11.981,0.207,0.764,0.146,0.06,0.017,faulted_bearing,45
2/13/2025 12:40,-11.982,0.236,0.629,0.167,0.054,0.014,-11.982,0.236,0.629,0.167,0.054,0.014,faulted_bearing,45
2/13/2025 12:40,-11.981,0.208,0.74,0.147,0.063,0.018,-11.981,0.208,0.74,0.147,0.063,0.018,faulted_bearing,45
2/13/2025 12:40,-11.981,0.149,0.65,0.105,0.054,0.013,-11.981,0.149,0.65,0.105,0.054,0.013,faulted_bearing,45
2/13/2025 12:40,-11.982,0.225,0.723,0.159,0.062,0.018,-11.982,0.225,0.723,0.159,0.062,0.018,faulted_bearing,45
2/13/2025 12:40,-11.982,0.126,0.651,0.089,0.054,0.013,-11.982,0.126,0.651,0.089,0.054,0.013,faulted_bearing,45
2/13/2025 12:41,-11.982,0.231,0.584,0.163,0.063,0.018,-11.982,0.231,0.584,0.163,0.063,0.018,faulted_bearing,45
2/13/2025 12:41,-11.982,0.125,0.757,0.088,0.055,0.014,-11.982,0.125,0.757,0.088,0.055,0.014,faulted_bearing,45
2/13/2025 12:41,-11.982,0.211,0.623,0.149,0.068,0.019,-11.982,0.211,0.623,0.149,0.068,0.019,faulted_bearing,45
2/13/2025 12:41,-11.981,0.139,0.603,0.099,0.055,0.02,-11.981,0.139,0.603,0.099,0.055,0.02,faulted_bearing,45
2/13/2025 12:41,-11.982,0.242,0.753,0.171,0.059,0.018,-11.982,0.242,0.753,0.171,0.059,0.018,faulted_bearing,45
2/13/2025 12:41,-11.981,0.17,0.794,0.121,0.053,0.014,-11.981,0.17,0.794,0.121,0.053,0.014,faulted_bearing,45
2/13/2025 12:41,-11.982,0.243,0.618,0.172,0.067,0.017,-11.982,0.243,0.618,0.172,0.067,0.017,faulted_bearing,45
2/13/2025 12:41,-11.982,0.149,0.688,0.105,0.056,0.014,-11.982,0.149,0.688,0.105,0.056,0.014,faulted_bearing,45
2/13/2025 12:41,-11.982,0.21,0.66,0.149,0.064,0.018,-11.982,0.21,0.66,0.149,0.064,0.018,faulted_bearing,45
2/13/2025 12:41,-11.982,0.154,0.637,0.109,0.054,0.015,-11.982,0.154,0.637,0.109,0.054,0.015,faulted_bearing,45
2/13/2025 12:41,-11.982,0.226,0.785,0.16,0.056,0.019,-11.982,0.226,0.785,0.16,0.056,0.019,faulted_bearing,45
2/13/2025 12:41,-11.982,0.139,0.658,0.099,0.052,0.016,-11.982,0.139,0.658,0.099,0.052,0.016,faulted_bearing,45
2/13/2025 12:42,-11.982,0.162,0.745,0.115,0.063,0.013,-11.982,0.162,0.745,0.115,0.063,0.013,faulted_bearing,45
2/13/2025 12:42,-11.982,0.177,0.635,0.125,0.054,0.013,-11.982,0.177,0.635,0.125,0.054,0.013,faulted_bearing,45
2/13/2025 12:42,-11.982,0.233,0.767,0.165,0.054,0.017,-11.982,0.233,0.767,0.165,0.054,0.017,faulted_bearing,45
2/13/2025 12:42,-11.982,0.228,0.657,0.161,0.065,0.018,-11.982,0.228,0.657,0.161,0.065,0.018,faulted_bearing,45
2/13/2025 12:42,-11.982,0.136,0.616,0.096,0.055,0.014,-11.982,0.136,0.616,0.096,0.055,0.014,faulted_bearing,45
2/13/2025 12:42,-11.982,0.123,0.759,0.087,0.053,0.019,-11.982,0.123,0.759,0.087,0.053,0.019,faulted_bearing,45
2/13/2025 12:42,-11.982,0.2,0.663,0.142,0.066,0.014,-11.982,0.2,0.663,0.142,0.066,0.014,faulted_bearing,45
2/13/2025 12:42,-11.982,0.216,0.762,0.153,0.056,0.015,-11.982,0.216,0.762,0.153,0.056,0.015,faulted_bearing,45
2/13/2025 12:42,-11.982,0.136,0.642,0.096,0.069,0.018,-11.982,0.136,0.642,0.096,0.069,0.018,faulted_bearing,45
2/13/2025 12:42,-11.982,0.228,0.607,0.161,0.056,0.017,-11.982,0.228,0.607,0.161,0.056,0.017,faulted_bearing,45
2/13/2025 12:42,-11.982,0.128,0.769,0.091,0.055,0.014,-11.982,0.128,0.769,0.091,0.055,0.014,faulted_bearing,45
2/13/2025 12:42,-11.982,0.145,0.644,0.103,0.061,0.019,-11.982,0.145,0.644,0.103,0.061,0.019,faulted_bearing,45
2/13/2025 12:43,-11.982,0.229,0.794,0.162,0.068,0.015,-11.982,0.229,0.794,0.162,0.068,0.015,faulted_bearing,45
2/13/2025 12:43,-11.982,0.134,0.626,0.095,0.056,0.015,-11.982,0.134,0.626,0.095,0.056,0.015,faulted_bearing,45
2/13/2025 12:43,-11.982,0.226,0.613,0.16,0.069,0.019,-11.982,0.226,0.613,0.16,0.069,0.019,faulted_bearing,45
2/13/2025 12:43,-11.982,0.166,0.715,0.117,0.053,0.019,-11.982,0.166,0.715,0.117,0.053,0.019,faulted_bearing,45
2/13/2025 12:43,-11.982,0.152,0.786,0.108,0.064,0.014,-11.982,0.152,0.786,0.108,0.064,0.014,faulted_bearing,45
2/13/2025 12:43,-11.982,0.238,0.63,0.168,0.068,0.014,-11.982,0.238,0.63,0.168,0.068,0.014,faulted_bearing,45
2/13/2025 12:43,-11.982,0.238,0.772,0.169,0.054,0.02,-11.982,0.238,0.772,0.169,0.054,0.02,faulted_bearing,45
2/13/2025 12:43,-11.982,0.129,0.617,0.091,0.064,0.013,-11.982,0.129,0.617,0.091,0.064,0.013,faulted_bearing,45
2/13/2025 12:43,-11.982,0.154,0.757,0.109,0.07,0.018,-11.982,0.154,0.757,0.109,0.07,0.018,faulted_bearing,45
2/13/2025 12:43,-11.982,0.222,0.774,0.157,0.056,0.015,-11.982,0.222,0.774,0.157,0.056,0.015,faulted_bearing,45
2/13/2025 12:43,-11.982,0.253,0.647,0.179,0.071,0.019,-11.982,0.253,0.647,0.179,0.071,0.019,faulted_bearing,45
2/13/2025 12:43,-11.982,0.128,0.757,0.091,0.066,0.019,-11.982,0.128,0.757,0.091,0.066,0.019,faulted_bearing,45
2/13/2025 12:43,-11.982,0.22,0.653,0.156,0.056,0.015,-11.982,0.22,0.653,0.156,0.056,0.015,faulted_bearing,45
2/13/2025 12:43,-11.982,0.141,0.861,0.1,0.068,0.013,-11.982,0.141,0.861,0.1,0.068,0.013,faulted_bearing,45
2/13/2025 12:44,-11.982,0.251,0.65,0.177,0.054,0.018,-11.982,0.251,0.65,0.177,0.054,0.018,faulted_bearing,45
2/13/2025 12:44,-11.982,0.241,0.806,0.171,0.07,0.02,-11.982,0.241,0.806,0.171,0.07,0.02,faulted_bearing,45
2/13/2025 12:44,-11.982,0.163,0.732,0.115,0.057,0.016,-11.982,0.163,0.732,0.115,0.057,0.016,faulted_bearing,45
2/13/2025 12:44,-11.982,0.127,0.661,0.09,0.068,0.013,-11.982,0.127,0.661,0.09,0.068,0.013,faulted_bearing,45
2/13/2025 12:44,-11.982,0.214,0.86,0.151,0.056,0.019,-11.982,0.214,0.86,0.151,0.056,0.019,faulted_bearing,45
2/13/2025 12:44,-11.982,0.237,0.811,0.168,0.058,0.019,-11.982,0.237,0.811,0.168,0.058,0.019,faulted_bearing,45
2/13/2025 12:44,-11.982,0.176,0.633,0.125,0.071,0.014,-11.982,0.176,0.633,0.125,0.071,0.014,faulted_bearing,45
2/13/2025 12:44,-11.982,0.137,0.777,0.097,0.057,0.018,-11.982,0.137,0.777,0.097,0.057,0.018,faulted_bearing,45
2/13/2025 12:44,-11.982,0.229,0.617,0.162,0.069,0.014,-11.982,0.229,0.617,0.162,0.069,0.014,faulted_bearing,45
2/13/2025 12:44,-11.982,0.236,0.641,0.167,0.068,0.016,-11.982,0.236,0.641,0.167,0.068,0.016,faulted_bearing,45
2/13/2025 12:44,-11.982,0.159,0.789,0.113,0.057,0.019,-11.982,0.159,0.789,0.113,0.057,0.019,faulted_bearing,45
2/13/2025 12:44,-11.982,0.223,0.766,0.157,0.056,0.017,-11.982,0.223,0.766,0.157,0.056,0.017,faulted_bearing,45
2/13/2025 12:44,-11.982,0.143,0.64,0.101,0.068,0.014,-11.982,0.143,0.64,0.101,0.068,0.014,faulted_bearing,45
2/13/2025 12:45,-11.982,0.179,0.808,0.127,0.069,0.016,-11.982,0.179,0.808,0.127,0.069,0.016,faulted_bearing,45
2/13/2025 12:45,-11.982,0.234,0.65,0.165,0.056,0.02,-11.982,0.234,0.65,0.165,0.056,0.02,faulted_bearing,45
2/13/2025 12:45,-11.982,0.135,0.642,0.095,0.069,0.015,-11.982,0.135,0.642,0.095,0.069,0.015,faulted_bearing,45
2/13/2025 12:45,-11.982,0.173,0.788,0.122,0.057,0.02,-11.982,0.173,0.788,0.122,0.057,0.02,faulted_bearing,45
2/13/2025 12:45,-11.982,0.255,0.801,0.18,0.069,0.013,-11.982,0.255,0.801,0.18,0.069,0.013,faulted_bearing,45
2/13/2025 12:45,-11.982,0.147,0.648,0.104,0.067,0.014,-11.982,0.147,0.648,0.104,0.067,0.014,faulted_bearing,45
2/13/2025 12:45,-11.982,0.253,0.661,0.179,0.056,0.019,-11.982,0.253,0.661,0.179,0.056,0.019,faulted_bearing,45
2/13/2025 12:45,-11.982,0.121,0.811,0.085,0.069,0.013,-11.982,0.121,0.811,0.085,0.069,0.013,faulted_bearing,45
2/13/2025 12:45,-11.982,0.131,0.626,0.093,0.057,0.019,-11.982,0.131,0.626,0.093,0.057,0.019,faulted_bearing,45
2/13/2025 12:45,-11.982,0.226,0.817,0.159,0.068,0.014,-11.982,0.226,0.817,0.159,0.068,0.014,faulted_bearing,45
2/13/2025 12:45,-11.982,0.132,0.791,0.093,0.056,0.02,-11.982,0.132,0.791,0.093,0.056,0.02,faulted_bearing,45
2/13/2025 12:46,-11.982,0.23,0.649,0.163,0.066,0.015,-11.982,0.23,0.649,0.163,0.066,0.015,faulted_bearing,45
2/13/2025 12:46,-11.982,0.145,0.803,0.103,0.07,0.019,-11.982,0.145,0.803,0.103,0.07,0.019,faulted_bearing,45
2/13/2025 12:46,-11.982,0.241,0.643,0.17,0.071,0.014,-11.982,0.241,0.643,0.17,0.071,0.014,faulted_bearing,45
2/13/2025 12:46,-11.982,0.145,0.787,0.102,0.056,0.019,-11.982,0.145,0.787,0.102,0.056,0.019,faulted_bearing,45
2/13/2025 12:46,-11.982,0.229,0.783,0.162,0.072,0.014,-11.982,0.229,0.783,0.162,0.072,0.014,faulted_bearing,45
2/13/2025 12:46,-11.982,0.128,0.642,0.091,0.056,0.014,-11.982,0.128,0.642,0.091,0.056,0.014,faulted_bearing,45
2/13/2025 12:46,-11.982,0.235,0.769,0.166,0.065,0.019,-11.982,0.235,0.769,0.166,0.065,0.019,faulted_bearing,45
2/13/2025 12:46,-11.982,0.129,0.831,0.091,0.056,0.015,-11.982,0.129,0.831,0.091,0.056,0.015,faulted_bearing,45
2/13/2025 12:46,-11.982,0.144,0.665,0.102,0.059,0.019,-11.982,0.144,0.665,0.102,0.059,0.019,faulted_bearing,45
2/13/2025 12:46,-11.982,0.234,0.642,0.166,0.059,0.019,-11.982,0.234,0.642,0.166,0.059,0.019,faulted_bearing,45
2/13/2025 12:46,-11.982,0.153,0.801,0.108,0.068,0.014,-11.982,0.153,0.801,0.108,0.068,0.014,faulted_bearing,45
2/13/2025 12:47,-11.982,0.235,0.826,0.166,0.057,0.019,-11.982,0.235,0.826,0.166,0.057,0.019,faulted_bearing,45
2/13/2025 12:47,-11.982,0.13,0.675,0.092,0.07,0.014,-11.982,0.13,0.675,0.092,0.07,0.014,faulted_bearing,45
2/13/2025 12:47,-11.982,0.227,0.819,0.161,0.07,0.019,-11.982,0.227,0.819,0.161,0.07,0.019,faulted_bearing,45
2/13/2025 12:47,-11.982,0.237,0.644,0.167,0.056,0.014,-11.982,0.237,0.644,0.167,0.056,0.014,faulted_bearing,45
2/13/2025 12:47,-11.983,0.132,0.773,0.093,0.057,0.02,-11.983,0.132,0.773,0.093,0.057,0.02,faulted_bearing,45
2/13/2025 12:47,-11.982,0.233,0.83,0.165,0.07,0.014,-11.982,0.233,0.83,0.165,0.07,0.014,faulted_bearing,45
2/13/2025 12:47,-11.983,0.159,0.642,0.112,0.055,0.021,-11.983,0.159,0.642,0.112,0.055,0.021,faulted_bearing,45
2/13/2025 12:47,-11.983,0.243,0.772,0.172,0.071,0.014,-11.983,0.243,0.772,0.172,0.071,0.014,faulted_bearing,45
2/13/2025 12:47,-11.983,0.143,0.645,0.101,0.057,0.015,-11.983,0.143,0.645,0.101,0.057,0.015,faulted_bearing,45
2/13/2025 12:47,-11.983,0.272,0.805,0.193,0.068,0.019,-11.983,0.272,0.805,0.193,0.068,0.019,faulted_bearing,45
2/13/2025 12:47,-11.983,0.142,0.666,0.101,0.068,0.013,-11.983,0.142,0.666,0.101,0.068,0.013,faulted_bearing,45
2/13/2025 12:47,-11.982,0.234,0.796,0.165,0.059,0.019,-11.982,0.234,0.796,0.165,0.059,0.019,faulted_bearing,45
2/13/2025 12:47,-11.983,0.145,0.641,0.102,0.059,0.013,-11.983,0.145,0.641,0.102,0.059,0.013,faulted_bearing,45
2/13/2025 12:47,-11.982,0.238,0.657,0.168,0.07,0.014,-11.982,0.238,0.657,0.168,0.07,0.014,faulted_bearing,45
2/13/2025 12:48,-11.983,0.147,0.815,0.104,0.07,0.019,-11.983,0.147,0.815,0.104,0.07,0.019,faulted_bearing,45
2/13/2025 12:48,-11.983,0.136,0.645,0.096,0.058,0.019,-11.983,0.136,0.645,0.096,0.058,0.019,faulted_bearing,45
2/13/2025 12:48,-11.983,0.234,0.796,0.165,0.058,0.013,-11.983,0.234,0.796,0.165,0.058,0.013,faulted_bearing,45
2/13/2025 12:48,-11.982,0.128,0.773,0.09,0.07,0.014,-11.982,0.128,0.773,0.09,0.07,0.014,faulted_bearing,45
2/13/2025 12:48,-11.982,0.225,0.647,0.159,0.07,0.013,-11.982,0.225,0.647,0.159,0.07,0.013,faulted_bearing,45
2/13/2025 12:48,-11.983,0.134,0.846,0.094,0.057,0.02,-11.983,0.134,0.846,0.094,0.057,0.02,faulted_bearing,45
2/13/2025 12:48,-11.982,0.134,0.659,0.094,0.068,0.014,-11.982,0.134,0.659,0.094,0.068,0.014,faulted_bearing,45
2/13/2025 12:48,-11.983,0.248,0.779,0.175,0.056,0.018,-11.983,0.248,0.779,0.175,0.056,0.018,faulted_bearing,45
2/13/2025 12:48,-11.983,0.134,0.66,0.095,0.069,0.015,-11.983,0.134,0.66,0.095,0.069,0.015,faulted_bearing,45
2/13/2025 12:48,-11.982,0.231,0.781,0.163,0.068,0.018,-11.982,0.231,0.781,0.163,0.068,0.018,faulted_bearing,45
2/13/2025 12:48,-11.983,0.173,0.65,0.122,0.054,0.014,-11.983,0.173,0.65,0.122,0.054,0.014,faulted_bearing,45
2/13/2025 12:48,-11.982,0.221,0.791,0.157,0.057,0.017,-11.982,0.221,0.791,0.157,0.057,0.017,faulted_bearing,45
2/13/2025 12:48,-11.983,0.135,0.784,0.096,0.069,0.019,-11.983,0.135,0.784,0.096,0.069,0.019,faulted_bearing,45
2/13/2025 12:49,-11.982,0.24,0.667,0.17,0.057,0.015,-11.982,0.24,0.667,0.17,0.057,0.015,faulted_bearing,45
2/13/2025 12:49,-11.982,0.15,0.783,0.106,0.068,0.017,-11.982,0.15,0.783,0.106,0.068,0.017,faulted_bearing,45
2/13/2025 12:49,-11.983,0.214,0.765,0.151,0.058,0.015,-11.983,0.214,0.765,0.151,0.058,0.015,faulted_bearing,45
2/13/2025 12:49,-11.982,0.141,0.66,0.1,0.058,0.014,-11.982,0.141,0.66,0.1,0.058,0.014,faulted_bearing,45
2/13/2025 12:49,-11.982,0.147,0.79,0.104,0.07,0.015,-11.982,0.147,0.79,0.104,0.07,0.015,faulted_bearing,45
2/13/2025 12:49,-11.982,0.227,0.64,0.161,0.055,0.019,-11.982,0.227,0.64,0.161,0.055,0.019,faulted_bearing,45
2/13/2025 12:49,-11.983,0.221,0.773,0.156,0.066,0.014,-11.983,0.221,0.773,0.156,0.066,0.014,faulted_bearing,45
2/13/2025 12:49,-11.982,0.142,0.663,0.1,0.069,0.018,-11.982,0.142,0.663,0.1,0.069,0.018,faulted_bearing,45
2/13/2025 12:49,-11.982,0.134,0.667,0.095,0.058,0.013,-11.982,0.134,0.667,0.095,0.058,0.013,faulted_bearing,45
2/13/2025 12:49,-11.982,0.25,0.798,0.177,0.058,0.02,-11.982,0.25,0.798,0.177,0.058,0.02,faulted_bearing,45
2/13/2025 12:49,-11.982,0.131,0.84,0.093,0.064,0.014,-11.982,0.131,0.84,0.093,0.064,0.014,faulted_bearing,45
2/13/2025 12:49,-11.982,0.235,0.62,0.166,0.059,0.019,-11.982,0.235,0.62,0.166,0.059,0.019,faulted_bearing,45
2/13/2025 12:49,-11.983,0.14,0.775,0.099,0.067,0.019,-11.983,0.14,0.775,0.099,0.067,0.019,faulted_bearing,45
2/13/2025 12:50,-11.982,0.236,0.649,0.167,0.067,0.014,-11.982,0.236,0.649,0.167,0.067,0.014,faulted_bearing,45
2/13/2025 12:50,-11.983,0.145,0.786,0.103,0.057,0.019,-11.983,0.145,0.786,0.103,0.057,0.019,faulted_bearing,45
2/13/2025 12:50,-11.983,0.239,0.661,0.169,0.057,0.019,-11.983,0.239,0.661,0.169,0.057,0.019,faulted_bearing,45
2/13/2025 12:50,-11.982,0.137,0.767,0.097,0.066,0.014,-11.982,0.137,0.767,0.097,0.066,0.014,faulted_bearing,45
2/13/2025 12:50,-11.983,0.152,0.807,0.107,0.056,0.015,-11.983,0.152,0.807,0.107,0.056,0.015,faulted_bearing,45
2/13/2025 12:50,-11.982,0.232,0.673,0.164,0.059,0.019,-11.982,0.232,0.673,0.164,0.059,0.019,faulted_bearing,45
2/13/2025 12:50,-11.982,0.165,0.649,0.117,0.071,0.015,-11.982,0.165,0.649,0.117,0.071,0.015,faulted_bearing,45
2/13/2025 12:50,-11.982,0.205,0.769,0.145,0.068,0.017,-11.982,0.205,0.769,0.145,0.068,0.017,faulted_bearing,45
2/13/2025 12:50,-11.982,0.113,0.773,0.08,0.068,0.013,-11.982,0.113,0.773,0.08,0.068,0.013,faulted_bearing,45
2/13/2025 12:50,-11.982,0.241,0.657,0.17,0.056,0.02,-11.982,0.241,0.657,0.17,0.056,0.02,faulted_bearing,45
2/13/2025 12:50,-11.982,0.132,0.666,0.093,0.069,0.014,-11.982,0.132,0.666,0.093,0.069,0.014,faulted_bearing,45
2/13/2025 12:50,-11.982,0.218,0.795,0.154,0.058,0.018,-11.982,0.218,0.795,0.154,0.058,0.018,faulted_bearing,45
2/13/2025 12:50,-11.982,0.139,0.66,0.098,0.067,0.014,-11.982,0.139,0.66,0.098,0.067,0.014,faulted_bearing,45
2/13/2025 12:51,-11.982,0.133,0.638,0.094,0.059,0.014,-11.982,0.133,0.638,0.094,0.059,0.014,faulted_bearing,45
2/13/2025 12:51,-11.982,0.23,0.763,0.162,0.057,0.019,-11.982,0.23,0.763,0.162,0.057,0.019,faulted_bearing,45
2/13/2025 12:51,-11.982,0.147,0.816,0.104,0.071,0.014,-11.982,0.147,0.816,0.104,0.071,0.014,faulted_bearing,45
2/13/2025 12:51,-11.982,0.229,0.658,0.162,0.058,0.019,-11.982,0.229,0.658,0.162,0.058,0.019,faulted_bearing,45
2/13/2025 12:51,-11.982,0.223,0.805,0.158,0.068,0.019,-11.982,0.223,0.805,0.158,0.068,0.019,faulted_bearing,45
2/13/2025 12:51,-11.982,0.141,0.665,0.1,0.07,0.014,-11.982,0.141,0.665,0.1,0.07,0.014,faulted_bearing,45
2/13/2025 12:51,-11.982,0.216,0.803,0.153,0.059,0.014,-11.982,0.216,0.803,0.153,0.059,0.014,faulted_bearing,45
2/13/2025 12:51,-11.982,0.137,0.659,0.097,0.067,0.018,-11.982,0.137,0.659,0.097,0.067,0.018,faulted_bearing,45
2/13/2025 12:51,-11.982,0.239,0.652,0.169,0.057,0.014,-11.982,0.239,0.652,0.169,0.057,0.014,faulted_bearing,45
2/13/2025 12:51,-11.982,0.138,0.821,0.098,0.07,0.021,-11.982,0.138,0.821,0.098,0.07,0.021,faulted_bearing,45
2/13/2025 12:51,-11.982,0.225,0.82,0.159,0.058,0.018,-11.982,0.225,0.82,0.159,0.058,0.018,faulted_bearing,45
2/13/2025 12:51,-11.982,0.152,0.677,0.107,0.059,0.015,-11.982,0.152,0.677,0.107,0.059,0.015,faulted_bearing,45
2/13/2025 12:51,-11.982,0.216,0.817,0.153,0.071,0.019,-11.982,0.216,0.817,0.153,0.071,0.019,faulted_bearing,45
2/13/2025 12:52,-11.982,0.126,0.667,0.089,0.069,0.013,-11.982,0.126,0.667,0.089,0.069,0.013,faulted_bearing,45
2/13/2025 12:52,-11.982,0.226,0.814,0.16,0.061,0.019,-11.982,0.226,0.814,0.16,0.061,0.019,faulted_bearing,45
2/13/2025 12:52,-11.982,0.135,0.665,0.096,0.059,0.015,-11.982,0.135,0.665,0.096,0.059,0.015,faulted_bearing,45
2/13/2025 12:52,-11.982,0.221,0.686,0.156,0.072,0.018,-11.982,0.221,0.686,0.156,0.072,0.018,faulted_bearing,45
2/13/2025 12:52,-11.982,0.123,0.844,0.087,0.06,0.013,-11.982,0.123,0.844,0.087,0.06,0.013,faulted_bearing,45
2/13/2025 12:52,-11.982,0.135,0.832,0.095,0.072,0.014,-11.982,0.135,0.832,0.095,0.072,0.014,faulted_bearing,45
2/13/2025 12:52,-11.982,0.236,0.676,0.167,0.058,0.018,-11.982,0.236,0.676,0.167,0.058,0.018,faulted_bearing,45
2/13/2025 12:52,-11.982,0.137,0.791,0.097,0.072,0.014,-11.982,0.137,0.791,0.097,0.072,0.014,faulted_bearing,45
2/13/2025 12:52,-11.982,0.235,0.689,0.167,0.057,0.019,-11.982,0.235,0.689,0.167,0.057,0.019,faulted_bearing,45
2/13/2025 12:52,-11.982,0.22,0.878,0.155,0.067,0.019,-11.982,0.22,0.878,0.155,0.067,0.019,faulted_bearing,45
2/13/2025 12:52,-11.982,0.218,0.724,0.154,0.061,0.018,-11.982,0.218,0.724,0.154,0.061,0.018,faulted_bearing,45
2/13/2025 12:52,-11.982,0.126,0.647,0.089,0.068,0.013,-11.982,0.126,0.647,0.089,0.068,0.013,faulted_bearing,45
2/13/2025 12:53,-11.982,0.137,0.802,0.097,0.063,0.015,-11.982,0.137,0.802,0.097,0.063,0.015,faulted_bearing,45
2/13/2025 12:53,-11.982,0.236,0.674,0.167,0.073,0.019,-11.982,0.236,0.674,0.167,0.073,0.019,faulted_bearing,45
2/13/2025 12:53,-11.982,0.233,0.842,0.165,0.057,0.019,-11.982,0.233,0.842,0.165,0.057,0.019,faulted_bearing,45
2/13/2025 12:53,-11.982,0.132,0.694,0.093,0.069,0.014,-11.982,0.132,0.694,0.093,0.069,0.014,faulted_bearing,45
2/13/2025 12:53,-11.982,0.239,0.81,0.169,0.058,0.019,-11.982,0.239,0.81,0.169,0.058,0.019,faulted_bearing,45
2/13/2025 12:53,-11.982,0.156,0.669,0.111,0.069,0.015,-11.982,0.156,0.669,0.111,0.069,0.015,faulted_bearing,45
2/13/2025 12:53,-11.982,0.234,0.787,0.166,0.06,0.013,-11.982,0.234,0.787,0.166,0.06,0.013,faulted_bearing,45
2/13/2025 12:53,-11.982,0.134,0.797,0.095,0.068,0.019,-11.982,0.134,0.797,0.095,0.068,0.019,faulted_bearing,45
2/13/2025 12:53,-11.982,0.146,0.664,0.103,0.059,0.015,-11.982,0.146,0.664,0.103,0.059,0.015,faulted_bearing,45
2/13/2025 12:53,-11.982,0.251,0.658,0.177,0.068,0.02,-11.982,0.251,0.658,0.177,0.068,0.02,faulted_bearing,45
2/13/2025 12:53,-11.982,0.12,0.769,0.085,0.073,0.013,-11.982,0.12,0.769,0.085,0.073,0.013,faulted_bearing,45
2/13/2025 12:53,-11.982,0.241,0.683,0.17,0.058,0.02,-11.982,0.241,0.683,0.17,0.058,0.02,faulted_bearing,45
2/13/2025 12:53,-11.982,0.137,0.806,0.097,0.076,0.019,-11.982,0.137,0.806,0.097,0.076,0.019,faulted_bearing,45
2/13/2025 12:54,-11.982,0.221,0.696,0.156,0.069,0.014,-11.982,0.221,0.696,0.156,0.069,0.014,faulted_bearing,45
2/13/2025 12:54,-11.982,0.16,0.789,0.113,0.056,0.015,-11.982,0.16,0.789,0.113,0.056,0.015,faulted_bearing,45
2/13/2025 12:54,-11.982,0.227,0.85,0.161,0.073,0.019,-11.982,0.227,0.85,0.161,0.073,0.019,faulted_bearing,45
2/13/2025 12:54,-11.982,0.233,0.669,0.164,0.056,0.013,-11.982,0.233,0.669,0.164,0.056,0.013,faulted_bearing,45
2/13/2025 12:54,-11.982,0.121,0.69,0.085,0.059,0.019,-11.982,0.121,0.69,0.085,0.059,0.019,faulted_bearing,45
2/13/2025 12:54,-11.982,0.224,0.935,0.159,0.069,0.014,-11.982,0.224,0.935,0.159,0.069,0.014,faulted_bearing,45
2/13/2025 12:54,-11.982,0.129,0.663,0.091,0.071,0.015,-11.982,0.129,0.663,0.091,0.071,0.015,faulted_bearing,45
2/13/2025 12:54,-11.982,0.239,0.78,0.169,0.062,0.019,-11.982,0.239,0.78,0.169,0.062,0.019,faulted_bearing,45
2/13/2025 12:54,-11.982,0.156,0.815,0.11,0.06,0.019,-11.982,0.156,0.815,0.11,0.06,0.019,faulted_bearing,45
2/13/2025 12:54,-11.982,0.159,0.681,0.112,0.071,0.015,-11.982,0.159,0.681,0.112,0.071,0.015,faulted_bearing,45
2/13/2025 12:54,-11.982,0.227,0.676,0.161,0.06,0.013,-11.982,0.227,0.676,0.161,0.06,0.013,faulted_bearing,45
2/13/2025 12:54,-11.982,0.123,0.81,0.087,0.07,0.018,-11.982,0.123,0.81,0.087,0.07,0.018,faulted_bearing,45
2/13/2025 12:55,-11.982,0.231,0.682,0.163,0.062,0.015,-11.982,0.231,0.682,0.163,0.062,0.015,faulted_bearing,45
2/13/2025 12:55,-11.982,0.144,0.819,0.102,0.073,0.019,-11.982,0.144,0.819,0.102,0.073,0.019,faulted_bearing,45
2/13/2025 12:55,-11.982,0.246,0.68,0.174,0.061,0.014,-11.982,0.246,0.68,0.174,0.061,0.014,faulted_bearing,45
2/13/2025 12:55,-11.982,0.139,0.814,0.099,0.06,0.02,-11.982,0.139,0.814,0.099,0.06,0.02,faulted_bearing,45
2/13/2025 12:55,-11.982,0.239,0.682,0.169,0.06,0.018,-11.982,0.239,0.682,0.169,0.06,0.018,faulted_bearing,45
2/13/2025 12:55,-11.982,0.139,0.811,0.098,0.073,0.013,-11.982,0.139,0.811,0.098,0.073,0.013,faulted_bearing,45
2/13/2025 12:55,-11.982,0.216,0.698,0.153,0.06,0.02,-11.982,0.216,0.698,0.153,0.06,0.02,faulted_bearing,45
2/13/2025 12:55,-11.982,0.238,0.83,0.168,0.073,0.013,-11.982,0.238,0.83,0.168,0.073,0.013,faulted_bearing,45
2/13/2025 12:55,-11.982,0.127,0.684,0.09,0.069,0.014,-11.982,0.127,0.684,0.09,0.069,0.014,faulted_bearing,45
2/13/2025 12:55,-11.982,0.147,0.695,0.104,0.073,0.014,-11.982,0.147,0.695,0.104,0.073,0.014,faulted_bearing,45
2/13/2025 12:55,-11.982,0.147,0.849,0.104,0.062,0.02,-11.982,0.147,0.849,0.104,0.062,0.02,faulted_bearing,45
2/13/2025 12:55,-11.982,0.246,0.705,0.174,0.06,0.014,-11.982,0.246,0.705,0.174,0.06,0.014,faulted_bearing,45
2/13/2025 12:56,-11.982,0.151,0.793,0.107,0.07,0.02,-11.982,0.151,0.793,0.107,0.07,0.02,faulted_bearing,45
2/13/2025 12:56,-11.982,0.254,0.677,0.18,0.061,0.015,-11.982,0.254,0.677,0.18,0.061,0.015,faulted_bearing,45
2/13/2025 12:56,-11.982,0.246,0.825,0.174,0.074,0.02,-11.982,0.246,0.825,0.174,0.074,0.02,faulted_bearing,45
2/13/2025 12:56,-11.982,0.152,0.698,0.107,0.064,0.014,-11.982,0.152,0.698,0.107,0.064,0.014,faulted_bearing,45
2/13/2025 12:56,-11.982,0.236,0.821,0.167,0.072,0.014,-11.982,0.236,0.821,0.167,0.072,0.014,faulted_bearing,45
2/13/2025 12:56,-11.982,0.137,0.72,0.097,0.062,0.02,-11.982,0.137,0.72,0.097,0.062,0.02,faulted_bearing,45
2/13/2025 12:56,-11.982,0.149,0.81,0.106,0.073,0.021,-11.982,0.149,0.81,0.106,0.073,0.021,faulted_bearing,45
2/13/2025 12:56,-11.982,0.251,0.841,0.178,0.059,0.015,-11.982,0.251,0.841,0.178,0.059,0.015,faulted_bearing,45
2/13/2025 12:56,-11.982,0.264,0.709,0.186,0.07,0.019,-11.982,0.264,0.709,0.186,0.07,0.019,faulted_bearing,45
2/13/2025 12:56,-11.982,0.157,0.825,0.111,0.062,0.014,-11.982,0.157,0.825,0.111,0.062,0.014,faulted_bearing,45
2/13/2025 12:56,-11.982,0.232,0.837,0.164,0.074,0.02,-11.982,0.232,0.837,0.164,0.074,0.02,faulted_bearing,45
2/13/2025 12:56,-11.982,0.136,0.698,0.096,0.064,0.014,-11.982,0.136,0.698,0.096,0.064,0.014,faulted_bearing,45
2/13/2025 12:57,-11.983,0.262,0.804,0.185,0.071,0.014,-11.983,0.262,0.804,0.185,0.071,0.014,faulted_bearing,45
2/13/2025 12:57,-11.982,0.144,0.653,0.102,0.06,0.018,-11.982,0.144,0.653,0.102,0.06,0.018,faulted_bearing,45
2/13/2025 12:57,-11.982,0.222,0.827,0.157,0.073,0.019,-11.982,0.222,0.827,0.157,0.073,0.019,faulted_bearing,45
2/13/2025 12:57,-11.982,0.135,0.682,0.095,0.063,0.014,-11.982,0.135,0.682,0.095,0.063,0.014,faulted_bearing,45
2/13/2025 12:57,-11.982,0.23,0.801,0.162,0.059,0.02,-11.982,0.23,0.801,0.162,0.059,0.02,faulted_bearing,45
2/13/2025 12:57,-11.982,0.124,0.842,0.088,0.074,0.019,-11.982,0.124,0.842,0.088,0.074,0.019,faulted_bearing,45
2/13/2025 12:57,-11.982,0.247,0.714,0.175,0.061,0.015,-11.982,0.247,0.714,0.175,0.061,0.015,faulted_bearing,45
2/13/2025 12:57,-11.982,0.228,0.707,0.161,0.062,0.019,-11.982,0.228,0.707,0.161,0.062,0.019,faulted_bearing,45
2/13/2025 12:57,-11.982,0.14,0.828,0.099,0.073,0.014,-11.982,0.14,0.828,0.099,0.073,0.014,faulted_bearing,45
2/13/2025 12:57,-11.983,0.241,0.67,0.17,0.073,0.02,-11.983,0.241,0.67,0.17,0.073,0.02,faulted_bearing,45
2/13/2025 12:57,-11.982,0.128,0.701,0.09,0.062,0.013,-11.982,0.128,0.701,0.09,0.062,0.013,faulted_bearing,45
2/13/2025 12:58,-11.982,0.246,0.823,0.174,0.071,0.013,-11.982,0.246,0.823,0.174,0.071,0.013,faulted_bearing,45
2/13/2025 12:58,-11.982,0.125,0.708,0.089,0.072,0.02,-11.982,0.125,0.708,0.089,0.072,0.02,faulted_bearing,45
2/13/2025 12:58,-11.982,0.121,0.69,0.086,0.062,0.014,-11.982,0.121,0.69,0.086,0.062,0.014,faulted_bearing,45
2/13/2025 12:58,-11.982,0.247,0.82,0.175,0.063,0.02,-11.982,0.247,0.82,0.175,0.063,0.02,faulted_bearing,45
2/13/2025 12:58,-11.982,0.133,0.682,0.094,0.073,0.015,-11.982,0.133,0.682,0.094,0.073,0.015,faulted_bearing,45
2/13/2025 12:58,-11.982,0.172,0.701,0.121,0.074,0.02,-11.982,0.172,0.701,0.121,0.074,0.02,faulted_bearing,45
2/13/2025 12:58,-11.982,0.253,0.824,0.179,0.062,0.014,-11.982,0.253,0.824,0.179,0.062,0.014,faulted_bearing,45
2/13/2025 12:58,-11.983,0.16,0.829,0.113,0.073,0.02,-11.983,0.16,0.829,0.113,0.073,0.02,faulted_bearing,45
2/13/2025 12:58,-11.983,0.151,0.678,0.107,0.073,0.02,-11.983,0.151,0.678,0.107,0.073,0.02,faulted_bearing,45
2/13/2025 12:58,-11.983,0.25,0.824,0.177,0.061,0.014,-11.983,0.25,0.824,0.177,0.061,0.014,faulted_bearing,45
2/13/2025 12:58,-11.983,0.248,0.699,0.175,0.075,0.015,-11.983,0.248,0.699,0.175,0.075,0.015,faulted_bearing,45
2/13/2025 12:58,-11.983,0.145,0.71,0.102,0.063,0.019,-11.983,0.145,0.71,0.102,0.063,0.019,faulted_bearing,45
2/13/2025 12:59,-11.983,0.162,0.835,0.115,0.064,0.014,-11.983,0.162,0.835,0.115,0.064,0.014,faulted_bearing,45
2/13/2025 12:59,-11.983,0.243,0.676,0.172,0.072,0.02,-11.983,0.243,0.676,0.172,0.072,0.02,faulted_bearing,45
2/13/2025 12:59,-11.983,0.236,0.875,0.167,0.06,0.013,-11.983,0.236,0.875,0.167,0.06,0.013,faulted_bearing,45
2/13/2025 12:59,-11.982,0.142,0.839,0.1,0.072,0.02,-11.982,0.142,0.839,0.1,0.072,0.02,faulted_bearing,45
2/13/2025 12:59,-11.983,0.245,0.836,0.173,0.075,0.02,-11.983,0.245,0.836,0.173,0.075,0.02,faulted_bearing,45
2/13/2025 12:59,-11.983,0.136,0.71,0.096,0.065,0.013,-11.983,0.136,0.71,0.096,0.065,0.013,faulted_bearing,45
2/13/2025 12:59,-11.983,0.245,0.844,0.173,0.077,0.015,-11.983,0.245,0.844,0.173,0.077,0.015,faulted_bearing,45
2/13/2025 12:59,-11.983,0.131,0.708,0.092,0.059,0.019,-11.983,0.131,0.708,0.092,0.059,0.019,faulted_bearing,45
2/13/2025 12:59,-11.983,0.161,0.816,0.114,0.064,0.02,-11.983,0.161,0.816,0.114,0.064,0.02,faulted_bearing,45
2/13/2025 12:59,-11.983,0.235,0.79,0.166,0.06,0.015,-11.983,0.235,0.79,0.166,0.06,0.015,faulted_bearing,45
2/13/2025 12:59,-11.983,0.183,0.691,0.13,0.077,0.013,-11.983,0.183,0.691,0.13,0.077,0.013,faulted_bearing,45
2/13/2025 12:59,-11.983,0.259,0.728,0.183,0.063,0.02,-11.983,0.259,0.728,0.183,0.063,0.02,faulted_bearing,45
2/13/2025 12:59,-11.983,0.175,0.809,0.124,0.074,0.014,-11.983,0.175,0.809,0.124,0.074,0.014,faulted_bearing,45
2/13/2025 13:00,-11.983,0.23,0.698,0.162,0.073,0.02,-11.983,0.23,0.698,0.162,0.073,0.02,faulted_bearing,45
2/13/2025 13:00,-11.982,0.132,0.826,0.094,0.061,0.015,-11.982,0.132,0.826,0.094,0.061,0.015,faulted_bearing,45
2/13/2025 13:00,-11.983,0.131,0.696,0.092,0.072,0.021,-11.983,0.131,0.696,0.092,0.072,0.021,faulted_bearing,45
2/13/2025 13:00,-11.983,0.249,0.846,0.176,0.063,0.016,-11.983,0.249,0.846,0.176,0.063,0.016,faulted_bearing,45
2/13/2025 13:00,-11.983,0.144,0.681,0.102,0.073,0.019,-11.983,0.144,0.681,0.102,0.073,0.019,faulted_bearing,45
2/13/2025 13:00,-11.983,0.257,0.858,0.182,0.062,0.018,-11.983,0.257,0.858,0.182,0.062,0.018,faulted_bearing,45
2/13/2025 13:00,-11.983,0.255,0.8,0.18,0.062,0.014,-11.983,0.255,0.8,0.18,0.062,0.014,faulted_bearing,45
2/13/2025 13:00,-11.983,0.154,0.693,0.109,0.074,0.014,-11.983,0.154,0.693,0.109,0.074,0.014,faulted_bearing,45
2/13/2025 13:00,-11.983,0.165,0.833,0.116,0.064,0.02,-11.983,0.165,0.833,0.116,0.064,0.02,faulted_bearing,45
2/13/2025 13:00,-11.983,0.237,0.801,0.168,0.073,0.014,-11.983,0.237,0.801,0.168,0.073,0.014,faulted_bearing,45
2/13/2025 13:00,-11.983,0.23,0.69,0.163,0.065,0.026,-11.983,0.23,0.69,0.163,0.065,0.026,faulted_bearing,45
2/13/2025 13:01,-11.983,0.144,0.869,0.102,0.076,0.015,-11.983,0.144,0.869,0.102,0.076,0.015,faulted_bearing,45
2/13/2025 13:01,-11.983,0.126,0.738,0.089,0.062,0.02,-11.983,0.126,0.738,0.089,0.062,0.02,faulted_bearing,45
2/13/2025 13:01,-11.983,0.246,0.81,0.174,0.074,0.024,-11.983,0.246,0.81,0.174,0.074,0.024,faulted_bearing,45
2/13/2025 13:01,-11.983,0.133,0.864,0.094,0.064,0.015,-11.983,0.133,0.864,0.094,0.064,0.015,faulted_bearing,45
2/13/2025 13:01,-11.983,0.254,0.726,0.18,0.063,0.012,-11.983,0.254,0.726,0.18,0.063,0.012,faulted_bearing,45
2/13/2025 13:01,-11.983,0.242,0.845,0.171,0.073,0.019,-11.983,0.242,0.845,0.171,0.073,0.019,faulted_bearing,45
2/13/2025 13:01,-11.983,0.168,0.709,0.119,0.074,0.02,-11.983,0.168,0.709,0.119,0.074,0.02,faulted_bearing,45
2/13/2025 13:01,-11.983,0.255,0.723,0.18,0.063,0.015,-11.983,0.255,0.723,0.18,0.063,0.015,faulted_bearing,45
2/13/2025 13:01,-11.983,0.126,0.871,0.089,0.076,0.02,-11.983,0.126,0.871,0.089,0.076,0.02,faulted_bearing,45
2/13/2025 13:01,-11.983,0.242,0.873,0.171,0.06,0.021,-11.983,0.242,0.873,0.171,0.06,0.021,faulted_bearing,45
2/13/2025 13:01,-11.983,0.155,0.705,0.11,0.074,0.014,-11.983,0.155,0.705,0.11,0.074,0.014,faulted_bearing,45
2/13/2025 13:01,-11.983,0.244,0.704,0.173,0.064,0.02,-11.983,0.244,0.704,0.173,0.064,0.02,faulted_bearing,45
2/13/2025 13:02,-11.983,0.26,0.818,0.184,0.076,0.014,-11.983,0.26,0.818,0.184,0.076,0.014,faulted_bearing,45
2/13/2025 13:02,-11.983,0.132,0.727,0.094,0.063,0.02,-11.983,0.132,0.727,0.094,0.063,0.02,faulted_bearing,45
2/13/2025 13:02,-11.983,0.244,0.861,0.173,0.072,0.014,-11.983,0.244,0.861,0.173,0.072,0.014,faulted_bearing,45
2/13/2025 13:02,-11.983,0.139,0.819,0.098,0.062,0.013,-11.983,0.139,0.819,0.098,0.062,0.013,faulted_bearing,45
2/13/2025 13:02,-11.983,0.15,0.715,0.106,0.07,0.019,-11.983,0.15,0.715,0.106,0.07,0.019,faulted_bearing,45
2/13/2025 13:02,-11.983,0.243,0.718,0.172,0.062,0.019,-11.983,0.243,0.718,0.172,0.062,0.019,faulted_bearing,45
2/13/2025 13:02,-11.983,0.125,0.839,0.088,0.076,0.016,-11.983,0.125,0.839,0.088,0.076,0.016,faulted_bearing,45
2/13/2025 13:02,-11.983,0.236,0.697,0.167,0.063,0.02,-11.983,0.236,0.697,0.167,0.063,0.02,faulted_bearing,45
2/13/2025 13:02,-11.983,0.238,0.862,0.168,0.064,0.014,-11.983,0.238,0.862,0.168,0.064,0.014,faulted_bearing,45
2/13/2025 13:02,-11.983,0.253,0.717,0.179,0.073,0.02,-11.983,0.253,0.717,0.179,0.073,0.02,faulted_bearing,45
2/13/2025 13:02,-11.983,0.176,0.729,0.124,0.064,0.013,-11.983,0.176,0.729,0.124,0.064,0.013,faulted_bearing,45
2/13/2025 13:02,-11.983,0.143,0.836,0.101,0.064,0.02,-11.983,0.143,0.836,0.101,0.064,0.02,faulted_bearing,45
2/13/2025 13:03,-11.983,0.248,0.826,0.175,0.065,0.02,-11.983,0.248,0.826,0.175,0.065,0.02,faulted_bearing,45
2/13/2025 13:03,-11.983,0.121,0.734,0.085,0.074,0.013,-11.983,0.121,0.734,0.085,0.074,0.013,faulted_bearing,45
2/13/2025 13:03,-11.983,0.244,0.739,0.172,0.075,0.016,-11.983,0.244,0.739,0.172,0.075,0.016,faulted_bearing,45
2/13/2025 13:03,-11.983,0.139,0.896,0.098,0.064,0.02,-11.983,0.139,0.896,0.098,0.064,0.02,faulted_bearing,45
2/13/2025 13:03,-11.983,0.252,0.861,0.178,0.073,0.014,-11.983,0.252,0.861,0.178,0.073,0.014,faulted_bearing,45
2/13/2025 13:03,-11.983,0.174,0.72,0.123,0.064,0.02,-11.983,0.174,0.72,0.123,0.064,0.02,faulted_bearing,45
2/13/2025 13:03,-11.983,0.138,0.891,0.098,0.077,0.019,-11.983,0.138,0.891,0.098,0.077,0.019,faulted_bearing,45
2/13/2025 13:03,-11.983,0.248,0.721,0.175,0.073,0.02,-11.983,0.248,0.721,0.175,0.073,0.02,faulted_bearing,45
2/13/2025 13:03,-11.983,0.23,0.85,0.162,0.061,0.015,-11.983,0.23,0.85,0.162,0.061,0.015,faulted_bearing,45
2/13/2025 13:03,-11.983,0.169,0.725,0.119,0.064,0.02,-11.983,0.169,0.725,0.119,0.064,0.02,faulted_bearing,45
2/13/2025 13:03,-11.983,0.153,0.875,0.108,0.077,0.015,-11.983,0.153,0.875,0.108,0.077,0.015,faulted_bearing,45
2/13/2025 13:03,-11.983,0.256,0.844,0.181,0.074,0.02,-11.983,0.256,0.844,0.181,0.074,0.02,faulted_bearing,45
2/13/2025 13:03,-11.983,0.243,0.728,0.172,0.06,0.014,-11.983,0.243,0.728,0.172,0.06,0.014,faulted_bearing,45
2/13/2025 13:03,-11.983,0.157,0.863,0.111,0.073,0.02,-11.983,0.157,0.863,0.111,0.073,0.02,faulted_bearing,45
2/13/2025 13:04,-11.983,0.244,0.715,0.172,0.063,0.015,-11.983,0.244,0.715,0.172,0.063,0.015,faulted_bearing,45
2/13/2025 13:04,-11.983,0.138,0.842,0.098,0.073,0.021,-11.983,0.138,0.842,0.098,0.073,0.021,faulted_bearing,45
2/13/2025 13:04,-11.983,0.254,0.72,0.18,0.059,0.02,-11.983,0.254,0.72,0.18,0.059,0.02,faulted_bearing,45
2/13/2025 13:04,-11.983,0.253,0.725,0.179,0.073,0.014,-11.983,0.253,0.725,0.179,0.073,0.014,faulted_bearing,45
2/13/2025 13:04,-11.983,0.162,0.849,0.115,0.064,0.014,-11.983,0.162,0.849,0.115,0.064,0.014,faulted_bearing,45
2/13/2025 13:04,-11.983,0.143,0.702,0.101,0.075,0.02,-11.983,0.143,0.702,0.101,0.075,0.02,faulted_bearing,45
2/13/2025 13:04,-11.983,0.251,0.844,0.177,0.063,0.02,-11.983,0.251,0.844,0.177,0.063,0.02,faulted_bearing,45
2/13/2025 13:04,-11.983,0.134,0.747,0.095,0.073,0.015,-11.983,0.134,0.747,0.095,0.073,0.015,faulted_bearing,45
2/13/2025 13:04,-11.983,0.247,0.822,0.174,0.06,0.019,-11.983,0.247,0.822,0.174,0.06,0.019,faulted_bearing,45
2/13/2025 13:04,-11.983,0.252,0.836,0.178,0.065,0.014,-11.983,0.252,0.836,0.178,0.065,0.014,faulted_bearing,45
2/13/2025 13:04,-11.983,0.151,0.729,0.107,0.072,0.02,-11.983,0.151,0.729,0.107,0.072,0.02,faulted_bearing,45
2/13/2025 13:05,-11.983,0.138,0.734,0.098,0.078,0.013,-11.983,0.138,0.734,0.098,0.078,0.013,faulted_bearing,45
2/13/2025 13:05,-11.983,0.243,0.826,0.172,0.062,0.02,-11.983,0.243,0.826,0.172,0.062,0.02,faulted_bearing,45
2/13/2025 13:05,-11.983,0.261,0.728,0.185,0.078,0.014,-11.983,0.261,0.728,0.185,0.078,0.014,faulted_bearing,45
2/13/2025 13:05,-11.983,0.138,0.835,0.097,0.061,0.02,-11.983,0.138,0.835,0.097,0.061,0.02,faulted_bearing,45
2/13/2025 13:05,-11.983,0.122,0.876,0.086,0.076,0.015,-11.983,0.122,0.876,0.086,0.076,0.015,faulted_bearing,45
2/13/2025 13:05,-11.983,0.26,0.732,0.184,0.061,0.019,-11.983,0.26,0.732,0.184,0.061,0.019,faulted_bearing,45
2/13/2025 13:05,-11.983,0.127,0.878,0.09,0.061,0.021,-11.983,0.127,0.878,0.09,0.061,0.021,faulted_bearing,45
2/13/2025 13:05,-11.983,0.252,0.704,0.178,0.074,0.014,-11.983,0.252,0.704,0.178,0.074,0.014,faulted_bearing,45
2/13/2025 13:05,-11.983,0.161,0.831,0.114,0.064,0.014,-11.983,0.161,0.831,0.114,0.064,0.014,faulted_bearing,45
2/13/2025 13:05,-11.983,0.234,0.689,0.166,0.074,0.02,-11.983,0.234,0.689,0.166,0.074,0.02,faulted_bearing,45
2/13/2025 13:05,-11.983,0.236,0.714,0.167,0.079,0.015,-11.983,0.236,0.714,0.167,0.079,0.015,faulted_bearing,45
2/13/2025 13:06,-11.983,0.143,0.889,0.101,0.062,0.021,-11.983,0.143,0.889,0.101,0.062,0.021,faulted_bearing,45
2/13/2025 13:06,-11.983,0.134,0.734,0.095,0.063,0.014,-11.983,0.134,0.734,0.095,0.063,0.014,faulted_bearing,45
2/13/2025 13:06,-11.983,0.256,0.833,0.181,0.074,0.02,-11.983,0.256,0.833,0.181,0.074,0.02,faulted_bearing,45
2/13/2025 13:06,-11.983,0.162,0.875,0.115,0.076,0.015,-11.983,0.162,0.875,0.115,0.076,0.015,faulted_bearing,45
2/13/2025 13:06,-11.983,0.257,0.717,0.182,0.061,0.014,-11.983,0.257,0.717,0.182,0.061,0.014,faulted_bearing,45
2/13/2025 13:06,-11.983,0.135,0.809,0.095,0.066,0.02,-11.983,0.135,0.809,0.095,0.066,0.02,faulted_bearing,45
2/13/2025 13:06,-11.983,0.155,0.719,0.109,0.076,0.013,-11.983,0.155,0.719,0.109,0.076,0.013,faulted_bearing,45
2/13/2025 13:06,-11.983,0.239,0.834,0.169,0.076,0.02,-11.983,0.239,0.834,0.169,0.076,0.02,faulted_bearing,45
2/13/2025 13:06,-11.983,0.258,0.737,0.182,0.066,0.015,-11.983,0.258,0.737,0.182,0.066,0.015,faulted_bearing,45
2/13/2025 13:06,-11.983,0.147,0.841,0.104,0.06,0.02,-11.983,0.147,0.841,0.104,0.06,0.02,faulted_bearing,45
2/13/2025 13:06,-11.983,0.127,0.725,0.09,0.075,0.013,-11.983,0.127,0.725,0.09,0.075,0.013,faulted_bearing,45
2/13/2025 13:06,-11.983,0.256,0.819,0.181,0.065,0.019,-11.983,0.256,0.819,0.181,0.065,0.019,faulted_bearing,45
2/13/2025 13:06,-11.983,0.139,0.715,0.098,0.077,0.013,-11.983,0.139,0.715,0.098,0.077,0.013,faulted_bearing,45
2/13/2025 13:07,-11.982,0.254,0.707,0.18,0.062,0.014,-11.982,0.254,0.707,0.18,0.062,0.014,faulted_bearing,45
2/13/2025 13:07,-11.982,0.128,0.875,0.09,0.071,0.02,-11.982,0.128,0.875,0.09,0.071,0.02,faulted_bearing,45
2/13/2025 13:07,-11.982,0.238,0.732,0.168,0.07,0.016,-11.982,0.238,0.732,0.168,0.07,0.016,faulted_bearing,45
2/13/2025 13:07,-11.982,0.119,0.843,0.084,0.064,0.021,-11.982,0.119,0.843,0.084,0.064,0.021,faulted_bearing,45
2/13/2025 13:07,-11.982,0.148,0.811,0.105,0.075,0.014,-11.982,0.148,0.811,0.105,0.075,0.014,faulted_bearing,45
2/13/2025 13:07,-11.982,0.255,0.738,0.18,0.064,0.02,-11.982,0.255,0.738,0.18,0.064,0.02,faulted_bearing,45
2/13/2025 13:07,-11.982,0.169,0.72,0.12,0.067,0.019,-11.982,0.169,0.72,0.12,0.067,0.019,faulted_bearing,45
2/13/2025 13:07,-11.982,0.269,0.848,0.19,0.073,0.014,-11.982,0.269,0.848,0.19,0.073,0.014,faulted_bearing,45
2/13/2025 13:07,-11.982,0.132,0.867,0.094,0.072,0.014,-11.982,0.132,0.867,0.094,0.072,0.014,faulted_bearing,45
2/13/2025 13:07,-11.982,0.256,0.725,0.181,0.061,0.019,-11.982,0.256,0.725,0.181,0.061,0.019,faulted_bearing,45
2/13/2025 13:07,-11.982,0.152,0.845,0.107,0.074,0.013,-11.982,0.152,0.845,0.107,0.074,0.013,faulted_bearing,45
2/13/2025 13:07,-11.983,0.241,0.718,0.171,0.065,0.02,-11.983,0.241,0.718,0.171,0.065,0.02,faulted_bearing,45
2/13/2025 13:07,-11.982,0.24,0.714,0.169,0.078,0.014,-11.982,0.24,0.714,0.169,0.078,0.014,faulted_bearing,45
2/13/2025 13:08,-11.982,0.132,0.84,0.093,0.064,0.02,-11.982,0.132,0.84,0.093,0.064,0.02,faulted_bearing,45
2/13/2025 13:08,-11.982,0.133,0.849,0.094,0.066,0.015,-11.982,0.133,0.849,0.094,0.066,0.015,faulted_bearing,45
2/13/2025 13:08,-11.982,0.243,0.746,0.172,0.074,0.02,-11.982,0.243,0.746,0.172,0.074,0.02,faulted_bearing,45
2/13/2025 13:08,-11.982,0.126,0.814,0.089,0.071,0.019,-11.982,0.126,0.814,0.089,0.071,0.019,faulted_bearing,45
2/13/2025 13:08,-11.982,0.253,0.75,0.179,0.063,0.014,-11.982,0.253,0.75,0.179,0.063,0.014,faulted_bearing,45
2/13/2025 13:08,-11.983,0.249,0.93,0.176,0.071,0.021,-11.983,0.249,0.93,0.176,0.071,0.021,faulted_bearing,45
2/13/2025 13:08,-11.983,0.168,0.761,0.119,0.064,0.014,-11.983,0.168,0.761,0.119,0.064,0.014,faulted_bearing,45
2/13/2025 13:08,-11.982,0.252,0.86,0.178,0.073,0.02,-11.982,0.252,0.86,0.178,0.073,0.02,faulted_bearing,45
2/13/2025 13:08,-11.982,0.124,0.874,0.088,0.074,0.014,-11.982,0.124,0.874,0.088,0.074,0.014,faulted_bearing,45
2/13/2025 13:08,-11.982,0.265,0.7,0.187,0.065,0.014,-11.982,0.265,0.7,0.187,0.065,0.014,faulted_bearing,45
2/13/2025 13:08,-11.982,0.133,0.816,0.094,0.064,0.019,-11.982,0.133,0.816,0.094,0.064,0.019,faulted_bearing,45
2/13/2025 13:08,-11.982,0.256,0.847,0.181,0.074,0.02,-11.982,0.256,0.847,0.181,0.074,0.02,faulted_bearing,45
2/13/2025 13:08,-11.982,0.145,0.722,0.102,0.063,0.015,-11.982,0.145,0.722,0.102,0.063,0.015,faulted_bearing,45
2/13/2025 13:08,-11.982,0.149,0.851,0.105,0.077,0.021,-11.982,0.149,0.851,0.105,0.077,0.021,faulted_bearing,45
2/13/2025 13:08,-11.982,0.242,0.861,0.171,0.064,0.015,-11.982,0.242,0.861,0.171,0.064,0.015,faulted_bearing,45
2/13/2025 13:09,-11.982,0.161,0.724,0.114,0.074,0.019,-11.982,0.161,0.724,0.114,0.074,0.019,faulted_bearing,45
2/13/2025 13:09,-11.982,0.252,0.762,0.178,0.065,0.014,-11.982,0.252,0.762,0.178,0.065,0.014,faulted_bearing,45
2/13/2025 13:09,-11.982,0.273,0.899,0.193,0.075,0.014,-11.982,0.273,0.899,0.193,0.075,0.014,faulted_bearing,45
2/13/2025 13:09,-11.982,0.155,0.87,0.109,0.064,0.02,-11.982,0.155,0.87,0.109,0.064,0.02,faulted_bearing,45
2/13/2025 13:09,-11.982,0.239,0.728,0.169,0.073,0.014,-11.982,0.239,0.728,0.169,0.073,0.014,faulted_bearing,45
2/13/2025 13:09,-11.982,0.148,0.864,0.105,0.072,0.02,-11.982,0.148,0.864,0.105,0.072,0.02,faulted_bearing,45
2/13/2025 13:09,-11.983,0.253,0.74,0.179,0.06,0.015,-11.983,0.253,0.74,0.179,0.06,0.015,faulted_bearing,45
2/13/2025 13:09,-11.983,0.146,0.856,0.103,0.072,0.02,-11.983,0.146,0.856,0.103,0.072,0.02,faulted_bearing,45
2/13/2025 13:09,-11.983,0.131,0.878,0.092,0.067,0.014,-11.983,0.131,0.878,0.092,0.067,0.014,faulted_bearing,45
2/13/2025 13:09,-11.983,0.252,0.717,0.178,0.074,0.021,-11.983,0.252,0.717,0.178,0.074,0.021,faulted_bearing,45
2/13/2025 13:09,-11.983,0.159,0.858,0.112,0.065,0.014,-11.983,0.159,0.858,0.112,0.065,0.014,faulted_bearing,45
2/13/2025 13:10,-11.982,0.237,0.761,0.168,0.061,0.02,-11.982,0.237,0.761,0.168,0.061,0.02,faulted_bearing,45
2/13/2025 13:10,-11.983,0.13,0.863,0.092,0.076,0.021,-11.983,0.13,0.863,0.092,0.076,0.021,faulted_bearing,45
2/13/2025 13:10,-11.983,0.267,0.741,0.189,0.062,0.014,-11.983,0.267,0.741,0.189,0.062,0.014,faulted_bearing,45
2/13/2025 13:10,-11.983,0.141,0.855,0.1,0.063,0.02,-11.983,0.141,0.855,0.1,0.063,0.02,faulted_bearing,45
2/13/2025 13:10,-11.983,0.266,0.745,0.188,0.074,0.015,-11.983,0.266,0.745,0.188,0.074,0.015,faulted_bearing,45
2/13/2025 13:10,-11.983,0.131,0.882,0.093,0.074,0.014,-11.983,0.131,0.882,0.093,0.074,0.014,faulted_bearing,45
2/13/2025 13:10,-11.983,0.261,0.713,0.185,0.063,0.019,-11.983,0.261,0.713,0.185,0.063,0.019,faulted_bearing,45
2/13/2025 13:10,-11.982,0.171,0.883,0.121,0.075,0.021,-11.982,0.171,0.883,0.121,0.075,0.021,faulted_bearing,45
2/13/2025 13:10,-11.982,0.234,0.706,0.165,0.077,0.016,-11.982,0.234,0.706,0.165,0.077,0.016,faulted_bearing,45
2/13/2025 13:10,-11.982,0.15,0.853,0.106,0.064,0.023,-11.982,0.15,0.853,0.106,0.064,0.023,faulted_bearing,45
2/13/2025 13:10,-11.982,0.264,0.738,0.187,0.076,0.02,-11.982,0.264,0.738,0.187,0.076,0.02,faulted_bearing,45
2/13/2025 13:11,-11.983,0.173,0.741,0.122,0.064,0.014,-11.983,0.173,0.741,0.122,0.064,0.014,faulted_bearing,45
2/13/2025 13:11,-11.982,0.175,0.895,0.124,0.077,0.021,-11.982,0.175,0.895,0.124,0.077,0.021,faulted_bearing,45
2/13/2025 13:11,-11.982,0.242,0.742,0.171,0.064,0.014,-11.982,0.242,0.742,0.171,0.064,0.014,faulted_bearing,45
2/13/2025 13:11,-11.983,0.254,0.861,0.18,0.075,0.019,-11.983,0.254,0.861,0.18,0.075,0.019,faulted_bearing,45
2/13/2025 13:11,-11.982,0.131,0.706,0.092,0.063,0.021,-11.982,0.131,0.706,0.092,0.063,0.021,faulted_bearing,45
2/13/2025 13:11,-11.982,0.26,0.849,0.184,0.072,0.015,-11.982,0.26,0.849,0.184,0.072,0.015,faulted_bearing,45
2/13/2025 13:11,-11.983,0.141,0.829,0.1,0.065,0.015,-11.983,0.141,0.829,0.1,0.065,0.015,faulted_bearing,45
2/13/2025 13:11,-11.982,0.243,0.725,0.172,0.066,0.014,-11.982,0.243,0.725,0.172,0.066,0.014,faulted_bearing,45
2/13/2025 13:11,-11.982,0.166,0.847,0.117,0.078,0.02,-11.982,0.166,0.847,0.117,0.078,0.02,faulted_bearing,45
2/13/2025 13:11,-11.982,0.27,0.696,0.191,0.075,0.015,-11.982,0.27,0.696,0.191,0.075,0.015,faulted_bearing,45
2/13/2025 13:11,-11.982,0.134,0.742,0.095,0.061,0.021,-11.982,0.134,0.742,0.095,0.061,0.021,faulted_bearing,45
2/13/2025 13:12,-11.982,0.138,0.912,0.098,0.076,0.013,-11.982,0.138,0.912,0.098,0.076,0.013,faulted_bearing,45
2/13/2025 13:12,-11.982,0.243,0.73,0.172,0.067,0.02,-11.982,0.243,0.73,0.172,0.067,0.02,faulted_bearing,45
2/13/2025 13:12,-11.982,0.268,0.85,0.19,0.077,0.014,-11.982,0.268,0.85,0.19,0.077,0.014,faulted_bearing,45
2/13/2025 13:12,-11.982,0.124,0.72,0.088,0.066,0.019,-11.982,0.124,0.72,0.088,0.066,0.019,faulted_bearing,45
2/13/2025 13:12,-11.983,0.255,0.885,0.18,0.061,0.015,-11.983,0.255,0.885,0.18,0.061,0.015,faulted_bearing,45
2/13/2025 13:12,-11.983,0.133,0.879,0.094,0.075,0.021,-11.983,0.133,0.879,0.094,0.075,0.021,faulted_bearing,45
2/13/2025 13:12,-11.983,0.252,0.763,0.178,0.062,0.013,-11.983,0.252,0.763,0.178,0.062,0.013,faulted_bearing,45
2/13/2025 13:12,-11.983,0.145,0.746,0.103,0.075,0.019,-11.983,0.145,0.746,0.103,0.075,0.019,faulted_bearing,45
2/13/2025 13:12,-11.983,0.284,0.842,0.201,0.065,0.014,-11.983,0.284,0.842,0.201,0.065,0.014,faulted_bearing,45
2/13/2025 13:12,-11.983,0.126,0.737,0.089,0.076,0.02,-11.983,0.126,0.737,0.089,0.076,0.02,faulted_bearing,45
2/13/2025 13:12,-11.983,0.24,0.834,0.17,0.073,0.02,-11.983,0.24,0.834,0.17,0.073,0.02,faulted_bearing,45
2/13/2025 13:12,-11.983,0.126,0.736,0.089,0.063,0.013,-11.983,0.126,0.736,0.089,0.063,0.013,faulted_bearing,45
2/13/2025 13:12,-11.983,0.264,0.863,0.187,0.064,0.021,-11.983,0.264,0.863,0.187,0.064,0.021,faulted_bearing,45
2/13/2025 13:12,-11.983,0.251,0.854,0.177,0.075,0.014,-11.983,0.251,0.854,0.177,0.075,0.014,faulted_bearing,45
2/13/2025 13:13,-11.982,0.125,0.722,0.089,0.064,0.021,-11.982,0.125,0.722,0.089,0.064,0.021,faulted_bearing,45
2/13/2025 13:13,-11.982,0.265,0.872,0.187,0.075,0.014,-11.982,0.265,0.872,0.187,0.075,0.014,faulted_bearing,45
2/13/2025 13:13,-11.982,0.13,0.84,0.092,0.067,0.021,-11.982,0.13,0.84,0.092,0.067,0.021,faulted_bearing,45
2/13/2025 13:13,-11.982,0.271,0.72,0.191,0.075,0.015,-11.982,0.271,0.72,0.191,0.075,0.015,faulted_bearing,45
2/13/2025 13:13,-11.982,0.138,0.833,0.097,0.076,0.02,-11.982,0.138,0.833,0.097,0.076,0.02,faulted_bearing,45
2/13/2025 13:13,-11.982,0.265,0.698,0.188,0.065,0.013,-11.982,0.265,0.698,0.188,0.065,0.013,faulted_bearing,45
2/13/2025 13:13,-11.982,0.154,0.769,0.109,0.073,0.02,-11.982,0.154,0.769,0.109,0.073,0.02,faulted_bearing,45
2/13/2025 13:13,-11.982,0.246,0.856,0.174,0.072,0.015,-11.982,0.246,0.856,0.174,0.072,0.015,faulted_bearing,45
2/13/2025 13:13,-11.982,0.142,0.732,0.1,0.062,0.019,-11.982,0.142,0.732,0.1,0.062,0.019,faulted_bearing,45
2/13/2025 13:13,-11.982,0.259,0.863,0.183,0.076,0.02,-11.982,0.259,0.863,0.183,0.076,0.02,faulted_bearing,45
2/13/2025 13:13,-11.982,0.129,0.73,0.091,0.062,0.014,-11.982,0.129,0.73,0.091,0.062,0.014,faulted_bearing,45
2/13/2025 13:14,-11.982,0.239,0.821,0.169,0.075,0.015,-11.982,0.239,0.821,0.169,0.075,0.015,faulted_bearing,45
2/13/2025 13:14,-11.982,0.138,0.811,0.098,0.061,0.02,-11.982,0.138,0.811,0.098,0.061,0.02,faulted_bearing,45
2/13/2025 13:14,-11.982,0.253,0.731,0.179,0.075,0.014,-11.982,0.253,0.731,0.179,0.075,0.014,faulted_bearing,45
2/13/2025 13:14,-11.982,0.159,0.851,0.112,0.065,0.021,-11.982,0.159,0.851,0.112,0.065,0.021,faulted_bearing,45
2/13/2025 13:14,-11.982,0.26,0.717,0.184,0.075,0.015,-11.982,0.26,0.717,0.184,0.075,0.015,faulted_bearing,45
2/13/2025 13:14,-11.982,0.142,0.878,0.1,0.062,0.014,-11.982,0.142,0.878,0.1,0.062,0.014,faulted_bearing,45
2/13/2025 13:14,-11.983,0.252,0.723,0.178,0.073,0.021,-11.983,0.252,0.723,0.178,0.073,0.021,faulted_bearing,45
2/13/2025 13:14,-11.982,0.138,0.862,0.097,0.075,0.015,-11.982,0.138,0.862,0.097,0.075,0.015,faulted_bearing,45
2/13/2025 13:14,-11.983,0.133,0.708,0.094,0.066,0.02,-11.983,0.133,0.708,0.094,0.066,0.02,faulted_bearing,45
2/13/2025 13:14,-11.983,0.266,0.827,0.188,0.065,0.014,-11.983,0.266,0.827,0.188,0.065,0.014,faulted_bearing,45
2/13/2025 13:14,-11.983,0.141,0.717,0.1,0.074,0.019,-11.983,0.141,0.717,0.1,0.074,0.019,faulted_bearing,45
2/13/2025 13:14,-11.982,0.248,0.843,0.175,0.067,0.02,-11.982,0.248,0.843,0.175,0.067,0.02,faulted_bearing,45
2/13/2025 13:14,-11.982,0.136,0.89,0.096,0.073,0.014,-11.982,0.136,0.89,0.096,0.073,0.014,faulted_bearing,45
2/13/2025 13:14,-11.982,0.242,0.71,0.171,0.065,0.021,-11.982,0.242,0.71,0.171,0.065,0.021,faulted_bearing,45
2/13/2025 13:15,-11.982,0.244,0.852,0.172,0.073,0.014,-11.982,0.244,0.852,0.172,0.073,0.014,faulted_bearing,45
2/13/2025 13:15,-11.982,0.127,0.746,0.09,0.076,0.02,-11.982,0.127,0.746,0.09,0.076,0.02,faulted_bearing,45
2/13/2025 13:15,-11.982,0.259,0.873,0.183,0.063,0.015,-11.982,0.259,0.873,0.183,0.063,0.015,faulted_bearing,45
2/13/2025 13:15,-11.983,0.127,0.72,0.09,0.074,0.013,-11.983,0.127,0.72,0.09,0.074,0.013,faulted_bearing,45
2/13/2025 13:15,-11.983,0.247,0.838,0.174,0.076,0.021,-11.983,0.247,0.838,0.174,0.076,0.021,faulted_bearing,45
2/13/2025 13:15,-11.983,0.164,0.714,0.116,0.066,0.014,-11.983,0.164,0.714,0.116,0.066,0.014,faulted_bearing,45
2/13/2025 13:15,-11.983,0.134,0.822,0.095,0.063,0.015,-11.983,0.134,0.822,0.095,0.063,0.015,faulted_bearing,45
2/13/2025 13:15,-11.983,0.262,0.891,0.185,0.077,0.02,-11.983,0.262,0.891,0.185,0.077,0.02,faulted_bearing,45
2/13/2025 13:15,-11.983,0.149,0.741,0.105,0.061,0.013,-11.983,0.149,0.741,0.105,0.061,0.013,faulted_bearing,45
2/13/2025 13:15,-11.983,0.127,0.752,0.09,0.066,0.02,-11.983,0.127,0.752,0.09,0.066,0.02,faulted_bearing,45
2/13/2025 13:15,-11.983,0.252,0.865,0.178,0.075,0.015,-11.983,0.252,0.865,0.178,0.075,0.015,faulted_bearing,45
2/13/2025 13:15,-11.982,0.255,0.709,0.18,0.066,0.02,-11.982,0.255,0.709,0.18,0.066,0.02,faulted_bearing,45
2/13/2025 13:16,-11.982,0.136,0.705,0.096,0.075,0.014,-11.982,0.136,0.705,0.096,0.075,0.014,faulted_bearing,45
2/13/2025 13:16,-11.983,0.154,0.855,0.109,0.071,0.02,-11.983,0.154,0.855,0.109,0.071,0.02,faulted_bearing,45
2/13/2025 13:16,-11.983,0.251,0.727,0.178,0.063,0.013,-11.983,0.251,0.727,0.178,0.063,0.013,faulted_bearing,45
2/13/2025 13:16,-11.982,0.133,0.856,0.094,0.075,0.021,-11.982,0.133,0.856,0.094,0.075,0.021,faulted_bearing,45
2/13/2025 13:16,-11.982,0.247,0.831,0.175,0.064,0.02,-11.982,0.247,0.831,0.175,0.064,0.02,faulted_bearing,45
2/13/2025 13:16,-11.982,0.261,0.719,0.185,0.078,0.014,-11.982,0.261,0.719,0.185,0.078,0.014,faulted_bearing,45
2/13/2025 13:16,-11.983,0.134,0.834,0.094,0.065,0.021,-11.983,0.134,0.834,0.094,0.065,0.021,faulted_bearing,45
2/13/2025 13:16,-11.982,0.256,0.778,0.181,0.075,0.014,-11.982,0.256,0.778,0.181,0.075,0.014,faulted_bearing,45
2/13/2025 13:16,-11.982,0.138,0.873,0.098,0.064,0.021,-11.982,0.138,0.873,0.098,0.064,0.021,faulted_bearing,45
2/13/2025 13:16,-11.982,0.262,0.87,0.185,0.064,0.014,-11.982,0.262,0.87,0.185,0.064,0.014,faulted_bearing,45
2/13/2025 13:16,-11.982,0.144,0.708,0.102,0.075,0.019,-11.982,0.144,0.708,0.102,0.075,0.019,faulted_bearing,45
2/13/2025 13:16,-11.982,0.258,0.822,0.183,0.064,0.02,-11.982,0.258,0.822,0.183,0.064,0.02,faulted_bearing,45
2/13/2025 13:16,-11.982,0.137,0.733,0.097,0.076,0.015,-11.982,0.137,0.733,0.097,0.076,0.015,faulted_bearing,45
2/13/2025 13:17,-11.982,0.248,0.763,0.175,0.062,0.014,-11.982,0.248,0.763,0.175,0.062,0.014,faulted_bearing,45
2/13/2025 13:17,-11.983,0.257,0.866,0.182,0.078,0.02,-11.983,0.257,0.866,0.182,0.078,0.02,faulted_bearing,45
2/13/2025 13:17,-11.983,0.153,0.732,0.108,0.065,0.02,-11.983,0.153,0.732,0.108,0.065,0.02,faulted_bearing,45
2/13/2025 13:17,-11.983,0.134,0.907,0.095,0.074,0.013,-11.983,0.134,0.907,0.095,0.074,0.013,faulted_bearing,45
2/13/2025 13:17,-11.983,0.253,0.759,0.179,0.074,0.021,-11.983,0.253,0.759,0.179,0.074,0.021,faulted_bearing,45
2/13/2025 13:17,-11.983,0.249,0.847,0.176,0.066,0.014,-11.983,0.249,0.847,0.176,0.066,0.014,faulted_bearing,45
2/13/2025 13:17,-11.983,0.137,0.748,0.097,0.065,0.015,-11.983,0.137,0.748,0.097,0.065,0.015,faulted_bearing,45
2/13/2025 13:17,-11.983,0.125,0.721,0.088,0.075,0.02,-11.983,0.125,0.721,0.088,0.075,0.02,faulted_bearing,45
2/13/2025 13:17,-11.983,0.257,0.859,0.182,0.071,0.02,-11.983,0.257,0.859,0.182,0.071,0.02,faulted_bearing,45
2/13/2025 13:17,-11.983,0.13,0.743,0.092,0.065,0.013,-11.983,0.13,0.743,0.092,0.065,0.013,faulted_bearing,45
2/13/2025 13:17,-11.983,0.273,0.848,0.193,0.074,0.02,-11.983,0.273,0.848,0.193,0.074,0.02,faulted_bearing,45
2/13/2025 13:17,-11.983,0.138,0.703,0.098,0.076,0.015,-11.983,0.138,0.703,0.098,0.076,0.015,faulted_bearing,45
2/13/2025 13:18,-11.983,0.263,0.868,0.186,0.063,0.021,-11.983,0.263,0.868,0.186,0.063,0.021,faulted_bearing,45
2/13/2025 13:18,-11.983,0.25,0.731,0.176,0.066,0.015,-11.983,0.25,0.731,0.176,0.066,0.015,faulted_bearing,45
2/13/2025 13:18,-11.983,0.126,0.732,0.089,0.077,0.02,-11.983,0.126,0.732,0.089,0.077,0.02,faulted_bearing,45
2/13/2025 13:18,-11.983,0.252,0.868,0.178,0.066,0.021,-11.983,0.252,0.868,0.178,0.066,0.021,faulted_bearing,45
2/13/2025 13:18,-11.983,0.161,0.736,0.114,0.065,0.013,-11.983,0.161,0.736,0.114,0.065,0.013,faulted_bearing,45
2/13/2025 13:18,-11.983,0.267,0.755,0.189,0.077,0.02,-11.983,0.267,0.755,0.189,0.077,0.02,faulted_bearing,45
2/13/2025 13:18,-11.983,0.147,0.884,0.104,0.077,0.014,-11.983,0.147,0.884,0.104,0.077,0.014,faulted_bearing,45
2/13/2025 13:18,-11.983,0.264,0.879,0.187,0.067,0.014,-11.983,0.264,0.879,0.187,0.067,0.014,faulted_bearing,45
2/13/2025 13:18,-11.983,0.266,0.751,0.188,0.075,0.02,-11.983,0.266,0.751,0.188,0.075,0.02,faulted_bearing,45
2/13/2025 13:18,-11.983,0.13,0.874,0.092,0.065,0.02,-11.983,0.13,0.874,0.092,0.065,0.02,faulted_bearing,45
2/13/2025 13:18,-11.983,0.137,0.726,0.097,0.076,0.014,-11.983,0.137,0.726,0.097,0.076,0.014,faulted_bearing,45
2/13/2025 13:18,-11.983,0.257,0.855,0.181,0.066,0.02,-11.983,0.257,0.855,0.181,0.066,0.02,faulted_bearing,45
2/13/2025 13:18,-11.983,0.139,0.872,0.098,0.078,0.02,-11.983,0.139,0.872,0.098,0.078,0.02,faulted_bearing,45
2/13/2025 13:19,-11.983,0.259,0.735,0.183,0.065,0.014,-11.983,0.259,0.735,0.183,0.065,0.014,faulted_bearing,45
2/13/2025 13:19,-11.983,0.249,0.849,0.176,0.063,0.013,-11.983,0.249,0.849,0.176,0.063,0.013,faulted_bearing,45
2/13/2025 13:19,-11.983,0.15,0.724,0.106,0.073,0.02,-11.983,0.15,0.724,0.106,0.073,0.02,faulted_bearing,45
2/13/2025 13:19,-11.983,0.246,0.74,0.174,0.064,0.014,-11.983,0.246,0.74,0.174,0.064,0.014,faulted_bearing,45
2/13/2025 13:19,-11.983,0.247,0.835,0.174,0.079,0.014,-11.983,0.247,0.835,0.174,0.079,0.014,faulted_bearing,45
2/13/2025 13:19,-11.983,0.143,0.721,0.101,0.075,0.021,-11.983,0.143,0.721,0.101,0.075,0.021,faulted_bearing,45
2/13/2025 13:19,-11.983,0.12,0.907,0.085,0.066,0.014,-11.983,0.12,0.907,0.085,0.066,0.014,faulted_bearing,45
2/13/2025 13:19,-11.983,0.247,0.74,0.175,0.063,0.014,-11.983,0.247,0.74,0.175,0.063,0.014,faulted_bearing,45
2/13/2025 13:19,-11.983,0.145,0.872,0.103,0.076,0.02,-11.983,0.145,0.872,0.103,0.076,0.02,faulted_bearing,45
2/13/2025 13:19,-11.983,0.141,0.726,0.099,0.063,0.014,-11.983,0.141,0.726,0.099,0.063,0.014,faulted_bearing,45
2/13/2025 13:19,-11.983,0.288,0.767,0.204,0.074,0.02,-11.983,0.288,0.767,0.204,0.074,0.02,faulted_bearing,45
2/13/2025 13:19,-11.983,0.14,0.884,0.099,0.065,0.014,-11.983,0.14,0.884,0.099,0.065,0.014,faulted_bearing,45
2/13/2025 13:19,-11.983,0.26,0.861,0.184,0.076,0.02,-11.983,0.26,0.861,0.184,0.076,0.02,faulted_bearing,45
2/13/2025 13:20,-11.983,0.143,0.76,0.101,0.067,0.014,-11.983,0.143,0.76,0.101,0.067,0.014,faulted_bearing,45
2/13/2025 13:20,-11.983,0.147,0.744,0.104,0.075,0.021,-11.983,0.147,0.744,0.104,0.075,0.021,faulted_bearing,45
2/13/2025 13:20,-11.983,0.253,0.844,0.179,0.066,0.015,-11.983,0.253,0.844,0.179,0.066,0.015,faulted_bearing,45
2/13/2025 13:20,-11.983,0.142,0.746,0.1,0.063,0.02,-11.983,0.142,0.746,0.1,0.063,0.02,faulted_bearing,45
2/13/2025 13:20,-11.983,0.259,0.892,0.183,0.077,0.014,-11.983,0.259,0.892,0.183,0.077,0.014,faulted_bearing,45
2/13/2025 13:20,-11.983,0.146,0.749,0.103,0.074,0.014,-11.983,0.146,0.749,0.103,0.074,0.014,faulted_bearing,45
2/13/2025 13:20,-11.983,0.262,0.892,0.185,0.068,0.021,-11.983,0.262,0.892,0.185,0.068,0.021,faulted_bearing,45
2/13/2025 13:20,-11.983,0.167,0.771,0.118,0.073,0.021,-11.983,0.167,0.771,0.118,0.073,0.021,faulted_bearing,45
2/13/2025 13:20,-11.983,0.253,0.857,0.179,0.065,0.013,-11.983,0.253,0.857,0.179,0.065,0.013,faulted_bearing,45
2/13/2025 13:20,-11.983,0.132,0.729,0.093,0.066,0.019,-11.983,0.132,0.729,0.093,0.066,0.019,faulted_bearing,45
2/13/2025 13:20,-11.983,0.139,0.829,0.098,0.075,0.014,-11.983,0.139,0.829,0.098,0.075,0.014,faulted_bearing,45
2/13/2025 13:20,-11.983,0.282,0.748,0.199,0.067,0.015,-11.983,0.282,0.748,0.199,0.067,0.015,faulted_bearing,45
2/13/2025 13:20,-11.983,0.272,0.868,0.192,0.074,0.02,-11.983,0.272,0.868,0.192,0.074,0.02,faulted_bearing,45
2/13/2025 13:21,-11.983,0.12,0.748,0.085,0.075,0.015,-11.983,0.12,0.748,0.085,0.075,0.015,faulted_bearing,45
2/13/2025 13:21,-11.983,0.242,0.86,0.171,0.066,0.02,-11.983,0.242,0.86,0.171,0.066,0.02,faulted_bearing,45
2/13/2025 13:21,-11.983,0.13,0.756,0.092,0.076,0.015,-11.983,0.13,0.756,0.092,0.076,0.015,faulted_bearing,45
2/13/2025 13:21,-11.983,0.258,0.906,0.183,0.063,0.021,-11.983,0.258,0.906,0.183,0.063,0.021,faulted_bearing,45
2/13/2025 13:21,-11.983,0.147,0.769,0.104,0.067,0.014,-11.983,0.147,0.769,0.104,0.067,0.014,faulted_bearing,45
2/13/2025 13:21,-11.983,0.244,0.898,0.172,0.077,0.021,-11.983,0.244,0.898,0.172,0.077,0.021,faulted_bearing,45
2/13/2025 13:21,-11.983,0.151,0.853,0.107,0.063,0.013,-11.983,0.151,0.853,0.107,0.063,0.013,faulted_bearing,45
2/13/2025 13:21,-11.983,0.154,0.738,0.109,0.075,0.021,-11.983,0.154,0.738,0.109,0.075,0.021,faulted_bearing,45
2/13/2025 13:21,-11.983,0.264,0.727,0.187,0.075,0.021,-11.983,0.264,0.727,0.187,0.075,0.021,faulted_bearing,45
2/13/2025 13:21,-11.983,0.152,0.851,0.107,0.066,0.014,-11.983,0.152,0.851,0.107,0.066,0.014,faulted_bearing,45
2/13/2025 13:21,-11.983,0.28,0.858,0.198,0.063,0.02,-11.983,0.28,0.858,0.198,0.063,0.02,faulted_bearing,45
2/13/2025 13:21,-11.983,0.144,0.713,0.102,0.076,0.012,-11.983,0.144,0.713,0.102,0.076,0.012,faulted_bearing,45
2/13/2025 13:21,-11.983,0.262,0.736,0.186,0.063,0.014,-11.983,0.262,0.736,0.186,0.063,0.014,faulted_bearing,45
2/13/2025 13:22,-11.983,0.262,0.854,0.185,0.075,0.021,-11.983,0.262,0.854,0.185,0.075,0.021,faulted_bearing,45
2/13/2025 13:22,-11.983,0.14,0.858,0.099,0.075,0.014,-11.983,0.14,0.858,0.099,0.075,0.014,faulted_bearing,45
2/13/2025 13:22,-11.983,0.262,0.69,0.185,0.061,0.02,-11.983,0.262,0.69,0.185,0.061,0.02,faulted_bearing,45
2/13/2025 13:22,-11.983,0.109,0.835,0.077,0.067,0.015,-11.983,0.109,0.835,0.077,0.067,0.015,faulted_bearing,45
2/13/2025 13:22,-11.983,0.147,0.756,0.104,0.077,0.021,-11.983,0.147,0.756,0.104,0.077,0.021,faulted_bearing,45
2/13/2025 13:22,-11.983,0.27,0.75,0.191,0.065,0.015,-11.983,0.27,0.75,0.191,0.065,0.015,faulted_bearing,45
2/13/2025 13:22,-11.983,0.131,0.859,0.093,0.065,0.02,-11.983,0.131,0.859,0.093,0.065,0.02,faulted_bearing,45
2/13/2025 13:22,-11.983,0.252,0.752,0.179,0.078,0.015,-11.983,0.252,0.752,0.179,0.078,0.015,faulted_bearing,45
2/13/2025 13:22,-11.983,0.145,0.839,0.102,0.077,0.02,-11.983,0.145,0.839,0.102,0.077,0.02,faulted_bearing,45
2/13/2025 13:22,-11.983,0.275,0.865,0.194,0.062,0.021,-11.983,0.275,0.865,0.194,0.062,0.021,faulted_bearing,45
2/13/2025 13:22,-11.983,0.153,0.711,0.108,0.066,0.013,-11.983,0.153,0.711,0.108,0.066,0.013,faulted_bearing,45
2/13/2025 13:22,-11.983,0.248,0.73,0.175,0.077,0.02,-11.983,0.248,0.73,0.175,0.077,0.02,faulted_bearing,45
2/13/2025 13:22,-11.983,0.14,0.844,0.099,0.063,0.014,-11.983,0.14,0.844,0.099,0.063,0.014,faulted_bearing,45
2/13/2025 13:23,-11.983,0.261,0.836,0.185,0.076,0.014,-11.983,0.261,0.836,0.185,0.076,0.014,faulted_bearing,45
2/13/2025 13:23,-11.983,0.276,0.729,0.195,0.063,0.02,-11.983,0.276,0.729,0.195,0.063,0.02,faulted_bearing,45
2/13/2025 13:23,-11.983,0.132,0.738,0.094,0.076,0.014,-11.983,0.132,0.738,0.094,0.076,0.014,faulted_bearing,45
2/13/2025 13:23,-11.983,0.254,0.872,0.18,0.075,0.021,-11.983,0.254,0.872,0.18,0.075,0.021,faulted_bearing,45
2/13/2025 13:23,-11.983,0.154,0.734,0.109,0.064,0.014,-11.983,0.154,0.734,0.109,0.064,0.014,faulted_bearing,45
2/13/2025 13:23,-11.983,0.141,0.748,0.1,0.073,0.014,-11.983,0.141,0.748,0.1,0.073,0.014,faulted_bearing,45
2/13/2025 13:23,-11.983,0.259,0.834,0.183,0.064,0.02,-11.983,0.259,0.834,0.183,0.064,0.02,faulted_bearing,45
2/13/2025 13:23,-11.983,0.135,0.73,0.095,0.076,0.013,-11.983,0.135,0.73,0.095,0.076,0.013,faulted_bearing,45
2/13/2025 13:23,-11.983,0.271,0.906,0.192,0.064,0.021,-11.983,0.271,0.906,0.192,0.064,0.021,faulted_bearing,45
2/13/2025 13:23,-11.983,0.148,0.71,0.105,0.076,0.014,-11.983,0.148,0.71,0.105,0.076,0.014,faulted_bearing,45
2/13/2025 13:23,-11.983,0.248,0.883,0.175,0.063,0.02,-11.983,0.248,0.883,0.175,0.063,0.02,faulted_bearing,45
2/13/2025 13:23,-11.983,0.132,0.723,0.093,0.063,0.02,-11.983,0.132,0.723,0.093,0.063,0.02,faulted_bearing,45
2/13/2025 13:23,-11.983,0.133,0.866,0.094,0.074,0.014,-11.983,0.133,0.866,0.094,0.074,0.014,faulted_bearing,45
2/13/2025 13:23,-11.983,0.272,0.744,0.192,0.077,0.02,-11.983,0.272,0.744,0.192,0.077,0.02,faulted_bearing,45
2/13/2025 13:23,-11.983,0.135,0.745,0.095,0.076,0.013,-11.983,0.135,0.745,0.095,0.076,0.013,faulted_bearing,45
2/13/2025 13:24,-11.983,0.25,0.865,0.177,0.065,0.013,-11.983,0.25,0.865,0.177,0.065,0.013,faulted_bearing,45
2/13/2025 13:24,-11.983,0.242,0.841,0.171,0.066,0.02,-11.983,0.242,0.841,0.171,0.066,0.02,faulted_bearing,45
2/13/2025 13:24,-11.983,0.142,0.737,0.101,0.074,0.02,-11.983,0.142,0.737,0.101,0.074,0.02,faulted_bearing,45
2/13/2025 13:24,-11.983,0.259,0.828,0.183,0.078,0.015,-11.983,0.259,0.828,0.183,0.078,0.015,faulted_bearing,45
2/13/2025 13:24,-11.983,0.126,0.891,0.089,0.065,0.019,-11.983,0.126,0.891,0.089,0.065,0.019,faulted_bearing,45
2/13/2025 13:24,-11.983,0.26,0.766,0.184,0.076,0.014,-11.983,0.26,0.766,0.184,0.076,0.014,faulted_bearing,45
2/13/2025 13:24,-11.983,0.122,0.871,0.087,0.064,0.021,-11.983,0.122,0.871,0.087,0.064,0.021,faulted_bearing,45
2/13/2025 13:24,-11.983,0.254,0.74,0.18,0.063,0.015,-11.983,0.254,0.74,0.18,0.063,0.015,faulted_bearing,45
2/13/2025 13:24,-11.983,0.153,0.846,0.108,0.077,0.014,-11.983,0.153,0.846,0.108,0.077,0.014,faulted_bearing,45
2/13/2025 13:24,-11.983,0.245,0.731,0.173,0.075,0.02,-11.983,0.245,0.731,0.173,0.075,0.02,faulted_bearing,45
2/13/2025 13:24,-11.983,0.144,0.73,0.102,0.063,0.02,-11.983,0.144,0.73,0.102,0.063,0.02,faulted_bearing,45
2/13/2025 13:24,-11.983,0.267,0.866,0.189,0.078,0.014,-11.983,0.267,0.866,0.189,0.078,0.014,faulted_bearing,45
2/13/2025 13:24,-11.983,0.16,0.849,0.113,0.068,0.02,-11.983,0.16,0.849,0.113,0.068,0.02,faulted_bearing,45
2/13/2025 13:25,-11.983,0.151,0.726,0.107,0.067,0.015,-11.983,0.151,0.726,0.107,0.067,0.015,faulted_bearing,45
2/13/2025 13:25,-11.983,0.257,0.753,0.182,0.08,0.013,-11.983,0.257,0.753,0.182,0.08,0.013,faulted_bearing,45
2/13/2025 13:25,-11.983,0.259,0.887,0.183,0.076,0.02,-11.983,0.259,0.887,0.183,0.076,0.02,faulted_bearing,45
2/13/2025 13:25,-11.983,0.131,0.895,0.092,0.065,0.014,-11.983,0.131,0.895,0.092,0.065,0.014,faulted_bearing,45
2/13/2025 13:25,-11.983,0.134,0.748,0.095,0.075,0.02,-11.983,0.134,0.748,0.095,0.075,0.02,faulted_bearing,45
2/13/2025 13:25,-11.983,0.25,0.873,0.177,0.063,0.014,-11.983,0.25,0.873,0.177,0.063,0.014,faulted_bearing,45
2/13/2025 13:25,-11.983,0.127,0.875,0.09,0.078,0.021,-11.983,0.127,0.875,0.09,0.078,0.021,faulted_bearing,45
2/13/2025 13:25,-11.983,0.251,0.887,0.177,0.068,0.021,-11.983,0.251,0.887,0.177,0.068,0.021,faulted_bearing,45
2/13/2025 13:25,-11.983,0.141,0.749,0.1,0.076,0.015,-11.983,0.141,0.749,0.1,0.076,0.015,faulted_bearing,45
2/13/2025 13:25,-11.983,0.267,0.761,0.189,0.068,0.015,-11.983,0.267,0.761,0.189,0.068,0.015,faulted_bearing,45
2/13/2025 13:25,-11.983,0.138,0.849,0.098,0.076,0.021,-11.983,0.138,0.849,0.098,0.076,0.021,faulted_bearing,45
2/13/2025 13:25,-11.983,0.259,0.834,0.183,0.074,0.014,-11.983,0.259,0.834,0.183,0.074,0.014,faulted_bearing,45
2/13/2025 13:25,-11.983,0.261,0.722,0.185,0.065,0.02,-11.983,0.261,0.722,0.185,0.065,0.02,faulted_bearing,45
2/13/2025 13:26,-11.983,0.147,0.878,0.104,0.065,0.02,-11.983,0.147,0.878,0.104,0.065,0.02,faulted_bearing,45
2/13/2025 13:26,-11.982,0.153,0.756,0.108,0.077,0.014,-11.982,0.153,0.756,0.108,0.077,0.014,faulted_bearing,45
2/13/2025 13:26,-11.983,0.256,0.856,0.181,0.067,0.02,-11.983,0.256,0.856,0.181,0.067,0.02,faulted_bearing,45
2/13/2025 13:26,-11.982,0.268,0.737,0.19,0.061,0.013,-11.982,0.268,0.737,0.19,0.061,0.013,faulted_bearing,45
2/13/2025 13:26,-11.983,0.146,0.883,0.103,0.075,0.02,-11.983,0.146,0.883,0.103,0.075,0.02,faulted_bearing,45
2/13/2025 13:26,-11.983,0.244,0.734,0.173,0.074,0.021,-11.983,0.244,0.734,0.173,0.074,0.021,faulted_bearing,45
2/13/2025 13:26,-11.983,0.138,0.734,0.097,0.064,0.015,-11.983,0.138,0.734,0.097,0.064,0.015,faulted_bearing,45
2/13/2025 13:26,-11.983,0.257,0.839,0.182,0.063,0.014,-11.983,0.257,0.839,0.182,0.063,0.014,faulted_bearing,45
2/13/2025 13:26,-11.982,0.152,0.853,0.107,0.072,0.021,-11.982,0.152,0.853,0.107,0.072,0.021,faulted_bearing,45
2/13/2025 13:26,-11.982,0.267,0.735,0.189,0.076,0.02,-11.982,0.267,0.735,0.189,0.076,0.02,faulted_bearing,45
2/13/2025 13:26,-11.982,0.135,0.73,0.095,0.064,0.015,-11.982,0.135,0.73,0.095,0.064,0.015,faulted_bearing,45
2/13/2025 13:26,-11.982,0.256,0.878,0.181,0.074,0.021,-11.982,0.256,0.878,0.181,0.074,0.021,faulted_bearing,45
2/13/2025 13:27,-11.982,0.164,0.747,0.116,0.065,0.014,-11.982,0.164,0.747,0.116,0.065,0.014,faulted_bearing,45
2/13/2025 13:27,-11.982,0.136,0.847,0.096,0.064,0.014,-11.982,0.136,0.847,0.096,0.064,0.014,faulted_bearing,45
2/13/2025 13:27,-11.983,0.154,0.729,0.109,0.078,0.02,-11.983,0.154,0.729,0.109,0.078,0.02,faulted_bearing,45
2/13/2025 13:27,-11.982,0.263,0.731,0.186,0.066,0.014,-11.982,0.263,0.731,0.186,0.066,0.014,faulted_bearing,45
2/13/2025 13:27,-11.982,0.255,0.9,0.18,0.076,0.021,-11.982,0.255,0.9,0.18,0.076,0.021,faulted_bearing,45
2/13/2025 13:27,-11.983,0.157,0.725,0.111,0.063,0.02,-11.983,0.157,0.725,0.111,0.063,0.02,faulted_bearing,45
2/13/2025 13:27,-11.983,0.141,0.859,0.1,0.064,0.013,-11.983,0.141,0.859,0.1,0.064,0.013,faulted_bearing,45
2/13/2025 13:27,-11.983,0.261,0.733,0.184,0.078,0.013,-11.983,0.261,0.733,0.184,0.078,0.013,faulted_bearing,45
2/13/2025 13:27,-11.983,0.26,0.833,0.184,0.066,0.021,-11.983,0.26,0.833,0.184,0.066,0.021,faulted_bearing,45
2/13/2025 13:27,-11.983,0.145,0.845,0.103,0.073,0.019,-11.983,0.145,0.845,0.103,0.073,0.019,faulted_bearing,45
2/13/2025 13:27,-11.983,0.123,0.731,0.087,0.073,0.015,-11.983,0.123,0.731,0.087,0.073,0.015,faulted_bearing,45
2/13/2025 13:27,-11.983,0.132,0.872,0.093,0.063,0.021,-11.983,0.132,0.872,0.093,0.063,0.021,faulted_bearing,45
2/13/2025 13:27,-11.983,0.269,0.719,0.19,0.076,0.014,-11.983,0.269,0.719,0.19,0.076,0.014,faulted_bearing,45
2/13/2025 13:28,-11.983,0.246,0.889,0.174,0.064,0.021,-11.983,0.246,0.889,0.174,0.064,0.021,faulted_bearing,45
2/13/2025 13:28,-11.983,0.144,0.86,0.102,0.072,0.015,-11.983,0.144,0.86,0.102,0.072,0.015,faulted_bearing,45
2/13/2025 13:28,-11.983,0.268,0.749,0.189,0.062,0.014,-11.983,0.268,0.749,0.189,0.062,0.014,faulted_bearing,45
2/13/2025 13:28,-11.983,0.133,0.761,0.094,0.075,0.021,-11.983,0.133,0.761,0.094,0.075,0.021,faulted_bearing,45
2/13/2025 13:28,-11.983,0.274,0.846,0.194,0.068,0.014,-11.983,0.274,0.846,0.194,0.068,0.014,faulted_bearing,45
2/13/2025 13:28,-11.983,0.158,0.88,0.112,0.076,0.02,-11.983,0.158,0.88,0.112,0.076,0.02,faulted_bearing,45
2/13/2025 13:28,-11.983,0.143,0.716,0.101,0.065,0.014,-11.983,0.143,0.716,0.101,0.065,0.014,faulted_bearing,45
2/13/2025 13:28,-11.983,0.27,0.888,0.191,0.076,0.02,-11.983,0.27,0.888,0.191,0.076,0.02,faulted_bearing,45
2/13/2025 13:28,-11.983,0.146,0.718,0.103,0.062,0.02,-11.983,0.146,0.718,0.103,0.062,0.02,faulted_bearing,45
2/13/2025 13:28,-11.983,0.251,0.839,0.178,0.078,0.014,-11.983,0.251,0.839,0.178,0.078,0.014,faulted_bearing,45
2/13/2025 13:28,-11.983,0.138,0.734,0.098,0.077,0.013,-11.983,0.138,0.734,0.098,0.077,0.013,faulted_bearing,45
2/13/2025 13:28,-11.983,0.25,0.835,0.177,0.065,0.02,-11.983,0.25,0.835,0.177,0.065,0.02,faulted_bearing,45
2/13/2025 13:28,-11.983,0.262,0.748,0.185,0.064,0.02,-11.983,0.262,0.748,0.185,0.064,0.02,faulted_bearing,45
2/13/2025 13:29,-11.983,0.141,0.858,0.1,0.076,0.014,-11.983,0.141,0.858,0.1,0.076,0.014,faulted_bearing,45
2/13/2025 13:29,-11.983,0.258,0.856,0.182,0.065,0.023,-11.983,0.258,0.856,0.182,0.065,0.023,faulted_bearing,45
2/13/2025 13:29,-11.983,0.126,0.776,0.089,0.077,0.014,-11.983,0.126,0.776,0.089,0.077,0.014,faulted_bearing,45
2/13/2025 13:29,-11.983,0.122,0.868,0.086,0.068,0.02,-11.983,0.122,0.868,0.086,0.068,0.02,faulted_bearing,45
2/13/2025 13:29,-11.983,0.25,0.737,0.176,0.074,0.013,-11.983,0.25,0.737,0.176,0.074,0.013,faulted_bearing,45
2/13/2025 13:29,-11.983,0.145,0.89,0.102,0.077,0.02,-11.983,0.145,0.89,0.102,0.077,0.02,faulted_bearing,45
2/13/2025 13:29,-11.983,0.309,0.732,0.218,0.065,0.02,-11.983,0.309,0.732,0.218,0.065,0.02,faulted_bearing,45
2/13/2025 13:29,-11.983,0.146,0.872,0.103,0.074,0.014,-11.983,0.146,0.872,0.103,0.074,0.014,faulted_bearing,45
2/13/2025 13:29,-11.982,0.266,0.847,0.188,0.067,0.02,-11.982,0.266,0.847,0.188,0.067,0.02,faulted_bearing,45
2/13/2025 13:29,-11.983,0.248,0.744,0.176,0.064,0.013,-11.983,0.248,0.744,0.176,0.064,0.013,faulted_bearing,45
2/13/2025 13:29,-11.982,0.139,0.875,0.098,0.078,0.014,-11.982,0.139,0.875,0.098,0.078,0.014,faulted_bearing,45
2/13/2025 13:29,-11.982,0.151,0.74,0.107,0.069,0.02,-11.982,0.151,0.74,0.107,0.069,0.02,faulted_bearing,45
2/13/2025 13:29,-11.983,0.26,0.842,0.184,0.068,0.014,-11.983,0.26,0.842,0.184,0.068,0.014,faulted_bearing,45
2/13/2025 13:29,-11.983,0.256,0.862,0.181,0.076,0.02,-11.983,0.256,0.862,0.181,0.076,0.02,faulted_bearing,45
2/13/2025 13:30,-11.982,0.146,0.747,0.103,0.068,0.02,-11.982,0.146,0.747,0.103,0.068,0.02,faulted_bearing,45
2/13/2025 13:30,-11.982,0.256,0.866,0.181,0.069,0.013,-11.982,0.256,0.866,0.181,0.069,0.013,faulted_bearing,45
2/13/2025 13:30,-11.982,0.121,0.732,0.086,0.076,0.019,-11.982,0.121,0.732,0.086,0.076,0.019,faulted_bearing,45
2/13/2025 13:30,-11.982,0.135,0.853,0.096,0.066,0.013,-11.982,0.135,0.853,0.096,0.066,0.013,faulted_bearing,45
2/13/2025 13:30,-11.982,0.259,0.717,0.183,0.063,0.014,-11.982,0.259,0.717,0.183,0.063,0.014,faulted_bearing,45
2/13/2025 13:30,-11.982,0.143,0.874,0.101,0.076,0.022,-11.982,0.143,0.874,0.101,0.076,0.022,faulted_bearing,45
2/13/2025 13:30,-11.982,0.262,0.892,0.185,0.078,0.014,-11.982,0.262,0.892,0.185,0.078,0.014,faulted_bearing,45
2/13/2025 13:30,-11.982,0.243,0.735,0.172,0.062,0.02,-11.982,0.243,0.735,0.172,0.062,0.02,faulted_bearing,45
2/13/2025 13:30,-11.982,0.117,0.728,0.083,0.063,0.014,-11.982,0.117,0.728,0.083,0.063,0.014,faulted_bearing,45
2/13/2025 13:30,-11.982,0.24,0.721,0.169,0.076,0.021,-11.982,0.24,0.721,0.169,0.076,0.021,faulted_bearing,45
2/13/2025 13:30,-11.983,0.144,0.912,0.102,0.064,0.015,-11.983,0.144,0.912,0.102,0.064,0.015,faulted_bearing,45
2/13/2025 13:30,-11.983,0.141,0.849,0.099,0.063,0.013,-11.983,0.141,0.849,0.099,0.063,0.013,faulted_bearing,45
2/13/2025 13:31,-11.983,0.276,0.749,0.195,0.077,0.021,-11.983,0.276,0.749,0.195,0.077,0.021,faulted_bearing,45
2/13/2025 13:31,-11.983,0.145,0.877,0.102,0.074,0.02,-11.983,0.145,0.877,0.102,0.074,0.02,faulted_bearing,45
2/13/2025 13:31,-11.983,0.259,0.72,0.183,0.066,0.013,-11.983,0.259,0.72,0.183,0.066,0.013,faulted_bearing,45
2/13/2025 13:31,-11.983,0.141,0.741,0.1,0.076,0.02,-11.983,0.141,0.741,0.1,0.076,0.02,faulted_bearing,45
2/13/2025 13:31,-11.982,0.273,0.873,0.193,0.065,0.014,-11.982,0.273,0.873,0.193,0.065,0.014,faulted_bearing,45
2/13/2025 13:31,-11.982,0.158,0.851,0.112,0.068,0.02,-11.982,0.158,0.851,0.112,0.068,0.02,faulted_bearing,45
2/13/2025 13:31,-11.982,0.263,0.754,0.186,0.077,0.02,-11.982,0.263,0.754,0.186,0.077,0.02,faulted_bearing,45
2/13/2025 13:31,-11.982,0.134,0.708,0.095,0.078,0.013,-11.982,0.134,0.708,0.095,0.078,0.013,faulted_bearing,45
2/13/2025 13:31,-11.982,0.248,0.827,0.175,0.065,0.02,-11.982,0.248,0.827,0.175,0.065,0.02,faulted_bearing,45
2/13/2025 13:31,-11.982,0.117,0.852,0.083,0.074,0.015,-11.982,0.117,0.852,0.083,0.074,0.015,faulted_bearing,45
2/13/2025 13:31,-11.982,0.266,0.731,0.188,0.064,0.02,-11.982,0.266,0.731,0.188,0.064,0.02,faulted_bearing,45
2/13/2025 13:32,-11.982,0.128,0.752,0.09,0.076,0.02,-11.982,0.128,0.752,0.09,0.076,0.02,faulted_bearing,45
2/13/2025 13:32,-11.982,0.263,0.74,0.186,0.077,0.014,-11.982,0.263,0.74,0.186,0.077,0.014,faulted_bearing,45
2/13/2025 13:32,-11.982,0.245,0.913,0.174,0.067,0.021,-11.982,0.245,0.913,0.174,0.067,0.021,faulted_bearing,45
2/13/2025 13:32,-11.982,0.127,0.868,0.09,0.066,0.014,-11.982,0.127,0.868,0.09,0.066,0.014,faulted_bearing,45
2/13/2025 13:32,-11.982,0.163,0.763,0.115,0.074,0.013,-11.982,0.163,0.763,0.115,0.074,0.013,faulted_bearing,45
2/13/2025 13:32,-11.982,0.268,0.924,0.19,0.066,0.019,-11.982,0.268,0.924,0.19,0.066,0.019,faulted_bearing,45
2/13/2025 13:32,-11.982,0.254,0.796,0.18,0.078,0.02,-11.982,0.254,0.796,0.18,0.078,0.02,faulted_bearing,45
2/13/2025 13:32,-11.982,0.147,0.935,0.104,0.071,0.02,-11.982,0.147,0.935,0.104,0.071,0.02,faulted_bearing,45
2/13/2025 13:32,-11.982,0.262,0.728,0.186,0.066,0.014,-11.982,0.262,0.728,0.186,0.066,0.014,faulted_bearing,45
2/13/2025 13:32,-11.982,0.257,0.748,0.182,0.081,0.013,-11.982,0.257,0.748,0.182,0.081,0.013,faulted_bearing,45
2/13/2025 13:32,-11.982,0.141,0.842,0.1,0.065,0.02,-11.982,0.141,0.842,0.1,0.065,0.02,faulted_bearing,45
2/13/2025 13:32,-11.982,0.12,0.754,0.085,0.075,0.013,-11.982,0.12,0.754,0.085,0.075,0.013,faulted_bearing,45
2/13/2025 13:32,-11.982,0.246,0.864,0.174,0.076,0.014,-11.982,0.246,0.864,0.174,0.076,0.014,faulted_bearing,45
2/13/2025 13:33,-11.982,0.255,0.886,0.18,0.068,0.02,-11.982,0.255,0.886,0.18,0.068,0.02,faulted_bearing,45
2/13/2025 13:33,-11.982,0.136,0.761,0.096,0.076,0.014,-11.982,0.136,0.761,0.096,0.076,0.014,faulted_bearing,45
2/13/2025 13:33,-11.982,0.253,0.867,0.179,0.066,0.021,-11.982,0.253,0.867,0.179,0.066,0.021,faulted_bearing,45
2/13/2025 13:33,-11.982,0.249,0.727,0.176,0.075,0.021,-11.982,0.249,0.727,0.176,0.075,0.021,faulted_bearing,45
2/13/2025 13:33,-11.983,0.124,0.851,0.088,0.068,0.013,-11.983,0.124,0.851,0.088,0.068,0.013,faulted_bearing,45
2/13/2025 13:33,-11.983,0.251,0.752,0.177,0.079,0.014,-11.983,0.251,0.752,0.177,0.079,0.014,faulted_bearing,45
2/13/2025 13:33,-11.983,0.139,0.753,0.098,0.069,0.022,-11.983,0.139,0.753,0.098,0.069,0.022,faulted_bearing,45
2/13/2025 13:33,-11.983,0.14,0.899,0.099,0.067,0.014,-11.983,0.14,0.899,0.099,0.067,0.014,faulted_bearing,45
2/13/2025 13:33,-11.983,0.259,0.838,0.183,0.079,0.02,-11.983,0.259,0.838,0.183,0.079,0.02,faulted_bearing,45
2/13/2025 13:33,-11.983,0.131,0.732,0.092,0.075,0.013,-11.983,0.131,0.732,0.092,0.075,0.013,faulted_bearing,45
2/13/2025 13:33,-11.983,0.265,0.858,0.187,0.069,0.021,-11.983,0.265,0.858,0.187,0.069,0.021,faulted_bearing,45
2/13/2025 13:33,-11.983,0.142,0.73,0.1,0.081,0.014,-11.983,0.142,0.73,0.1,0.081,0.014,faulted_bearing,45
2/13/2025 13:34,-11.983,0.273,0.88,0.193,0.067,0.021,-11.983,0.273,0.88,0.193,0.067,0.021,faulted_bearing,45
2/13/2025 13:34,-11.983,0.268,0.763,0.19,0.078,0.02,-11.983,0.268,0.763,0.19,0.078,0.02,faulted_bearing,45
2/13/2025 13:34,-11.983,0.152,0.716,0.107,0.068,0.02,-11.983,0.152,0.716,0.107,0.068,0.02,faulted_bearing,45
2/13/2025 13:34,-11.983,0.148,0.877,0.105,0.062,0.014,-11.983,0.148,0.877,0.105,0.062,0.014,faulted_bearing,45
2/13/2025 13:34,-11.983,0.253,0.871,0.179,0.078,0.02,-11.983,0.253,0.871,0.179,0.078,0.02,faulted_bearing,45
2/13/2025 13:34,-11.983,0.136,0.769,0.096,0.069,0.015,-11.983,0.136,0.769,0.096,0.069,0.015,faulted_bearing,45
2/13/2025 13:34,-11.983,0.274,0.856,0.194,0.079,0.02,-11.983,0.274,0.856,0.194,0.079,0.02,faulted_bearing,45
2/13/2025 13:34,-11.983,0.267,0.742,0.189,0.077,0.014,-11.983,0.267,0.742,0.189,0.077,0.014,faulted_bearing,45
2/13/2025 13:34,-11.983,0.148,0.752,0.105,0.067,0.014,-11.983,0.148,0.752,0.105,0.067,0.014,faulted_bearing,45
2/13/2025 13:34,-11.983,0.255,0.86,0.181,0.064,0.021,-11.983,0.255,0.86,0.181,0.064,0.021,faulted_bearing,45
2/13/2025 13:34,-11.983,0.25,0.872,0.176,0.075,0.013,-11.983,0.25,0.872,0.176,0.075,0.013,faulted_bearing,45
2/13/2025 13:35,-11.983,0.127,0.705,0.09,0.066,0.021,-11.983,0.127,0.705,0.09,0.066,0.021,faulted_bearing,45
2/13/2025 13:35,-11.983,0.15,0.744,0.106,0.078,0.015,-11.983,0.15,0.744,0.106,0.078,0.015,faulted_bearing,45
2/13/2025 13:35,-11.983,0.264,0.857,0.186,0.075,0.021,-11.983,0.264,0.857,0.186,0.075,0.021,faulted_bearing,45
2/13/2025 13:35,-11.983,0.245,0.754,0.173,0.066,0.02,-11.983,0.245,0.754,0.173,0.066,0.02,faulted_bearing,45
2/13/2025 13:35,-11.983,0.133,0.893,0.094,0.066,0.015,-11.983,0.133,0.893,0.094,0.066,0.015,faulted_bearing,45
2/13/2025 13:35,-11.983,0.253,0.848,0.179,0.077,0.02,-11.983,0.253,0.848,0.179,0.077,0.02,faulted_bearing,45
2/13/2025 13:35,-11.983,0.138,0.787,0.097,0.069,0.014,-11.983,0.138,0.787,0.097,0.069,0.014,faulted_bearing,45
2/13/2025 13:35,-11.983,0.125,0.749,0.089,0.075,0.012,-11.983,0.125,0.749,0.089,0.075,0.012,faulted_bearing,45
2/13/2025 13:35,-11.983,0.264,0.848,0.187,0.077,0.02,-11.983,0.264,0.848,0.187,0.077,0.02,faulted_bearing,45
2/13/2025 13:35,-11.983,0.157,0.881,0.111,0.067,0.014,-11.983,0.157,0.881,0.111,0.067,0.014,faulted_bearing,45
2/13/2025 13:35,-11.983,0.245,0.727,0.173,0.078,0.021,-11.983,0.245,0.727,0.173,0.078,0.021,faulted_bearing,45
2/13/2025 13:35,-11.983,0.252,0.877,0.178,0.065,0.015,-11.983,0.252,0.877,0.178,0.065,0.015,faulted_bearing,45
2/13/2025 13:36,-11.983,0.153,0.874,0.108,0.079,0.021,-11.983,0.153,0.874,0.108,0.079,0.021,faulted_bearing,45
2/13/2025 13:36,-11.983,0.249,0.74,0.176,0.063,0.02,-11.983,0.249,0.74,0.176,0.063,0.02,faulted_bearing,45
2/13/2025 13:36,-11.983,0.138,0.726,0.098,0.077,0.014,-11.983,0.138,0.726,0.098,0.077,0.014,faulted_bearing,45
2/13/2025 13:36,-11.983,0.118,0.739,0.084,0.077,0.013,-11.983,0.118,0.739,0.084,0.077,0.013,faulted_bearing,45
2/13/2025 13:36,-11.983,0.263,0.853,0.186,0.067,0.021,-11.983,0.263,0.853,0.186,0.067,0.021,faulted_bearing,45
2/13/2025 13:36,-11.983,0.133,0.876,0.094,0.066,0.02,-11.983,0.133,0.876,0.094,0.066,0.02,faulted_bearing,45
2/13/2025 13:36,-11.983,0.258,0.734,0.182,0.078,0.015,-11.983,0.258,0.734,0.182,0.078,0.015,faulted_bearing,45
2/13/2025 13:36,-11.983,0.148,0.76,0.104,0.076,0.02,-11.983,0.148,0.76,0.104,0.076,0.02,faulted_bearing,45
2/13/2025 13:36,-11.983,0.249,0.881,0.176,0.064,0.014,-11.983,0.249,0.881,0.176,0.064,0.014,faulted_bearing,45
2/13/2025 13:36,-11.983,0.259,0.739,0.183,0.077,0.021,-11.983,0.259,0.739,0.183,0.077,0.021,faulted_bearing,45
2/13/2025 13:36,-11.983,0.134,0.731,0.095,0.067,0.014,-11.983,0.134,0.731,0.095,0.067,0.014,faulted_bearing,45
2/13/2025 13:37,-11.983,0.135,0.852,0.095,0.067,0.021,-11.983,0.135,0.852,0.095,0.067,0.021,faulted_bearing,45
2/13/2025 13:37,-11.983,0.269,0.755,0.19,0.067,0.013,-11.983,0.269,0.755,0.19,0.067,0.013,faulted_bearing,45
2/13/2025 13:37,-11.983,0.157,0.878,0.111,0.075,0.025,-11.983,0.157,0.878,0.111,0.075,0.025,faulted_bearing,45
2/13/2025 13:37,-11.983,0.25,0.757,0.177,0.066,0.014,-11.983,0.25,0.757,0.177,0.066,0.014,faulted_bearing,45
2/13/2025 13:37,-11.983,0.148,0.778,0.105,0.077,0.02,-11.983,0.148,0.778,0.105,0.077,0.02,faulted_bearing,45
2/13/2025 13:37,-11.983,0.255,0.854,0.18,0.067,0.014,-11.983,0.255,0.854,0.18,0.067,0.014,faulted_bearing,45
2/13/2025 13:37,-11.983,0.255,0.885,0.18,0.068,0.021,-11.983,0.255,0.885,0.18,0.068,0.021,faulted_bearing,45
2/13/2025 13:37,-11.983,0.139,0.765,0.099,0.075,0.013,-11.983,0.139,0.765,0.099,0.075,0.013,faulted_bearing,45
2/13/2025 13:37,-11.983,0.249,0.859,0.176,0.077,0.014,-11.983,0.249,0.859,0.176,0.077,0.014,faulted_bearing,45
2/13/2025 13:37,-11.983,0.119,0.735,0.084,0.065,0.019,-11.983,0.119,0.735,0.084,0.065,0.019,faulted_bearing,45
2/13/2025 13:37,-11.983,0.134,0.866,0.094,0.068,0.014,-11.983,0.134,0.866,0.094,0.068,0.014,faulted_bearing,45
2/13/2025 13:37,-11.983,0.259,0.839,0.183,0.077,0.013,-11.983,0.259,0.839,0.183,0.077,0.013,faulted_bearing,45
2/13/2025 13:37,-11.983,0.263,0.754,0.186,0.064,0.022,-11.983,0.263,0.754,0.186,0.064,0.022,faulted_bearing,45
2/13/2025 13:37,-11.983,0.159,0.75,0.112,0.081,0.014,-11.983,0.159,0.75,0.112,0.081,0.014,faulted_bearing,45
2/13/2025 13:37,-11.983,0.274,0.857,0.194,0.075,0.02,-11.983,0.274,0.857,0.194,0.075,0.02,faulted_bearing,45
2/13/2025 13:38,-11.983,0.125,0.772,0.089,0.067,0.013,-11.983,0.125,0.772,0.089,0.067,0.013,faulted_bearing,45
2/13/2025 13:38,-11.983,0.127,0.754,0.09,0.066,0.013,-11.983,0.127,0.754,0.09,0.066,0.013,faulted_bearing,45
2/13/2025 13:38,-11.983,0.238,0.849,0.169,0.077,0.02,-11.983,0.238,0.849,0.169,0.077,0.02,faulted_bearing,45
2/13/2025 13:38,-11.983,0.134,0.729,0.095,0.064,0.021,-11.983,0.134,0.729,0.095,0.064,0.021,faulted_bearing,45
2/13/2025 13:38,-11.983,0.134,0.859,0.095,0.074,0.014,-11.983,0.134,0.859,0.095,0.074,0.014,faulted_bearing,45
2/13/2025 13:38,-11.983,0.283,0.73,0.2,0.077,0.014,-11.983,0.283,0.73,0.2,0.077,0.014,faulted_bearing,45
2/13/2025 13:38,-11.983,0.144,0.732,0.102,0.065,0.02,-11.983,0.144,0.732,0.102,0.065,0.02,faulted_bearing,45
2/13/2025 13:38,-11.983,0.247,0.86,0.174,0.062,0.014,-11.983,0.247,0.86,0.174,0.062,0.014,faulted_bearing,45
2/13/2025 13:38,-11.983,0.267,0.745,0.189,0.066,0.02,-11.983,0.267,0.745,0.189,0.066,0.02,faulted_bearing,45
2/13/2025 13:38,-11.983,0.124,0.885,0.088,0.076,0.013,-11.983,0.124,0.885,0.088,0.076,0.013,faulted_bearing,45
2/13/2025 13:38,-11.983,0.259,0.857,0.183,0.066,0.014,-11.983,0.259,0.857,0.183,0.066,0.014,faulted_bearing,45
2/13/2025 13:38,-11.983,0.137,0.731,0.097,0.081,0.02,-11.983,0.137,0.731,0.097,0.081,0.02,faulted_bearing,45
2/13/2025 13:38,-11.983,0.266,0.86,0.188,0.066,0.02,-11.983,0.266,0.86,0.188,0.066,0.02,faulted_bearing,45
2/13/2025 13:38,-11.983,0.255,0.73,0.18,0.066,0.013,-11.983,0.255,0.73,0.18,0.066,0.013,faulted_bearing,45
2/13/2025 13:39,-11.983,0.143,0.847,0.101,0.077,0.021,-11.983,0.143,0.847,0.101,0.077,0.021,faulted_bearing,45
2/13/2025 13:39,-11.983,0.135,0.871,0.096,0.065,0.019,-11.983,0.135,0.871,0.096,0.065,0.019,faulted_bearing,45
2/13/2025 13:39,-11.983,0.261,0.75,0.184,0.077,0.013,-11.983,0.261,0.75,0.184,0.077,0.013,faulted_bearing,45
2/13/2025 13:39,-11.983,0.127,0.761,0.089,0.074,0.019,-11.983,0.127,0.761,0.089,0.074,0.019,faulted_bearing,45
2/13/2025 13:39,-11.983,0.124,0.868,0.087,0.066,0.013,-11.983,0.124,0.868,0.087,0.066,0.013,faulted_bearing,45
2/13/2025 13:39,-11.983,0.262,0.742,0.185,0.078,0.013,-11.983,0.262,0.742,0.185,0.078,0.013,faulted_bearing,45
2/13/2025 13:39,-11.983,0.25,0.914,0.177,0.063,0.02,-11.983,0.25,0.914,0.177,0.063,0.02,faulted_bearing,45
2/13/2025 13:39,-11.983,0.14,0.747,0.099,0.079,0.021,-11.983,0.14,0.747,0.099,0.079,0.021,faulted_bearing,45
2/13/2025 13:39,-11.983,0.263,0.751,0.186,0.063,0.014,-11.983,0.263,0.751,0.186,0.063,0.014,faulted_bearing,45
2/13/2025 13:39,-11.983,0.124,0.912,0.087,0.063,0.021,-11.983,0.124,0.912,0.087,0.063,0.021,faulted_bearing,45
2/13/2025 13:39,-11.983,0.237,0.745,0.168,0.079,0.02,-11.983,0.237,0.745,0.168,0.079,0.02,faulted_bearing,45
2/13/2025 13:39,-11.983,0.116,0.892,0.082,0.081,0.014,-11.983,0.116,0.892,0.082,0.081,0.014,faulted_bearing,45
2/13/2025 13:40,-11.983,0.25,0.864,0.177,0.064,0.014,-11.983,0.25,0.864,0.177,0.064,0.014,faulted_bearing,45
2/13/2025 13:40,-11.983,0.27,0.732,0.191,0.076,0.022,-11.983,0.27,0.732,0.191,0.076,0.022,faulted_bearing,45
2/13/2025 13:40,-11.983,0.135,0.863,0.095,0.078,0.014,-11.983,0.135,0.863,0.095,0.078,0.014,faulted_bearing,45
2/13/2025 13:40,-11.983,0.27,0.75,0.191,0.068,0.013,-11.983,0.27,0.75,0.191,0.068,0.013,faulted_bearing,45
2/13/2025 13:40,-11.983,0.132,0.887,0.093,0.077,0.021,-11.983,0.132,0.887,0.093,0.077,0.021,faulted_bearing,45
2/13/2025 13:40,-11.983,0.264,0.753,0.187,0.068,0.013,-11.983,0.264,0.753,0.187,0.068,0.013,faulted_bearing,45
2/13/2025 13:40,-11.983,0.136,0.872,0.096,0.066,0.02,-11.983,0.136,0.872,0.096,0.066,0.02,faulted_bearing,45
2/13/2025 13:40,-11.983,0.283,0.892,0.2,0.076,0.015,-11.983,0.283,0.892,0.2,0.076,0.015,faulted_bearing,45
2/13/2025 13:40,-11.983,0.142,0.759,0.101,0.077,0.02,-11.983,0.142,0.759,0.101,0.077,0.02,faulted_bearing,45
2/13/2025 13:40,-11.983,0.131,0.741,0.092,0.064,0.015,-11.983,0.131,0.741,0.092,0.064,0.015,faulted_bearing,45
2/13/2025 13:40,-11.983,0.269,0.768,0.19,0.066,0.021,-11.983,0.269,0.768,0.19,0.066,0.021,faulted_bearing,45
2/13/2025 13:40,-11.983,0.143,0.892,0.101,0.076,0.013,-11.983,0.143,0.892,0.101,0.076,0.013,faulted_bearing,45
2/13/2025 13:41,-11.983,0.145,0.865,0.103,0.075,0.015,-11.983,0.145,0.865,0.103,0.075,0.015,faulted_bearing,45
2/13/2025 13:41,-11.983,0.26,0.769,0.184,0.068,0.021,-11.983,0.26,0.769,0.184,0.068,0.021,faulted_bearing,45
2/13/2025 13:41,-11.983,0.254,0.845,0.18,0.079,0.014,-11.983,0.254,0.845,0.18,0.079,0.014,faulted_bearing,45
2/13/2025 13:41,-11.983,0.268,0.747,0.189,0.064,0.014,-11.983,0.268,0.747,0.189,0.064,0.014,faulted_bearing,45
2/13/2025 13:41,-11.983,0.155,0.862,0.11,0.076,0.021,-11.983,0.155,0.862,0.11,0.076,0.021,faulted_bearing,45
2/13/2025 13:41,-11.983,0.267,0.738,0.189,0.065,0.013,-11.983,0.267,0.738,0.189,0.065,0.013,faulted_bearing,45
2/13/2025 13:41,-11.983,0.144,0.756,0.102,0.067,0.02,-11.983,0.144,0.756,0.102,0.067,0.02,faulted_bearing,45
2/13/2025 13:41,-11.983,0.261,0.88,0.184,0.078,0.02,-11.983,0.261,0.88,0.184,0.078,0.02,faulted_bearing,45
2/13/2025 13:41,-11.983,0.127,0.758,0.09,0.076,0.014,-11.983,0.127,0.758,0.09,0.076,0.014,faulted_bearing,45
2/13/2025 13:41,-11.983,0.243,0.722,0.172,0.067,0.021,-11.983,0.243,0.722,0.172,0.067,0.021,faulted_bearing,45
2/13/2025 13:41,-11.983,0.259,0.886,0.183,0.066,0.014,-11.983,0.259,0.886,0.183,0.066,0.014,faulted_bearing,45
2/13/2025 13:41,-11.983,0.141,0.849,0.1,0.077,0.02,-11.983,0.141,0.849,0.1,0.077,0.02,faulted_bearing,45
2/13/2025 13:41,-11.983,0.269,0.766,0.19,0.07,0.02,-11.983,0.269,0.766,0.19,0.07,0.02,faulted_bearing,45
2/13/2025 13:42,-11.983,0.258,0.716,0.183,0.076,0.014,-11.983,0.258,0.716,0.183,0.076,0.014,faulted_bearing,45
2/13/2025 13:42,-11.983,0.14,0.88,0.099,0.076,0.02,-11.983,0.14,0.88,0.099,0.076,0.02,faulted_bearing,45
2/13/2025 13:42,-11.983,0.136,0.897,0.096,0.063,0.014,-11.983,0.136,0.897,0.096,0.063,0.014,faulted_bearing,45
2/13/2025 13:42,-11.983,0.263,0.748,0.186,0.076,0.013,-11.983,0.263,0.748,0.186,0.076,0.013,faulted_bearing,45
2/13/2025 13:42,-11.983,0.121,0.881,0.085,0.066,0.02,-11.983,0.121,0.881,0.085,0.066,0.02,faulted_bearing,45
2/13/2025 13:42,-11.983,0.256,0.758,0.181,0.08,0.013,-11.983,0.256,0.758,0.181,0.08,0.013,faulted_bearing,45
2/13/2025 13:42,-11.983,0.138,0.879,0.098,0.066,0.013,-11.983,0.138,0.879,0.098,0.066,0.013,faulted_bearing,45
2/13/2025 13:42,-11.983,0.27,0.85,0.191,0.076,0.021,-11.983,0.27,0.85,0.191,0.076,0.021,faulted_bearing,45
2/13/2025 13:42,-11.983,0.129,0.722,0.091,0.064,0.014,-11.983,0.129,0.722,0.091,0.064,0.014,faulted_bearing,45
2/13/2025 13:42,-11.983,0.262,0.908,0.185,0.067,0.021,-11.983,0.262,0.908,0.185,0.067,0.021,faulted_bearing,45
2/13/2025 13:42,-11.983,0.27,0.731,0.191,0.075,0.014,-11.983,0.27,0.731,0.191,0.075,0.014,faulted_bearing,45
2/13/2025 13:42,-11.983,0.132,0.883,0.094,0.077,0.014,-11.983,0.132,0.883,0.094,0.077,0.014,faulted_bearing,45
2/13/2025 13:42,-11.983,0.243,0.752,0.171,0.065,0.019,-11.983,0.243,0.752,0.171,0.065,0.019,faulted_bearing,45
2/13/2025 13:43,-11.983,0.145,0.898,0.103,0.075,0.014,-11.983,0.145,0.898,0.103,0.075,0.014,faulted_bearing,45
2/13/2025 13:43,-11.983,0.16,0.868,0.113,0.065,0.014,-11.983,0.16,0.868,0.113,0.065,0.014,faulted_bearing,45
2/13/2025 13:43,-11.983,0.264,0.744,0.187,0.076,0.014,-11.983,0.264,0.744,0.187,0.076,0.014,faulted_bearing,45
2/13/2025 13:43,-11.983,0.269,0.76,0.19,0.076,0.021,-11.983,0.269,0.76,0.19,0.076,0.021,faulted_bearing,45
2/13/2025 13:43,-11.983,0.153,0.857,0.108,0.065,0.014,-11.983,0.153,0.857,0.108,0.065,0.014,faulted_bearing,45
2/13/2025 13:43,-11.983,0.154,0.724,0.109,0.069,0.021,-11.983,0.154,0.724,0.109,0.069,0.021,faulted_bearing,45
2/13/2025 13:43,-11.983,0.256,0.862,0.181,0.076,0.014,-11.983,0.256,0.862,0.181,0.076,0.014,faulted_bearing,45
2/13/2025 13:43,-11.983,0.152,0.868,0.107,0.077,0.021,-11.983,0.152,0.868,0.107,0.077,0.021,faulted_bearing,45
2/13/2025 13:43,-11.983,0.265,0.893,0.187,0.064,0.021,-11.983,0.265,0.893,0.187,0.064,0.021,faulted_bearing,45
2/13/2025 13:43,-11.983,0.278,0.746,0.197,0.07,0.014,-11.983,0.278,0.746,0.197,0.07,0.014,faulted_bearing,45
2/13/2025 13:43,-11.983,0.146,0.87,0.103,0.079,0.014,-11.983,0.146,0.87,0.103,0.079,0.014,faulted_bearing,45
2/13/2025 13:43,-11.982,0.138,0.738,0.097,0.061,0.02,-11.982,0.138,0.738,0.097,0.061,0.02,faulted_bearing,45
2/13/2025 13:43,-11.982,0.262,0.737,0.185,0.081,0.02,-11.982,0.262,0.737,0.185,0.081,0.02,faulted_bearing,45
2/13/2025 13:44,-11.983,0.244,0.874,0.173,0.063,0.014,-11.983,0.244,0.874,0.173,0.063,0.014,faulted_bearing,45
2/13/2025 13:44,-11.983,0.151,0.745,0.107,0.077,0.022,-11.983,0.151,0.745,0.107,0.077,0.022,faulted_bearing,45
2/13/2025 13:44,-11.982,0.261,0.766,0.184,0.075,0.021,-11.982,0.261,0.766,0.184,0.075,0.021,faulted_bearing,45
2/13/2025 13:44,-11.982,0.256,0.863,0.181,0.064,0.013,-11.982,0.256,0.863,0.181,0.064,0.013,faulted_bearing,45
2/13/2025 13:44,-11.982,0.121,0.903,0.086,0.075,0.02,-11.982,0.121,0.903,0.086,0.075,0.02,faulted_bearing,45
2/13/2025 13:44,-11.983,0.149,0.776,0.106,0.066,0.014,-11.983,0.149,0.776,0.106,0.066,0.014,faulted_bearing,45
2/13/2025 13:44,-11.983,0.248,0.842,0.175,0.066,0.016,-11.983,0.248,0.842,0.175,0.066,0.016,faulted_bearing,45
2/13/2025 13:44,-11.983,0.133,0.743,0.094,0.08,0.026,-11.983,0.133,0.743,0.094,0.08,0.026,faulted_bearing,45
2/13/2025 13:44,-11.982,0.123,0.845,0.087,0.074,0.013,-11.982,0.123,0.845,0.087,0.074,0.013,faulted_bearing,45
2/13/2025 13:44,-11.983,0.259,0.718,0.183,0.064,0.02,-11.983,0.259,0.718,0.183,0.064,0.02,faulted_bearing,45
2/13/2025 13:44,-11.983,0.261,0.778,0.185,0.076,0.014,-11.983,0.261,0.778,0.185,0.076,0.014,faulted_bearing,45
2/13/2025 13:44,-11.983,0.144,0.864,0.102,0.062,0.013,-11.983,0.144,0.864,0.102,0.062,0.013,faulted_bearing,45
2/13/2025 13:44,-11.983,0.13,0.779,0.092,0.066,0.021,-11.983,0.13,0.779,0.092,0.066,0.021,faulted_bearing,45
2/13/2025 13:45,-11.983,0.263,0.757,0.186,0.078,0.014,-11.983,0.263,0.757,0.186,0.078,0.014,faulted_bearing,45
2/13/2025 13:45,-11.983,0.142,0.874,0.101,0.076,0.021,-11.983,0.142,0.874,0.101,0.076,0.021,faulted_bearing,45
2/13/2025 13:45,-11.983,0.272,0.725,0.193,0.064,0.015,-11.983,0.272,0.725,0.193,0.064,0.015,faulted_bearing,45
2/13/2025 13:45,-11.983,0.153,0.721,0.108,0.066,0.021,-11.983,0.153,0.721,0.108,0.066,0.021,faulted_bearing,45
2/13/2025 13:45,-11.983,0.15,0.877,0.106,0.079,0.014,-11.983,0.15,0.877,0.106,0.079,0.014,faulted_bearing,45
2/13/2025 13:45,-11.983,0.263,0.854,0.186,0.064,0.014,-11.983,0.263,0.854,0.186,0.064,0.014,faulted_bearing,45
2/13/2025 13:45,-11.983,0.265,0.781,0.187,0.067,0.02,-11.983,0.265,0.781,0.187,0.067,0.02,faulted_bearing,45
2/13/2025 13:45,-11.983,0.265,0.76,0.187,0.08,0.021,-11.983,0.265,0.76,0.187,0.08,0.021,faulted_bearing,45
2/13/2025 13:45,-11.983,0.135,0.866,0.096,0.077,0.013,-11.983,0.135,0.866,0.096,0.077,0.013,faulted_bearing,45
2/13/2025 13:45,-11.983,0.136,0.723,0.096,0.067,0.014,-11.983,0.136,0.723,0.096,0.067,0.014,faulted_bearing,45
2/13/2025 13:45,-11.983,0.272,0.766,0.192,0.075,0.021,-11.983,0.272,0.766,0.192,0.075,0.021,faulted_bearing,45
2/13/2025 13:45,-11.983,0.138,0.859,0.098,0.066,0.02,-11.983,0.138,0.859,0.098,0.066,0.02,faulted_bearing,45
2/13/2025 13:46,-11.983,0.253,0.86,0.179,0.075,0.013,-11.983,0.253,0.86,0.179,0.075,0.013,faulted_bearing,45
2/13/2025 13:46,-11.983,0.138,0.722,0.097,0.077,0.015,-11.983,0.138,0.722,0.097,0.077,0.015,faulted_bearing,45
2/13/2025 13:46,-11.983,0.289,0.865,0.205,0.066,0.022,-11.983,0.289,0.865,0.205,0.066,0.022,faulted_bearing,45
2/13/2025 13:46,-11.983,0.259,0.717,0.183,0.076,0.014,-11.983,0.259,0.717,0.183,0.076,0.014,faulted_bearing,45
2/13/2025 13:46,-11.983,0.12,0.71,0.085,0.067,0.013,-11.983,0.12,0.71,0.085,0.067,0.013,faulted_bearing,45
2/13/2025 13:46,-11.983,0.257,0.855,0.181,0.076,0.02,-11.983,0.257,0.855,0.181,0.076,0.02,faulted_bearing,45
2/13/2025 13:46,-11.983,0.158,0.847,0.112,0.067,0.015,-11.983,0.158,0.847,0.112,0.067,0.015,faulted_bearing,45
2/13/2025 13:46,-11.983,0.27,0.733,0.191,0.065,0.021,-11.983,0.27,0.733,0.191,0.065,0.021,faulted_bearing,45
2/13/2025 13:46,-11.983,0.142,0.854,0.1,0.076,0.014,-11.983,0.142,0.854,0.1,0.076,0.014,faulted_bearing,45
2/13/2025 13:46,-11.983,0.251,0.755,0.177,0.067,0.02,-11.983,0.251,0.755,0.177,0.067,0.02,faulted_bearing,45
2/13/2025 13:46,-11.983,0.161,0.773,0.114,0.077,0.015,-11.983,0.161,0.773,0.114,0.077,0.015,faulted_bearing,45
2/13/2025 13:46,-11.983,0.137,0.893,0.097,0.067,0.013,-11.983,0.137,0.893,0.097,0.067,0.013,faulted_bearing,45
2/13/2025 13:46,-11.983,0.253,0.707,0.179,0.079,0.02,-11.983,0.253,0.707,0.179,0.079,0.02,faulted_bearing,45
2/13/2025 13:47,-11.983,0.141,0.901,0.099,0.065,0.019,-11.983,0.141,0.901,0.099,0.065,0.019,faulted_bearing,45
2/13/2025 13:47,-11.983,0.145,0.725,0.102,0.064,0.013,-11.983,0.145,0.725,0.102,0.064,0.013,faulted_bearing,45
2/13/2025 13:47,-11.983,0.255,0.746,0.18,0.079,0.02,-11.983,0.255,0.746,0.18,0.079,0.02,faulted_bearing,45
2/13/2025 13:47,-11.983,0.14,0.882,0.099,0.076,0.014,-11.983,0.14,0.882,0.099,0.076,0.014,faulted_bearing,45
2/13/2025 13:47,-11.983,0.264,0.74,0.187,0.066,0.02,-11.983,0.264,0.74,0.187,0.066,0.02,faulted_bearing,45
2/13/2025 13:47,-11.983,0.268,0.898,0.189,0.066,0.021,-11.983,0.268,0.898,0.189,0.066,0.021,faulted_bearing,45
2/13/2025 13:47,-11.983,0.133,0.692,0.094,0.078,0.022,-11.983,0.133,0.692,0.094,0.078,0.022,faulted_bearing,45
2/13/2025 13:47,-11.983,0.28,0.847,0.198,0.068,0.014,-11.983,0.28,0.847,0.198,0.068,0.014,faulted_bearing,45
2/13/2025 13:47,-11.983,0.166,0.91,0.117,0.077,0.02,-11.983,0.166,0.91,0.117,0.077,0.02,faulted_bearing,45
2/13/2025 13:47,-11.983,0.241,0.768,0.171,0.073,0.014,-11.983,0.241,0.768,0.171,0.073,0.014,faulted_bearing,45
2/13/2025 13:47,-11.983,0.262,0.746,0.185,0.065,0.02,-11.983,0.262,0.746,0.185,0.065,0.02,faulted_bearing,45
2/13/2025 13:47,-11.983,0.263,0.878,0.186,0.077,0.014,-11.983,0.263,0.878,0.186,0.077,0.014,faulted_bearing,45
2/13/2025 13:48,-11.983,0.134,0.766,0.095,0.067,0.02,-11.983,0.134,0.766,0.095,0.067,0.02,faulted_bearing,45
2/13/2025 13:48,-11.983,0.264,0.9,0.187,0.066,0.021,-11.983,0.264,0.9,0.187,0.066,0.021,faulted_bearing,45
2/13/2025 13:48,-11.983,0.144,0.742,0.101,0.077,0.014,-11.983,0.144,0.742,0.101,0.077,0.014,faulted_bearing,45
2/13/2025 13:48,-11.983,0.152,0.824,0.108,0.062,0.014,-11.983,0.152,0.824,0.108,0.062,0.014,faulted_bearing,45
2/13/2025 13:48,-11.983,0.257,0.729,0.182,0.063,0.027,-11.983,0.257,0.729,0.182,0.063,0.027,faulted_bearing,45
2/13/2025 13:48,-11.983,0.125,0.872,0.088,0.076,0.013,-11.983,0.125,0.872,0.088,0.076,0.013,faulted_bearing,45
2/13/2025 13:48,-11.983,0.269,0.761,0.19,0.076,0.021,-11.983,0.269,0.761,0.19,0.076,0.021,faulted_bearing,45
2/13/2025 13:48,-11.983,0.147,0.854,0.104,0.064,0.014,-11.983,0.147,0.854,0.104,0.064,0.014,faulted_bearing,45
2/13/2025 13:48,-11.983,0.27,0.768,0.191,0.067,0.021,-11.983,0.27,0.768,0.191,0.067,0.021,faulted_bearing,45
2/13/2025 13:48,-11.983,0.144,0.901,0.102,0.08,0.015,-11.983,0.144,0.901,0.102,0.08,0.015,faulted_bearing,45
2/13/2025 13:48,-11.983,0.253,0.876,0.179,0.062,0.02,-11.983,0.253,0.876,0.179,0.062,0.02,faulted_bearing,45
2/13/2025 13:48,-11.983,0.136,0.696,0.096,0.074,0.014,-11.983,0.136,0.696,0.096,0.074,0.014,faulted_bearing,45
2/13/2025 13:49,-11.983,0.261,0.88,0.184,0.075,0.02,-11.983,0.261,0.88,0.184,0.075,0.02,faulted_bearing,45
2/13/2025 13:49,-11.983,0.141,0.75,0.1,0.065,0.014,-11.983,0.141,0.75,0.1,0.065,0.014,faulted_bearing,45
2/13/2025 13:49,-11.983,0.146,0.864,0.103,0.079,0.014,-11.983,0.146,0.864,0.103,0.079,0.014,faulted_bearing,45
2/13/2025 13:49,-11.983,0.142,0.774,0.1,0.068,0.02,-11.983,0.142,0.774,0.1,0.068,0.02,faulted_bearing,45
2/13/2025 13:49,-11.983,0.266,0.729,0.188,0.067,0.014,-11.983,0.266,0.729,0.188,0.067,0.014,faulted_bearing,45
2/13/2025 13:49,-11.983,0.26,0.829,0.184,0.074,0.015,-11.983,0.26,0.829,0.184,0.074,0.015,faulted_bearing,45
2/13/2025 13:49,-11.983,0.147,0.76,0.104,0.067,0.02,-11.983,0.147,0.76,0.104,0.067,0.02,faulted_bearing,45
2/13/2025 13:49,-11.983,0.258,0.856,0.183,0.076,0.013,-11.983,0.258,0.856,0.183,0.076,0.013,faulted_bearing,45
2/13/2025 13:49,-11.983,0.139,0.738,0.099,0.066,0.02,-11.983,0.139,0.738,0.099,0.066,0.02,faulted_bearing,45
2/13/2025 13:49,-11.983,0.142,0.892,0.1,0.076,0.014,-11.983,0.142,0.892,0.1,0.076,0.014,faulted_bearing,45
2/13/2025 13:49,-11.983,0.262,0.739,0.185,0.065,0.02,-11.983,0.262,0.739,0.185,0.065,0.02,faulted_bearing,45
2/13/2025 13:49,-11.983,0.26,0.841,0.184,0.075,0.02,-11.983,0.26,0.841,0.184,0.075,0.02,faulted_bearing,45
2/13/2025 13:49,-11.983,0.13,0.77,0.092,0.066,0.013,-11.983,0.13,0.77,0.092,0.066,0.013,faulted_bearing,45
2/13/2025 13:50,-11.983,0.251,0.866,0.177,0.077,0.02,-11.983,0.251,0.866,0.177,0.077,0.02,faulted_bearing,45
2/13/2025 13:50,-11.983,0.124,0.759,0.088,0.067,0.013,-11.983,0.124,0.759,0.088,0.067,0.013,faulted_bearing,45
2/13/2025 13:50,-11.983,0.169,0.926,0.119,0.081,0.015,-11.983,0.169,0.926,0.119,0.081,0.015,faulted_bearing,45
2/13/2025 13:50,-11.983,0.256,0.839,0.181,0.075,0.02,-11.983,0.256,0.839,0.181,0.075,0.02,faulted_bearing,45
2/13/2025 13:50,-11.983,0.281,0.738,0.199,0.068,0.021,-11.983,0.281,0.738,0.199,0.068,0.021,faulted_bearing,45
2/13/2025 13:50,-11.983,0.143,0.888,0.101,0.077,0.014,-11.983,0.143,0.888,0.101,0.077,0.014,faulted_bearing,45
2/13/2025 13:50,-11.983,0.251,0.741,0.177,0.065,0.02,-11.983,0.251,0.741,0.177,0.065,0.02,faulted_bearing,45
2/13/2025 13:50,-11.983,0.138,0.72,0.098,0.062,0.013,-11.983,0.138,0.72,0.098,0.062,0.013,faulted_bearing,45
2/13/2025 13:50,-11.983,0.133,0.912,0.094,0.08,0.013,-11.983,0.133,0.912,0.094,0.08,0.013,faulted_bearing,45
2/13/2025 13:50,-11.983,0.266,0.841,0.188,0.075,0.021,-11.983,0.266,0.841,0.188,0.075,0.021,faulted_bearing,45
2/13/2025 13:51,-11.983,0.141,0.721,0.1,0.063,0.014,-11.983,0.141,0.721,0.1,0.063,0.014,faulted_bearing,45
2/13/2025 13:51,-11.983,0.247,0.912,0.175,0.078,0.019,-11.983,0.247,0.912,0.175,0.078,0.019,faulted_bearing,45
2/13/2025 13:51,-11.983,0.266,0.846,0.188,0.076,0.02,-11.983,0.266,0.846,0.188,0.076,0.02,faulted_bearing,45
2/13/2025 13:51,-11.983,0.137,0.733,0.097,0.064,0.014,-11.983,0.137,0.733,0.097,0.064,0.014,faulted_bearing,45
2/13/2025 13:51,-11.983,0.26,0.897,0.184,0.067,0.02,-11.983,0.26,0.897,0.184,0.067,0.02,faulted_bearing,45
2/13/2025 13:51,-11.983,0.253,0.774,0.179,0.076,0.02,-11.983,0.253,0.774,0.179,0.076,0.02,faulted_bearing,45
2/13/2025 13:51,-11.983,0.128,0.757,0.09,0.074,0.013,-11.983,0.128,0.757,0.09,0.074,0.013,faulted_bearing,45
2/13/2025 13:51,-11.983,0.259,0.886,0.183,0.067,0.02,-11.983,0.259,0.886,0.183,0.067,0.02,faulted_bearing,45
2/13/2025 13:51,-11.983,0.147,0.732,0.104,0.064,0.015,-11.983,0.147,0.732,0.104,0.064,0.015,faulted_bearing,45
2/13/2025 13:51,-11.983,0.136,0.75,0.096,0.076,0.022,-11.983,0.136,0.75,0.096,0.076,0.022,faulted_bearing,45
2/13/2025 13:51,-11.983,0.297,0.872,0.21,0.08,0.014,-11.983,0.297,0.872,0.21,0.08,0.014,faulted_bearing,45
2/13/2025 13:51,-11.983,0.254,0.735,0.179,0.063,0.014,-11.983,0.254,0.735,0.179,0.063,0.014,faulted_bearing,45
2/13/2025 13:51,-11.983,0.134,0.857,0.094,0.078,0.013,-11.983,0.134,0.857,0.094,0.078,0.013,faulted_bearing,45
2/13/2025 13:51,-11.983,0.267,0.833,0.189,0.074,0.021,-11.983,0.267,0.833,0.189,0.074,0.021,faulted_bearing,45
2/13/2025 13:51,-11.983,0.152,0.769,0.107,0.066,0.021,-11.983,0.152,0.769,0.107,0.066,0.021,faulted_bearing,45
2/13/2025 13:51,-11.983,0.263,0.816,0.186,0.067,0.014,-11.983,0.263,0.816,0.186,0.067,0.014,faulted_bearing,45
2/13/2025 13:52,-11.983,0.137,0.745,0.097,0.076,0.02,-11.983,0.137,0.745,0.097,0.076,0.02,faulted_bearing,45
2/13/2025 13:52,-11.983,0.25,0.786,0.177,0.068,0.014,-11.983,0.25,0.786,0.177,0.068,0.014,faulted_bearing,45
2/13/2025 13:52,-11.983,0.256,0.89,0.181,0.076,0.013,-11.983,0.256,0.89,0.181,0.076,0.013,faulted_bearing,45
2/13/2025 13:52,-11.983,0.124,0.832,0.087,0.064,0.021,-11.983,0.124,0.832,0.087,0.064,0.021,faulted_bearing,45
2/13/2025 13:52,-11.983,0.251,0.701,0.177,0.078,0.021,-11.983,0.251,0.701,0.177,0.078,0.021,faulted_bearing,45
2/13/2025 13:52,-11.983,0.13,0.728,0.092,0.065,0.014,-11.983,0.13,0.728,0.092,0.065,0.014,faulted_bearing,45
2/13/2025 13:52,-11.983,0.255,0.855,0.18,0.079,0.021,-11.983,0.255,0.855,0.18,0.079,0.021,faulted_bearing,45
2/13/2025 13:52,-11.983,0.253,0.877,0.179,0.066,0.02,-11.983,0.253,0.877,0.179,0.066,0.02,faulted_bearing,45
2/13/2025 13:52,-11.983,0.121,0.748,0.086,0.076,0.013,-11.983,0.121,0.748,0.086,0.076,0.013,faulted_bearing,45
2/13/2025 13:52,-11.983,0.136,0.775,0.096,0.068,0.02,-11.983,0.136,0.775,0.096,0.068,0.02,faulted_bearing,45
2/13/2025 13:52,-11.983,0.259,0.896,0.183,0.068,0.014,-11.983,0.259,0.896,0.183,0.068,0.014,faulted_bearing,45
2/13/2025 13:52,-11.983,0.115,0.754,0.082,0.074,0.02,-11.983,0.115,0.754,0.082,0.074,0.02,faulted_bearing,45
2/13/2025 13:52,-11.983,0.264,0.74,0.187,0.075,0.013,-11.983,0.264,0.74,0.187,0.075,0.013,faulted_bearing,45
2/13/2025 13:53,-11.983,0.127,0.866,0.09,0.063,0.013,-11.983,0.127,0.866,0.09,0.063,0.013,faulted_bearing,45
2/13/2025 13:53,-11.983,0.271,0.828,0.191,0.077,0.021,-11.983,0.271,0.828,0.191,0.077,0.021,faulted_bearing,45
2/13/2025 13:53,-11.983,0.144,0.749,0.102,0.065,0.021,-11.983,0.144,0.749,0.102,0.065,0.021,faulted_bearing,45
2/13/2025 13:53,-11.983,0.148,0.868,0.105,0.077,0.014,-11.983,0.148,0.868,0.105,0.077,0.014,faulted_bearing,45
2/13/2025 13:53,-11.983,0.265,0.756,0.188,0.068,0.014,-11.983,0.265,0.756,0.188,0.068,0.014,faulted_bearing,45
2/13/2025 13:53,-11.983,0.141,0.923,0.099,0.08,0.021,-11.983,0.141,0.923,0.099,0.08,0.021,faulted_bearing,45
2/13/2025 13:53,-11.983,0.267,0.864,0.189,0.078,0.014,-11.983,0.267,0.864,0.189,0.078,0.014,faulted_bearing,45
2/13/2025 13:53,-11.983,0.126,0.736,0.089,0.065,0.021,-11.983,0.126,0.736,0.089,0.065,0.021,faulted_bearing,45
2/13/2025 13:53,-11.983,0.254,0.742,0.18,0.081,0.013,-11.983,0.254,0.742,0.18,0.081,0.013,faulted_bearing,45
2/13/2025 13:53,-11.983,0.124,0.896,0.088,0.063,0.014,-11.983,0.124,0.896,0.088,0.063,0.014,faulted_bearing,45
2/13/2025 13:53,-11.983,0.267,0.722,0.189,0.078,0.02,-11.983,0.267,0.722,0.189,0.078,0.02,faulted_bearing,45
2/13/2025 13:53,-11.983,0.139,0.882,0.098,0.076,0.019,-11.983,0.139,0.882,0.098,0.076,0.019,faulted_bearing,45
2/13/2025 13:54,-11.983,0.254,0.731,0.179,0.068,0.013,-11.983,0.254,0.731,0.179,0.068,0.013,faulted_bearing,45
2/13/2025 13:54,-11.983,0.255,0.878,0.18,0.066,0.021,-11.983,0.255,0.878,0.18,0.066,0.021,faulted_bearing,45
2/13/2025 13:54,-11.983,0.125,0.844,0.089,0.077,0.014,-11.983,0.125,0.844,0.089,0.077,0.014,faulted_bearing,45
2/13/2025 13:54,-11.983,0.251,0.747,0.178,0.076,0.02,-11.983,0.251,0.747,0.178,0.076,0.02,faulted_bearing,45
2/13/2025 13:54,-11.983,0.129,0.893,0.091,0.066,0.022,-11.983,0.129,0.893,0.091,0.066,0.022,faulted_bearing,45
2/13/2025 13:54,-11.983,0.246,0.862,0.174,0.067,0.013,-11.983,0.246,0.862,0.174,0.067,0.013,faulted_bearing,45
2/13/2025 13:54,-11.983,0.138,0.78,0.097,0.079,0.015,-11.983,0.138,0.78,0.097,0.079,0.015,faulted_bearing,45
2/13/2025 13:54,-11.983,0.271,0.719,0.191,0.061,0.023,-11.983,0.271,0.719,0.191,0.061,0.023,faulted_bearing,45
2/13/2025 13:54,-11.983,0.134,0.863,0.094,0.076,0.014,-11.983,0.134,0.863,0.094,0.076,0.014,faulted_bearing,45
2/13/2025 13:54,-11.983,0.263,0.768,0.186,0.068,0.014,-11.983,0.263,0.768,0.186,0.068,0.014,faulted_bearing,45
2/13/2025 13:54,-11.983,0.127,0.718,0.09,0.075,0.021,-11.983,0.127,0.718,0.09,0.075,0.021,faulted_bearing,45
2/13/2025 13:54,-11.983,0.255,0.899,0.18,0.083,0.014,-11.983,0.255,0.899,0.18,0.083,0.014,faulted_bearing,45
2/13/2025 13:55,-11.983,0.136,0.777,0.096,0.067,0.021,-11.983,0.136,0.777,0.096,0.067,0.021,faulted_bearing,45
2/13/2025 13:55,-11.983,0.266,0.864,0.188,0.066,0.013,-11.983,0.266,0.864,0.188,0.066,0.013,faulted_bearing,45
2/13/2025 13:55,-11.983,0.126,0.736,0.089,0.079,0.02,-11.983,0.126,0.736,0.089,0.079,0.02,faulted_bearing,45
2/13/2025 13:55,-11.983,0.256,0.914,0.181,0.066,0.014,-11.983,0.256,0.914,0.181,0.066,0.014,faulted_bearing,45
2/13/2025 13:55,-11.983,0.12,0.731,0.085,0.078,0.02,-11.983,0.12,0.731,0.085,0.078,0.02,faulted_bearing,45
2/13/2025 13:55,-11.983,0.262,0.875,0.186,0.067,0.013,-11.983,0.262,0.875,0.186,0.067,0.013,faulted_bearing,45
2/13/2025 13:55,-11.983,0.144,0.755,0.102,0.076,0.023,-11.983,0.144,0.755,0.102,0.076,0.023,faulted_bearing,45
2/13/2025 13:55,-11.983,0.118,0.758,0.084,0.067,0.014,-11.983,0.118,0.758,0.084,0.067,0.014,faulted_bearing,45
2/13/2025 13:55,-11.983,0.248,0.849,0.176,0.067,0.021,-11.983,0.248,0.849,0.176,0.067,0.021,faulted_bearing,45
2/13/2025 13:55,-11.983,0.262,0.854,0.185,0.066,0.014,-11.983,0.262,0.854,0.185,0.066,0.014,faulted_bearing,45
2/13/2025 13:55,-11.983,0.128,0.757,0.09,0.077,0.012,-11.983,0.128,0.757,0.09,0.077,0.012,faulted_bearing,45
2/13/2025 13:56,-11.983,0.258,0.878,0.182,0.066,0.023,-11.983,0.258,0.878,0.182,0.066,0.023,faulted_bearing,45
2/13/2025 13:56,-11.983,0.12,0.727,0.085,0.078,0.016,-11.983,0.12,0.727,0.085,0.078,0.016,faulted_bearing,45
2/13/2025 13:56,-11.983,0.267,0.769,0.189,0.068,0.02,-11.983,0.267,0.769,0.189,0.068,0.02,faulted_bearing,45
2/13/2025 13:56,-11.983,0.134,0.868,0.095,0.075,0.013,-11.983,0.134,0.868,0.095,0.075,0.013,faulted_bearing,45
2/13/2025 13:56,-11.983,0.134,0.734,0.095,0.062,0.013,-11.983,0.134,0.734,0.095,0.062,0.013,faulted_bearing,45
2/13/2025 13:56,-11.983,0.251,0.871,0.177,0.08,0.021,-11.983,0.251,0.871,0.177,0.08,0.021,faulted_bearing,45
2/13/2025 13:56,-11.983,0.129,0.85,0.091,0.066,0.013,-11.983,0.129,0.85,0.091,0.066,0.013,faulted_bearing,45
2/13/2025 13:56,-11.983,0.128,0.75,0.09,0.074,0.02,-11.983,0.128,0.75,0.09,0.074,0.02,faulted_bearing,45
2/13/2025 13:56,-11.983,0.264,0.864,0.186,0.076,0.013,-11.983,0.264,0.864,0.186,0.076,0.013,faulted_bearing,45
2/13/2025 13:56,-11.983,0.129,0.76,0.091,0.064,0.02,-11.983,0.129,0.76,0.091,0.064,0.02,faulted_bearing,45
2/13/2025 13:56,-11.983,0.281,0.745,0.199,0.067,0.02,-11.983,0.281,0.745,0.199,0.067,0.02,faulted_bearing,45
2/13/2025 13:56,-11.983,0.144,0.875,0.102,0.076,0.014,-11.983,0.144,0.875,0.102,0.076,0.014,faulted_bearing,45
2/13/2025 13:56,-11.983,0.166,0.746,0.117,0.064,0.021,-11.983,0.166,0.746,0.117,0.064,0.021,faulted_bearing,45
2/13/2025 13:56,-11.983,0.253,0.847,0.179,0.079,0.014,-11.983,0.253,0.847,0.179,0.079,0.014,faulted_bearing,45
2/13/2025 13:57,-11.983,0.262,0.76,0.185,0.068,0.015,-11.983,0.262,0.76,0.185,0.068,0.015,faulted_bearing,45
2/13/2025 13:57,-11.983,0.13,0.853,0.092,0.078,0.02,-11.983,0.13,0.853,0.092,0.078,0.02,faulted_bearing,45
2/13/2025 13:57,-11.983,0.155,0.702,0.11,0.064,0.021,-11.983,0.155,0.702,0.11,0.064,0.021,faulted_bearing,45
2/13/2025 13:57,-11.983,0.263,0.859,0.186,0.076,0.014,-11.983,0.263,0.859,0.186,0.076,0.014,faulted_bearing,45
2/13/2025 13:57,-11.983,0.121,0.716,0.085,0.077,0.021,-11.983,0.121,0.716,0.085,0.077,0.021,faulted_bearing,45
2/13/2025 13:57,-11.983,0.246,0.901,0.174,0.067,0.02,-11.983,0.246,0.901,0.174,0.067,0.02,faulted_bearing,45
2/13/2025 13:57,-11.983,0.132,0.862,0.093,0.079,0.014,-11.983,0.132,0.862,0.093,0.079,0.014,faulted_bearing,45
2/13/2025 13:57,-11.983,0.267,0.758,0.189,0.066,0.02,-11.983,0.267,0.758,0.189,0.066,0.02,faulted_bearing,45
2/13/2025 13:57,-11.983,0.117,0.771,0.083,0.078,0.013,-11.983,0.117,0.771,0.083,0.078,0.013,faulted_bearing,45
2/13/2025 13:57,-11.983,0.274,0.881,0.194,0.066,0.014,-11.983,0.274,0.881,0.194,0.066,0.014,faulted_bearing,45
2/13/2025 13:57,-11.983,0.138,0.854,0.097,0.064,0.02,-11.983,0.138,0.854,0.097,0.064,0.02,faulted_bearing,45
2/13/2025 13:57,-11.983,0.268,0.737,0.19,0.076,0.012,-11.983,0.268,0.737,0.19,0.076,0.012,faulted_bearing,45
2/13/2025 13:58,-11.983,0.134,0.881,0.095,0.076,0.015,-11.983,0.134,0.881,0.095,0.076,0.015,faulted_bearing,45
2/13/2025 13:58,-11.983,0.288,0.77,0.204,0.071,0.022,-11.983,0.288,0.77,0.204,0.071,0.022,faulted_bearing,45
2/13/2025 13:58,-11.983,0.13,0.859,0.092,0.079,0.014,-11.983,0.13,0.859,0.092,0.079,0.014,faulted_bearing,45
2/13/2025 13:58,-11.983,0.142,0.744,0.101,0.067,0.014,-11.983,0.142,0.744,0.101,0.067,0.014,faulted_bearing,45
2/13/2025 13:58,-11.983,0.261,0.882,0.184,0.078,0.022,-11.983,0.261,0.882,0.184,0.078,0.022,faulted_bearing,45
2/13/2025 13:58,-11.983,0.147,0.741,0.104,0.075,0.014,-11.983,0.147,0.741,0.104,0.075,0.014,faulted_bearing,45
2/13/2025 13:58,-11.983,0.257,0.893,0.182,0.066,0.014,-11.983,0.257,0.893,0.182,0.066,0.014,faulted_bearing,45
2/13/2025 13:58,-11.983,0.151,0.836,0.107,0.074,0.02,-11.983,0.151,0.836,0.107,0.074,0.02,faulted_bearing,45
2/13/2025 13:58,-11.982,0.258,0.725,0.182,0.066,0.015,-11.982,0.258,0.725,0.182,0.066,0.015,faulted_bearing,45
2/13/2025 13:58,-11.983,0.144,0.865,0.102,0.065,0.02,-11.983,0.144,0.865,0.102,0.065,0.02,faulted_bearing,45
2/13/2025 13:58,-11.983,0.257,0.759,0.181,0.077,0.014,-11.983,0.257,0.759,0.181,0.077,0.014,faulted_bearing,45
2/13/2025 13:58,-11.983,0.126,0.841,0.089,0.067,0.015,-11.983,0.126,0.841,0.089,0.067,0.015,faulted_bearing,45
2/13/2025 13:58,-11.983,0.251,0.726,0.177,0.076,0.022,-11.983,0.251,0.726,0.177,0.076,0.022,faulted_bearing,45
2/13/2025 13:58,-11.983,0.245,0.88,0.173,0.067,0.014,-11.983,0.245,0.88,0.173,0.067,0.014,faulted_bearing,45
2/13/2025 13:59,-11.983,0.132,0.844,0.093,0.066,0.013,-11.983,0.132,0.844,0.093,0.066,0.013,faulted_bearing,45
2/13/2025 13:59,-11.982,0.253,0.736,0.179,0.076,0.02,-11.982,0.253,0.736,0.179,0.076,0.02,faulted_bearing,45
2/13/2025 13:59,-11.982,0.12,0.733,0.085,0.065,0.019,-11.982,0.12,0.733,0.085,0.065,0.019,faulted_bearing,45
2/13/2025 13:59,-11.983,0.149,0.905,0.105,0.075,0.013,-11.983,0.149,0.905,0.105,0.075,0.013,faulted_bearing,45
2/13/2025 13:59,-11.982,0.259,0.749,0.183,0.077,0.021,-11.982,0.259,0.749,0.183,0.077,0.021,faulted_bearing,45
2/13/2025 13:59,-11.983,0.132,0.875,0.093,0.062,0.014,-11.983,0.132,0.875,0.093,0.062,0.014,faulted_bearing,45
2/13/2025 13:59,-11.983,0.147,0.895,0.104,0.063,0.014,-11.983,0.147,0.895,0.104,0.063,0.014,faulted_bearing,45
2/13/2025 13:59,-11.982,0.256,0.748,0.181,0.077,0.02,-11.982,0.256,0.748,0.181,0.077,0.02,faulted_bearing,45
2/13/2025 13:59,-11.983,0.253,0.785,0.179,0.067,0.013,-11.983,0.253,0.785,0.179,0.067,0.013,faulted_bearing,45
2/13/2025 13:59,-11.983,0.264,0.866,0.187,0.078,0.019,-11.983,0.264,0.866,0.187,0.078,0.019,faulted_bearing,45
2/13/2025 13:59,-11.983,0.136,0.749,0.096,0.068,0.014,-11.983,0.136,0.749,0.096,0.068,0.014,faulted_bearing,45
2/13/2025 13:59,-11.983,0.136,0.912,0.096,0.075,0.02,-11.983,0.136,0.912,0.096,0.075,0.02,faulted_bearing,45
2/13/2025 13:59,-11.983,0.257,0.728,0.182,0.067,0.02,-11.983,0.257,0.728,0.182,0.067,0.02,faulted_bearing,45
2/13/2025 14:00,-11.983,0.258,0.885,0.183,0.08,0.021,-11.983,0.258,0.885,0.183,0.08,0.021,faulted_bearing,45
2/13/2025 14:00,-11.983,0.148,0.778,0.105,0.065,0.014,-11.983,0.148,0.778,0.105,0.065,0.014,faulted_bearing,45
2/13/2025 14:00,-11.983,0.128,0.771,0.09,0.076,0.014,-11.983,0.128,0.771,0.09,0.076,0.014,faulted_bearing,45
2/13/2025 14:00,-11.983,0.253,0.86,0.179,0.07,0.023,-11.983,0.253,0.86,0.179,0.07,0.023,faulted_bearing,45
2/13/2025 14:00,-11.983,0.263,0.746,0.186,0.077,0.023,-11.983,0.263,0.746,0.186,0.077,0.023,faulted_bearing,45
2/13/2025 14:00,-11.983,0.124,0.899,0.088,0.068,0.02,-11.983,0.124,0.899,0.088,0.068,0.02,faulted_bearing,45
2/13/2025 14:00,-11.983,0.244,0.762,0.173,0.076,0.013,-11.983,0.244,0.762,0.173,0.076,0.013,faulted_bearing,45
2/13/2025 14:00,-11.983,0.125,0.767,0.089,0.068,0.021,-11.983,0.125,0.767,0.089,0.068,0.021,faulted_bearing,45
2/13/2025 14:00,-11.983,0.248,0.895,0.176,0.068,0.013,-11.983,0.248,0.895,0.176,0.068,0.013,faulted_bearing,45
2/13/2025 14:00,-11.983,0.142,0.863,0.1,0.078,0.02,-11.983,0.142,0.863,0.1,0.078,0.02,faulted_bearing,45
2/13/2025 14:00,-11.983,0.264,0.732,0.187,0.076,0.014,-11.983,0.264,0.732,0.187,0.076,0.014,faulted_bearing,45
2/13/2025 14:00,-11.983,0.247,0.884,0.175,0.078,0.014,-11.983,0.247,0.884,0.175,0.078,0.014,faulted_bearing,45
2/13/2025 14:00,-11.983,0.133,0.741,0.094,0.066,0.021,-11.983,0.133,0.741,0.094,0.066,0.021,faulted_bearing,45
2/13/2025 14:01,-11.983,0.268,0.863,0.19,0.077,0.021,-11.983,0.268,0.863,0.19,0.077,0.021,faulted_bearing,45
2/13/2025 14:01,-11.983,0.274,0.902,0.194,0.064,0.014,-11.983,0.274,0.902,0.194,0.064,0.014,faulted_bearing,45
2/13/2025 14:01,-11.983,0.148,0.71,0.104,0.076,0.014,-11.983,0.148,0.71,0.104,0.076,0.014,faulted_bearing,45
2/13/2025 14:01,-11.982,0.154,0.785,0.109,0.076,0.02,-11.982,0.154,0.785,0.109,0.076,0.02,faulted_bearing,45
2/13/2025 14:01,-11.983,0.25,0.866,0.177,0.066,0.014,-11.983,0.25,0.866,0.177,0.066,0.014,faulted_bearing,45
2/13/2025 14:01,-11.983,0.149,0.754,0.105,0.077,0.021,-11.983,0.149,0.754,0.105,0.077,0.021,faulted_bearing,45
2/13/2025 14:01,-11.982,0.279,0.902,0.197,0.069,0.014,-11.982,0.279,0.902,0.197,0.069,0.014,faulted_bearing,45
2/13/2025 14:01,-11.982,0.272,0.894,0.192,0.076,0.021,-11.982,0.272,0.894,0.192,0.076,0.021,faulted_bearing,45
2/13/2025 14:01,-11.983,0.134,0.729,0.095,0.066,0.02,-11.983,0.134,0.729,0.095,0.066,0.02,faulted_bearing,45
2/13/2025 14:01,-11.983,0.247,0.75,0.175,0.065,0.015,-11.983,0.247,0.75,0.175,0.065,0.015,faulted_bearing,45
2/13/2025 14:01,-11.983,0.119,0.902,0.084,0.08,0.014,-11.983,0.119,0.902,0.084,0.08,0.014,faulted_bearing,45
2/13/2025 14:01,-11.983,0.127,0.741,0.09,0.066,0.022,-11.983,0.127,0.741,0.09,0.066,0.022,faulted_bearing,45
2/13/2025 14:02,-11.983,0.261,0.899,0.184,0.077,0.021,-11.983,0.261,0.899,0.184,0.077,0.021,faulted_bearing,45
2/13/2025 14:02,-11.983,0.166,0.853,0.118,0.064,0.013,-11.983,0.166,0.853,0.118,0.064,0.013,faulted_bearing,45
2/13/2025 14:02,-11.983,0.263,0.741,0.186,0.068,0.013,-11.983,0.263,0.741,0.186,0.068,0.013,faulted_bearing,45
2/13/2025 14:02,-11.983,0.143,0.768,0.101,0.078,0.02,-11.983,0.143,0.768,0.101,0.078,0.02,faulted_bearing,45
2/13/2025 14:02,-11.983,0.278,0.875,0.196,0.064,0.014,-11.983,0.278,0.875,0.196,0.064,0.014,faulted_bearing,45
2/13/2025 14:02,-11.983,0.156,0.737,0.11,0.075,0.02,-11.983,0.156,0.737,0.11,0.075,0.02,faulted_bearing,45
2/13/2025 14:02,-11.983,0.252,0.882,0.178,0.065,0.021,-11.983,0.252,0.882,0.178,0.065,0.021,faulted_bearing,45
2/13/2025 14:02,-11.983,0.27,0.862,0.191,0.079,0.015,-11.983,0.27,0.862,0.191,0.079,0.015,faulted_bearing,45
2/13/2025 14:02,-11.983,0.165,0.729,0.116,0.077,0.014,-11.983,0.165,0.729,0.116,0.077,0.014,faulted_bearing,45
2/13/2025 14:02,-11.983,0.25,0.765,0.177,0.068,0.021,-11.983,0.25,0.765,0.177,0.068,0.021,faulted_bearing,45
2/13/2025 14:02,-11.982,0.141,0.835,0.1,0.078,0.015,-11.982,0.141,0.835,0.1,0.078,0.015,faulted_bearing,45
2/13/2025 14:02,-11.983,0.121,0.903,0.085,0.066,0.02,-11.983,0.121,0.903,0.085,0.066,0.02,faulted_bearing,45
2/13/2025 14:02,-11.982,0.255,0.758,0.18,0.076,0.014,-11.982,0.255,0.758,0.18,0.076,0.014,faulted_bearing,45
2/13/2025 14:03,-11.982,0.141,0.902,0.099,0.065,0.021,-11.982,0.141,0.902,0.099,0.065,0.021,faulted_bearing,45
2/13/2025 14:03,-11.983,0.242,0.736,0.171,0.076,0.014,-11.983,0.242,0.736,0.171,0.076,0.014,faulted_bearing,45
2/13/2025 14:03,-11.982,0.258,0.866,0.182,0.068,0.02,-11.982,0.258,0.866,0.182,0.068,0.02,faulted_bearing,45
2/13/2025 14:03,-11.982,0.131,0.779,0.093,0.08,0.013,-11.982,0.131,0.779,0.093,0.08,0.013,faulted_bearing,45
2/13/2025 14:03,-11.982,0.148,0.749,0.105,0.069,0.02,-11.982,0.148,0.749,0.105,0.069,0.02,faulted_bearing,45
2/13/2025 14:03,-11.982,0.253,0.918,0.179,0.076,0.014,-11.982,0.253,0.918,0.179,0.076,0.014,faulted_bearing,45
2/13/2025 14:03,-11.982,0.122,0.874,0.086,0.068,0.019,-11.982,0.122,0.874,0.086,0.068,0.019,faulted_bearing,45
2/13/2025 14:03,-11.982,0.252,0.762,0.178,0.069,0.02,-11.982,0.252,0.762,0.178,0.069,0.02,faulted_bearing,45
2/13/2025 14:03,-11.982,0.259,0.882,0.183,0.079,0.014,-11.982,0.259,0.882,0.183,0.079,0.014,faulted_bearing,45
2/13/2025 14:03,-11.982,0.141,0.743,0.1,0.068,0.02,-11.982,0.141,0.743,0.1,0.068,0.02,faulted_bearing,45
2/13/2025 14:03,-11.983,0.257,0.845,0.182,0.077,0.014,-11.983,0.257,0.845,0.182,0.077,0.014,faulted_bearing,45
2/13/2025 14:03,-11.983,0.139,0.763,0.098,0.065,0.013,-11.983,0.139,0.763,0.098,0.065,0.013,faulted_bearing,45
2/13/2025 14:03,-11.982,0.138,0.77,0.098,0.072,0.02,-11.982,0.138,0.77,0.098,0.072,0.02,faulted_bearing,45
2/13/2025 14:04,-11.983,0.284,0.861,0.201,0.076,0.02,-11.983,0.284,0.861,0.201,0.076,0.02,faulted_bearing,45
2/13/2025 14:04,-11.982,0.145,0.853,0.102,0.066,0.014,-11.982,0.145,0.853,0.102,0.066,0.014,faulted_bearing,45
2/13/2025 14:04,-11.983,0.268,0.762,0.189,0.077,0.013,-11.983,0.268,0.762,0.189,0.077,0.013,faulted_bearing,45
2/13/2025 14:04,-11.982,0.143,0.755,0.101,0.067,0.024,-11.982,0.143,0.755,0.101,0.067,0.024,faulted_bearing,45
2/13/2025 14:04,-11.982,0.257,0.863,0.181,0.075,0.027,-11.982,0.257,0.863,0.181,0.075,0.027,faulted_bearing,45
2/13/2025 14:04,-11.982,0.284,0.768,0.2,0.065,0.015,-11.982,0.284,0.768,0.2,0.065,0.015,faulted_bearing,45
2/13/2025 14:04,-11.982,0.162,0.847,0.114,0.077,0.014,-11.982,0.162,0.847,0.114,0.077,0.014,faulted_bearing,45
2/13/2025 14:04,-11.982,0.28,0.838,0.198,0.067,0.022,-11.982,0.28,0.838,0.198,0.067,0.022,faulted_bearing,45
2/13/2025 14:04,-11.982,0.13,0.742,0.092,0.076,0.015,-11.982,0.13,0.742,0.092,0.076,0.015,faulted_bearing,45
2/13/2025 14:04,-11.982,0.124,0.779,0.088,0.066,0.022,-11.982,0.124,0.779,0.088,0.066,0.022,faulted_bearing,45
2/13/2025 14:04,-11.982,0.268,0.841,0.189,0.073,0.015,-11.982,0.268,0.841,0.189,0.073,0.015,faulted_bearing,45
2/13/2025 14:04,-11.982,0.136,0.744,0.096,0.076,0.022,-11.982,0.136,0.744,0.096,0.076,0.022,faulted_bearing,45
2/13/2025 14:05,-11.982,0.26,0.837,0.184,0.066,0.013,-11.982,0.26,0.837,0.184,0.066,0.013,faulted_bearing,45
2/13/2025 14:05,-11.983,0.125,0.771,0.088,0.076,0.02,-11.983,0.125,0.771,0.088,0.076,0.02,faulted_bearing,45
2/13/2025 14:05,-11.983,0.255,0.873,0.18,0.067,0.015,-11.983,0.255,0.873,0.18,0.067,0.015,faulted_bearing,45
2/13/2025 14:05,-11.982,0.126,0.744,0.089,0.08,0.022,-11.982,0.126,0.744,0.089,0.08,0.022,faulted_bearing,45
2/13/2025 14:05,-11.982,0.263,0.867,0.186,0.064,0.014,-11.982,0.263,0.867,0.186,0.064,0.014,faulted_bearing,45
2/13/2025 14:05,-11.982,0.155,0.767,0.11,0.076,0.021,-11.982,0.155,0.767,0.11,0.076,0.021,faulted_bearing,45
2/13/2025 14:05,-11.982,0.256,0.712,0.181,0.063,0.014,-11.982,0.256,0.712,0.181,0.063,0.014,faulted_bearing,45
2/13/2025 14:05,-11.983,0.262,0.862,0.185,0.078,0.02,-11.983,0.262,0.862,0.185,0.078,0.02,faulted_bearing,45
2/13/2025 14:05,-11.983,0.145,0.738,0.102,0.066,0.014,-11.983,0.145,0.738,0.102,0.066,0.014,faulted_bearing,45
2/13/2025 14:05,-11.983,0.157,0.891,0.111,0.078,0.022,-11.983,0.157,0.891,0.111,0.078,0.022,faulted_bearing,45
2/13/2025 14:05,-11.983,0.268,0.772,0.189,0.064,0.014,-11.983,0.268,0.772,0.189,0.064,0.014,faulted_bearing,45
2/13/2025 14:05,-11.983,0.129,0.861,0.091,0.076,0.015,-11.983,0.129,0.861,0.091,0.076,0.015,faulted_bearing,45
2/13/2025 14:05,-11.983,0.146,0.713,0.103,0.066,0.02,-11.983,0.146,0.713,0.103,0.066,0.02,faulted_bearing,45
2/13/2025 14:06,-11.983,0.266,0.739,0.188,0.078,0.014,-11.983,0.266,0.739,0.188,0.078,0.014,faulted_bearing,45
2/13/2025 14:06,-11.983,0.273,0.874,0.193,0.07,0.021,-11.983,0.273,0.874,0.193,0.07,0.021,faulted_bearing,45
2/13/2025 14:06,-11.982,0.154,0.765,0.109,0.067,0.015,-11.982,0.154,0.765,0.109,0.067,0.015,faulted_bearing,45
2/13/2025 14:06,-11.983,0.256,0.74,0.181,0.077,0.021,-11.983,0.256,0.74,0.181,0.077,0.021,faulted_bearing,45
2/13/2025 14:06,-11.983,0.13,0.872,0.092,0.068,0.014,-11.983,0.13,0.872,0.092,0.068,0.014,faulted_bearing,45
2/13/2025 14:06,-11.983,0.155,0.835,0.11,0.075,0.015,-11.983,0.155,0.835,0.11,0.075,0.015,faulted_bearing,45
2/13/2025 14:06,-11.983,0.258,0.747,0.182,0.063,0.021,-11.983,0.258,0.747,0.182,0.063,0.021,faulted_bearing,45
2/13/2025 14:06,-11.983,0.14,0.721,0.099,0.08,0.021,-11.983,0.14,0.721,0.099,0.08,0.021,faulted_bearing,45
2/13/2025 14:06,-11.983,0.244,0.901,0.173,0.068,0.016,-11.983,0.244,0.901,0.173,0.068,0.016,faulted_bearing,45
2/13/2025 14:06,-11.983,0.125,0.802,0.088,0.064,0.021,-11.983,0.125,0.802,0.088,0.064,0.021,faulted_bearing,45
2/13/2025 14:06,-11.983,0.263,0.719,0.186,0.077,0.014,-11.983,0.263,0.719,0.186,0.077,0.014,faulted_bearing,45
2/13/2025 14:06,-11.983,0.13,0.883,0.092,0.065,0.014,-11.983,0.13,0.883,0.092,0.065,0.014,faulted_bearing,45
2/13/2025 14:06,-11.983,0.25,0.872,0.176,0.067,0.021,-11.983,0.25,0.872,0.176,0.067,0.021,faulted_bearing,45
2/13/2025 14:06,-11.983,0.138,0.782,0.098,0.08,0.014,-11.983,0.138,0.782,0.098,0.08,0.014,faulted_bearing,45
2/13/2025 14:07,-11.983,0.255,0.928,0.181,0.078,0.02,-11.983,0.255,0.928,0.181,0.078,0.02,faulted_bearing,45
2/13/2025 14:07,-11.983,0.129,0.747,0.091,0.069,0.021,-11.983,0.129,0.747,0.091,0.069,0.021,faulted_bearing,45
2/13/2025 14:07,-11.983,0.273,0.773,0.193,0.077,0.013,-11.983,0.273,0.773,0.193,0.077,0.013,faulted_bearing,45
2/13/2025 14:07,-11.982,0.176,0.879,0.124,0.062,0.02,-11.982,0.176,0.879,0.124,0.062,0.02,faulted_bearing,45
2/13/2025 14:07,-11.983,0.119,0.711,0.084,0.075,0.02,-11.983,0.119,0.711,0.084,0.075,0.02,faulted_bearing,45
2/13/2025 14:07,-11.983,0.277,0.857,0.196,0.068,0.014,-11.983,0.277,0.857,0.196,0.068,0.014,faulted_bearing,45
2/13/2025 14:07,-11.983,0.262,0.763,0.186,0.075,0.015,-11.983,0.262,0.763,0.186,0.075,0.015,faulted_bearing,45
2/13/2025 14:07,-11.983,0.124,0.863,0.088,0.079,0.022,-11.983,0.124,0.863,0.088,0.079,0.022,faulted_bearing,45
2/13/2025 14:07,-11.982,0.128,0.768,0.09,0.065,0.016,-11.982,0.128,0.768,0.09,0.065,0.016,faulted_bearing,45
2/13/2025 14:07,-11.982,0.26,0.877,0.184,0.068,0.014,-11.982,0.26,0.877,0.184,0.068,0.014,faulted_bearing,45
2/13/2025 14:07,-11.982,0.26,0.866,0.184,0.078,0.021,-11.982,0.26,0.866,0.184,0.078,0.021,faulted_bearing,45
2/13/2025 14:07,-11.983,0.156,0.733,0.111,0.067,0.013,-11.983,0.156,0.733,0.111,0.067,0.013,faulted_bearing,45
2/13/2025 14:08,-11.982,0.14,0.874,0.099,0.077,0.02,-11.982,0.14,0.874,0.099,0.077,0.02,faulted_bearing,45
2/13/2025 14:08,-11.982,0.286,0.731,0.202,0.065,0.014,-11.982,0.286,0.731,0.202,0.065,0.014,faulted_bearing,45
2/13/2025 14:08,-11.982,0.135,0.867,0.096,0.068,0.015,-11.982,0.135,0.867,0.096,0.068,0.015,faulted_bearing,45
2/13/2025 14:08,-11.982,0.275,0.878,0.195,0.077,0.021,-11.982,0.275,0.878,0.195,0.077,0.021,faulted_bearing,45
2/13/2025 14:08,-11.982,0.275,0.72,0.194,0.066,0.014,-11.982,0.275,0.72,0.194,0.066,0.014,faulted_bearing,45
2/13/2025 14:08,-11.982,0.145,0.864,0.103,0.078,0.021,-11.982,0.145,0.864,0.103,0.078,0.021,faulted_bearing,45
2/13/2025 14:08,-11.982,0.129,0.75,0.091,0.074,0.014,-11.982,0.129,0.75,0.091,0.074,0.014,faulted_bearing,45
2/13/2025 14:08,-11.982,0.253,0.727,0.179,0.068,0.02,-11.982,0.253,0.727,0.179,0.068,0.02,faulted_bearing,45
2/13/2025 14:08,-11.983,0.264,0.895,0.186,0.079,0.014,-11.983,0.264,0.895,0.186,0.079,0.014,faulted_bearing,45
2/13/2025 14:08,-11.983,0.149,0.781,0.105,0.066,0.021,-11.983,0.149,0.781,0.105,0.066,0.021,faulted_bearing,45
2/13/2025 14:09,-11.982,0.264,0.874,0.187,0.075,0.015,-11.982,0.264,0.874,0.187,0.075,0.015,faulted_bearing,45
2/13/2025 14:09,-11.983,0.139,0.763,0.098,0.074,0.022,-11.983,0.139,0.763,0.098,0.074,0.022,faulted_bearing,45
2/13/2025 14:09,-11.983,0.141,0.892,0.1,0.066,0.015,-11.983,0.141,0.892,0.1,0.066,0.015,faulted_bearing,45
2/13/2025 14:09,-11.983,0.268,0.714,0.189,0.077,0.02,-11.983,0.268,0.714,0.189,0.077,0.02,faulted_bearing,45
2/13/2025 14:09,-11.983,0.132,0.876,0.093,0.065,0.015,-11.983,0.132,0.876,0.093,0.065,0.015,faulted_bearing,45
2/13/2025 14:09,-11.983,0.254,0.862,0.18,0.078,0.014,-11.983,0.254,0.862,0.18,0.078,0.014,faulted_bearing,45
2/13/2025 14:09,-11.983,0.132,0.75,0.093,0.065,0.021,-11.983,0.132,0.75,0.093,0.065,0.021,faulted_bearing,45
2/13/2025 14:09,-11.983,0.261,0.73,0.184,0.077,0.021,-11.983,0.261,0.73,0.184,0.077,0.021,faulted_bearing,45
2/13/2025 14:09,-11.983,0.142,0.857,0.1,0.067,0.014,-11.983,0.142,0.857,0.1,0.067,0.014,faulted_bearing,45
2/13/2025 14:09,-11.983,0.275,0.876,0.194,0.076,0.021,-11.983,0.275,0.876,0.194,0.076,0.021,faulted_bearing,45
2/13/2025 14:09,-11.983,0.266,0.879,0.188,0.066,0.015,-11.983,0.266,0.879,0.188,0.066,0.015,faulted_bearing,45
2/13/2025 14:09,-11.983,0.143,0.754,0.101,0.066,0.022,-11.983,0.143,0.754,0.101,0.066,0.022,faulted_bearing,45
2/13/2025 14:10,-11.983,0.122,0.842,0.086,0.077,0.013,-11.983,0.122,0.842,0.086,0.077,0.013,faulted_bearing,45
2/13/2025 14:10,-11.983,0.252,0.722,0.179,0.064,0.021,-11.983,0.252,0.722,0.179,0.064,0.021,faulted_bearing,45
2/13/2025 14:10,-11.983,0.127,0.763,0.089,0.081,0.013,-11.983,0.127,0.763,0.089,0.081,0.013,faulted_bearing,45
2/13/2025 14:10,-11.983,0.27,0.835,0.191,0.064,0.02,-11.983,0.27,0.835,0.191,0.064,0.02,faulted_bearing,45
2/13/2025 14:10,-11.983,0.135,0.737,0.096,0.077,0.013,-11.983,0.135,0.737,0.096,0.077,0.013,faulted_bearing,45
2/13/2025 14:10,-11.983,0.259,0.909,0.183,0.08,0.021,-11.983,0.259,0.909,0.183,0.08,0.021,faulted_bearing,45
2/13/2025 14:10,-11.983,0.145,0.724,0.103,0.077,0.013,-11.983,0.145,0.724,0.103,0.077,0.013,faulted_bearing,45
2/13/2025 14:10,-11.983,0.266,0.865,0.188,0.063,0.02,-11.983,0.266,0.865,0.188,0.063,0.02,faulted_bearing,45
2/13/2025 14:10,-11.983,0.265,0.907,0.188,0.077,0.014,-11.983,0.265,0.907,0.188,0.077,0.014,faulted_bearing,45
2/13/2025 14:10,-11.983,0.152,0.758,0.108,0.066,0.021,-11.983,0.152,0.758,0.108,0.066,0.021,faulted_bearing,45
2/13/2025 14:10,-11.983,0.121,0.734,0.085,0.079,0.02,-11.983,0.121,0.734,0.085,0.079,0.02,faulted_bearing,45
2/13/2025 14:10,-11.983,0.263,0.731,0.186,0.066,0.015,-11.983,0.263,0.731,0.186,0.066,0.015,faulted_bearing,45
2/13/2025 14:11,-11.983,0.257,0.891,0.182,0.074,0.013,-11.983,0.257,0.891,0.182,0.074,0.013,faulted_bearing,45
2/13/2025 14:11,-11.983,0.135,0.757,0.095,0.065,0.02,-11.983,0.135,0.757,0.095,0.065,0.02,faulted_bearing,45
2/13/2025 14:11,-11.983,0.253,0.765,0.179,0.075,0.02,-11.983,0.253,0.765,0.179,0.075,0.02,faulted_bearing,45
2/13/2025 14:11,-11.983,0.276,0.914,0.195,0.065,0.013,-11.983,0.276,0.914,0.195,0.065,0.013,faulted_bearing,45
2/13/2025 14:11,-11.983,0.124,0.737,0.087,0.076,0.02,-11.983,0.124,0.737,0.087,0.076,0.02,faulted_bearing,45
2/13/2025 14:11,-11.983,0.252,0.852,0.178,0.068,0.021,-11.983,0.252,0.852,0.178,0.068,0.021,faulted_bearing,45
2/13/2025 14:11,-11.983,0.262,0.725,0.185,0.079,0.013,-11.983,0.262,0.725,0.185,0.079,0.013,faulted_bearing,45
2/13/2025 14:11,-11.983,0.151,0.852,0.107,0.066,0.02,-11.983,0.151,0.852,0.107,0.066,0.02,faulted_bearing,45
2/13/2025 14:11,-11.983,0.124,0.873,0.088,0.075,0.02,-11.983,0.124,0.873,0.088,0.075,0.02,faulted_bearing,45
2/13/2025 14:11,-11.983,0.266,0.719,0.188,0.065,0.013,-11.983,0.266,0.719,0.188,0.065,0.013,faulted_bearing,45
2/13/2025 14:11,-11.983,0.255,0.877,0.181,0.068,0.02,-11.983,0.255,0.877,0.181,0.068,0.02,faulted_bearing,45
2/13/2025 14:12,-11.983,0.144,0.758,0.102,0.077,0.02,-11.983,0.144,0.758,0.102,0.077,0.02,faulted_bearing,45
2/13/2025 14:12,-11.983,0.266,0.724,0.188,0.078,0.014,-11.983,0.266,0.724,0.188,0.078,0.014,faulted_bearing,45
2/13/2025 14:12,-11.983,0.265,0.875,0.187,0.065,0.021,-11.983,0.265,0.875,0.187,0.065,0.021,faulted_bearing,45
2/13/2025 14:12,-11.983,0.125,0.864,0.088,0.078,0.02,-11.983,0.125,0.864,0.088,0.078,0.02,faulted_bearing,45
2/13/2025 14:12,-11.983,0.258,0.742,0.182,0.075,0.013,-11.983,0.258,0.742,0.182,0.075,0.013,faulted_bearing,45
2/13/2025 14:12,-11.983,0.26,0.867,0.184,0.077,0.014,-11.983,0.26,0.867,0.184,0.077,0.014,faulted_bearing,45
2/13/2025 14:12,-11.983,0.153,0.742,0.108,0.063,0.021,-11.983,0.153,0.742,0.108,0.063,0.021,faulted_bearing,45
2/13/2025 14:12,-11.983,0.161,0.906,0.113,0.069,0.015,-11.983,0.161,0.906,0.113,0.069,0.015,faulted_bearing,45
2/13/2025 14:12,-11.983,0.256,0.847,0.181,0.076,0.014,-11.983,0.256,0.847,0.181,0.076,0.014,faulted_bearing,45
2/13/2025 14:12,-11.983,0.13,0.76,0.092,0.076,0.02,-11.983,0.13,0.76,0.092,0.076,0.02,faulted_bearing,45
2/13/2025 14:12,-11.982,0.256,0.923,0.181,0.07,0.02,-11.982,0.256,0.923,0.181,0.07,0.02,faulted_bearing,45
2/13/2025 14:12,-11.983,0.25,0.753,0.177,0.067,0.013,-11.983,0.25,0.753,0.177,0.067,0.013,faulted_bearing,45
2/13/2025 14:12,-11.982,0.136,0.747,0.096,0.077,0.02,-11.982,0.136,0.747,0.096,0.077,0.02,faulted_bearing,45
2/13/2025 14:13,-11.982,0.145,0.86,0.102,0.066,0.014,-11.982,0.145,0.86,0.102,0.066,0.014,faulted_bearing,45
2/13/2025 14:13,-11.982,0.255,0.876,0.18,0.074,0.015,-11.982,0.255,0.876,0.18,0.074,0.015,faulted_bearing,45
2/13/2025 14:13,-11.982,0.244,0.754,0.173,0.067,0.02,-11.982,0.244,0.754,0.173,0.067,0.02,faulted_bearing,45
2/13/2025 14:13,-11.982,0.148,0.736,0.105,0.076,0.019,-11.982,0.148,0.736,0.105,0.076,0.019,faulted_bearing,45
2/13/2025 14:13,-11.982,0.267,0.904,0.189,0.078,0.014,-11.982,0.267,0.904,0.189,0.078,0.014,faulted_bearing,45
2/13/2025 14:13,-11.983,0.132,0.838,0.094,0.066,0.021,-11.983,0.132,0.838,0.094,0.066,0.021,faulted_bearing,45
2/13/2025 14:13,-11.982,0.267,0.754,0.189,0.076,0.013,-11.982,0.267,0.754,0.189,0.076,0.013,faulted_bearing,45
2/13/2025 14:13,-11.982,0.125,0.854,0.089,0.068,0.021,-11.982,0.125,0.854,0.089,0.068,0.021,faulted_bearing,45
2/13/2025 14:13,-11.982,0.258,0.74,0.182,0.066,0.013,-11.982,0.258,0.74,0.182,0.066,0.013,faulted_bearing,45
2/13/2025 14:13,-11.982,0.262,0.878,0.185,0.079,0.02,-11.982,0.262,0.878,0.185,0.079,0.02,faulted_bearing,45
2/13/2025 14:13,-11.982,0.151,0.863,0.107,0.064,0.021,-11.982,0.151,0.863,0.107,0.064,0.021,faulted_bearing,45
2/13/2025 14:13,-11.983,0.137,0.76,0.097,0.067,0.015,-11.983,0.137,0.76,0.097,0.067,0.015,faulted_bearing,45
2/13/2025 14:13,-11.982,0.281,0.857,0.199,0.08,0.014,-11.982,0.281,0.857,0.199,0.08,0.014,faulted_bearing,45
2/13/2025 14:14,-11.983,0.13,0.751,0.092,0.076,0.022,-11.983,0.13,0.751,0.092,0.076,0.022,faulted_bearing,45
2/13/2025 14:14,-11.983,0.267,0.756,0.189,0.068,0.013,-11.983,0.267,0.756,0.189,0.068,0.013,faulted_bearing,45
2/13/2025 14:14,-11.983,0.129,0.935,0.091,0.078,0.021,-11.983,0.129,0.935,0.091,0.078,0.021,faulted_bearing,45
2/13/2025 14:14,-11.983,0.136,0.892,0.096,0.076,0.014,-11.983,0.136,0.892,0.096,0.076,0.014,faulted_bearing,45
2/13/2025 14:14,-11.982,0.254,0.884,0.18,0.065,0.02,-11.982,0.254,0.884,0.18,0.065,0.02,faulted_bearing,45
2/13/2025 14:14,-11.982,0.142,0.746,0.1,0.075,0.014,-11.982,0.142,0.746,0.1,0.075,0.014,faulted_bearing,45
2/13/2025 14:14,-11.983,0.258,0.726,0.182,0.072,0.014,-11.983,0.258,0.726,0.182,0.072,0.014,faulted_bearing,45
2/13/2025 14:14,-11.983,0.261,0.842,0.184,0.067,0.02,-11.983,0.261,0.842,0.184,0.067,0.02,faulted_bearing,45
2/13/2025 14:14,-11.983,0.145,0.858,0.102,0.078,0.02,-11.983,0.145,0.858,0.102,0.078,0.02,faulted_bearing,45
2/13/2025 14:14,-11.983,0.278,0.719,0.196,0.066,0.014,-11.983,0.278,0.719,0.196,0.066,0.014,faulted_bearing,45
2/13/2025 14:14,-11.983,0.134,0.745,0.095,0.075,0.022,-11.983,0.134,0.745,0.095,0.075,0.022,faulted_bearing,45
2/13/2025 14:14,-11.983,0.245,0.856,0.173,0.076,0.014,-11.983,0.245,0.856,0.173,0.076,0.014,faulted_bearing,45
2/13/2025 14:14,-11.983,0.128,0.859,0.091,0.066,0.019,-11.983,0.128,0.859,0.091,0.066,0.019,faulted_bearing,45
2/13/2025 14:14,-11.983,0.249,0.749,0.176,0.076,0.013,-11.983,0.249,0.749,0.176,0.076,0.013,faulted_bearing,45
2/13/2025 14:15,-11.983,0.159,0.854,0.113,0.068,0.02,-11.983,0.159,0.854,0.113,0.068,0.02,faulted_bearing,45
2/13/2025 14:15,-11.983,0.257,0.875,0.182,0.075,0.021,-11.983,0.257,0.875,0.182,0.075,0.021,faulted_bearing,45
2/13/2025 14:15,-11.983,0.143,0.751,0.101,0.079,0.015,-11.983,0.143,0.751,0.101,0.079,0.015,faulted_bearing,45
2/13/2025 14:15,-11.983,0.261,0.866,0.185,0.065,0.014,-11.983,0.261,0.866,0.185,0.065,0.014,faulted_bearing,45
2/13/2025 14:15,-11.983,0.278,0.856,0.196,0.066,0.021,-11.983,0.278,0.856,0.196,0.066,0.021,faulted_bearing,45
2/13/2025 14:15,-11.983,0.143,0.757,0.101,0.077,0.021,-11.983,0.143,0.757,0.101,0.077,0.021,faulted_bearing,45
2/13/2025 14:15,-11.983,0.258,0.865,0.182,0.075,0.014,-11.983,0.258,0.865,0.182,0.075,0.014,faulted_bearing,45
2/13/2025 14:15,-11.983,0.123,0.746,0.087,0.066,0.021,-11.983,0.123,0.746,0.087,0.066,0.021,faulted_bearing,45
2/13/2025 14:15,-11.983,0.259,0.76,0.183,0.076,0.013,-11.983,0.259,0.76,0.183,0.076,0.013,faulted_bearing,45
2/13/2025 14:15,-11.983,0.267,0.906,0.189,0.075,0.02,-11.983,0.267,0.906,0.189,0.075,0.02,faulted_bearing,45
2/13/2025 14:15,-11.983,0.141,0.85,0.1,0.069,0.021,-11.983,0.141,0.85,0.1,0.069,0.021,faulted_bearing,45
2/13/2025 14:15,-11.983,0.254,0.736,0.18,0.066,0.014,-11.983,0.254,0.736,0.18,0.066,0.014,faulted_bearing,45
2/13/2025 14:15,-11.983,0.264,0.863,0.187,0.076,0.02,-11.983,0.264,0.863,0.187,0.076,0.02,faulted_bearing,45
2/13/2025 14:16,-11.983,0.135,0.883,0.095,0.067,0.013,-11.983,0.135,0.883,0.095,0.067,0.013,faulted_bearing,45
2/13/2025 14:16,-11.983,0.121,0.858,0.085,0.076,0.021,-11.983,0.121,0.858,0.085,0.076,0.021,faulted_bearing,45
2/13/2025 14:16,-11.983,0.259,0.751,0.183,0.065,0.013,-11.983,0.259,0.751,0.183,0.065,0.013,faulted_bearing,45
2/13/2025 14:16,-11.983,0.153,0.748,0.108,0.079,0.021,-11.983,0.153,0.748,0.108,0.079,0.021,faulted_bearing,45
2/13/2025 14:16,-11.983,0.275,0.858,0.195,0.067,0.015,-11.983,0.275,0.858,0.195,0.067,0.015,faulted_bearing,45
2/13/2025 14:16,-11.983,0.249,0.718,0.176,0.077,0.021,-11.983,0.249,0.718,0.176,0.077,0.021,faulted_bearing,45
2/13/2025 14:16,-11.983,0.257,0.884,0.182,0.067,0.014,-11.983,0.257,0.884,0.182,0.067,0.014,faulted_bearing,45
2/13/2025 14:16,-11.983,0.121,0.759,0.086,0.077,0.013,-11.983,0.121,0.759,0.086,0.077,0.013,faulted_bearing,45
2/13/2025 14:16,-11.983,0.276,0.875,0.195,0.068,0.02,-11.983,0.276,0.875,0.195,0.068,0.02,faulted_bearing,45
2/13/2025 14:16,-11.982,0.125,0.844,0.088,0.076,0.021,-11.982,0.125,0.844,0.088,0.076,0.021,faulted_bearing,45
2/13/2025 14:16,-11.983,0.134,0.756,0.095,0.076,0.013,-11.983,0.134,0.756,0.095,0.076,0.013,faulted_bearing,45
2/13/2025 14:16,-11.982,0.242,0.752,0.171,0.069,0.014,-11.982,0.242,0.752,0.171,0.069,0.014,faulted_bearing,45
2/13/2025 14:17,-11.982,0.259,0.882,0.183,0.065,0.019,-11.982,0.259,0.882,0.183,0.065,0.019,faulted_bearing,45
2/13/2025 14:17,-11.982,0.156,0.774,0.11,0.076,0.02,-11.982,0.156,0.774,0.11,0.076,0.02,faulted_bearing,45
2/13/2025 14:17,-11.982,0.174,0.867,0.123,0.066,0.015,-11.982,0.174,0.867,0.123,0.066,0.015,faulted_bearing,45
2/13/2025 14:17,-11.982,0.259,0.843,0.183,0.076,0.014,-11.982,0.259,0.843,0.183,0.076,0.014,faulted_bearing,45
2/13/2025 14:17,-11.983,0.246,0.764,0.174,0.08,0.02,-11.983,0.246,0.764,0.174,0.08,0.02,faulted_bearing,45
2/13/2025 14:17,-11.983,0.13,0.752,0.092,0.064,0.019,-11.983,0.13,0.752,0.092,0.064,0.019,faulted_bearing,45
2/13/2025 14:17,-11.983,0.256,0.854,0.181,0.076,0.013,-11.983,0.256,0.854,0.181,0.076,0.013,faulted_bearing,45
2/13/2025 14:17,-11.983,0.131,0.88,0.093,0.068,0.021,-11.983,0.131,0.88,0.093,0.068,0.021,faulted_bearing,45
2/13/2025 14:17,-11.983,0.148,0.737,0.105,0.077,0.014,-11.983,0.148,0.737,0.105,0.077,0.014,faulted_bearing,45
2/13/2025 14:17,-11.983,0.273,0.871,0.193,0.068,0.014,-11.983,0.273,0.871,0.193,0.068,0.014,faulted_bearing,45
2/13/2025 14:17,-11.983,0.141,0.756,0.099,0.077,0.021,-11.983,0.141,0.756,0.099,0.077,0.021,faulted_bearing,45
2/13/2025 14:17,-11.983,0.262,0.758,0.185,0.066,0.02,-11.983,0.262,0.758,0.185,0.066,0.02,faulted_bearing,45
2/13/2025 14:17,-11.983,0.27,0.89,0.191,0.078,0.013,-11.983,0.27,0.89,0.191,0.078,0.013,faulted_bearing,45
2/13/2025 14:18,-11.983,0.135,0.854,0.095,0.062,0.014,-11.983,0.135,0.854,0.095,0.062,0.014,faulted_bearing,45
2/13/2025 14:18,-11.983,0.252,0.737,0.178,0.068,0.021,-11.983,0.252,0.737,0.178,0.068,0.021,faulted_bearing,45
2/13/2025 14:18,-11.983,0.145,0.895,0.103,0.075,0.02,-11.983,0.145,0.895,0.103,0.075,0.02,faulted_bearing,45
2/13/2025 14:18,-11.983,0.144,0.718,0.102,0.078,0.014,-11.983,0.144,0.718,0.102,0.078,0.014,faulted_bearing,45
2/13/2025 14:18,-11.983,0.26,0.739,0.184,0.065,0.02,-11.983,0.26,0.739,0.184,0.065,0.02,faulted_bearing,45
2/13/2025 14:18,-11.983,0.139,0.763,0.098,0.066,0.014,-11.983,0.139,0.763,0.098,0.066,0.014,faulted_bearing,45
2/13/2025 14:18,-11.983,0.265,0.873,0.187,0.075,0.014,-11.983,0.265,0.873,0.187,0.075,0.014,faulted_bearing,45
2/13/2025 14:18,-11.983,0.165,0.717,0.117,0.067,0.02,-11.983,0.165,0.717,0.117,0.067,0.02,faulted_bearing,45
2/13/2025 14:18,-11.983,0.125,0.85,0.089,0.073,0.021,-11.983,0.125,0.85,0.089,0.073,0.021,faulted_bearing,45
2/13/2025 14:18,-11.983,0.274,0.762,0.194,0.068,0.015,-11.983,0.274,0.762,0.194,0.068,0.015,faulted_bearing,45
2/13/2025 14:18,-11.983,0.269,0.862,0.19,0.076,0.013,-11.983,0.269,0.862,0.19,0.076,0.013,faulted_bearing,45
2/13/2025 14:18,-11.983,0.149,0.771,0.106,0.079,0.021,-11.983,0.149,0.771,0.106,0.079,0.021,faulted_bearing,45
2/13/2025 14:18,-11.983,0.136,0.914,0.096,0.065,0.021,-11.983,0.136,0.914,0.096,0.065,0.021,faulted_bearing,45
2/13/2025 14:19,-11.983,0.251,0.703,0.177,0.077,0.015,-11.983,0.251,0.703,0.177,0.077,0.015,faulted_bearing,45
2/13/2025 14:19,-11.983,0.129,0.88,0.091,0.066,0.014,-11.983,0.129,0.88,0.091,0.066,0.014,faulted_bearing,45
2/13/2025 14:19,-11.983,0.259,0.722,0.183,0.065,0.02,-11.983,0.259,0.722,0.183,0.065,0.02,faulted_bearing,45
2/13/2025 14:19,-11.983,0.13,0.846,0.092,0.077,0.013,-11.983,0.13,0.846,0.092,0.077,0.013,faulted_bearing,45
2/13/2025 14:19,-11.983,0.266,0.719,0.188,0.075,0.02,-11.983,0.266,0.719,0.188,0.075,0.02,faulted_bearing,45
2/13/2025 14:19,-11.983,0.149,0.885,0.106,0.067,0.021,-11.983,0.149,0.885,0.106,0.067,0.021,faulted_bearing,45
2/13/2025 14:19,-11.983,0.261,0.733,0.185,0.068,0.014,-11.983,0.261,0.733,0.185,0.068,0.014,faulted_bearing,45
2/13/2025 14:19,-11.983,0.156,0.889,0.11,0.077,0.015,-11.983,0.156,0.889,0.11,0.077,0.015,faulted_bearing,45
2/13/2025 14:19,-11.983,0.26,0.848,0.184,0.073,0.021,-11.983,0.26,0.848,0.184,0.073,0.021,faulted_bearing,45
2/13/2025 14:19,-11.983,0.121,0.75,0.086,0.066,0.02,-11.983,0.121,0.75,0.086,0.066,0.02,faulted_bearing,45
2/13/2025 14:19,-11.983,0.251,0.855,0.177,0.067,0.014,-11.983,0.251,0.855,0.177,0.067,0.014,faulted_bearing,45
2/13/2025 14:19,-11.983,0.266,0.726,0.188,0.076,0.02,-11.983,0.266,0.726,0.188,0.076,0.02,faulted_bearing,45
2/13/2025 14:20,-11.982,0.135,0.858,0.095,0.065,0.013,-11.982,0.135,0.858,0.095,0.065,0.013,faulted_bearing,45
2/13/2025 14:20,-11.983,0.139,0.731,0.099,0.074,0.021,-11.983,0.139,0.731,0.099,0.074,0.021,faulted_bearing,45
2/13/2025 14:20,-11.983,0.248,0.865,0.175,0.076,0.013,-11.983,0.248,0.865,0.175,0.076,0.013,faulted_bearing,45
2/13/2025 14:20,-11.983,0.139,0.904,0.098,0.067,0.02,-11.983,0.139,0.904,0.098,0.067,0.02,faulted_bearing,45
2/13/2025 14:20,-11.983,0.266,0.748,0.188,0.079,0.014,-11.983,0.266,0.748,0.188,0.079,0.014,faulted_bearing,45
2/13/2025 14:20,-11.983,0.258,0.85,0.182,0.065,0.014,-11.983,0.258,0.85,0.182,0.065,0.014,faulted_bearing,45
2/13/2025 14:20,-11.983,0.152,0.74,0.108,0.076,0.02,-11.983,0.152,0.74,0.108,0.076,0.02,faulted_bearing,45
2/13/2025 14:20,-11.983,0.129,0.906,0.091,0.065,0.02,-11.983,0.129,0.906,0.091,0.065,0.02,faulted_bearing,45
2/13/2025 14:20,-11.983,0.261,0.856,0.184,0.077,0.015,-11.983,0.261,0.856,0.184,0.077,0.015,faulted_bearing,45
2/13/2025 14:20,-11.983,0.249,0.742,0.176,0.067,0.013,-11.983,0.249,0.742,0.176,0.067,0.013,faulted_bearing,45
2/13/2025 14:20,-11.983,0.123,0.866,0.087,0.076,0.021,-11.983,0.123,0.866,0.087,0.076,0.021,faulted_bearing,45
2/13/2025 14:20,-11.983,0.133,0.715,0.094,0.065,0.02,-11.983,0.133,0.715,0.094,0.065,0.02,faulted_bearing,45
2/13/2025 14:20,-11.983,0.259,0.881,0.183,0.076,0.014,-11.983,0.259,0.881,0.183,0.076,0.014,faulted_bearing,45
2/13/2025 14:20,-11.983,0.258,0.734,0.183,0.066,0.013,-11.983,0.258,0.734,0.183,0.066,0.013,faulted_bearing,45
2/13/2025 14:21,-11.983,0.258,0.839,0.182,0.078,0.021,-11.983,0.258,0.839,0.182,0.078,0.021,faulted_bearing,45
2/13/2025 14:21,-11.983,0.133,0.774,0.094,0.067,0.02,-11.983,0.133,0.774,0.094,0.067,0.02,faulted_bearing,45
2/13/2025 14:21,-11.983,0.253,0.765,0.179,0.064,0.02,-11.983,0.253,0.765,0.179,0.064,0.02,faulted_bearing,45
2/13/2025 14:21,-11.983,0.131,0.872,0.093,0.067,0.013,-11.983,0.131,0.872,0.093,0.067,0.013,faulted_bearing,45
2/13/2025 14:21,-11.983,0.266,0.763,0.188,0.077,0.019,-11.983,0.266,0.763,0.188,0.077,0.019,faulted_bearing,45
2/13/2025 14:21,-11.983,0.255,0.871,0.18,0.07,0.014,-11.983,0.255,0.871,0.18,0.07,0.014,faulted_bearing,45
2/13/2025 14:21,-11.983,0.132,0.857,0.093,0.077,0.021,-11.983,0.132,0.857,0.093,0.077,0.021,faulted_bearing,45
2/13/2025 14:21,-11.983,0.254,0.754,0.18,0.077,0.014,-11.983,0.254,0.754,0.18,0.077,0.014,faulted_bearing,45
2/13/2025 14:21,-11.983,0.139,0.883,0.098,0.066,0.02,-11.983,0.139,0.883,0.098,0.066,0.02,faulted_bearing,45
2/13/2025 14:21,-11.983,0.266,0.767,0.188,0.077,0.02,-11.983,0.266,0.767,0.188,0.077,0.02,faulted_bearing,45
2/13/2025 14:21,-11.983,0.252,0.864,0.178,0.077,0.013,-11.983,0.252,0.864,0.178,0.077,0.013,faulted_bearing,45
2/13/2025 14:21,-11.983,0.155,0.854,0.11,0.068,0.013,-11.983,0.155,0.854,0.11,0.068,0.013,faulted_bearing,45
2/13/2025 14:21,-11.983,0.256,0.777,0.181,0.074,0.021,-11.983,0.256,0.777,0.181,0.074,0.021,faulted_bearing,45
2/13/2025 14:22,-11.983,0.263,0.867,0.186,0.077,0.02,-11.983,0.263,0.867,0.186,0.077,0.02,faulted_bearing,45
2/13/2025 14:22,-11.983,0.139,0.76,0.099,0.068,0.015,-11.983,0.139,0.76,0.099,0.068,0.015,faulted_bearing,45
2/13/2025 14:22,-11.983,0.134,0.865,0.095,0.066,0.02,-11.983,0.134,0.865,0.095,0.066,0.02,faulted_bearing,45
2/13/2025 14:22,-11.983,0.255,0.748,0.18,0.075,0.021,-11.983,0.255,0.748,0.18,0.075,0.021,faulted_bearing,45
2/13/2025 14:22,-11.983,0.154,0.745,0.109,0.075,0.013,-11.983,0.154,0.745,0.109,0.075,0.013,faulted_bearing,45
2/13/2025 14:22,-11.983,0.267,0.9,0.189,0.067,0.02,-11.983,0.267,0.9,0.189,0.067,0.02,faulted_bearing,45
2/13/2025 14:22,-11.983,0.26,0.759,0.184,0.075,0.014,-11.983,0.26,0.759,0.184,0.075,0.014,faulted_bearing,45
2/13/2025 14:22,-11.983,0.129,0.857,0.091,0.063,0.021,-11.983,0.129,0.857,0.091,0.063,0.021,faulted_bearing,45
2/13/2025 14:22,-11.983,0.256,0.779,0.181,0.076,0.014,-11.983,0.256,0.779,0.181,0.076,0.014,faulted_bearing,45
2/13/2025 14:22,-11.983,0.129,0.882,0.091,0.074,0.02,-11.983,0.129,0.882,0.091,0.074,0.02,faulted_bearing,45
2/13/2025 14:22,-11.982,0.259,0.728,0.183,0.066,0.021,-11.982,0.259,0.728,0.183,0.066,0.021,faulted_bearing,45
2/13/2025 14:22,-11.982,0.272,0.875,0.192,0.079,0.013,-11.982,0.272,0.875,0.192,0.079,0.013,faulted_bearing,45
2/13/2025 14:22,-11.982,0.125,0.739,0.089,0.065,0.02,-11.982,0.125,0.739,0.089,0.065,0.02,faulted_bearing,45
2/13/2025 14:23,-11.982,0.249,0.885,0.176,0.077,0.02,-11.982,0.249,0.885,0.176,0.077,0.02,faulted_bearing,45
2/13/2025 14:23,-11.982,0.144,0.747,0.102,0.077,0.013,-11.982,0.144,0.747,0.102,0.077,0.013,faulted_bearing,45
2/13/2025 14:23,-11.982,0.257,0.89,0.182,0.065,0.014,-11.982,0.257,0.89,0.182,0.065,0.014,faulted_bearing,45
2/13/2025 14:23,-11.982,0.144,0.764,0.102,0.078,0.02,-11.982,0.144,0.764,0.102,0.078,0.02,faulted_bearing,45
2/13/2025 14:23,-11.982,0.148,0.87,0.105,0.066,0.021,-11.982,0.148,0.87,0.105,0.066,0.021,faulted_bearing,45
2/13/2025 14:23,-11.982,0.259,0.683,0.183,0.074,0.014,-11.982,0.259,0.683,0.183,0.074,0.014,faulted_bearing,45
2/13/2025 14:23,-11.982,0.268,0.858,0.189,0.079,0.02,-11.982,0.268,0.858,0.189,0.079,0.02,faulted_bearing,45
2/13/2025 14:23,-11.982,0.26,0.886,0.184,0.066,0.014,-11.982,0.26,0.886,0.184,0.066,0.014,faulted_bearing,45
2/13/2025 14:23,-11.982,0.135,0.894,0.095,0.064,0.021,-11.982,0.135,0.894,0.095,0.064,0.021,faulted_bearing,45
2/13/2025 14:23,-11.982,0.116,0.772,0.082,0.077,0.013,-11.982,0.116,0.772,0.082,0.077,0.013,faulted_bearing,45
2/13/2025 14:23,-11.982,0.264,0.739,0.186,0.063,0.02,-11.982,0.264,0.739,0.186,0.063,0.02,faulted_bearing,45
2/13/2025 14:24,-11.982,0.259,0.851,0.183,0.075,0.012,-11.982,0.259,0.851,0.183,0.075,0.012,faulted_bearing,45
2/13/2025 14:24,-11.982,0.127,0.917,0.09,0.074,0.02,-11.982,0.127,0.917,0.09,0.074,0.02,faulted_bearing,45
2/13/2025 14:24,-11.982,0.258,0.729,0.183,0.065,0.02,-11.982,0.258,0.729,0.183,0.065,0.02,faulted_bearing,45
2/13/2025 14:24,-11.982,0.268,0.771,0.189,0.068,0.014,-11.982,0.268,0.771,0.189,0.068,0.014,faulted_bearing,45
2/13/2025 14:24,-11.982,0.135,0.769,0.096,0.078,0.02,-11.982,0.135,0.769,0.096,0.078,0.02,faulted_bearing,45
2/13/2025 14:24,-11.982,0.278,0.88,0.196,0.064,0.022,-11.982,0.278,0.88,0.196,0.064,0.022,faulted_bearing,45
2/13/2025 14:24,-11.983,0.153,0.756,0.108,0.065,0.014,-11.983,0.153,0.756,0.108,0.065,0.014,faulted_bearing,45
2/13/2025 14:24,-11.983,0.283,0.858,0.2,0.074,0.021,-11.983,0.283,0.858,0.2,0.074,0.021,faulted_bearing,45
2/13/2025 14:24,-11.983,0.132,0.873,0.093,0.066,0.014,-11.983,0.132,0.873,0.093,0.066,0.014,faulted_bearing,45
2/13/2025 14:24,-11.983,0.137,0.767,0.097,0.076,0.021,-11.983,0.137,0.767,0.097,0.076,0.021,faulted_bearing,45
2/13/2025 14:24,-11.983,0.271,0.925,0.192,0.069,0.014,-11.983,0.271,0.925,0.192,0.069,0.014,faulted_bearing,45
2/13/2025 14:24,-11.983,0.13,0.742,0.092,0.067,0.021,-11.983,0.13,0.742,0.092,0.067,0.021,faulted_bearing,45
2/13/2025 14:24,-11.983,0.28,0.76,0.198,0.073,0.015,-11.983,0.28,0.76,0.198,0.073,0.015,faulted_bearing,45
2/13/2025 14:25,-11.983,0.153,0.867,0.108,0.074,0.013,-11.983,0.153,0.867,0.108,0.074,0.013,faulted_bearing,45
2/13/2025 14:25,-11.983,0.248,0.732,0.175,0.067,0.022,-11.983,0.248,0.732,0.175,0.067,0.022,faulted_bearing,45
2/13/2025 14:25,-11.983,0.137,0.862,0.097,0.078,0.015,-11.983,0.137,0.862,0.097,0.078,0.015,faulted_bearing,45
2/13/2025 14:25,-11.983,0.25,0.768,0.177,0.067,0.02,-11.983,0.25,0.768,0.177,0.067,0.02,faulted_bearing,45
2/13/2025 14:25,-11.983,0.151,0.913,0.106,0.074,0.013,-11.983,0.151,0.913,0.106,0.074,0.013,faulted_bearing,45
2/13/2025 14:25,-11.983,0.264,0.749,0.187,0.068,0.02,-11.983,0.264,0.749,0.187,0.068,0.02,faulted_bearing,45
2/13/2025 14:25,-11.983,0.123,0.909,0.087,0.066,0.014,-11.983,0.123,0.909,0.087,0.066,0.014,faulted_bearing,45
2/13/2025 14:25,-11.983,0.271,0.736,0.192,0.08,0.02,-11.983,0.271,0.736,0.192,0.08,0.02,faulted_bearing,45
2/13/2025 14:25,-11.983,0.141,0.857,0.099,0.066,0.013,-11.983,0.141,0.857,0.099,0.066,0.013,faulted_bearing,45
2/13/2025 14:25,-11.983,0.265,0.738,0.188,0.074,0.021,-11.983,0.265,0.738,0.188,0.074,0.021,faulted_bearing,45
2/13/2025 14:25,-11.983,0.167,0.933,0.118,0.081,0.02,-11.983,0.167,0.933,0.118,0.081,0.02,faulted_bearing,45
2/13/2025 14:25,-11.983,0.133,0.766,0.094,0.065,0.014,-11.983,0.133,0.766,0.094,0.065,0.014,faulted_bearing,45
2/13/2025 14:25,-11.983,0.276,0.91,0.195,0.077,0.021,-11.983,0.276,0.91,0.195,0.077,0.021,faulted_bearing,45
2/13/2025 14:25,-11.983,0.26,0.77,0.184,0.065,0.015,-11.983,0.26,0.77,0.184,0.065,0.015,faulted_bearing,45
2/13/2025 14:26,-11.983,0.147,0.904,0.104,0.078,0.013,-11.983,0.147,0.904,0.104,0.078,0.013,faulted_bearing,45
2/13/2025 14:26,-11.983,0.278,0.737,0.196,0.076,0.021,-11.983,0.278,0.737,0.196,0.076,0.021,faulted_bearing,45
2/13/2025 14:26,-11.983,0.129,0.76,0.091,0.066,0.014,-11.983,0.129,0.76,0.091,0.066,0.014,faulted_bearing,45
2/13/2025 14:26,-11.983,0.128,0.871,0.091,0.066,0.021,-11.983,0.128,0.871,0.091,0.066,0.021,faulted_bearing,45
2/13/2025 14:26,-11.983,0.27,0.741,0.191,0.078,0.014,-11.983,0.27,0.741,0.191,0.078,0.014,faulted_bearing,45
2/13/2025 14:26,-11.983,0.274,0.885,0.193,0.064,0.014,-11.983,0.274,0.885,0.193,0.064,0.014,faulted_bearing,45
2/13/2025 14:26,-11.983,0.125,0.744,0.088,0.065,0.021,-11.983,0.125,0.744,0.088,0.065,0.021,faulted_bearing,45
2/13/2025 14:26,-11.983,0.254,0.842,0.18,0.075,0.022,-11.983,0.254,0.842,0.18,0.075,0.022,faulted_bearing,45
2/13/2025 14:26,-11.982,0.131,0.756,0.093,0.076,0.013,-11.982,0.131,0.756,0.093,0.076,0.013,faulted_bearing,45
2/13/2025 14:26,-11.982,0.285,0.867,0.201,0.062,0.02,-11.982,0.285,0.867,0.201,0.062,0.02,faulted_bearing,45
2/13/2025 14:26,-11.982,0.266,0.912,0.188,0.078,0.013,-11.982,0.266,0.912,0.188,0.078,0.013,faulted_bearing,45
2/13/2025 14:27,-11.983,0.135,0.75,0.096,0.065,0.022,-11.983,0.135,0.75,0.096,0.065,0.022,faulted_bearing,45
2/13/2025 14:27,-11.983,0.256,0.761,0.181,0.073,0.02,-11.983,0.256,0.761,0.181,0.073,0.02,faulted_bearing,45
2/13/2025 14:27,-11.983,0.145,0.903,0.102,0.072,0.013,-11.983,0.145,0.903,0.102,0.072,0.013,faulted_bearing,45
2/13/2025 14:27,-11.983,0.162,0.856,0.115,0.066,0.02,-11.983,0.162,0.856,0.115,0.066,0.02,faulted_bearing,45
2/13/2025 14:27,-11.983,0.257,0.763,0.182,0.077,0.015,-11.983,0.257,0.763,0.182,0.077,0.015,faulted_bearing,45
2/13/2025 14:27,-11.983,0.127,0.866,0.09,0.065,0.015,-11.983,0.127,0.866,0.09,0.065,0.015,faulted_bearing,45
2/13/2025 14:27,-11.983,0.253,0.898,0.179,0.076,0.02,-11.983,0.253,0.898,0.179,0.076,0.02,faulted_bearing,45
2/13/2025 14:27,-11.983,0.259,0.729,0.183,0.075,0.013,-11.983,0.259,0.729,0.183,0.075,0.013,faulted_bearing,45
2/13/2025 14:27,-11.983,0.272,0.769,0.192,0.065,0.014,-11.983,0.272,0.769,0.192,0.065,0.014,faulted_bearing,45
2/13/2025 14:28,-11.982,0.139,0.852,0.099,0.079,0.021,-11.982,0.139,0.852,0.099,0.079,0.021,faulted_bearing,45
2/13/2025 14:28,-11.982,0.261,0.758,0.185,0.08,0.021,-11.982,0.261,0.758,0.185,0.08,0.021,faulted_bearing,45
2/13/2025 14:28,-11.982,0.125,0.899,0.089,0.066,0.014,-11.982,0.125,0.899,0.089,0.066,0.014,faulted_bearing,45
2/13/2025 14:28,-11.982,0.263,0.89,0.186,0.067,0.013,-11.982,0.263,0.89,0.186,0.067,0.013,faulted_bearing,45
2/13/2025 14:28,-11.982,0.262,0.722,0.185,0.075,0.02,-11.982,0.262,0.722,0.185,0.075,0.02,faulted_bearing,45
2/13/2025 14:28,-11.982,0.13,0.757,0.092,0.065,0.02,-11.982,0.13,0.757,0.092,0.065,0.02,faulted_bearing,45
2/13/2025 14:28,-11.982,0.14,0.868,0.099,0.078,0.013,-11.982,0.14,0.868,0.099,0.078,0.013,faulted_bearing,45
2/13/2025 14:28,-11.982,0.255,0.855,0.18,0.076,0.02,-11.982,0.255,0.855,0.18,0.076,0.02,faulted_bearing,45
2/13/2025 14:28,-11.982,0.137,0.749,0.097,0.066,0.014,-11.982,0.137,0.749,0.097,0.066,0.014,faulted_bearing,45
2/13/2025 14:28,-11.982,0.271,0.901,0.191,0.063,0.02,-11.982,0.271,0.901,0.191,0.063,0.02,faulted_bearing,45
2/13/2025 14:28,-11.982,0.156,0.878,0.11,0.065,0.014,-11.982,0.156,0.878,0.11,0.065,0.014,faulted_bearing,45
2/13/2025 14:28,-11.982,0.265,0.782,0.187,0.077,0.014,-11.982,0.265,0.782,0.187,0.077,0.014,faulted_bearing,45
2/13/2025 14:28,-11.982,0.153,0.751,0.108,0.074,0.021,-11.982,0.153,0.751,0.108,0.074,0.021,faulted_bearing,45
2/13/2025 14:28,-11.982,0.145,0.906,0.102,0.066,0.021,-11.982,0.145,0.906,0.102,0.066,0.021,faulted_bearing,45
2/13/2025 14:28,-11.982,0.148,0.864,0.105,0.076,0.015,-11.982,0.148,0.864,0.105,0.076,0.015,faulted_bearing,45
2/13/2025 14:29,-11.982,0.283,0.732,0.2,0.067,0.015,-11.982,0.283,0.732,0.2,0.067,0.015,faulted_bearing,45
2/13/2025 14:29,-11.982,0.271,0.844,0.191,0.069,0.015,-11.982,0.271,0.844,0.191,0.069,0.015,faulted_bearing,45
2/13/2025 14:29,-11.982,0.132,0.94,0.093,0.078,0.021,-11.982,0.132,0.94,0.093,0.078,0.021,faulted_bearing,45
2/13/2025 14:29,-11.983,0.139,0.734,0.098,0.065,0.014,-11.983,0.139,0.734,0.098,0.065,0.014,faulted_bearing,45
2/13/2025 14:29,-11.982,0.264,0.726,0.186,0.076,0.021,-11.982,0.264,0.726,0.186,0.076,0.021,faulted_bearing,45
2/13/2025 14:29,-11.983,0.13,0.835,0.092,0.075,0.014,-11.983,0.13,0.835,0.092,0.075,0.014,faulted_bearing,45
2/13/2025 14:29,-11.983,0.134,0.878,0.095,0.068,0.021,-11.983,0.134,0.878,0.095,0.068,0.021,faulted_bearing,45
2/13/2025 14:29,-11.983,0.26,0.738,0.184,0.082,0.013,-11.983,0.26,0.738,0.184,0.082,0.013,faulted_bearing,45
2/13/2025 14:29,-11.983,0.122,0.78,0.087,0.065,0.02,-11.983,0.122,0.78,0.087,0.065,0.02,faulted_bearing,45
2/13/2025 14:29,-11.983,0.28,0.883,0.198,0.077,0.014,-11.983,0.28,0.883,0.198,0.077,0.014,faulted_bearing,45
2/13/2025 14:29,-11.983,0.138,0.753,0.098,0.062,0.013,-11.983,0.138,0.753,0.098,0.062,0.013,faulted_bearing,45
2/13/2025 14:29,-11.983,0.138,0.852,0.097,0.075,0.021,-11.983,0.138,0.852,0.097,0.075,0.021,faulted_bearing,45
2/13/2025 14:29,-11.983,0.27,0.877,0.191,0.067,0.013,-11.983,0.27,0.877,0.191,0.067,0.013,faulted_bearing,45
2/13/2025 14:30,-11.983,0.267,0.747,0.188,0.076,0.014,-11.983,0.267,0.747,0.188,0.076,0.014,faulted_bearing,45
2/13/2025 14:30,-11.983,0.143,0.839,0.101,0.07,0.021,-11.983,0.143,0.839,0.101,0.07,0.021,faulted_bearing,45
2/13/2025 14:30,-11.983,0.125,0.739,0.089,0.066,0.021,-11.983,0.125,0.739,0.089,0.066,0.021,faulted_bearing,45
2/13/2025 14:30,-11.983,0.142,0.855,0.1,0.079,0.014,-11.983,0.142,0.855,0.1,0.079,0.014,faulted_bearing,45
2/13/2025 14:30,-11.983,0.262,0.762,0.185,0.074,0.02,-11.983,0.262,0.762,0.185,0.074,0.02,faulted_bearing,45
2/13/2025 14:30,-11.983,0.25,0.847,0.177,0.067,0.014,-11.983,0.25,0.847,0.177,0.067,0.014,faulted_bearing,45
2/13/2025 14:30,-11.983,0.134,0.729,0.095,0.08,0.021,-11.983,0.134,0.729,0.095,0.08,0.021,faulted_bearing,45
2/13/2025 14:30,-11.983,0.257,0.878,0.182,0.064,0.014,-11.983,0.257,0.878,0.182,0.064,0.014,faulted_bearing,45
2/13/2025 14:30,-11.983,0.145,0.76,0.103,0.065,0.019,-11.983,0.145,0.76,0.103,0.065,0.019,faulted_bearing,45
2/13/2025 14:30,-11.983,0.138,0.872,0.098,0.076,0.014,-11.983,0.138,0.872,0.098,0.076,0.014,faulted_bearing,45
2/13/2025 14:30,-11.983,0.261,0.731,0.184,0.066,0.014,-11.983,0.261,0.731,0.184,0.066,0.014,faulted_bearing,45
2/13/2025 14:30,-11.983,0.146,0.862,0.103,0.078,0.02,-11.983,0.146,0.862,0.103,0.078,0.02,faulted_bearing,45
2/13/2025 14:30,-11.983,0.264,0.791,0.187,0.065,0.014,-11.983,0.264,0.791,0.187,0.065,0.014,faulted_bearing,45
2/13/2025 14:31,-11.983,0.131,0.749,0.093,0.074,0.021,-11.983,0.131,0.749,0.093,0.074,0.021,faulted_bearing,45
2/13/2025 14:31,-11.983,0.255,0.912,0.18,0.067,0.014,-11.983,0.255,0.912,0.18,0.067,0.014,faulted_bearing,45
2/13/2025 14:31,-11.983,0.127,0.854,0.09,0.077,0.014,-11.983,0.127,0.854,0.09,0.077,0.014,faulted_bearing,45
2/13/2025 14:31,-11.983,0.161,0.751,0.114,0.077,0.021,-11.983,0.161,0.751,0.114,0.077,0.021,faulted_bearing,45
2/13/2025 14:31,-11.983,0.264,0.724,0.187,0.066,0.02,-11.983,0.264,0.724,0.187,0.066,0.02,faulted_bearing,45
2/13/2025 14:31,-11.983,0.146,0.864,0.104,0.076,0.014,-11.983,0.146,0.864,0.104,0.076,0.014,faulted_bearing,45
2/13/2025 14:31,-11.983,0.26,0.745,0.184,0.065,0.014,-11.983,0.26,0.745,0.184,0.065,0.014,faulted_bearing,45
2/13/2025 14:31,-11.983,0.117,0.876,0.082,0.07,0.021,-11.983,0.117,0.876,0.082,0.07,0.021,faulted_bearing,45
2/13/2025 14:31,-11.983,0.269,0.732,0.19,0.076,0.014,-11.983,0.269,0.732,0.19,0.076,0.014,faulted_bearing,45
2/13/2025 14:31,-11.983,0.262,0.862,0.185,0.066,0.021,-11.983,0.262,0.862,0.185,0.066,0.021,faulted_bearing,45
2/13/2025 14:31,-11.983,0.143,0.891,0.101,0.078,0.013,-11.983,0.143,0.891,0.101,0.078,0.013,faulted_bearing,45
2/13/2025 14:31,-11.983,0.128,0.756,0.09,0.065,0.021,-11.983,0.128,0.756,0.09,0.065,0.021,faulted_bearing,45
2/13/2025 14:31,-11.983,0.261,0.761,0.184,0.074,0.02,-11.983,0.261,0.761,0.184,0.074,0.02,faulted_bearing,45
2/13/2025 14:32,-11.983,0.137,0.876,0.097,0.075,0.014,-11.983,0.137,0.876,0.097,0.075,0.014,faulted_bearing,45
2/13/2025 14:32,-11.983,0.277,0.763,0.196,0.065,0.013,-11.983,0.277,0.763,0.196,0.065,0.013,faulted_bearing,45
2/13/2025 14:32,-11.983,0.138,0.849,0.097,0.065,0.021,-11.983,0.138,0.849,0.097,0.065,0.021,faulted_bearing,45
2/13/2025 14:32,-11.983,0.275,0.879,0.194,0.074,0.014,-11.983,0.275,0.879,0.194,0.074,0.014,faulted_bearing,45
2/13/2025 14:32,-11.983,0.265,0.758,0.188,0.079,0.021,-11.983,0.265,0.758,0.188,0.079,0.021,faulted_bearing,45
2/13/2025 14:32,-11.983,0.122,0.875,0.086,0.068,0.013,-11.983,0.122,0.875,0.086,0.068,0.013,faulted_bearing,45
2/13/2025 14:32,-11.983,0.143,0.745,0.101,0.077,0.021,-11.983,0.143,0.745,0.101,0.077,0.021,faulted_bearing,45
2/13/2025 14:32,-11.983,0.268,0.775,0.189,0.068,0.02,-11.983,0.268,0.775,0.189,0.068,0.02,faulted_bearing,45
2/13/2025 14:32,-11.983,0.148,0.735,0.105,0.076,0.013,-11.983,0.148,0.735,0.105,0.076,0.013,faulted_bearing,45
2/13/2025 14:32,-11.983,0.249,0.873,0.176,0.067,0.015,-11.983,0.249,0.873,0.176,0.067,0.015,faulted_bearing,45
2/13/2025 14:32,-11.983,0.263,0.827,0.186,0.077,0.021,-11.983,0.263,0.827,0.186,0.077,0.021,faulted_bearing,45
2/13/2025 14:33,-11.983,0.129,0.746,0.092,0.077,0.014,-11.983,0.129,0.746,0.092,0.077,0.014,faulted_bearing,45
2/13/2025 14:33,-11.983,0.274,0.899,0.194,0.069,0.02,-11.983,0.274,0.899,0.194,0.069,0.02,faulted_bearing,45
2/13/2025 14:33,-11.983,0.143,0.742,0.101,0.068,0.02,-11.983,0.143,0.742,0.101,0.068,0.02,faulted_bearing,45
2/13/2025 14:33,-11.983,0.261,0.773,0.184,0.077,0.013,-11.983,0.261,0.773,0.184,0.077,0.013,faulted_bearing,45
2/13/2025 14:33,-11.983,0.258,0.877,0.182,0.064,0.021,-11.983,0.258,0.877,0.182,0.064,0.021,faulted_bearing,45
2/13/2025 14:33,-11.983,0.133,0.739,0.094,0.079,0.014,-11.983,0.133,0.739,0.094,0.079,0.014,faulted_bearing,45
2/13/2025 14:33,-11.983,0.254,0.851,0.179,0.073,0.02,-11.983,0.254,0.851,0.179,0.073,0.02,faulted_bearing,45
2/13/2025 14:33,-11.983,0.253,0.765,0.179,0.066,0.014,-11.983,0.253,0.765,0.179,0.066,0.014,faulted_bearing,45
2/13/2025 14:33,-11.983,0.133,0.888,0.094,0.081,0.02,-11.983,0.133,0.888,0.094,0.081,0.02,faulted_bearing,45
2/13/2025 14:33,-11.983,0.124,0.711,0.088,0.067,0.021,-11.983,0.124,0.711,0.088,0.067,0.021,faulted_bearing,45
2/13/2025 14:33,-11.983,0.255,0.773,0.18,0.067,0.014,-11.983,0.255,0.773,0.18,0.067,0.014,faulted_bearing,45
2/13/2025 14:33,-11.983,0.261,0.918,0.185,0.077,0.02,-11.983,0.261,0.918,0.185,0.077,0.02,faulted_bearing,45
2/13/2025 14:34,-11.983,0.122,0.782,0.086,0.067,0.013,-11.983,0.122,0.782,0.086,0.067,0.013,faulted_bearing,45
2/13/2025 14:34,-11.983,0.14,0.763,0.099,0.074,0.013,-11.983,0.14,0.763,0.099,0.074,0.013,faulted_bearing,45
2/13/2025 14:34,-11.983,0.256,0.869,0.181,0.068,0.02,-11.983,0.256,0.869,0.181,0.068,0.02,faulted_bearing,45
2/13/2025 14:34,-11.983,0.152,0.874,0.108,0.075,0.02,-11.983,0.152,0.874,0.108,0.075,0.02,faulted_bearing,45
2/13/2025 14:34,-11.983,0.261,0.756,0.185,0.061,0.013,-11.983,0.261,0.756,0.185,0.061,0.013,faulted_bearing,45
2/13/2025 14:34,-11.983,0.149,0.879,0.105,0.066,0.02,-11.983,0.149,0.879,0.105,0.066,0.02,faulted_bearing,45
2/13/2025 14:34,-11.983,0.258,0.913,0.182,0.078,0.013,-11.983,0.258,0.913,0.182,0.078,0.013,faulted_bearing,45
2/13/2025 14:34,-11.983,0.264,0.749,0.187,0.069,0.015,-11.983,0.264,0.749,0.187,0.069,0.015,faulted_bearing,45
2/13/2025 14:34,-11.983,0.125,0.76,0.088,0.074,0.021,-11.983,0.125,0.76,0.088,0.074,0.021,faulted_bearing,45
2/13/2025 14:34,-11.983,0.15,0.861,0.106,0.067,0.014,-11.983,0.15,0.861,0.106,0.067,0.014,faulted_bearing,45
2/13/2025 14:34,-11.983,0.284,0.762,0.201,0.077,0.02,-11.983,0.284,0.762,0.201,0.077,0.02,faulted_bearing,45
2/13/2025 14:34,-11.983,0.141,0.93,0.1,0.068,0.021,-11.983,0.141,0.93,0.1,0.068,0.021,faulted_bearing,45
2/13/2025 14:34,-11.983,0.133,0.883,0.094,0.078,0.013,-11.983,0.133,0.883,0.094,0.078,0.013,faulted_bearing,45
2/13/2025 14:34,-11.983,0.265,0.718,0.187,0.081,0.014,-11.983,0.265,0.718,0.187,0.081,0.014,faulted_bearing,45
2/13/2025 14:35,-11.983,0.149,0.875,0.105,0.064,0.022,-11.983,0.149,0.875,0.105,0.064,0.022,faulted_bearing,45
2/13/2025 14:35,-11.983,0.246,0.715,0.174,0.064,0.014,-11.983,0.246,0.715,0.174,0.064,0.014,faulted_bearing,45
2/13/2025 14:35,-11.983,0.263,0.887,0.186,0.077,0.014,-11.983,0.263,0.887,0.186,0.077,0.014,faulted_bearing,45
2/13/2025 14:35,-11.983,0.128,0.766,0.091,0.078,0.021,-11.983,0.128,0.766,0.091,0.078,0.021,faulted_bearing,45
2/13/2025 14:35,-11.983,0.256,0.882,0.181,0.066,0.014,-11.983,0.256,0.882,0.181,0.066,0.014,faulted_bearing,45
2/13/2025 14:35,-11.983,0.117,0.751,0.082,0.077,0.02,-11.983,0.117,0.751,0.082,0.077,0.02,faulted_bearing,45
2/13/2025 14:35,-11.983,0.147,0.866,0.104,0.078,0.021,-11.983,0.147,0.866,0.104,0.078,0.021,faulted_bearing,45
2/13/2025 14:35,-11.983,0.264,0.862,0.187,0.064,0.013,-11.983,0.264,0.862,0.187,0.064,0.013,faulted_bearing,45
2/13/2025 14:35,-11.983,0.149,0.912,0.106,0.063,0.02,-11.983,0.149,0.912,0.106,0.063,0.02,faulted_bearing,45
2/13/2025 14:35,-11.983,0.249,0.755,0.176,0.081,0.013,-11.983,0.249,0.755,0.176,0.081,0.013,faulted_bearing,45
2/13/2025 14:35,-11.983,0.264,0.777,0.186,0.079,0.014,-11.983,0.264,0.777,0.186,0.079,0.014,faulted_bearing,45
2/13/2025 14:35,-11.983,0.265,0.772,0.187,0.069,0.02,-11.983,0.265,0.772,0.187,0.069,0.02,faulted_bearing,45
2/13/2025 14:35,-11.983,0.125,0.916,0.088,0.077,0.014,-11.983,0.125,0.916,0.088,0.077,0.014,faulted_bearing,45
2/13/2025 14:36,-11.983,0.263,0.763,0.186,0.078,0.02,-11.983,0.263,0.763,0.186,0.078,0.02,faulted_bearing,45
2/13/2025 14:36,-11.983,0.145,0.76,0.103,0.067,0.021,-11.983,0.145,0.76,0.103,0.067,0.021,faulted_bearing,45
2/13/2025 14:36,-11.983,0.145,0.871,0.102,0.077,0.021,-11.983,0.145,0.871,0.102,0.077,0.021,faulted_bearing,45
2/13/2025 14:36,-11.983,0.271,0.732,0.192,0.069,0.013,-11.983,0.271,0.732,0.192,0.069,0.013,faulted_bearing,45
2/13/2025 14:36,-11.983,0.254,0.871,0.18,0.067,0.021,-11.983,0.254,0.871,0.18,0.067,0.021,faulted_bearing,45
2/13/2025 14:36,-11.983,0.128,0.769,0.091,0.079,0.014,-11.983,0.128,0.769,0.091,0.079,0.014,faulted_bearing,45
2/13/2025 14:36,-11.983,0.255,0.889,0.18,0.067,0.014,-11.983,0.255,0.889,0.18,0.067,0.014,faulted_bearing,45
2/13/2025 14:36,-11.983,0.13,0.759,0.092,0.079,0.021,-11.983,0.13,0.759,0.092,0.079,0.021,faulted_bearing,45
2/13/2025 14:36,-11.983,0.255,0.858,0.181,0.069,0.02,-11.983,0.255,0.858,0.181,0.069,0.02,faulted_bearing,45
2/13/2025 14:36,-11.983,0.154,0.744,0.109,0.065,0.013,-11.983,0.154,0.744,0.109,0.065,0.013,faulted_bearing,45
2/13/2025 14:36,-11.983,0.268,0.742,0.189,0.077,0.02,-11.983,0.268,0.742,0.189,0.077,0.02,faulted_bearing,45
2/13/2025 14:36,-11.983,0.128,0.853,0.09,0.067,0.019,-11.983,0.128,0.853,0.09,0.067,0.019,faulted_bearing,45
2/13/2025 14:37,-11.983,0.272,0.849,0.192,0.077,0.014,-11.983,0.272,0.849,0.192,0.077,0.014,faulted_bearing,45
2/13/2025 14:37,-11.983,0.142,0.753,0.101,0.067,0.02,-11.983,0.142,0.753,0.101,0.067,0.02,faulted_bearing,45
2/13/2025 14:37,-11.983,0.268,0.896,0.19,0.076,0.015,-11.983,0.268,0.896,0.19,0.076,0.015,faulted_bearing,45
2/13/2025 14:37,-11.983,0.145,0.889,0.103,0.066,0.021,-11.983,0.145,0.889,0.103,0.066,0.021,faulted_bearing,45
2/13/2025 14:37,-11.983,0.253,0.757,0.179,0.074,0.013,-11.983,0.253,0.757,0.179,0.074,0.013,faulted_bearing,45
2/13/2025 14:37,-11.983,0.268,0.882,0.189,0.068,0.014,-11.983,0.268,0.882,0.189,0.068,0.014,faulted_bearing,45
2/13/2025 14:37,-11.983,0.131,0.77,0.092,0.066,0.021,-11.983,0.131,0.77,0.092,0.066,0.021,faulted_bearing,45
2/13/2025 14:37,-11.983,0.265,0.777,0.188,0.076,0.021,-11.983,0.265,0.777,0.188,0.076,0.021,faulted_bearing,45
2/13/2025 14:37,-11.983,0.14,0.904,0.099,0.067,0.014,-11.983,0.14,0.904,0.099,0.067,0.014,faulted_bearing,45
2/13/2025 14:37,-11.983,0.279,0.922,0.197,0.078,0.02,-11.983,0.279,0.922,0.197,0.078,0.02,faulted_bearing,45
2/13/2025 14:37,-11.983,0.125,0.751,0.089,0.078,0.021,-11.983,0.125,0.751,0.089,0.078,0.021,faulted_bearing,45
2/13/2025 14:38,-11.982,0.15,0.879,0.106,0.066,0.013,-11.982,0.15,0.879,0.106,0.066,0.013,faulted_bearing,45
2/13/2025 14:38,-11.982,0.269,0.72,0.191,0.067,0.02,-11.982,0.269,0.72,0.191,0.067,0.02,faulted_bearing,45
2/13/2025 14:38,-11.982,0.134,0.886,0.095,0.076,0.014,-11.982,0.134,0.886,0.095,0.076,0.014,faulted_bearing,45
2/13/2025 14:38,-11.982,0.252,0.766,0.178,0.078,0.022,-11.982,0.252,0.766,0.178,0.078,0.022,faulted_bearing,45
2/13/2025 14:38,-11.982,0.146,0.851,0.103,0.069,0.013,-11.982,0.146,0.851,0.103,0.069,0.013,faulted_bearing,45
2/13/2025 14:38,-11.982,0.134,0.734,0.095,0.068,0.015,-11.982,0.134,0.734,0.095,0.068,0.015,faulted_bearing,45
2/13/2025 14:38,-11.982,0.262,0.758,0.185,0.067,0.021,-11.982,0.262,0.758,0.185,0.067,0.021,faulted_bearing,45
2/13/2025 14:38,-11.982,0.251,0.849,0.178,0.079,0.014,-11.982,0.251,0.849,0.178,0.079,0.014,faulted_bearing,45
2/13/2025 14:38,-11.982,0.145,0.751,0.103,0.077,0.02,-11.982,0.145,0.751,0.103,0.077,0.02,faulted_bearing,45
2/13/2025 14:38,-11.982,0.283,0.864,0.2,0.066,0.015,-11.982,0.283,0.864,0.2,0.066,0.015,faulted_bearing,45
2/13/2025 14:38,-11.982,0.135,0.724,0.096,0.079,0.013,-11.982,0.135,0.724,0.096,0.079,0.013,faulted_bearing,45
2/13/2025 14:38,-11.982,0.145,0.753,0.102,0.066,0.021,-11.982,0.145,0.753,0.102,0.066,0.021,faulted_bearing,45
2/13/2025 14:39,-11.982,0.268,0.915,0.19,0.077,0.02,-11.982,0.268,0.915,0.19,0.077,0.02,faulted_bearing,45
2/13/2025 14:39,-11.982,0.155,0.843,0.11,0.068,0.014,-11.982,0.155,0.843,0.11,0.068,0.014,faulted_bearing,45
2/13/2025 14:39,-11.982,0.264,0.734,0.187,0.066,0.021,-11.982,0.264,0.734,0.187,0.066,0.021,faulted_bearing,45
2/13/2025 14:39,-11.982,0.137,0.893,0.097,0.08,0.014,-11.982,0.137,0.893,0.097,0.08,0.014,faulted_bearing,45
2/13/2025 14:39,-11.982,0.271,0.746,0.192,0.065,0.014,-11.982,0.271,0.746,0.192,0.065,0.014,faulted_bearing,45
2/13/2025 14:39,-11.982,0.147,0.87,0.104,0.065,0.021,-11.982,0.147,0.87,0.104,0.065,0.021,faulted_bearing,45
2/13/2025 14:39,-11.982,0.123,0.749,0.087,0.081,0.015,-11.982,0.123,0.749,0.087,0.081,0.015,faulted_bearing,45
2/13/2025 14:39,-11.982,0.27,0.861,0.191,0.075,0.014,-11.982,0.27,0.861,0.191,0.075,0.014,faulted_bearing,45
2/13/2025 14:39,-11.982,0.249,0.746,0.176,0.067,0.021,-11.982,0.249,0.746,0.176,0.067,0.021,faulted_bearing,45
2/13/2025 14:39,-11.982,0.148,0.747,0.105,0.079,0.021,-11.982,0.148,0.747,0.105,0.079,0.021,faulted_bearing,45
2/13/2025 14:39,-11.983,0.25,0.897,0.177,0.065,0.014,-11.983,0.25,0.897,0.177,0.065,0.014,faulted_bearing,45
2/13/2025 14:39,-11.982,0.277,0.735,0.196,0.076,0.021,-11.982,0.277,0.735,0.196,0.076,0.021,faulted_bearing,45
2/13/2025 14:40,-11.982,0.129,0.878,0.091,0.067,0.013,-11.982,0.129,0.878,0.091,0.067,0.013,faulted_bearing,45
2/13/2025 14:40,-11.982,0.141,0.859,0.1,0.076,0.014,-11.982,0.141,0.859,0.1,0.076,0.014,faulted_bearing,45
2/13/2025 14:40,-11.983,0.25,0.879,0.177,0.064,0.02,-11.983,0.25,0.879,0.177,0.064,0.02,faulted_bearing,45
2/13/2025 14:40,-11.983,0.138,0.753,0.098,0.078,0.015,-11.983,0.138,0.753,0.098,0.078,0.015,faulted_bearing,45
2/13/2025 14:40,-11.983,0.287,0.76,0.203,0.067,0.02,-11.983,0.287,0.76,0.203,0.067,0.02,faulted_bearing,45
2/13/2025 14:40,-11.982,0.147,0.843,0.104,0.077,0.022,-11.982,0.147,0.843,0.104,0.077,0.022,faulted_bearing,45
2/13/2025 14:40,-11.982,0.139,0.9,0.098,0.068,0.013,-11.982,0.139,0.9,0.098,0.068,0.013,faulted_bearing,45
2/13/2025 14:40,-11.983,0.266,0.769,0.188,0.078,0.014,-11.983,0.266,0.769,0.188,0.078,0.014,faulted_bearing,45
2/13/2025 14:40,-11.983,0.152,0.861,0.107,0.076,0.019,-11.983,0.152,0.861,0.107,0.076,0.019,faulted_bearing,45
2/13/2025 14:40,-11.983,0.264,0.756,0.187,0.068,0.014,-11.983,0.264,0.756,0.187,0.068,0.014,faulted_bearing,45
2/13/2025 14:40,-11.983,0.142,0.891,0.1,0.077,0.022,-11.983,0.142,0.891,0.1,0.077,0.022,faulted_bearing,45
2/13/2025 14:40,-11.983,0.251,0.873,0.177,0.068,0.014,-11.983,0.251,0.873,0.177,0.068,0.014,faulted_bearing,45
2/13/2025 14:40,-11.983,0.265,0.745,0.188,0.064,0.021,-11.983,0.265,0.745,0.188,0.064,0.021,faulted_bearing,45
2/13/2025 14:41,-11.983,0.133,0.873,0.094,0.067,0.014,-11.983,0.133,0.873,0.094,0.067,0.014,faulted_bearing,45
2/13/2025 14:41,-11.983,0.284,0.854,0.201,0.082,0.021,-11.983,0.284,0.854,0.201,0.082,0.021,faulted_bearing,45
2/13/2025 14:41,-11.983,0.253,0.875,0.179,0.065,0.013,-11.983,0.253,0.875,0.179,0.065,0.013,faulted_bearing,45
2/13/2025 14:41,-11.983,0.137,0.74,0.097,0.075,0.014,-11.983,0.137,0.74,0.097,0.075,0.014,faulted_bearing,45
2/13/2025 14:41,-11.983,0.271,0.756,0.192,0.066,0.02,-11.983,0.271,0.756,0.192,0.066,0.02,faulted_bearing,45
2/13/2025 14:41,-11.983,0.131,0.886,0.093,0.076,0.022,-11.983,0.131,0.886,0.093,0.076,0.022,faulted_bearing,45
2/13/2025 14:41,-11.983,0.139,0.737,0.098,0.076,0.02,-11.983,0.139,0.737,0.098,0.076,0.02,faulted_bearing,45
2/13/2025 14:41,-11.983,0.291,0.756,0.205,0.078,0.014,-11.983,0.291,0.756,0.205,0.078,0.014,faulted_bearing,45
2/13/2025 14:41,-11.983,0.131,0.846,0.092,0.065,0.021,-11.983,0.131,0.846,0.092,0.065,0.021,faulted_bearing,45
2/13/2025 14:41,-11.983,0.264,0.864,0.187,0.075,0.014,-11.983,0.264,0.864,0.187,0.075,0.014,faulted_bearing,45
2/13/2025 14:41,-11.984,0.157,0.768,0.111,0.065,0.014,-11.984,0.157,0.768,0.111,0.065,0.014,faulted_bearing,45
2/13/2025 14:41,-11.983,0.251,0.883,0.178,0.068,0.023,-11.983,0.251,0.883,0.178,0.068,0.023,faulted_bearing,45
2/13/2025 14:42,-11.984,0.117,0.734,0.083,0.077,0.014,-11.984,0.117,0.734,0.083,0.077,0.014,faulted_bearing,45
2/13/2025 14:42,-11.984,0.134,0.776,0.095,0.069,0.021,-11.984,0.134,0.776,0.095,0.069,0.021,faulted_bearing,45
2/13/2025 14:42,-11.984,0.265,0.903,0.187,0.078,0.014,-11.984,0.265,0.903,0.187,0.078,0.014,faulted_bearing,45
2/13/2025 14:42,-11.984,0.126,0.725,0.089,0.067,0.02,-11.984,0.126,0.725,0.089,0.067,0.02,faulted_bearing,45
2/13/2025 14:42,-11.983,0.268,0.877,0.19,0.065,0.013,-11.983,0.268,0.877,0.19,0.065,0.013,faulted_bearing,45
2/13/2025 14:42,-11.983,0.156,0.802,0.11,0.076,0.014,-11.983,0.156,0.802,0.11,0.076,0.014,faulted_bearing,45
2/13/2025 14:42,-11.984,0.143,0.768,0.101,0.077,0.021,-11.984,0.143,0.768,0.101,0.077,0.021,faulted_bearing,45
2/13/2025 14:42,-11.984,0.282,0.846,0.199,0.069,0.014,-11.984,0.282,0.846,0.199,0.069,0.014,faulted_bearing,45
2/13/2025 14:42,-11.983,0.128,0.754,0.091,0.066,0.021,-11.983,0.128,0.754,0.091,0.066,0.021,faulted_bearing,45
2/13/2025 14:42,-11.983,0.25,0.872,0.177,0.076,0.014,-11.983,0.25,0.872,0.177,0.076,0.014,faulted_bearing,45
2/13/2025 14:42,-11.984,0.269,0.726,0.19,0.077,0.013,-11.984,0.269,0.726,0.19,0.077,0.013,faulted_bearing,45
2/13/2025 14:42,-11.984,0.141,0.862,0.1,0.066,0.021,-11.984,0.141,0.862,0.1,0.066,0.021,faulted_bearing,45
2/13/2025 14:42,-11.984,0.262,0.756,0.186,0.064,0.014,-11.984,0.262,0.756,0.186,0.064,0.014,faulted_bearing,45
2/13/2025 14:42,-11.984,0.138,0.86,0.098,0.08,0.02,-11.984,0.138,0.86,0.098,0.08,0.02,faulted_bearing,45
2/13/2025 14:43,-11.984,0.269,0.747,0.19,0.07,0.021,-11.984,0.269,0.747,0.19,0.07,0.021,faulted_bearing,45
2/13/2025 14:43,-11.984,0.266,0.902,0.188,0.066,0.014,-11.984,0.266,0.902,0.188,0.066,0.014,faulted_bearing,45
2/13/2025 14:43,-11.984,0.144,0.882,0.102,0.076,0.02,-11.984,0.144,0.882,0.102,0.076,0.02,faulted_bearing,45
2/13/2025 14:43,-11.984,0.154,0.742,0.109,0.065,0.014,-11.984,0.154,0.742,0.109,0.065,0.014,faulted_bearing,45
2/13/2025 14:43,-11.984,0.259,0.876,0.183,0.075,0.021,-11.984,0.259,0.876,0.183,0.075,0.021,faulted_bearing,45
2/13/2025 14:43,-11.983,0.146,0.715,0.103,0.066,0.014,-11.983,0.146,0.715,0.103,0.066,0.014,faulted_bearing,45
2/13/2025 14:43,-11.984,0.264,0.763,0.187,0.076,0.014,-11.984,0.264,0.763,0.187,0.076,0.014,faulted_bearing,45
2/13/2025 14:43,-11.984,0.153,0.864,0.108,0.068,0.02,-11.984,0.153,0.864,0.108,0.068,0.02,faulted_bearing,45
2/13/2025 14:43,-11.984,0.138,0.74,0.098,0.075,0.015,-11.984,0.138,0.74,0.098,0.075,0.015,faulted_bearing,45
2/13/2025 14:43,-11.983,0.273,0.771,0.193,0.065,0.014,-11.983,0.273,0.771,0.193,0.065,0.014,faulted_bearing,45
2/13/2025 14:43,-11.983,0.13,0.894,0.092,0.078,0.021,-11.983,0.13,0.894,0.092,0.078,0.021,faulted_bearing,45
2/13/2025 14:43,-11.983,0.267,0.756,0.189,0.065,0.014,-11.983,0.267,0.756,0.189,0.065,0.014,faulted_bearing,45
2/13/2025 14:44,-11.983,0.262,0.902,0.185,0.076,0.014,-11.983,0.262,0.902,0.185,0.076,0.014,faulted_bearing,45
2/13/2025 14:44,-11.983,0.136,0.743,0.096,0.078,0.021,-11.983,0.136,0.743,0.096,0.078,0.021,faulted_bearing,45
2/13/2025 14:44,-11.983,0.132,0.883,0.093,0.063,0.014,-11.983,0.132,0.883,0.093,0.063,0.014,faulted_bearing,45
2/13/2025 14:44,-11.983,0.272,0.883,0.192,0.068,0.021,-11.983,0.272,0.883,0.192,0.068,0.021,faulted_bearing,45
2/13/2025 14:44,-11.983,0.128,0.752,0.09,0.077,0.02,-11.983,0.128,0.752,0.09,0.077,0.02,faulted_bearing,45
2/13/2025 14:44,-11.983,0.265,0.765,0.188,0.067,0.014,-11.983,0.265,0.765,0.188,0.067,0.014,faulted_bearing,45
2/13/2025 14:44,-11.983,0.126,0.907,0.089,0.069,0.015,-11.983,0.126,0.907,0.089,0.069,0.015,faulted_bearing,45
2/13/2025 14:44,-11.983,0.15,0.72,0.106,0.078,0.021,-11.983,0.15,0.72,0.106,0.078,0.021,faulted_bearing,45
2/13/2025 14:44,-11.983,0.268,0.863,0.19,0.066,0.013,-11.983,0.268,0.863,0.19,0.066,0.013,faulted_bearing,45
2/13/2025 14:44,-11.983,0.154,0.766,0.109,0.078,0.02,-11.983,0.154,0.766,0.109,0.078,0.02,faulted_bearing,45
2/13/2025 14:44,-11.983,0.266,0.86,0.188,0.067,0.014,-11.983,0.266,0.86,0.188,0.067,0.014,faulted_bearing,45
2/13/2025 14:44,-11.983,0.164,0.884,0.116,0.076,0.015,-11.983,0.164,0.884,0.116,0.076,0.015,faulted_bearing,45
2/13/2025 14:44,-11.983,0.26,0.758,0.184,0.066,0.021,-11.983,0.26,0.758,0.184,0.066,0.021,faulted_bearing,45
2/13/2025 14:45,-11.983,0.134,0.892,0.095,0.077,0.015,-11.983,0.134,0.892,0.095,0.077,0.015,faulted_bearing,45
2/13/2025 14:45,-11.983,0.254,0.746,0.179,0.067,0.021,-11.983,0.254,0.746,0.179,0.067,0.021,faulted_bearing,45
2/13/2025 14:45,-11.983,0.259,0.875,0.183,0.075,0.015,-11.983,0.259,0.875,0.183,0.075,0.015,faulted_bearing,45
2/13/2025 14:45,-11.983,0.136,0.768,0.096,0.076,0.021,-11.983,0.136,0.768,0.096,0.076,0.021,faulted_bearing,45
2/13/2025 14:45,-11.983,0.267,0.884,0.189,0.068,0.014,-11.983,0.267,0.884,0.189,0.068,0.014,faulted_bearing,45
2/13/2025 14:45,-11.983,0.141,0.748,0.1,0.067,0.02,-11.983,0.141,0.748,0.1,0.067,0.02,faulted_bearing,45
2/13/2025 14:45,-11.983,0.274,0.747,0.194,0.078,0.014,-11.983,0.274,0.747,0.194,0.078,0.014,faulted_bearing,45
2/13/2025 14:45,-11.983,0.143,0.854,0.101,0.075,0.021,-11.983,0.143,0.854,0.101,0.075,0.021,faulted_bearing,45
2/13/2025 14:45,-11.983,0.143,0.747,0.101,0.067,0.021,-11.983,0.143,0.747,0.101,0.067,0.021,faulted_bearing,45
2/13/2025 14:45,-11.983,0.277,0.872,0.196,0.075,0.015,-11.983,0.277,0.872,0.196,0.075,0.015,faulted_bearing,45
2/13/2025 14:45,-11.983,0.137,0.757,0.097,0.067,0.021,-11.983,0.137,0.757,0.097,0.067,0.021,faulted_bearing,45
2/13/2025 14:45,-11.983,0.259,0.852,0.183,0.077,0.014,-11.983,0.259,0.852,0.183,0.077,0.014,faulted_bearing,45
2/13/2025 14:45,-11.983,0.136,0.777,0.096,0.069,0.013,-11.983,0.136,0.777,0.096,0.069,0.013,faulted_bearing,45
2/13/2025 14:46,-11.983,0.274,0.884,0.193,0.066,0.021,-11.983,0.274,0.884,0.193,0.066,0.021,faulted_bearing,45
2/13/2025 14:46,-11.983,0.126,0.769,0.089,0.078,0.014,-11.983,0.126,0.769,0.089,0.078,0.014,faulted_bearing,45
2/13/2025 14:46,-11.983,0.267,0.851,0.189,0.07,0.02,-11.983,0.267,0.851,0.189,0.07,0.02,faulted_bearing,45
2/13/2025 14:46,-11.983,0.133,0.742,0.094,0.076,0.014,-11.983,0.133,0.742,0.094,0.076,0.014,faulted_bearing,45
2/13/2025 14:46,-11.983,0.264,0.88,0.187,0.067,0.021,-11.983,0.264,0.88,0.187,0.067,0.021,faulted_bearing,45
2/13/2025 14:46,-11.983,0.137,0.879,0.097,0.078,0.014,-11.983,0.137,0.879,0.097,0.078,0.014,faulted_bearing,45
2/13/2025 14:46,-11.983,0.257,0.732,0.182,0.076,0.021,-11.983,0.257,0.732,0.182,0.076,0.021,faulted_bearing,45
2/13/2025 14:46,-11.983,0.257,0.863,0.181,0.064,0.013,-11.983,0.257,0.863,0.181,0.064,0.013,faulted_bearing,45
2/13/2025 14:46,-11.983,0.275,0.751,0.194,0.068,0.02,-11.983,0.275,0.751,0.194,0.068,0.02,faulted_bearing,45
2/13/2025 14:46,-11.983,0.122,0.865,0.086,0.078,0.014,-11.983,0.122,0.865,0.086,0.078,0.014,faulted_bearing,45
2/13/2025 14:46,-11.983,0.28,0.764,0.198,0.067,0.021,-11.983,0.28,0.764,0.198,0.067,0.021,faulted_bearing,45
2/13/2025 14:46,-11.983,0.133,0.864,0.094,0.077,0.02,-11.983,0.133,0.864,0.094,0.077,0.02,faulted_bearing,45
2/13/2025 14:47,-11.983,0.255,0.775,0.18,0.069,0.021,-11.983,0.255,0.775,0.18,0.069,0.021,faulted_bearing,45
2/13/2025 14:47,-11.983,0.15,0.881,0.106,0.078,0.013,-11.983,0.15,0.881,0.106,0.078,0.013,faulted_bearing,45
2/13/2025 14:47,-11.983,0.258,0.758,0.183,0.08,0.022,-11.983,0.258,0.758,0.183,0.08,0.022,faulted_bearing,45
2/13/2025 14:47,-11.983,0.135,0.864,0.095,0.067,0.014,-11.983,0.135,0.864,0.095,0.067,0.014,faulted_bearing,45
2/13/2025 14:47,-11.983,0.261,0.744,0.185,0.075,0.02,-11.983,0.261,0.744,0.185,0.075,0.02,faulted_bearing,45
2/13/2025 14:47,-11.983,0.145,0.765,0.102,0.065,0.015,-11.983,0.145,0.765,0.102,0.065,0.015,faulted_bearing,45
2/13/2025 14:47,-11.983,0.271,0.858,0.191,0.074,0.02,-11.983,0.271,0.858,0.191,0.074,0.02,faulted_bearing,45
2/13/2025 14:47,-11.983,0.165,0.758,0.117,0.075,0.014,-11.983,0.165,0.758,0.117,0.075,0.014,faulted_bearing,45
2/13/2025 14:47,-11.983,0.266,0.919,0.188,0.064,0.021,-11.983,0.266,0.919,0.188,0.064,0.021,faulted_bearing,45
2/13/2025 14:47,-11.983,0.129,0.726,0.091,0.067,0.014,-11.983,0.129,0.726,0.091,0.067,0.014,faulted_bearing,45
2/13/2025 14:47,-11.983,0.128,0.85,0.09,0.078,0.021,-11.983,0.128,0.85,0.09,0.078,0.021,faulted_bearing,45
2/13/2025 14:47,-11.983,0.15,0.751,0.106,0.077,0.015,-11.983,0.15,0.751,0.106,0.077,0.015,faulted_bearing,45
2/13/2025 14:47,-11.983,0.281,0.842,0.199,0.069,0.013,-11.983,0.281,0.842,0.199,0.069,0.013,faulted_bearing,45
2/13/2025 14:48,-11.983,0.134,0.775,0.095,0.075,0.021,-11.983,0.134,0.775,0.095,0.075,0.021,faulted_bearing,45
2/13/2025 14:48,-11.983,0.28,0.896,0.198,0.066,0.013,-11.983,0.28,0.896,0.198,0.066,0.013,faulted_bearing,45
2/13/2025 14:48,-11.983,0.13,0.763,0.092,0.067,0.014,-11.983,0.13,0.763,0.092,0.067,0.014,faulted_bearing,45
2/13/2025 14:48,-11.983,0.26,0.861,0.184,0.081,0.022,-11.983,0.26,0.861,0.184,0.081,0.022,faulted_bearing,45
2/13/2025 14:48,-11.983,0.121,0.728,0.086,0.066,0.014,-11.983,0.121,0.728,0.086,0.066,0.014,faulted_bearing,45
2/13/2025 14:48,-11.983,0.253,0.899,0.179,0.077,0.021,-11.983,0.253,0.899,0.179,0.077,0.021,faulted_bearing,45
2/13/2025 14:48,-11.983,0.116,0.755,0.082,0.067,0.014,-11.983,0.116,0.755,0.082,0.067,0.014,faulted_bearing,45
2/13/2025 14:48,-11.983,0.255,0.766,0.181,0.076,0.021,-11.983,0.255,0.766,0.181,0.076,0.021,faulted_bearing,45
2/13/2025 14:48,-11.983,0.259,0.934,0.183,0.065,0.014,-11.983,0.259,0.934,0.183,0.065,0.014,faulted_bearing,45
2/13/2025 14:48,-11.983,0.143,0.772,0.101,0.077,0.02,-11.983,0.143,0.772,0.101,0.077,0.02,faulted_bearing,45
2/13/2025 14:48,-11.983,0.253,0.867,0.179,0.068,0.013,-11.983,0.253,0.867,0.179,0.068,0.013,faulted_bearing,45
2/13/2025 14:48,-11.983,0.245,0.765,0.174,0.079,0.02,-11.983,0.245,0.765,0.174,0.079,0.02,faulted_bearing,45
2/13/2025 14:48,-11.983,0.141,0.886,0.1,0.064,0.02,-11.983,0.141,0.886,0.1,0.064,0.02,faulted_bearing,45
2/13/2025 14:48,-11.983,0.277,0.741,0.196,0.078,0.014,-11.983,0.277,0.741,0.196,0.078,0.014,faulted_bearing,45
2/13/2025 14:49,-11.984,0.128,0.86,0.09,0.069,0.02,-11.984,0.128,0.86,0.09,0.069,0.02,faulted_bearing,45
2/13/2025 14:49,-11.983,0.126,0.902,0.089,0.068,0.021,-11.983,0.126,0.902,0.089,0.068,0.021,faulted_bearing,45
2/13/2025 14:49,-11.983,0.27,0.738,0.191,0.08,0.014,-11.983,0.27,0.738,0.191,0.08,0.014,faulted_bearing,45
2/13/2025 14:49,-11.984,0.132,0.87,0.093,0.071,0.021,-11.984,0.132,0.87,0.093,0.071,0.021,faulted_bearing,45
2/13/2025 14:49,-11.984,0.258,0.723,0.183,0.067,0.013,-11.984,0.258,0.723,0.183,0.067,0.013,faulted_bearing,45
2/13/2025 14:49,-11.984,0.144,0.931,0.102,0.078,0.02,-11.984,0.144,0.931,0.102,0.078,0.02,faulted_bearing,45
2/13/2025 14:49,-11.984,0.269,0.761,0.19,0.075,0.014,-11.984,0.269,0.761,0.19,0.075,0.014,faulted_bearing,45
2/13/2025 14:49,-11.984,0.134,0.858,0.095,0.065,0.021,-11.984,0.134,0.858,0.095,0.065,0.021,faulted_bearing,45
2/13/2025 14:49,-11.984,0.259,0.752,0.183,0.079,0.013,-11.984,0.259,0.752,0.183,0.079,0.013,faulted_bearing,45
2/13/2025 14:49,-11.984,0.136,0.869,0.096,0.065,0.02,-11.984,0.136,0.869,0.096,0.065,0.02,faulted_bearing,45
2/13/2025 14:49,-11.984,0.275,0.757,0.194,0.075,0.014,-11.984,0.275,0.757,0.194,0.075,0.014,faulted_bearing,45
2/13/2025 14:50,-11.983,0.135,0.879,0.095,0.077,0.021,-11.983,0.135,0.879,0.095,0.077,0.021,faulted_bearing,45
2/13/2025 14:50,-11.984,0.262,0.889,0.186,0.067,0.014,-11.984,0.262,0.889,0.186,0.067,0.014,faulted_bearing,45
2/13/2025 14:50,-11.983,0.125,0.744,0.089,0.075,0.02,-11.983,0.125,0.744,0.089,0.075,0.02,faulted_bearing,45
2/13/2025 14:50,-11.984,0.255,0.883,0.18,0.067,0.014,-11.984,0.255,0.883,0.18,0.067,0.014,faulted_bearing,45
2/13/2025 14:50,-11.983,0.13,0.732,0.092,0.079,0.021,-11.983,0.13,0.732,0.092,0.079,0.021,faulted_bearing,45
2/13/2025 14:50,-11.983,0.27,0.856,0.191,0.067,0.014,-11.983,0.27,0.856,0.191,0.067,0.014,faulted_bearing,45
2/13/2025 14:50,-11.983,0.13,0.905,0.092,0.079,0.02,-11.983,0.13,0.905,0.092,0.079,0.02,faulted_bearing,45
2/13/2025 14:50,-11.983,0.139,0.887,0.098,0.078,0.014,-11.983,0.139,0.887,0.098,0.078,0.014,faulted_bearing,45
2/13/2025 14:50,-11.984,0.278,0.734,0.197,0.066,0.025,-11.984,0.278,0.734,0.197,0.066,0.025,faulted_bearing,45
2/13/2025 14:50,-11.983,0.133,0.861,0.094,0.076,0.014,-11.983,0.133,0.861,0.094,0.076,0.014,faulted_bearing,45
2/13/2025 14:50,-11.983,0.268,0.881,0.189,0.066,0.021,-11.983,0.268,0.881,0.189,0.066,0.021,faulted_bearing,45
2/13/2025 14:50,-11.983,0.169,0.733,0.119,0.077,0.014,-11.983,0.169,0.733,0.119,0.077,0.014,faulted_bearing,45
2/13/2025 14:50,-11.983,0.284,0.872,0.2,0.078,0.015,-11.983,0.284,0.872,0.2,0.078,0.015,faulted_bearing,45
2/13/2025 14:51,-11.983,0.131,0.735,0.093,0.068,0.022,-11.983,0.131,0.735,0.093,0.068,0.022,faulted_bearing,45
2/13/2025 14:51,-11.983,0.267,0.883,0.189,0.079,0.013,-11.983,0.267,0.883,0.189,0.079,0.013,faulted_bearing,45
2/13/2025 14:51,-11.983,0.166,0.747,0.118,0.063,0.021,-11.983,0.166,0.747,0.118,0.063,0.021,faulted_bearing,45
2/13/2025 14:51,-11.983,0.266,0.868,0.188,0.075,0.015,-11.983,0.266,0.868,0.188,0.075,0.015,faulted_bearing,45
2/13/2025 14:51,-11.983,0.132,0.745,0.094,0.066,0.022,-11.983,0.132,0.745,0.094,0.066,0.022,faulted_bearing,45
2/13/2025 14:51,-11.983,0.268,0.847,0.189,0.077,0.014,-11.983,0.268,0.847,0.189,0.077,0.014,faulted_bearing,45
2/13/2025 14:51,-11.983,0.168,0.766,0.119,0.066,0.021,-11.983,0.168,0.766,0.119,0.066,0.021,faulted_bearing,45
2/13/2025 14:51,-11.983,0.271,0.883,0.192,0.077,0.015,-11.983,0.271,0.883,0.192,0.077,0.015,faulted_bearing,45
2/13/2025 14:51,-11.983,0.141,0.752,0.099,0.069,0.021,-11.983,0.141,0.752,0.099,0.069,0.021,faulted_bearing,45
2/13/2025 14:51,-11.983,0.277,0.863,0.196,0.079,0.014,-11.983,0.277,0.863,0.196,0.079,0.014,faulted_bearing,45
2/13/2025 14:51,-11.983,0.126,0.773,0.089,0.066,0.021,-11.983,0.126,0.773,0.089,0.066,0.021,faulted_bearing,45
2/13/2025 14:51,-11.983,0.129,0.857,0.091,0.077,0.015,-11.983,0.129,0.857,0.091,0.077,0.015,faulted_bearing,45
2/13/2025 14:52,-11.983,0.261,0.771,0.185,0.066,0.021,-11.983,0.261,0.771,0.185,0.066,0.021,faulted_bearing,45
2/13/2025 14:52,-11.983,0.155,0.851,0.11,0.067,0.014,-11.983,0.155,0.851,0.11,0.067,0.014,faulted_bearing,45
2/13/2025 14:52,-11.983,0.258,0.759,0.182,0.077,0.021,-11.983,0.258,0.759,0.182,0.077,0.021,faulted_bearing,45
2/13/2025 14:52,-11.983,0.142,0.851,0.1,0.069,0.013,-11.983,0.142,0.851,0.1,0.069,0.013,faulted_bearing,45
2/13/2025 14:52,-11.983,0.276,0.886,0.195,0.074,0.013,-11.983,0.276,0.886,0.195,0.074,0.013,faulted_bearing,45
2/13/2025 14:52,-11.983,0.258,0.759,0.183,0.069,0.021,-11.983,0.258,0.759,0.183,0.069,0.021,faulted_bearing,45
2/13/2025 14:52,-11.983,0.145,0.915,0.102,0.076,0.015,-11.983,0.145,0.915,0.102,0.076,0.015,faulted_bearing,45
2/13/2025 14:52,-11.983,0.266,0.782,0.188,0.065,0.02,-11.983,0.266,0.782,0.188,0.065,0.02,faulted_bearing,45
2/13/2025 14:52,-11.983,0.145,0.888,0.102,0.075,0.014,-11.983,0.145,0.888,0.102,0.075,0.014,faulted_bearing,45
2/13/2025 14:52,-11.983,0.253,0.769,0.179,0.066,0.021,-11.983,0.253,0.769,0.179,0.066,0.021,faulted_bearing,45
2/13/2025 14:52,-11.983,0.143,0.871,0.101,0.076,0.02,-11.983,0.143,0.871,0.101,0.076,0.02,faulted_bearing,45
2/13/2025 14:52,-11.983,0.258,0.917,0.182,0.066,0.014,-11.983,0.258,0.917,0.182,0.066,0.014,faulted_bearing,45
2/13/2025 14:53,-11.983,0.14,0.75,0.099,0.078,0.021,-11.983,0.14,0.75,0.099,0.078,0.021,faulted_bearing,45
2/13/2025 14:53,-11.983,0.266,0.744,0.188,0.068,0.014,-11.983,0.266,0.744,0.188,0.068,0.014,faulted_bearing,45
2/13/2025 14:53,-11.983,0.146,0.874,0.103,0.077,0.02,-11.983,0.146,0.874,0.103,0.077,0.02,faulted_bearing,45
2/13/2025 14:53,-11.983,0.272,0.751,0.192,0.069,0.014,-11.983,0.272,0.751,0.192,0.069,0.014,faulted_bearing,45
2/13/2025 14:53,-11.983,0.15,0.883,0.106,0.077,0.02,-11.983,0.15,0.883,0.106,0.077,0.02,faulted_bearing,45
2/13/2025 14:53,-11.983,0.254,0.795,0.18,0.067,0.021,-11.983,0.254,0.795,0.18,0.067,0.021,faulted_bearing,45
2/13/2025 14:53,-11.983,0.136,0.89,0.096,0.076,0.014,-11.983,0.136,0.89,0.096,0.076,0.014,faulted_bearing,45
2/13/2025 14:53,-11.983,0.26,0.734,0.184,0.067,0.021,-11.983,0.26,0.734,0.184,0.067,0.021,faulted_bearing,45
2/13/2025 14:53,-11.984,0.149,0.879,0.105,0.079,0.014,-11.984,0.149,0.879,0.105,0.079,0.014,faulted_bearing,45
2/13/2025 14:53,-11.983,0.28,0.778,0.198,0.066,0.02,-11.983,0.28,0.778,0.198,0.066,0.02,faulted_bearing,45
2/13/2025 14:53,-11.984,0.12,0.882,0.085,0.066,0.014,-11.984,0.12,0.882,0.085,0.066,0.014,faulted_bearing,45
2/13/2025 14:53,-11.984,0.256,0.742,0.181,0.079,0.02,-11.984,0.256,0.742,0.181,0.079,0.02,faulted_bearing,45
2/13/2025 14:54,-11.983,0.257,0.867,0.182,0.066,0.014,-11.983,0.257,0.867,0.182,0.066,0.014,faulted_bearing,45
2/13/2025 14:54,-11.983,0.131,0.766,0.093,0.078,0.022,-11.983,0.131,0.766,0.093,0.078,0.022,faulted_bearing,45
2/13/2025 14:54,-11.984,0.257,0.898,0.182,0.069,0.013,-11.984,0.257,0.898,0.182,0.069,0.013,faulted_bearing,45
2/13/2025 14:54,-11.984,0.153,0.782,0.108,0.074,0.02,-11.984,0.153,0.782,0.108,0.074,0.02,faulted_bearing,45
2/13/2025 14:54,-11.983,0.266,0.752,0.188,0.068,0.02,-11.983,0.266,0.752,0.188,0.068,0.02,faulted_bearing,45
2/13/2025 14:54,-11.983,0.136,0.861,0.096,0.077,0.013,-11.983,0.136,0.861,0.096,0.077,0.013,faulted_bearing,45
2/13/2025 14:54,-11.983,0.264,0.753,0.187,0.066,0.014,-11.983,0.264,0.753,0.187,0.066,0.014,faulted_bearing,45
2/13/2025 14:54,-11.984,0.161,0.844,0.114,0.079,0.02,-11.984,0.161,0.844,0.114,0.079,0.02,faulted_bearing,45
2/13/2025 14:54,-11.983,0.26,0.733,0.184,0.065,0.021,-11.983,0.26,0.733,0.184,0.065,0.021,faulted_bearing,45
2/13/2025 14:54,-11.984,0.155,0.89,0.109,0.076,0.014,-11.984,0.155,0.89,0.109,0.076,0.014,faulted_bearing,45
2/13/2025 14:54,-11.984,0.263,0.722,0.186,0.068,0.021,-11.984,0.263,0.722,0.186,0.068,0.021,faulted_bearing,45
2/13/2025 14:54,-11.983,0.136,0.884,0.096,0.078,0.015,-11.983,0.136,0.884,0.096,0.078,0.015,faulted_bearing,45
2/13/2025 14:54,-11.983,0.275,0.769,0.194,0.069,0.02,-11.983,0.275,0.769,0.194,0.069,0.02,faulted_bearing,45
2/13/2025 14:54,-11.983,0.13,0.907,0.092,0.076,0.014,-11.983,0.13,0.907,0.092,0.076,0.014,faulted_bearing,45
2/13/2025 14:55,-11.984,0.265,0.76,0.187,0.064,0.02,-11.984,0.265,0.76,0.187,0.064,0.02,faulted_bearing,45
2/13/2025 14:55,-11.984,0.139,0.909,0.098,0.076,0.013,-11.984,0.139,0.909,0.098,0.076,0.013,faulted_bearing,45
2/13/2025 14:55,-11.984,0.271,0.747,0.192,0.066,0.022,-11.984,0.271,0.747,0.192,0.066,0.022,faulted_bearing,45
2/13/2025 14:55,-11.983,0.14,0.864,0.099,0.078,0.014,-11.983,0.14,0.864,0.099,0.078,0.014,faulted_bearing,45
2/13/2025 14:55,-11.984,0.274,0.754,0.193,0.065,0.021,-11.984,0.274,0.754,0.193,0.065,0.021,faulted_bearing,45
2/13/2025 14:55,-11.984,0.138,0.873,0.098,0.077,0.014,-11.984,0.138,0.873,0.098,0.077,0.014,faulted_bearing,45
2/13/2025 14:55,-11.983,0.283,0.787,0.2,0.069,0.021,-11.983,0.283,0.787,0.2,0.069,0.021,faulted_bearing,45
2/13/2025 14:55,-11.983,0.142,0.867,0.1,0.08,0.014,-11.983,0.142,0.867,0.1,0.08,0.014,faulted_bearing,45
2/13/2025 14:55,-11.983,0.257,0.742,0.182,0.067,0.021,-11.983,0.257,0.742,0.182,0.067,0.021,faulted_bearing,45
2/13/2025 14:55,-11.983,0.158,0.866,0.112,0.081,0.014,-11.983,0.158,0.866,0.112,0.081,0.014,faulted_bearing,45
2/13/2025 14:55,-11.983,0.286,0.766,0.202,0.064,0.022,-11.983,0.286,0.766,0.202,0.064,0.022,faulted_bearing,45
2/13/2025 14:55,-11.983,0.122,0.9,0.086,0.077,0.014,-11.983,0.122,0.9,0.086,0.077,0.014,faulted_bearing,45
2/13/2025 14:56,-11.983,0.263,0.764,0.186,0.063,0.02,-11.983,0.263,0.764,0.186,0.063,0.02,faulted_bearing,45
2/13/2025 14:56,-11.983,0.124,0.851,0.088,0.08,0.015,-11.983,0.124,0.851,0.088,0.08,0.015,faulted_bearing,45
2/13/2025 14:56,-11.983,0.269,0.771,0.19,0.068,0.022,-11.983,0.269,0.771,0.19,0.068,0.022,faulted_bearing,45
2/13/2025 14:56,-11.983,0.138,0.887,0.097,0.067,0.013,-11.983,0.138,0.887,0.097,0.067,0.013,faulted_bearing,45
2/13/2025 14:56,-11.983,0.257,0.884,0.182,0.076,0.02,-11.983,0.257,0.884,0.182,0.076,0.02,faulted_bearing,45
2/13/2025 14:56,-11.983,0.134,0.871,0.095,0.066,0.014,-11.983,0.134,0.871,0.095,0.066,0.014,faulted_bearing,45
2/13/2025 14:56,-11.983,0.263,0.747,0.186,0.077,0.021,-11.983,0.263,0.747,0.186,0.077,0.021,faulted_bearing,45
2/13/2025 14:56,-11.983,0.138,0.886,0.098,0.079,0.014,-11.983,0.138,0.886,0.098,0.079,0.014,faulted_bearing,45
2/13/2025 14:56,-11.983,0.256,0.779,0.181,0.067,0.02,-11.983,0.256,0.779,0.181,0.067,0.02,faulted_bearing,45
2/13/2025 14:56,-11.983,0.146,0.781,0.103,0.078,0.014,-11.983,0.146,0.781,0.103,0.078,0.014,faulted_bearing,45
2/13/2025 14:56,-11.983,0.262,0.899,0.185,0.066,0.021,-11.983,0.262,0.899,0.185,0.066,0.021,faulted_bearing,45
2/13/2025 14:56,-11.984,0.15,0.696,0.106,0.078,0.014,-11.984,0.15,0.696,0.106,0.078,0.014,faulted_bearing,45
2/13/2025 14:56,-11.984,0.255,0.875,0.181,0.077,0.021,-11.984,0.255,0.875,0.181,0.077,0.021,faulted_bearing,45
2/13/2025 14:57,-11.984,0.138,0.776,0.098,0.067,0.014,-11.984,0.138,0.776,0.098,0.067,0.014,faulted_bearing,45
2/13/2025 14:57,-11.983,0.15,0.906,0.106,0.078,0.014,-11.983,0.15,0.906,0.106,0.078,0.014,faulted_bearing,45
2/13/2025 14:57,-11.983,0.261,0.77,0.184,0.065,0.02,-11.983,0.261,0.77,0.184,0.065,0.02,faulted_bearing,45
2/13/2025 14:57,-11.983,0.133,0.864,0.094,0.079,0.015,-11.983,0.133,0.864,0.094,0.079,0.015,faulted_bearing,45
2/13/2025 14:57,-11.983,0.262,0.754,0.185,0.067,0.014,-11.983,0.262,0.754,0.185,0.067,0.014,faulted_bearing,45
2/13/2025 14:57,-11.983,0.149,0.868,0.106,0.079,0.021,-11.983,0.149,0.868,0.106,0.079,0.021,faulted_bearing,45
2/13/2025 14:57,-11.983,0.261,0.761,0.184,0.062,0.013,-11.983,0.261,0.761,0.184,0.062,0.013,faulted_bearing,45
2/13/2025 14:57,-11.983,0.127,0.889,0.09,0.077,0.02,-11.983,0.127,0.889,0.09,0.077,0.02,faulted_bearing,45
2/13/2025 14:57,-11.983,0.28,0.779,0.198,0.069,0.014,-11.983,0.28,0.779,0.198,0.069,0.014,faulted_bearing,45
2/13/2025 14:57,-11.983,0.132,0.905,0.093,0.074,0.021,-11.983,0.132,0.905,0.093,0.074,0.021,faulted_bearing,45
2/13/2025 14:57,-11.983,0.267,0.758,0.189,0.067,0.013,-11.983,0.267,0.758,0.189,0.067,0.013,faulted_bearing,45
2/13/2025 14:57,-11.983,0.15,0.924,0.106,0.076,0.021,-11.983,0.15,0.924,0.106,0.076,0.021,faulted_bearing,45
2/13/2025 14:58,-11.983,0.267,0.785,0.189,0.066,0.014,-11.983,0.267,0.785,0.189,0.066,0.014,faulted_bearing,45
2/13/2025 14:58,-11.983,0.147,0.853,0.104,0.078,0.02,-11.983,0.147,0.853,0.104,0.078,0.02,faulted_bearing,45
2/13/2025 14:58,-11.983,0.285,0.742,0.202,0.065,0.015,-11.983,0.285,0.742,0.202,0.065,0.015,faulted_bearing,45
2/13/2025 14:58,-11.983,0.128,0.877,0.09,0.078,0.021,-11.983,0.128,0.877,0.09,0.078,0.021,faulted_bearing,45
2/13/2025 14:58,-11.983,0.259,0.768,0.183,0.07,0.014,-11.983,0.259,0.768,0.183,0.07,0.014,faulted_bearing,45
2/13/2025 14:58,-11.983,0.136,0.921,0.096,0.078,0.021,-11.983,0.136,0.921,0.096,0.078,0.021,faulted_bearing,45
2/13/2025 14:58,-11.983,0.272,0.758,0.192,0.065,0.014,-11.983,0.272,0.758,0.192,0.065,0.014,faulted_bearing,45
2/13/2025 14:58,-11.983,0.151,0.901,0.107,0.079,0.02,-11.983,0.151,0.901,0.107,0.079,0.02,faulted_bearing,45
2/13/2025 14:58,-11.983,0.276,0.759,0.195,0.067,0.014,-11.983,0.276,0.759,0.195,0.067,0.014,faulted_bearing,45
2/13/2025 14:58,-11.983,0.155,0.895,0.11,0.076,0.021,-11.983,0.155,0.895,0.11,0.076,0.021,faulted_bearing,45
2/13/2025 14:58,-11.983,0.28,0.751,0.198,0.066,0.014,-11.983,0.28,0.751,0.198,0.066,0.014,faulted_bearing,45
2/13/2025 14:58,-11.983,0.134,0.754,0.095,0.077,0.021,-11.983,0.134,0.754,0.095,0.077,0.021,faulted_bearing,45
2/13/2025 14:59,-11.983,0.29,0.879,0.205,0.069,0.015,-11.983,0.29,0.879,0.205,0.069,0.015,faulted_bearing,45
2/13/2025 14:59,-11.983,0.131,0.773,0.092,0.079,0.021,-11.983,0.131,0.773,0.092,0.079,0.021,faulted_bearing,45
2/13/2025 14:59,-11.983,0.261,0.897,0.185,0.067,0.014,-11.983,0.261,0.897,0.185,0.067,0.014,faulted_bearing,45
2/13/2025 14:59,-11.983,0.154,0.768,0.109,0.078,0.022,-11.983,0.154,0.768,0.109,0.078,0.022,faulted_bearing,45
2/13/2025 14:59,-11.983,0.26,0.855,0.184,0.079,0.013,-11.983,0.26,0.855,0.184,0.079,0.013,faulted_bearing,45
2/13/2025 14:59,-11.983,0.136,0.741,0.096,0.068,0.021,-11.983,0.136,0.741,0.096,0.068,0.021,faulted_bearing,45
2/13/2025 14:59,-11.983,0.254,0.863,0.18,0.066,0.014,-11.983,0.254,0.863,0.18,0.066,0.014,faulted_bearing,45
2/13/2025 14:59,-11.983,0.135,0.863,0.096,0.077,0.02,-11.983,0.135,0.863,0.096,0.077,0.02,faulted_bearing,45
2/13/2025 14:59,-11.983,0.265,0.761,0.187,0.068,0.014,-11.983,0.265,0.761,0.187,0.068,0.014,faulted_bearing,45
2/13/2025 14:59,-11.983,0.154,0.874,0.109,0.076,0.02,-11.983,0.154,0.874,0.109,0.076,0.02,faulted_bearing,45
2/13/2025 14:59,-11.983,0.268,0.741,0.189,0.063,0.02,-11.983,0.268,0.741,0.189,0.063,0.02,faulted_bearing,45
2/13/2025 14:59,-11.983,0.157,0.863,0.111,0.077,0.013,-11.983,0.157,0.863,0.111,0.077,0.013,faulted_bearing,45
2/13/2025 15:00,-11.983,0.267,0.737,0.189,0.066,0.02,-11.983,0.267,0.737,0.189,0.066,0.02,faulted_bearing,45
2/13/2025 15:00,-11.983,0.146,0.878,0.103,0.077,0.015,-11.983,0.146,0.878,0.103,0.077,0.015,faulted_bearing,45
2/13/2025 15:00,-11.983,0.254,0.755,0.18,0.077,0.02,-11.983,0.254,0.755,0.18,0.077,0.02,faulted_bearing,45
2/13/2025 15:00,-11.983,0.12,0.865,0.085,0.066,0.015,-11.983,0.12,0.865,0.085,0.066,0.015,faulted_bearing,45
2/13/2025 15:00,-11.983,0.267,0.794,0.189,0.079,0.021,-11.983,0.267,0.794,0.189,0.079,0.021,faulted_bearing,45
2/13/2025 15:00,-11.983,0.155,0.782,0.109,0.069,0.013,-11.983,0.155,0.782,0.109,0.069,0.013,faulted_bearing,45
2/13/2025 15:00,-11.983,0.264,0.891,0.187,0.08,0.02,-11.983,0.264,0.891,0.187,0.08,0.02,faulted_bearing,45
2/13/2025 15:00,-11.983,0.128,0.751,0.091,0.066,0.013,-11.983,0.128,0.751,0.091,0.066,0.013,faulted_bearing,45
2/13/2025 15:00,-11.983,0.272,0.857,0.192,0.078,0.02,-11.983,0.272,0.857,0.192,0.078,0.02,faulted_bearing,45
2/13/2025 15:00,-11.983,0.169,0.737,0.12,0.066,0.015,-11.983,0.169,0.737,0.12,0.066,0.015,faulted_bearing,45
2/13/2025 15:00,-11.983,0.264,0.864,0.186,0.078,0.021,-11.983,0.264,0.864,0.186,0.078,0.021,faulted_bearing,45
2/13/2025 15:00,-11.983,0.137,0.758,0.097,0.07,0.013,-11.983,0.137,0.758,0.097,0.07,0.013,faulted_bearing,45
2/13/2025 15:00,-11.983,0.267,0.863,0.188,0.067,0.021,-11.983,0.267,0.863,0.188,0.067,0.021,faulted_bearing,45
2/13/2025 15:01,-11.983,0.132,0.883,0.094,0.077,0.015,-11.983,0.132,0.883,0.094,0.077,0.015,faulted_bearing,45
2/13/2025 15:01,-11.983,0.134,0.744,0.095,0.064,0.02,-11.983,0.134,0.744,0.095,0.064,0.02,faulted_bearing,45
2/13/2025 15:01,-11.983,0.25,0.89,0.177,0.076,0.014,-11.983,0.25,0.89,0.177,0.076,0.014,faulted_bearing,45
2/13/2025 15:01,-11.984,0.264,0.779,0.187,0.067,0.021,-11.984,0.264,0.779,0.187,0.067,0.021,faulted_bearing,45
2/13/2025 15:01,-11.984,0.136,0.907,0.096,0.078,0.013,-11.984,0.136,0.907,0.096,0.078,0.013,faulted_bearing,45
2/13/2025 15:01,-11.984,0.262,0.786,0.185,0.076,0.02,-11.984,0.262,0.786,0.185,0.076,0.02,faulted_bearing,45
2/13/2025 15:01,-11.984,0.137,0.922,0.097,0.064,0.013,-11.984,0.137,0.922,0.097,0.064,0.013,faulted_bearing,45
2/13/2025 15:01,-11.984,0.286,0.76,0.202,0.077,0.021,-11.984,0.286,0.76,0.202,0.077,0.021,faulted_bearing,45
2/13/2025 15:01,-11.984,0.126,0.918,0.089,0.068,0.014,-11.984,0.126,0.918,0.089,0.068,0.014,faulted_bearing,45
2/13/2025 15:01,-11.984,0.262,0.8,0.185,0.078,0.021,-11.984,0.262,0.8,0.185,0.078,0.021,faulted_bearing,45
2/13/2025 15:01,-11.983,0.147,0.894,0.104,0.069,0.014,-11.983,0.147,0.894,0.104,0.069,0.014,faulted_bearing,45
2/13/2025 15:01,-11.983,0.26,0.772,0.184,0.076,0.022,-11.983,0.26,0.772,0.184,0.076,0.022,faulted_bearing,45
2/13/2025 15:01,-11.983,0.141,0.858,0.1,0.067,0.013,-11.983,0.141,0.858,0.1,0.067,0.013,faulted_bearing,45
2/13/2025 15:02,-11.983,0.252,0.739,0.178,0.078,0.02,-11.983,0.252,0.739,0.178,0.078,0.02,faulted_bearing,45
2/13/2025 15:02,-11.983,0.153,0.892,0.108,0.068,0.014,-11.983,0.153,0.892,0.108,0.068,0.014,faulted_bearing,45
2/13/2025 15:02,-11.983,0.258,0.764,0.183,0.076,0.02,-11.983,0.258,0.764,0.183,0.076,0.02,faulted_bearing,45
2/13/2025 15:02,-11.983,0.129,0.877,0.091,0.066,0.014,-11.983,0.129,0.877,0.091,0.066,0.014,faulted_bearing,45
2/13/2025 15:02,-11.983,0.265,0.898,0.187,0.078,0.02,-11.983,0.265,0.898,0.187,0.078,0.02,faulted_bearing,45
2/13/2025 15:02,-11.983,0.123,0.766,0.087,0.069,0.015,-11.983,0.123,0.766,0.087,0.069,0.015,faulted_bearing,45
2/13/2025 15:02,-11.984,0.267,0.891,0.189,0.075,0.021,-11.984,0.267,0.891,0.189,0.075,0.021,faulted_bearing,45
2/13/2025 15:02,-11.984,0.13,0.753,0.092,0.065,0.013,-11.984,0.13,0.753,0.092,0.065,0.013,faulted_bearing,45
2/13/2025 15:02,-11.984,0.282,0.897,0.2,0.076,0.021,-11.984,0.282,0.897,0.2,0.076,0.021,faulted_bearing,45
2/13/2025 15:02,-11.984,0.133,0.765,0.094,0.067,0.013,-11.984,0.133,0.765,0.094,0.067,0.013,faulted_bearing,45
2/13/2025 15:02,-11.984,0.285,0.864,0.201,0.08,0.021,-11.984,0.285,0.864,0.201,0.08,0.021,faulted_bearing,45
2/13/2025 15:03,-11.984,0.142,0.783,0.101,0.068,0.014,-11.984,0.142,0.783,0.101,0.068,0.014,faulted_bearing,45
2/13/2025 15:03,-11.984,0.262,0.896,0.185,0.078,0.021,-11.984,0.262,0.896,0.185,0.078,0.021,faulted_bearing,45
2/13/2025 15:03,-11.984,0.121,0.773,0.086,0.079,0.014,-11.984,0.121,0.773,0.086,0.079,0.014,faulted_bearing,45
2/13/2025 15:03,-11.984,0.277,0.811,0.196,0.065,0.022,-11.984,0.277,0.811,0.196,0.065,0.022,faulted_bearing,45
2/13/2025 15:03,-11.984,0.142,0.906,0.101,0.076,0.014,-11.984,0.142,0.906,0.101,0.076,0.014,faulted_bearing,45
2/13/2025 15:03,-11.984,0.278,0.79,0.196,0.066,0.021,-11.984,0.278,0.79,0.196,0.066,0.021,faulted_bearing,45
2/13/2025 15:03,-11.984,0.159,0.907,0.113,0.08,0.013,-11.984,0.159,0.907,0.113,0.08,0.013,faulted_bearing,45
2/13/2025 15:03,-11.984,0.251,0.755,0.178,0.065,0.021,-11.984,0.251,0.755,0.178,0.065,0.021,faulted_bearing,45
2/13/2025 15:03,-11.984,0.133,0.899,0.094,0.076,0.014,-11.984,0.133,0.899,0.094,0.076,0.014,faulted_bearing,45
2/13/2025 15:03,-11.984,0.264,0.773,0.187,0.068,0.021,-11.984,0.264,0.773,0.187,0.068,0.021,faulted_bearing,45
2/13/2025 15:03,-11.984,0.135,0.896,0.095,0.08,0.015,-11.984,0.135,0.896,0.095,0.08,0.015,faulted_bearing,45
2/13/2025 15:03,-11.984,0.274,0.77,0.194,0.067,0.02,-11.984,0.274,0.77,0.194,0.067,0.02,faulted_bearing,45
2/13/2025 15:03,-11.984,0.137,0.889,0.097,0.079,0.013,-11.984,0.137,0.889,0.097,0.079,0.013,faulted_bearing,45
2/13/2025 15:03,-11.984,0.266,0.784,0.188,0.069,0.021,-11.984,0.266,0.784,0.188,0.069,0.021,faulted_bearing,45
2/13/2025 15:04,-11.984,0.151,0.897,0.107,0.08,0.014,-11.984,0.151,0.897,0.107,0.08,0.014,faulted_bearing,45
2/13/2025 15:04,-11.984,0.28,0.78,0.198,0.068,0.021,-11.984,0.28,0.78,0.198,0.068,0.021,faulted_bearing,45
2/13/2025 15:04,-11.984,0.142,0.881,0.1,0.077,0.014,-11.984,0.142,0.881,0.1,0.077,0.014,faulted_bearing,45
2/13/2025 15:04,-11.984,0.265,0.749,0.188,0.065,0.02,-11.984,0.265,0.749,0.188,0.065,0.02,faulted_bearing,45
2/13/2025 15:04,-11.984,0.131,0.897,0.093,0.078,0.015,-11.984,0.131,0.897,0.093,0.078,0.015,faulted_bearing,45
2/13/2025 15:04,-11.984,0.266,0.743,0.188,0.066,0.022,-11.984,0.266,0.743,0.188,0.066,0.022,faulted_bearing,45
2/13/2025 15:04,-11.984,0.141,0.875,0.099,0.077,0.014,-11.984,0.141,0.875,0.099,0.077,0.014,faulted_bearing,45
2/13/2025 15:04,-11.984,0.263,0.764,0.186,0.078,0.021,-11.984,0.263,0.764,0.186,0.078,0.021,faulted_bearing,45
2/13/2025 15:04,-11.984,0.122,0.888,0.087,0.066,0.013,-11.984,0.122,0.888,0.087,0.066,0.013,faulted_bearing,45
2/13/2025 15:04,-11.984,0.269,0.723,0.19,0.077,0.021,-11.984,0.269,0.723,0.19,0.077,0.021,faulted_bearing,45
2/13/2025 15:04,-11.984,0.126,0.906,0.089,0.067,0.014,-11.984,0.126,0.906,0.089,0.067,0.014,faulted_bearing,45
2/13/2025 15:04,-11.984,0.278,0.739,0.197,0.08,0.021,-11.984,0.278,0.739,0.197,0.08,0.021,faulted_bearing,45
2/13/2025 15:05,-11.984,0.136,0.862,0.096,0.064,0.013,-11.984,0.136,0.862,0.096,0.064,0.013,faulted_bearing,45
2/13/2025 15:05,-11.984,0.274,0.776,0.194,0.078,0.021,-11.984,0.274,0.776,0.194,0.078,0.021,faulted_bearing,45
2/13/2025 15:05,-11.984,0.139,0.906,0.098,0.065,0.014,-11.984,0.139,0.906,0.098,0.065,0.014,faulted_bearing,45
2/13/2025 15:05,-11.984,0.28,0.849,0.198,0.068,0.022,-11.984,0.28,0.849,0.198,0.068,0.022,faulted_bearing,45
2/13/2025 15:05,-11.984,0.257,0.789,0.182,0.078,0.014,-11.984,0.257,0.789,0.182,0.078,0.014,faulted_bearing,45
2/13/2025 15:05,-11.984,0.144,0.883,0.102,0.066,0.022,-11.984,0.144,0.883,0.102,0.066,0.022,faulted_bearing,45
2/13/2025 15:05,-11.984,0.263,0.758,0.186,0.077,0.014,-11.984,0.263,0.758,0.186,0.077,0.014,faulted_bearing,45
2/13/2025 15:05,-11.984,0.136,0.892,0.096,0.067,0.022,-11.984,0.136,0.892,0.096,0.067,0.022,faulted_bearing,45
2/13/2025 15:05,-11.984,0.268,0.879,0.189,0.077,0.021,-11.984,0.268,0.879,0.189,0.077,0.021,faulted_bearing,45
2/13/2025 15:05,-11.984,0.125,0.725,0.089,0.068,0.014,-11.984,0.125,0.725,0.089,0.068,0.014,faulted_bearing,45
2/13/2025 15:05,-11.984,0.271,0.859,0.192,0.079,0.021,-11.984,0.271,0.859,0.192,0.079,0.021,faulted_bearing,45
2/13/2025 15:05,-11.984,0.136,0.724,0.096,0.069,0.014,-11.984,0.136,0.724,0.096,0.069,0.014,faulted_bearing,45
2/13/2025 15:05,-11.984,0.259,0.885,0.183,0.078,0.021,-11.984,0.259,0.885,0.183,0.078,0.021,faulted_bearing,45
2/13/2025 15:05,-11.984,0.134,0.759,0.095,0.077,0.013,-11.984,0.134,0.759,0.095,0.077,0.013,faulted_bearing,45
2/13/2025 15:06,-11.984,0.277,0.86,0.196,0.065,0.021,-11.984,0.277,0.86,0.196,0.065,0.021,faulted_bearing,45
2/13/2025 15:06,-11.984,0.134,0.754,0.095,0.078,0.014,-11.984,0.134,0.754,0.095,0.078,0.014,faulted_bearing,45
2/13/2025 15:06,-11.984,0.267,0.91,0.189,0.066,0.021,-11.984,0.267,0.91,0.189,0.066,0.021,faulted_bearing,45
2/13/2025 15:06,-11.984,0.162,0.768,0.115,0.079,0.013,-11.984,0.162,0.768,0.115,0.079,0.013,faulted_bearing,45
2/13/2025 15:06,-11.984,0.133,0.879,0.094,0.066,0.022,-11.984,0.133,0.879,0.094,0.066,0.022,faulted_bearing,45
2/13/2025 15:06,-11.984,0.263,0.771,0.186,0.077,0.014,-11.984,0.263,0.771,0.186,0.077,0.014,faulted_bearing,45
2/13/2025 15:06,-11.984,0.148,0.738,0.104,0.068,0.021,-11.984,0.148,0.738,0.104,0.068,0.021,faulted_bearing,45
2/13/2025 15:06,-11.984,0.268,0.901,0.19,0.079,0.015,-11.984,0.268,0.901,0.19,0.079,0.015,faulted_bearing,45
2/13/2025 15:06,-11.984,0.121,0.741,0.086,0.065,0.013,-11.984,0.121,0.741,0.086,0.065,0.013,faulted_bearing,45
2/13/2025 15:06,-11.984,0.283,0.938,0.2,0.078,0.021,-11.984,0.283,0.938,0.2,0.078,0.021,faulted_bearing,45
2/13/2025 15:06,-11.984,0.139,0.768,0.098,0.066,0.015,-11.984,0.139,0.768,0.098,0.066,0.015,faulted_bearing,45
2/13/2025 15:07,-11.984,0.27,0.857,0.191,0.079,0.021,-11.984,0.27,0.857,0.191,0.079,0.021,faulted_bearing,45
2/13/2025 15:07,-11.984,0.137,0.727,0.097,0.069,0.014,-11.984,0.137,0.727,0.097,0.069,0.014,faulted_bearing,45
2/13/2025 15:07,-11.984,0.263,0.866,0.186,0.082,0.021,-11.984,0.263,0.866,0.186,0.082,0.021,faulted_bearing,45
2/13/2025 15:07,-11.984,0.138,0.753,0.098,0.067,0.014,-11.984,0.138,0.753,0.098,0.067,0.014,faulted_bearing,45
2/13/2025 15:07,-11.984,0.266,0.743,0.188,0.075,0.021,-11.984,0.266,0.743,0.188,0.075,0.021,faulted_bearing,45
2/13/2025 15:07,-11.984,0.142,0.864,0.1,0.076,0.014,-11.984,0.142,0.864,0.1,0.076,0.014,faulted_bearing,45
2/13/2025 15:07,-11.984,0.288,0.754,0.204,0.065,0.021,-11.984,0.288,0.754,0.204,0.065,0.021,faulted_bearing,45
2/13/2025 15:07,-11.984,0.131,0.891,0.093,0.08,0.014,-11.984,0.131,0.891,0.093,0.08,0.014,faulted_bearing,45
2/13/2025 15:07,-11.984,0.281,0.748,0.198,0.066,0.021,-11.984,0.281,0.748,0.198,0.066,0.021,faulted_bearing,45
2/13/2025 15:07,-11.984,0.124,0.887,0.088,0.068,0.014,-11.984,0.124,0.887,0.088,0.068,0.014,faulted_bearing,45
2/13/2025 15:07,-11.984,0.27,0.843,0.191,0.08,0.022,-11.984,0.27,0.843,0.191,0.08,0.022,faulted_bearing,45
2/13/2025 15:07,-11.984,0.141,0.764,0.099,0.067,0.014,-11.984,0.141,0.764,0.099,0.067,0.014,faulted_bearing,45
2/13/2025 15:07,-11.984,0.253,0.761,0.179,0.076,0.022,-11.984,0.253,0.761,0.179,0.076,0.022,faulted_bearing,45
2/13/2025 15:08,-11.984,0.12,0.938,0.085,0.069,0.013,-11.984,0.12,0.938,0.085,0.069,0.013,faulted_bearing,45
2/13/2025 15:08,-11.984,0.28,0.756,0.198,0.076,0.021,-11.984,0.28,0.756,0.198,0.076,0.021,faulted_bearing,45
2/13/2025 15:08,-11.984,0.14,0.87,0.099,0.069,0.014,-11.984,0.14,0.87,0.099,0.069,0.014,faulted_bearing,45
2/13/2025 15:08,-11.984,0.264,0.753,0.187,0.077,0.02,-11.984,0.264,0.753,0.187,0.077,0.02,faulted_bearing,45
2/13/2025 15:08,-11.984,0.154,0.883,0.109,0.068,0.013,-11.984,0.154,0.883,0.109,0.068,0.013,faulted_bearing,45
2/13/2025 15:08,-11.984,0.267,0.722,0.189,0.079,0.022,-11.984,0.267,0.722,0.189,0.079,0.022,faulted_bearing,45
2/13/2025 15:08,-11.984,0.141,0.882,0.1,0.067,0.014,-11.984,0.141,0.882,0.1,0.067,0.014,faulted_bearing,45
2/13/2025 15:08,-11.984,0.248,0.78,0.176,0.077,0.021,-11.984,0.248,0.78,0.176,0.077,0.021,faulted_bearing,45
2/13/2025 15:08,-11.984,0.256,0.895,0.181,0.066,0.015,-11.984,0.256,0.895,0.181,0.066,0.015,faulted_bearing,45
2/13/2025 15:08,-11.984,0.135,0.74,0.096,0.074,0.021,-11.984,0.135,0.74,0.096,0.074,0.021,faulted_bearing,45
2/13/2025 15:08,-11.984,0.264,0.941,0.186,0.077,0.015,-11.984,0.264,0.941,0.186,0.077,0.015,faulted_bearing,45
2/13/2025 15:08,-11.984,0.134,0.759,0.094,0.065,0.02,-11.984,0.134,0.759,0.094,0.065,0.02,faulted_bearing,45
2/13/2025 15:08,-11.984,0.148,0.928,0.105,0.077,0.02,-11.984,0.148,0.928,0.105,0.077,0.02,faulted_bearing,45
2/13/2025 15:09,-11.984,0.253,0.896,0.179,0.067,0.014,-11.984,0.253,0.896,0.179,0.067,0.014,faulted_bearing,45
2/13/2025 15:09,-11.984,0.135,0.769,0.095,0.076,0.021,-11.984,0.135,0.769,0.095,0.076,0.021,faulted_bearing,45
2/13/2025 15:09,-11.984,0.255,0.761,0.18,0.068,0.014,-11.984,0.255,0.761,0.18,0.068,0.014,faulted_bearing,45
2/13/2025 15:09,-11.984,0.247,0.878,0.175,0.081,0.014,-11.984,0.247,0.878,0.175,0.081,0.014,faulted_bearing,45
2/13/2025 15:09,-11.984,0.153,0.782,0.108,0.074,0.021,-11.984,0.153,0.782,0.108,0.074,0.021,faulted_bearing,45
2/13/2025 15:09,-11.984,0.259,0.857,0.183,0.078,0.014,-11.984,0.259,0.857,0.183,0.078,0.014,faulted_bearing,45
2/13/2025 15:09,-11.984,0.132,0.764,0.094,0.066,0.02,-11.984,0.132,0.764,0.094,0.066,0.02,faulted_bearing,45
2/13/2025 15:09,-11.984,0.152,0.938,0.108,0.077,0.02,-11.984,0.152,0.938,0.108,0.077,0.02,faulted_bearing,45
2/13/2025 15:09,-11.984,0.272,0.742,0.193,0.068,0.015,-11.984,0.272,0.742,0.193,0.068,0.015,faulted_bearing,45
2/13/2025 15:09,-11.984,0.136,0.771,0.096,0.078,0.02,-11.984,0.136,0.771,0.096,0.078,0.02,faulted_bearing,45
2/13/2025 15:09,-11.984,0.269,0.891,0.19,0.068,0.014,-11.984,0.269,0.891,0.19,0.068,0.014,faulted_bearing,45
2/13/2025 15:09,-11.984,0.144,0.748,0.102,0.078,0.014,-11.984,0.144,0.748,0.102,0.078,0.014,faulted_bearing,45
2/13/2025 15:09,-11.983,0.261,0.928,0.184,0.066,0.021,-11.983,0.261,0.928,0.184,0.066,0.021,faulted_bearing,45
2/13/2025 15:10,-11.984,0.26,0.742,0.184,0.083,0.014,-11.984,0.26,0.742,0.184,0.083,0.014,faulted_bearing,45
2/13/2025 15:10,-11.984,0.139,0.874,0.099,0.066,0.021,-11.984,0.139,0.874,0.099,0.066,0.021,faulted_bearing,45
2/13/2025 15:10,-11.983,0.277,0.776,0.196,0.068,0.014,-11.983,0.277,0.776,0.196,0.068,0.014,faulted_bearing,45
2/13/2025 15:10,-11.984,0.151,0.891,0.107,0.081,0.02,-11.984,0.151,0.891,0.107,0.081,0.02,faulted_bearing,45
2/13/2025 15:10,-11.984,0.146,0.75,0.103,0.067,0.02,-11.984,0.146,0.75,0.103,0.067,0.02,faulted_bearing,45
2/13/2025 15:10,-11.983,0.259,0.899,0.183,0.081,0.014,-11.983,0.259,0.899,0.183,0.081,0.014,faulted_bearing,45
2/13/2025 15:10,-11.984,0.142,0.77,0.1,0.073,0.022,-11.984,0.142,0.77,0.1,0.073,0.022,faulted_bearing,45
2/13/2025 15:10,-11.984,0.264,0.867,0.186,0.068,0.015,-11.984,0.264,0.867,0.186,0.068,0.015,faulted_bearing,45
2/13/2025 15:10,-11.984,0.136,0.76,0.096,0.076,0.014,-11.984,0.136,0.76,0.096,0.076,0.014,faulted_bearing,45
2/13/2025 15:10,-11.984,0.273,0.883,0.193,0.07,0.02,-11.984,0.273,0.883,0.193,0.07,0.02,faulted_bearing,45
2/13/2025 15:10,-11.984,0.253,0.782,0.179,0.077,0.014,-11.984,0.253,0.782,0.179,0.077,0.014,faulted_bearing,45
2/13/2025 15:10,-11.984,0.166,0.882,0.117,0.066,0.021,-11.984,0.166,0.882,0.117,0.066,0.021,faulted_bearing,45
2/13/2025 15:11,-11.984,0.267,0.76,0.188,0.078,0.015,-11.984,0.267,0.76,0.188,0.078,0.015,faulted_bearing,45
2/13/2025 15:11,-11.984,0.147,0.876,0.104,0.067,0.021,-11.984,0.147,0.876,0.104,0.067,0.021,faulted_bearing,45
2/13/2025 15:11,-11.984,0.202,0.762,0.143,0.076,0.021,-11.984,0.202,0.762,0.143,0.076,0.021,faulted_bearing,45
2/13/2025 15:11,-11.984,0.265,0.879,0.187,0.067,0.015,-11.984,0.265,0.879,0.187,0.067,0.015,faulted_bearing,45
2/13/2025 15:11,-11.984,0.137,0.79,0.097,0.079,0.022,-11.984,0.137,0.79,0.097,0.079,0.022,faulted_bearing,45
2/13/2025 15:11,-11.984,0.257,0.761,0.182,0.068,0.015,-11.984,0.257,0.761,0.182,0.068,0.015,faulted_bearing,45
2/13/2025 15:11,-11.984,0.133,0.752,0.094,0.078,0.021,-11.984,0.133,0.752,0.094,0.078,0.021,faulted_bearing,45
2/13/2025 15:11,-11.984,0.262,0.861,0.185,0.065,0.014,-11.984,0.262,0.861,0.185,0.065,0.014,faulted_bearing,45
2/13/2025 15:11,-11.984,0.143,0.884,0.101,0.076,0.021,-11.984,0.143,0.884,0.101,0.076,0.021,faulted_bearing,45
2/13/2025 15:11,-11.984,0.309,0.814,0.219,0.065,0.014,-11.984,0.309,0.814,0.219,0.065,0.014,faulted_bearing,45
2/13/2025 15:11,-11.984,0.13,0.768,0.092,0.081,0.021,-11.984,0.13,0.768,0.092,0.081,0.021,faulted_bearing,45
2/13/2025 15:11,-11.984,0.269,0.872,0.19,0.065,0.014,-11.984,0.269,0.872,0.19,0.065,0.014,faulted_bearing,45
2/13/2025 15:11,-11.984,0.12,0.748,0.085,0.079,0.023,-11.984,0.12,0.748,0.085,0.079,0.023,faulted_bearing,45
2/13/2025 15:12,-11.984,0.266,0.88,0.188,0.07,0.013,-11.984,0.266,0.88,0.188,0.07,0.013,faulted_bearing,45
2/13/2025 15:12,-11.984,0.137,0.752,0.097,0.083,0.021,-11.984,0.137,0.752,0.097,0.083,0.021,faulted_bearing,45
2/13/2025 15:12,-11.984,0.266,0.863,0.188,0.072,0.013,-11.984,0.266,0.863,0.188,0.072,0.013,faulted_bearing,45
2/13/2025 15:12,-11.984,0.138,0.805,0.097,0.066,0.021,-11.984,0.138,0.805,0.097,0.066,0.021,faulted_bearing,45
2/13/2025 15:12,-11.984,0.286,0.772,0.202,0.076,0.014,-11.984,0.286,0.772,0.202,0.076,0.014,faulted_bearing,45
2/13/2025 15:12,-11.984,0.262,0.865,0.185,0.065,0.021,-11.984,0.262,0.865,0.185,0.065,0.021,faulted_bearing,45
2/13/2025 15:12,-11.984,0.139,0.76,0.098,0.078,0.015,-11.984,0.139,0.76,0.098,0.078,0.015,faulted_bearing,45
2/13/2025 15:12,-11.983,0.271,0.869,0.192,0.068,0.022,-11.983,0.271,0.869,0.192,0.068,0.022,faulted_bearing,45
2/13/2025 15:12,-11.984,0.138,0.781,0.098,0.068,0.021,-11.984,0.138,0.781,0.098,0.068,0.021,faulted_bearing,45
2/13/2025 15:12,-11.983,0.264,0.746,0.186,0.077,0.014,-11.983,0.264,0.746,0.186,0.077,0.014,faulted_bearing,45
2/13/2025 15:12,-11.983,0.133,0.897,0.094,0.07,0.021,-11.983,0.133,0.897,0.094,0.07,0.021,faulted_bearing,45
2/13/2025 15:13,-11.983,0.258,0.774,0.183,0.076,0.014,-11.983,0.258,0.774,0.183,0.076,0.014,faulted_bearing,45
2/13/2025 15:13,-11.983,0.271,0.854,0.192,0.076,0.021,-11.983,0.271,0.854,0.192,0.076,0.021,faulted_bearing,45
2/13/2025 15:13,-11.983,0.126,0.877,0.089,0.065,0.013,-11.983,0.126,0.877,0.089,0.065,0.013,faulted_bearing,45
2/13/2025 15:13,-11.983,0.266,0.745,0.188,0.078,0.02,-11.983,0.266,0.745,0.188,0.078,0.02,faulted_bearing,45
2/13/2025 15:13,-11.983,0.135,0.876,0.096,0.07,0.021,-11.983,0.135,0.876,0.096,0.07,0.021,faulted_bearing,45
2/13/2025 15:13,-11.983,0.275,0.775,0.194,0.068,0.014,-11.983,0.275,0.775,0.194,0.068,0.014,faulted_bearing,45
2/13/2025 15:13,-11.984,0.128,0.736,0.09,0.08,0.021,-11.984,0.128,0.736,0.09,0.08,0.021,faulted_bearing,45
2/13/2025 15:13,-11.983,0.267,0.937,0.189,0.064,0.013,-11.983,0.267,0.937,0.189,0.064,0.013,faulted_bearing,45
2/13/2025 15:13,-11.983,0.228,0.769,0.162,0.074,0.022,-11.983,0.228,0.769,0.162,0.074,0.022,faulted_bearing,45
2/13/2025 15:13,-11.983,0.137,0.919,0.097,0.077,0.013,-11.983,0.137,0.919,0.097,0.077,0.013,faulted_bearing,45
2/13/2025 15:13,-11.983,0.266,0.881,0.188,0.066,0.021,-11.983,0.266,0.881,0.188,0.066,0.021,faulted_bearing,45
2/13/2025 15:13,-11.983,0.144,0.788,0.102,0.07,0.019,-11.983,0.144,0.788,0.102,0.07,0.019,faulted_bearing,45
2/13/2025 15:14,-11.983,0.185,0.764,0.131,0.076,0.013,-11.983,0.185,0.764,0.131,0.076,0.013,faulted_bearing,45
2/13/2025 15:14,-11.983,0.267,0.891,0.189,0.067,0.02,-11.983,0.267,0.891,0.189,0.067,0.02,faulted_bearing,45
2/13/2025 15:14,-11.983,0.125,0.757,0.088,0.08,0.014,-11.983,0.125,0.757,0.088,0.08,0.014,faulted_bearing,45
2/13/2025 15:14,-11.983,0.268,0.852,0.19,0.067,0.016,-11.983,0.268,0.852,0.19,0.067,0.016,faulted_bearing,45
2/13/2025 15:14,-11.983,0.254,0.853,0.18,0.077,0.021,-11.983,0.254,0.853,0.18,0.077,0.021,faulted_bearing,45
2/13/2025 15:14,-11.983,0.124,0.78,0.087,0.08,0.013,-11.983,0.124,0.78,0.087,0.08,0.013,faulted_bearing,45
2/13/2025 15:14,-11.983,0.281,0.885,0.199,0.071,0.021,-11.983,0.281,0.885,0.199,0.071,0.021,faulted_bearing,45
2/13/2025 15:14,-11.983,0.122,0.771,0.086,0.068,0.02,-11.983,0.122,0.771,0.086,0.068,0.02,faulted_bearing,45
2/13/2025 15:14,-11.983,0.254,0.853,0.18,0.08,0.013,-11.983,0.254,0.853,0.18,0.08,0.013,faulted_bearing,45
2/13/2025 15:14,-11.983,0.134,0.76,0.095,0.065,0.022,-11.983,0.134,0.76,0.095,0.065,0.022,faulted_bearing,45
2/13/2025 15:14,-11.983,0.251,0.874,0.178,0.077,0.013,-11.983,0.251,0.874,0.178,0.077,0.013,faulted_bearing,45
2/13/2025 15:14,-11.983,0.136,0.867,0.096,0.076,0.02,-11.983,0.136,0.867,0.096,0.076,0.02,faulted_bearing,45
2/13/2025 15:14,-11.983,0.172,0.764,0.122,0.069,0.014,-11.983,0.172,0.764,0.122,0.069,0.014,faulted_bearing,45
2/13/2025 15:14,-11.983,0.269,0.908,0.19,0.077,0.02,-11.983,0.269,0.908,0.19,0.077,0.02,faulted_bearing,45
2/13/2025 15:15,-11.983,0.146,0.775,0.103,0.07,0.014,-11.983,0.146,0.775,0.103,0.07,0.014,faulted_bearing,45
2/13/2025 15:15,-11.983,0.26,0.743,0.184,0.069,0.016,-11.983,0.26,0.743,0.184,0.069,0.016,faulted_bearing,45
2/13/2025 15:15,-11.983,0.249,0.919,0.176,0.076,0.021,-11.983,0.249,0.919,0.176,0.076,0.021,faulted_bearing,45
2/13/2025 15:15,-11.983,0.129,0.747,0.091,0.067,0.014,-11.983,0.129,0.747,0.091,0.067,0.014,faulted_bearing,45
2/13/2025 15:15,-11.983,0.275,0.889,0.194,0.08,0.021,-11.983,0.275,0.889,0.194,0.08,0.021,faulted_bearing,45
2/13/2025 15:15,-11.983,0.132,0.767,0.094,0.075,0.014,-11.983,0.132,0.767,0.094,0.075,0.014,faulted_bearing,45
2/13/2025 15:15,-11.983,0.139,0.868,0.098,0.065,0.021,-11.983,0.139,0.868,0.098,0.065,0.021,faulted_bearing,45
2/13/2025 15:15,-11.983,0.264,0.783,0.187,0.078,0.015,-11.983,0.264,0.783,0.187,0.078,0.015,faulted_bearing,45
2/13/2025 15:15,-11.983,0.147,0.752,0.104,0.067,0.014,-11.983,0.147,0.752,0.104,0.067,0.014,faulted_bearing,45
2/13/2025 15:15,-11.983,0.262,0.881,0.185,0.062,0.021,-11.983,0.262,0.881,0.185,0.062,0.021,faulted_bearing,45
2/13/2025 15:15,-11.983,0.272,0.771,0.192,0.076,0.014,-11.983,0.272,0.771,0.192,0.076,0.014,faulted_bearing,45
2/13/2025 15:16,-11.983,0.134,0.936,0.095,0.068,0.021,-11.983,0.134,0.936,0.095,0.068,0.021,faulted_bearing,45
2/13/2025 15:16,-11.983,0.165,0.76,0.117,0.078,0.014,-11.983,0.165,0.76,0.117,0.078,0.014,faulted_bearing,45
2/13/2025 15:16,-11.983,0.279,0.771,0.197,0.068,0.015,-11.983,0.279,0.771,0.197,0.068,0.015,faulted_bearing,45
2/13/2025 15:16,-11.983,0.14,0.866,0.099,0.067,0.021,-11.983,0.14,0.866,0.099,0.067,0.021,faulted_bearing,45
2/13/2025 15:16,-11.983,0.266,0.764,0.188,0.076,0.014,-11.983,0.266,0.764,0.188,0.076,0.014,faulted_bearing,45
2/13/2025 15:16,-11.983,0.24,0.943,0.17,0.067,0.021,-11.983,0.24,0.943,0.17,0.067,0.021,faulted_bearing,45
2/13/2025 15:16,-11.983,0.154,0.872,0.109,0.078,0.019,-11.983,0.154,0.872,0.109,0.078,0.019,faulted_bearing,45
2/13/2025 15:16,-11.983,0.271,0.802,0.192,0.067,0.015,-11.983,0.271,0.802,0.192,0.067,0.015,faulted_bearing,45
2/13/2025 15:16,-11.983,0.15,0.791,0.106,0.079,0.021,-11.983,0.15,0.791,0.106,0.079,0.021,faulted_bearing,45
2/13/2025 15:16,-11.983,0.175,0.905,0.124,0.078,0.014,-11.983,0.175,0.905,0.124,0.078,0.014,faulted_bearing,45
2/13/2025 15:16,-11.983,0.257,0.848,0.182,0.068,0.015,-11.983,0.257,0.848,0.182,0.068,0.015,faulted_bearing,45
2/13/2025 15:16,-11.983,0.117,0.749,0.083,0.077,0.02,-11.983,0.117,0.749,0.083,0.077,0.02,faulted_bearing,45
2/13/2025 15:17,-11.983,0.264,0.883,0.187,0.068,0.013,-11.983,0.264,0.883,0.187,0.068,0.013,faulted_bearing,45
2/13/2025 15:17,-11.983,0.246,0.768,0.174,0.074,0.021,-11.983,0.246,0.768,0.174,0.074,0.021,faulted_bearing,45
2/13/2025 15:17,-11.983,0.129,0.862,0.091,0.077,0.02,-11.983,0.129,0.862,0.091,0.077,0.02,faulted_bearing,45
2/13/2025 15:17,-11.983,0.277,0.775,0.196,0.067,0.014,-11.983,0.277,0.775,0.196,0.067,0.014,faulted_bearing,45
2/13/2025 15:17,-11.983,0.129,0.895,0.091,0.078,0.021,-11.983,0.129,0.895,0.091,0.078,0.021,faulted_bearing,45
2/13/2025 15:17,-11.983,0.28,0.759,0.198,0.074,0.014,-11.983,0.28,0.759,0.198,0.074,0.014,faulted_bearing,45
2/13/2025 15:17,-11.983,0.133,0.774,0.094,0.068,0.021,-11.983,0.133,0.774,0.094,0.068,0.021,faulted_bearing,45
2/13/2025 15:17,-11.983,0.269,0.904,0.191,0.078,0.014,-11.983,0.269,0.904,0.191,0.078,0.014,faulted_bearing,45
2/13/2025 15:17,-11.983,0.254,0.788,0.18,0.068,0.021,-11.983,0.254,0.788,0.18,0.068,0.021,faulted_bearing,45
2/13/2025 15:17,-11.983,0.135,0.867,0.096,0.078,0.02,-11.983,0.135,0.867,0.096,0.078,0.02,faulted_bearing,45
2/13/2025 15:17,-11.984,0.27,0.784,0.191,0.069,0.014,-11.984,0.27,0.784,0.191,0.069,0.014,faulted_bearing,45
2/13/2025 15:17,-11.983,0.131,0.862,0.092,0.077,0.021,-11.983,0.131,0.862,0.092,0.077,0.021,faulted_bearing,45
2/13/2025 15:17,-11.983,0.265,0.765,0.188,0.07,0.015,-11.983,0.265,0.765,0.188,0.07,0.015,faulted_bearing,45
2/13/2025 15:18,-11.983,0.128,0.898,0.091,0.066,0.014,-11.983,0.128,0.898,0.091,0.066,0.014,faulted_bearing,45
2/13/2025 15:18,-11.983,0.267,0.771,0.189,0.08,0.02,-11.983,0.267,0.771,0.189,0.08,0.02,faulted_bearing,45
2/13/2025 15:18,-11.983,0.143,0.893,0.101,0.067,0.013,-11.983,0.143,0.893,0.101,0.067,0.013,faulted_bearing,45
2/13/2025 15:18,-11.983,0.264,0.742,0.187,0.077,0.02,-11.983,0.264,0.742,0.187,0.077,0.02,faulted_bearing,45
2/13/2025 15:18,-11.983,0.2,0.756,0.141,0.074,0.014,-11.983,0.2,0.756,0.141,0.074,0.014,faulted_bearing,45
2/13/2025 15:18,-11.983,0.139,0.883,0.098,0.069,0.017,-11.983,0.139,0.883,0.098,0.069,0.017,faulted_bearing,45
2/13/2025 15:18,-11.983,0.282,0.856,0.2,0.075,0.021,-11.983,0.282,0.856,0.2,0.075,0.021,faulted_bearing,45
2/13/2025 15:18,-11.983,0.257,0.76,0.182,0.068,0.014,-11.983,0.257,0.76,0.182,0.068,0.014,faulted_bearing,45
2/13/2025 15:18,-11.983,0.134,0.884,0.095,0.08,0.022,-11.983,0.134,0.884,0.095,0.08,0.022,faulted_bearing,45
2/13/2025 15:18,-11.983,0.263,0.761,0.186,0.068,0.021,-11.983,0.263,0.761,0.186,0.068,0.021,faulted_bearing,45
2/13/2025 15:18,-11.983,0.152,0.878,0.107,0.074,0.014,-11.983,0.152,0.878,0.107,0.074,0.014,faulted_bearing,45
2/13/2025 15:18,-11.983,0.256,0.784,0.181,0.076,0.02,-11.983,0.256,0.784,0.181,0.076,0.02,faulted_bearing,45
2/13/2025 15:18,-11.983,0.264,0.834,0.186,0.064,0.014,-11.983,0.264,0.834,0.186,0.064,0.014,faulted_bearing,45
2/13/2025 15:18,-11.983,0.136,0.886,0.096,0.075,0.02,-11.983,0.136,0.886,0.096,0.075,0.02,faulted_bearing,45
2/13/2025 15:19,-11.983,0.146,0.754,0.103,0.074,0.021,-11.983,0.146,0.754,0.103,0.074,0.021,faulted_bearing,45
2/13/2025 15:19,-11.983,0.27,0.894,0.191,0.065,0.014,-11.983,0.27,0.894,0.191,0.065,0.014,faulted_bearing,45
2/13/2025 15:19,-11.983,0.134,0.85,0.095,0.072,0.015,-11.983,0.134,0.85,0.095,0.072,0.015,faulted_bearing,45
2/13/2025 15:19,-11.983,0.269,0.779,0.19,0.076,0.021,-11.983,0.269,0.779,0.19,0.076,0.021,faulted_bearing,45
2/13/2025 15:19,-11.983,0.162,0.88,0.114,0.067,0.014,-11.983,0.162,0.88,0.114,0.067,0.014,faulted_bearing,45
2/13/2025 15:19,-11.983,0.261,0.728,0.184,0.077,0.021,-11.983,0.261,0.728,0.184,0.077,0.021,faulted_bearing,45
2/13/2025 15:19,-11.983,0.147,0.732,0.104,0.068,0.021,-11.983,0.147,0.732,0.104,0.068,0.021,faulted_bearing,45
2/13/2025 15:19,-11.983,0.265,0.889,0.187,0.074,0.015,-11.983,0.265,0.889,0.187,0.074,0.015,faulted_bearing,45
2/13/2025 15:19,-11.983,0.254,0.749,0.18,0.08,0.021,-11.983,0.254,0.749,0.18,0.08,0.021,faulted_bearing,45
2/13/2025 15:19,-11.983,0.147,0.865,0.104,0.065,0.014,-11.983,0.147,0.865,0.104,0.065,0.014,faulted_bearing,45
2/13/2025 15:19,-11.983,0.268,0.751,0.19,0.079,0.02,-11.983,0.268,0.751,0.19,0.079,0.02,faulted_bearing,45
2/13/2025 15:20,-11.983,0.128,0.871,0.09,0.076,0.02,-11.983,0.128,0.871,0.09,0.076,0.02,faulted_bearing,45
2/13/2025 15:20,-11.983,0.157,0.829,0.111,0.066,0.014,-11.983,0.157,0.829,0.111,0.066,0.014,faulted_bearing,45
2/13/2025 15:20,-11.983,0.256,0.771,0.181,0.076,0.021,-11.983,0.256,0.771,0.181,0.076,0.021,faulted_bearing,45
2/13/2025 15:20,-11.983,0.142,0.873,0.101,0.068,0.014,-11.983,0.142,0.873,0.101,0.068,0.014,faulted_bearing,45
2/13/2025 15:20,-11.983,0.274,0.78,0.194,0.066,0.015,-11.983,0.274,0.78,0.194,0.066,0.015,faulted_bearing,45
2/13/2025 15:20,-11.983,0.257,0.748,0.182,0.078,0.021,-11.983,0.257,0.748,0.182,0.078,0.021,faulted_bearing,45
2/13/2025 15:20,-11.983,0.135,0.895,0.096,0.068,0.014,-11.983,0.135,0.895,0.096,0.068,0.014,faulted_bearing,45
2/13/2025 15:20,-11.984,0.205,0.762,0.145,0.077,0.022,-11.984,0.205,0.762,0.145,0.077,0.022,faulted_bearing,45
2/13/2025 15:20,-11.983,0.263,0.872,0.186,0.068,0.021,-11.983,0.263,0.872,0.186,0.068,0.021,faulted_bearing,45
2/13/2025 15:20,-11.984,0.136,0.774,0.096,0.068,0.014,-11.984,0.136,0.774,0.096,0.068,0.014,faulted_bearing,45
2/13/2025 15:20,-11.984,0.285,0.747,0.201,0.077,0.017,-11.984,0.285,0.747,0.201,0.077,0.017,faulted_bearing,45
2/13/2025 15:20,-11.983,0.128,0.897,0.091,0.076,0.021,-11.983,0.128,0.897,0.091,0.076,0.021,faulted_bearing,45
2/13/2025 15:21,-11.984,0.166,0.777,0.118,0.07,0.013,-11.984,0.166,0.777,0.118,0.07,0.013,faulted_bearing,45
2/13/2025 15:21,-11.984,0.27,0.835,0.191,0.08,0.022,-11.984,0.27,0.835,0.191,0.08,0.022,faulted_bearing,45
2/13/2025 15:21,-11.983,0.133,0.852,0.094,0.071,0.014,-11.983,0.133,0.852,0.094,0.071,0.014,faulted_bearing,45
2/13/2025 15:21,-11.984,0.266,0.762,0.188,0.069,0.015,-11.984,0.266,0.762,0.188,0.069,0.015,faulted_bearing,45
2/13/2025 15:21,-11.984,0.131,0.922,0.093,0.081,0.021,-11.984,0.131,0.922,0.093,0.081,0.021,faulted_bearing,45
2/13/2025 15:21,-11.984,0.185,0.79,0.131,0.077,0.013,-11.984,0.185,0.79,0.131,0.077,0.013,faulted_bearing,45
2/13/2025 15:21,-11.984,0.275,0.762,0.195,0.066,0.021,-11.984,0.275,0.762,0.195,0.066,0.021,faulted_bearing,45
2/13/2025 15:21,-11.984,0.14,0.881,0.099,0.078,0.014,-11.984,0.14,0.881,0.099,0.078,0.014,faulted_bearing,45
2/13/2025 15:21,-11.984,0.255,0.783,0.18,0.07,0.017,-11.984,0.255,0.783,0.18,0.07,0.017,faulted_bearing,45
2/13/2025 15:21,-11.984,0.266,0.796,0.188,0.067,0.021,-11.984,0.266,0.796,0.188,0.067,0.021,faulted_bearing,45
2/13/2025 15:21,-11.984,0.129,0.9,0.091,0.081,0.014,-11.984,0.129,0.9,0.091,0.081,0.014,faulted_bearing,45
2/13/2025 15:21,-11.984,0.145,0.764,0.102,0.073,0.021,-11.984,0.145,0.764,0.102,0.073,0.021,faulted_bearing,45
2/13/2025 15:22,-11.984,0.274,0.888,0.194,0.067,0.013,-11.984,0.274,0.888,0.194,0.067,0.013,faulted_bearing,45
2/13/2025 15:22,-11.983,0.126,0.869,0.089,0.077,0.015,-11.983,0.126,0.869,0.089,0.077,0.015,faulted_bearing,45
2/13/2025 15:22,-11.983,0.278,0.762,0.197,0.068,0.021,-11.983,0.278,0.762,0.197,0.068,0.021,faulted_bearing,45
2/13/2025 15:22,-11.983,0.245,0.806,0.173,0.078,0.014,-11.983,0.245,0.806,0.173,0.078,0.014,faulted_bearing,45
2/13/2025 15:22,-11.983,0.143,0.876,0.101,0.068,0.022,-11.983,0.143,0.876,0.101,0.068,0.022,faulted_bearing,45
2/13/2025 15:22,-11.983,0.265,0.885,0.187,0.077,0.02,-11.983,0.265,0.885,0.187,0.077,0.02,faulted_bearing,45
2/13/2025 15:22,-11.983,0.133,0.768,0.094,0.079,0.015,-11.983,0.133,0.768,0.094,0.079,0.015,faulted_bearing,45
2/13/2025 15:22,-11.983,0.282,0.88,0.199,0.065,0.021,-11.983,0.282,0.88,0.199,0.065,0.021,faulted_bearing,45
2/13/2025 15:22,-11.983,0.252,0.728,0.178,0.078,0.014,-11.983,0.252,0.728,0.178,0.078,0.014,faulted_bearing,45
2/13/2025 15:22,-11.983,0.148,0.871,0.104,0.066,0.021,-11.983,0.148,0.871,0.104,0.066,0.021,faulted_bearing,45
2/13/2025 15:22,-11.983,0.15,0.776,0.106,0.076,0.02,-11.983,0.15,0.776,0.106,0.076,0.02,faulted_bearing,45
2/13/2025 15:22,-11.983,0.267,0.762,0.189,0.071,0.015,-11.983,0.267,0.762,0.189,0.071,0.015,faulted_bearing,45
2/13/2025 15:23,-11.983,0.121,0.855,0.086,0.067,0.014,-11.983,0.121,0.855,0.086,0.067,0.014,faulted_bearing,45
2/13/2025 15:23,-11.983,0.256,0.861,0.181,0.076,0.021,-11.983,0.256,0.861,0.181,0.076,0.021,faulted_bearing,45
2/13/2025 15:23,-11.983,0.257,0.771,0.181,0.075,0.013,-11.983,0.257,0.771,0.181,0.075,0.013,faulted_bearing,45
2/13/2025 15:23,-11.983,0.131,0.859,0.092,0.068,0.021,-11.983,0.131,0.859,0.092,0.068,0.021,faulted_bearing,45
2/13/2025 15:23,-11.983,0.188,0.847,0.133,0.079,0.02,-11.983,0.188,0.847,0.133,0.079,0.02,faulted_bearing,45
2/13/2025 15:23,-11.983,0.257,0.824,0.182,0.074,0.013,-11.983,0.257,0.824,0.182,0.074,0.013,faulted_bearing,45
2/13/2025 15:23,-11.983,0.148,0.769,0.104,0.063,0.017,-11.983,0.148,0.769,0.104,0.063,0.017,faulted_bearing,45
2/13/2025 15:23,-11.983,0.267,0.855,0.189,0.077,0.02,-11.983,0.267,0.855,0.189,0.077,0.02,faulted_bearing,45
2/13/2025 15:23,-11.983,0.256,0.868,0.181,0.066,0.014,-11.983,0.256,0.868,0.181,0.066,0.014,faulted_bearing,45
2/13/2025 15:23,-11.983,0.136,0.785,0.097,0.074,0.021,-11.983,0.136,0.785,0.097,0.074,0.021,faulted_bearing,45
2/13/2025 15:23,-11.983,0.267,0.769,0.189,0.077,0.021,-11.983,0.267,0.769,0.189,0.077,0.021,faulted_bearing,45
2/13/2025 15:23,-11.983,0.168,0.878,0.119,0.073,0.013,-11.983,0.168,0.878,0.119,0.073,0.013,faulted_bearing,45
2/13/2025 15:23,-11.983,0.142,0.883,0.101,0.075,0.021,-11.983,0.142,0.883,0.101,0.075,0.021,faulted_bearing,45
2/13/2025 15:23,-11.983,0.278,0.791,0.197,0.068,0.016,-11.983,0.278,0.791,0.197,0.068,0.016,faulted_bearing,45
2/13/2025 15:24,-11.983,0.222,0.764,0.157,0.076,0.014,-11.983,0.222,0.764,0.157,0.076,0.014,faulted_bearing,45
2/13/2025 15:24,-11.983,0.142,0.868,0.1,0.071,0.021,-11.983,0.142,0.868,0.1,0.071,0.021,faulted_bearing,45
2/13/2025 15:24,-11.983,0.277,0.882,0.196,0.064,0.019,-11.983,0.277,0.882,0.196,0.064,0.019,faulted_bearing,45
2/13/2025 15:24,-11.983,0.166,0.766,0.118,0.074,0.013,-11.983,0.166,0.766,0.118,0.074,0.013,faulted_bearing,45
2/13/2025 15:24,-11.983,0.152,0.883,0.107,0.076,0.021,-11.983,0.152,0.883,0.107,0.076,0.021,faulted_bearing,45
2/13/2025 15:24,-11.983,0.269,0.85,0.191,0.07,0.015,-11.983,0.269,0.85,0.191,0.07,0.015,faulted_bearing,45
2/13/2025 15:24,-11.983,0.237,0.757,0.168,0.067,0.015,-11.983,0.237,0.757,0.168,0.067,0.015,faulted_bearing,45
2/13/2025 15:24,-11.984,0.126,0.884,0.089,0.073,0.021,-11.984,0.126,0.884,0.089,0.073,0.021,faulted_bearing,45
2/13/2025 15:24,-11.983,0.258,0.76,0.183,0.078,0.019,-11.983,0.258,0.76,0.183,0.078,0.019,faulted_bearing,45
2/13/2025 15:24,-11.984,0.199,0.86,0.14,0.068,0.013,-11.984,0.199,0.86,0.14,0.068,0.013,faulted_bearing,45
2/13/2025 15:25,-11.983,0.119,0.894,0.084,0.075,0.02,-11.983,0.119,0.894,0.084,0.075,0.02,faulted_bearing,45
2/13/2025 15:25,-11.983,0.262,0.776,0.186,0.076,0.017,-11.983,0.262,0.776,0.186,0.076,0.017,faulted_bearing,45
2/13/2025 15:25,-11.983,0.262,0.763,0.185,0.068,0.013,-11.983,0.262,0.763,0.185,0.068,0.013,faulted_bearing,45
2/13/2025 15:25,-11.983,0.164,0.936,0.116,0.076,0.02,-11.983,0.164,0.936,0.116,0.076,0.02,faulted_bearing,45
2/13/2025 15:25,-11.983,0.124,0.802,0.088,0.077,0.02,-11.983,0.124,0.802,0.088,0.077,0.02,faulted_bearing,45
2/13/2025 15:25,-11.983,0.272,0.764,0.192,0.068,0.015,-11.983,0.272,0.764,0.192,0.068,0.015,faulted_bearing,45
2/13/2025 15:25,-11.984,0.251,0.862,0.177,0.071,0.013,-11.984,0.251,0.862,0.177,0.071,0.013,faulted_bearing,45
2/13/2025 15:25,-11.984,0.132,0.883,0.093,0.077,0.021,-11.984,0.132,0.883,0.093,0.077,0.021,faulted_bearing,45
2/13/2025 15:25,-11.983,0.285,0.822,0.202,0.067,0.021,-11.983,0.285,0.822,0.202,0.067,0.021,faulted_bearing,45
2/13/2025 15:25,-11.983,0.237,0.778,0.168,0.079,0.014,-11.983,0.237,0.778,0.168,0.079,0.014,faulted_bearing,45
2/13/2025 15:25,-11.984,0.132,0.789,0.093,0.076,0.022,-11.984,0.132,0.789,0.093,0.076,0.022,faulted_bearing,45
2/13/2025 15:25,-11.984,0.267,0.896,0.189,0.072,0.019,-11.984,0.267,0.896,0.189,0.072,0.019,faulted_bearing,45
2/13/2025 15:26,-11.984,0.254,0.825,0.18,0.066,0.013,-11.984,0.254,0.825,0.18,0.066,0.013,faulted_bearing,45
2/13/2025 15:26,-11.983,0.135,0.761,0.096,0.079,0.021,-11.983,0.135,0.761,0.096,0.079,0.021,faulted_bearing,45
2/13/2025 15:26,-11.984,0.269,0.753,0.19,0.07,0.02,-11.984,0.269,0.753,0.19,0.07,0.02,faulted_bearing,45
2/13/2025 15:26,-11.983,0.241,0.881,0.171,0.065,0.014,-11.983,0.241,0.881,0.171,0.065,0.014,faulted_bearing,45
2/13/2025 15:26,-11.983,0.15,0.827,0.106,0.076,0.021,-11.983,0.15,0.827,0.106,0.076,0.021,faulted_bearing,45
2/13/2025 15:26,-11.983,0.265,0.754,0.188,0.08,0.019,-11.983,0.265,0.754,0.188,0.08,0.019,faulted_bearing,45
2/13/2025 15:26,-11.983,0.219,0.922,0.155,0.073,0.014,-11.983,0.219,0.922,0.155,0.073,0.014,faulted_bearing,45
2/13/2025 15:26,-11.983,0.136,0.776,0.096,0.069,0.021,-11.983,0.136,0.776,0.096,0.069,0.021,faulted_bearing,45
2/13/2025 15:26,-11.983,0.219,0.754,0.155,0.07,0.018,-11.983,0.219,0.754,0.155,0.07,0.018,faulted_bearing,45
2/13/2025 15:26,-11.983,0.281,0.887,0.199,0.078,0.014,-11.983,0.281,0.887,0.199,0.078,0.014,faulted_bearing,45
2/13/2025 15:26,-11.983,0.165,0.862,0.116,0.075,0.018,-11.983,0.165,0.862,0.116,0.075,0.018,faulted_bearing,45
2/13/2025 15:26,-11.983,0.132,0.795,0.093,0.07,0.022,-11.983,0.132,0.795,0.093,0.07,0.022,faulted_bearing,45
2/13/2025 15:26,-11.983,0.235,0.757,0.166,0.063,0.015,-11.983,0.235,0.757,0.166,0.063,0.015,faulted_bearing,45
2/13/2025 15:27,-11.983,0.263,0.928,0.186,0.079,0.013,-11.983,0.263,0.928,0.186,0.079,0.013,faulted_bearing,45
2/13/2025 15:27,-11.983,0.177,0.739,0.125,0.077,0.019,-11.983,0.177,0.739,0.125,0.077,0.019,faulted_bearing,45
2/13/2025 15:27,-11.983,0.138,0.908,0.098,0.072,0.02,-11.983,0.138,0.908,0.098,0.072,0.02,faulted_bearing,45
2/13/2025 15:27,-11.983,0.243,0.83,0.172,0.069,0.016,-11.983,0.243,0.83,0.172,0.069,0.016,faulted_bearing,45
2/13/2025 15:27,-11.984,0.276,0.76,0.195,0.085,0.014,-11.984,0.276,0.76,0.195,0.085,0.014,faulted_bearing,45
2/13/2025 15:27,-11.983,0.151,0.836,0.107,0.07,0.019,-11.983,0.151,0.836,0.107,0.07,0.019,faulted_bearing,45
2/13/2025 15:27,-11.984,0.138,0.878,0.098,0.07,0.021,-11.984,0.138,0.878,0.098,0.07,0.021,faulted_bearing,45
2/13/2025 15:27,-11.984,0.27,0.813,0.191,0.076,0.014,-11.984,0.27,0.813,0.191,0.076,0.014,faulted_bearing,45
2/13/2025 15:27,-11.984,0.262,0.763,0.185,0.081,0.014,-11.984,0.262,0.763,0.185,0.081,0.014,faulted_bearing,45
2/13/2025 15:27,-11.983,0.135,0.866,0.096,0.068,0.021,-11.983,0.135,0.866,0.096,0.068,0.021,faulted_bearing,45
2/13/2025 15:27,-11.983,0.277,0.805,0.196,0.065,0.014,-11.983,0.277,0.805,0.196,0.065,0.014,faulted_bearing,45
2/13/2025 15:28,-11.983,0.23,0.878,0.163,0.08,0.015,-11.983,0.23,0.878,0.163,0.08,0.015,faulted_bearing,45
2/13/2025 15:28,-11.983,0.123,0.781,0.087,0.066,0.022,-11.983,0.123,0.781,0.087,0.066,0.022,faulted_bearing,45
2/13/2025 15:28,-11.983,0.207,0.852,0.146,0.07,0.018,-11.983,0.207,0.852,0.146,0.07,0.018,faulted_bearing,45
2/13/2025 15:28,-11.984,0.282,0.891,0.199,0.082,0.013,-11.984,0.282,0.891,0.199,0.082,0.013,faulted_bearing,45
2/13/2025 15:28,-11.983,0.239,0.799,0.169,0.073,0.017,-11.983,0.239,0.799,0.169,0.073,0.017,faulted_bearing,45
2/13/2025 15:28,-11.984,0.119,0.75,0.084,0.067,0.022,-11.984,0.119,0.75,0.084,0.067,0.022,faulted_bearing,45
2/13/2025 15:28,-11.984,0.175,0.88,0.124,0.077,0.018,-11.984,0.175,0.88,0.124,0.077,0.018,faulted_bearing,45
2/13/2025 15:28,-11.984,0.281,0.913,0.198,0.074,0.013,-11.984,0.281,0.913,0.198,0.074,0.013,faulted_bearing,45
2/13/2025 15:28,-11.984,0.239,0.746,0.169,0.075,0.016,-11.984,0.239,0.746,0.169,0.075,0.016,faulted_bearing,45
2/13/2025 15:28,-11.984,0.122,0.737,0.086,0.067,0.022,-11.984,0.122,0.737,0.086,0.067,0.022,faulted_bearing,45
2/13/2025 15:28,-11.983,0.257,0.918,0.181,0.077,0.019,-11.983,0.257,0.918,0.181,0.077,0.019,faulted_bearing,45
2/13/2025 15:28,-11.984,0.266,0.914,0.188,0.073,0.013,-11.984,0.266,0.914,0.188,0.073,0.013,faulted_bearing,45
2/13/2025 15:28,-11.983,0.177,0.778,0.125,0.069,0.02,-11.983,0.177,0.778,0.125,0.069,0.02,faulted_bearing,45
2/13/2025 15:29,-11.984,0.132,0.783,0.093,0.075,0.021,-11.984,0.132,0.783,0.093,0.075,0.021,faulted_bearing,45
2/13/2025 15:29,-11.984,0.233,0.941,0.164,0.079,0.016,-11.984,0.233,0.941,0.164,0.079,0.016,faulted_bearing,45
2/13/2025 15:29,-11.984,0.263,0.813,0.186,0.071,0.014,-11.984,0.263,0.813,0.186,0.071,0.014,faulted_bearing,45
2/13/2025 15:29,-11.984,0.226,0.782,0.16,0.067,0.019,-11.984,0.226,0.782,0.16,0.067,0.019,faulted_bearing,45
2/13/2025 15:29,-11.984,0.133,0.849,0.094,0.077,0.021,-11.984,0.133,0.849,0.094,0.077,0.021,faulted_bearing,45
2/13/2025 15:29,-11.984,0.235,0.884,0.166,0.08,0.019,-11.984,0.235,0.884,0.166,0.08,0.019,faulted_bearing,45
2/13/2025 15:29,-11.984,0.295,0.845,0.208,0.067,0.014,-11.984,0.295,0.845,0.208,0.067,0.014,faulted_bearing,45
2/13/2025 15:29,-11.984,0.214,0.822,0.152,0.066,0.022,-11.984,0.214,0.822,0.152,0.066,0.022,faulted_bearing,45
2/13/2025 15:29,-11.984,0.122,0.774,0.086,0.077,0.017,-11.984,0.122,0.774,0.086,0.077,0.017,faulted_bearing,45
2/13/2025 15:29,-11.984,0.209,0.761,0.148,0.08,0.013,-11.984,0.209,0.761,0.148,0.08,0.013,faulted_bearing,45
2/13/2025 15:29,-11.984,0.262,0.909,0.185,0.072,0.017,-11.984,0.262,0.909,0.185,0.072,0.017,faulted_bearing,45
2/13/2025 15:29,-11.984,0.208,0.884,0.147,0.067,0.021,-11.984,0.208,0.884,0.147,0.067,0.021,faulted_bearing,45
2/13/2025 15:30,-11.983,0.128,0.766,0.09,0.076,0.017,-11.983,0.128,0.766,0.09,0.076,0.017,faulted_bearing,45
2/13/2025 15:30,-11.984,0.267,0.848,0.189,0.077,0.014,-11.984,0.267,0.848,0.189,0.077,0.014,faulted_bearing,45
2/13/2025 15:30,-11.983,0.117,0.799,0.083,0.072,0.021,-11.983,0.117,0.799,0.083,0.072,0.021,faulted_bearing,45
2/13/2025 15:30,-11.983,0.266,0.903,0.188,0.065,0.013,-11.983,0.266,0.903,0.188,0.065,0.013,faulted_bearing,45
2/13/2025 15:30,-11.983,0.266,0.733,0.188,0.075,0.021,-11.983,0.266,0.733,0.188,0.075,0.021,faulted_bearing,45
2/13/2025 15:30,-11.983,0.127,0.767,0.09,0.072,0.021,-11.983,0.127,0.767,0.09,0.072,0.021,faulted_bearing,45
2/13/2025 15:30,-11.983,0.273,0.896,0.193,0.077,0.014,-11.983,0.273,0.896,0.193,0.077,0.014,faulted_bearing,45
2/13/2025 15:30,-11.983,0.255,0.867,0.18,0.068,0.021,-11.983,0.255,0.867,0.18,0.068,0.021,faulted_bearing,45
2/13/2025 15:30,-11.983,0.122,0.799,0.087,0.067,0.02,-11.983,0.122,0.799,0.087,0.067,0.02,faulted_bearing,45
2/13/2025 15:30,-11.983,0.186,0.763,0.131,0.078,0.013,-11.983,0.186,0.763,0.131,0.078,0.013,faulted_bearing,45
2/13/2025 15:30,-11.983,0.262,0.857,0.185,0.077,0.016,-11.983,0.262,0.857,0.185,0.077,0.016,faulted_bearing,45
2/13/2025 15:30,-11.983,0.237,0.806,0.167,0.075,0.021,-11.983,0.237,0.806,0.167,0.075,0.021,faulted_bearing,45
