timestamp,ch1_bias,ch1_derivedPk,ch1_direct,ch1_directRMS,ch1_velocityPk,ch1_velocityRMS,ch2_bias,ch2_derivedPk,ch2_direct,ch2_directRMS,ch2_velocityPk,ch2_velocityRMS,status,volts
1/23/2025 12:50,-11.983,0.034,0.088,0.024,0.03,0.018,-12.023,0.057,0.143,0.04,0.037,0.02,baseline,50
1/23/2025 12:50,-11.983,0.03,0.086,0.021,0.03,0.017,-12.022,0.045,0.12,0.032,0.034,0.017,baseline,50
1/23/2025 12:50,-11.983,0.034,0.077,0.024,0.029,0.013,-12.022,0.044,0.139,0.031,0.036,0.02,baseline,50
1/23/2025 12:50,-11.983,0.035,0.072,0.024,0.03,0.016,-12.022,0.056,0.123,0.039,0.036,0.018,baseline,50
1/23/2025 12:50,-11.983,0.031,0.085,0.022,0.031,0.016,-12.022,0.054,0.136,0.038,0.034,0.016,baseline,50
1/23/2025 12:50,-11.982,0.03,0.077,0.021,0.029,0.018,-12.022,0.045,0.149,0.032,0.036,0.018,baseline,50
1/23/2025 12:50,-11.982,0.033,0.076,0.024,0.032,0.016,-12.023,0.055,0.125,0.039,0.034,0.018,baseline,50
1/23/2025 12:50,-11.982,0.03,0.086,0.021,0.029,0.016,-12.022,0.047,0.146,0.033,0.036,0.02,baseline,50
1/23/2025 12:50,-11.983,0.034,0.075,0.024,0.03,0.019,-12.023,0.044,0.118,0.031,0.036,0.02,baseline,50
1/23/2025 12:50,-11.982,0.034,0.076,0.024,0.034,0.018,-12.023,0.054,0.141,0.038,0.035,0.018,baseline,50
1/23/2025 12:50,-11.983,0.031,0.086,0.022,0.034,0.016,-12.023,0.057,0.125,0.04,0.035,0.018,baseline,50
1/23/2025 12:50,-11.982,0.034,0.092,0.024,0.031,0.017,-12.023,0.045,0.136,0.032,0.036,0.021,baseline,50
1/23/2025 12:50,-11.982,0.029,0.074,0.021,0.033,0.018,-12.023,0.042,0.153,0.03,0.035,0.017,baseline,50
1/23/2025 12:51,-11.982,0.029,0.085,0.021,0.031,0.017,-12.023,0.055,0.143,0.039,0.036,0.018,baseline,50
1/23/2025 12:51,-11.982,0.032,0.074,0.023,0.032,0.018,-12.023,0.043,0.119,0.031,0.038,0.02,baseline,50
1/23/2025 12:51,-11.983,0.03,0.091,0.021,0.03,0.017,-12.023,0.049,0.121,0.035,0.037,0.019,baseline,50
1/23/2025 12:51,-11.982,0.034,0.076,0.024,0.029,0.018,-12.023,0.055,0.151,0.039,0.038,0.02,baseline,50
1/23/2025 12:51,-11.982,0.033,0.074,0.023,0.031,0.017,-12.023,0.046,0.143,0.032,0.037,0.019,baseline,50
1/23/2025 12:51,-11.982,0.029,0.084,0.021,0.031,0.018,-12.022,0.057,0.123,0.04,0.035,0.02,baseline,50
1/23/2025 12:51,-11.982,0.029,0.077,0.021,0.033,0.016,-12.022,0.044,0.123,0.031,0.037,0.02,baseline,50
1/23/2025 12:51,-11.982,0.035,0.09,0.025,0.032,0.018,-12.022,0.054,0.16,0.038,0.036,0.019,baseline,50
1/23/2025 12:51,-11.982,0.036,0.072,0.025,0.036,0.015,-12.022,0.052,0.123,0.037,0.036,0.02,baseline,50
1/23/2025 12:51,-11.982,0.03,0.084,0.022,0.036,0.015,-12.022,0.046,0.143,0.033,0.038,0.017,baseline,50
1/23/2025 12:51,-11.982,0.03,0.081,0.021,0.034,0.017,-12.022,0.056,0.128,0.039,0.039,0.018,baseline,50
1/23/2025 12:52,-11.982,0.033,0.071,0.023,0.032,0.016,-12.022,0.043,0.141,0.03,0.038,0.019,baseline,50
1/23/2025 12:52,-11.982,0.032,0.079,0.023,0.032,0.018,-12.022,0.054,0.123,0.038,0.037,0.02,baseline,50
1/23/2025 12:52,-11.982,0.029,0.072,0.02,0.034,0.017,-12.023,0.054,0.143,0.038,0.039,0.018,baseline,50
1/23/2025 12:52,-11.982,0.03,0.085,0.021,0.033,0.016,-12.023,0.041,0.135,0.029,0.037,0.019,baseline,50
1/23/2025 12:52,-11.982,0.032,0.071,0.022,0.033,0.016,-12.022,0.043,0.123,0.03,0.039,0.018,baseline,50
1/23/2025 12:52,-11.982,0.033,0.076,0.023,0.034,0.017,-12.023,0.053,0.119,0.038,0.037,0.017,baseline,50
1/23/2025 12:52,-11.982,0.029,0.071,0.02,0.035,0.017,-12.023,0.053,0.136,0.037,0.039,0.019,baseline,50
1/23/2025 12:52,-11.982,0.032,0.086,0.023,0.033,0.015,-12.022,0.043,0.12,0.03,0.037,0.019,baseline,50
1/23/2025 12:52,-11.982,0.033,0.08,0.024,0.035,0.013,-12.022,0.047,0.135,0.033,0.04,0.018,baseline,50
1/23/2025 12:52,-11.982,0.028,0.072,0.02,0.032,0.021,-12.022,0.056,0.134,0.039,0.037,0.015,baseline,50
1/23/2025 12:52,-11.982,0.032,0.082,0.022,0.035,0.018,-12.022,0.052,0.118,0.037,0.039,0.022,baseline,50
1/23/2025 12:52,-11.982,0.029,0.072,0.02,0.031,0.016,-12.022,0.043,0.122,0.031,0.038,0.019,baseline,50
1/23/2025 12:52,-11.982,0.032,0.081,0.023,0.031,0.019,-12.022,0.042,0.139,0.03,0.036,0.018,baseline,50
1/23/2025 12:53,-11.982,0.029,0.07,0.021,0.035,0.016,-12.023,0.053,0.13,0.038,0.036,0.021,baseline,50
1/23/2025 12:53,-11.982,0.033,0.073,0.023,0.032,0.017,-12.022,0.054,0.117,0.038,0.038,0.018,baseline,50
1/23/2025 12:53,-11.982,0.029,0.078,0.02,0.034,0.02,-12.022,0.043,0.122,0.03,0.039,0.019,baseline,50
1/23/2025 12:53,-11.982,0.029,0.078,0.021,0.034,0.019,-12.022,0.04,0.138,0.028,0.037,0.021,baseline,50
1/23/2025 12:53,-11.982,0.031,0.072,0.022,0.031,0.017,-12.022,0.043,0.137,0.03,0.038,0.019,baseline,50
1/23/2025 12:53,-11.982,0.029,0.071,0.021,0.031,0.016,-12.022,0.055,0.122,0.039,0.036,0.02,baseline,50
1/23/2025 12:53,-11.982,0.033,0.077,0.023,0.034,0.017,-12.022,0.046,0.128,0.032,0.035,0.019,baseline,50
1/23/2025 12:53,-11.982,0.032,0.077,0.023,0.034,0.018,-12.022,0.051,0.113,0.036,0.037,0.018,baseline,50
1/23/2025 12:53,-11.982,0.029,0.069,0.02,0.031,0.016,-12.022,0.052,0.12,0.037,0.038,0.02,baseline,50
1/23/2025 12:53,-11.982,0.028,0.095,0.02,0.035,0.017,-12.022,0.04,0.132,0.028,0.036,0.018,baseline,50
1/23/2025 12:53,-11.982,0.029,0.074,0.02,0.034,0.016,-12.023,0.051,0.133,0.036,0.036,0.019,baseline,50
1/23/2025 12:53,-11.982,0.034,0.072,0.024,0.032,0.018,-12.023,0.052,0.118,0.036,0.04,0.018,baseline,50
1/23/2025 12:53,-11.982,0.03,0.095,0.021,0.034,0.016,-12.023,0.043,0.112,0.03,0.037,0.02,baseline,50
1/23/2025 12:53,-11.982,0.032,0.07,0.023,0.032,0.018,-12.022,0.053,0.136,0.037,0.036,0.018,baseline,50
1/23/2025 12:54,-11.982,0.032,0.072,0.023,0.035,0.015,-12.023,0.043,0.119,0.03,0.037,0.02,baseline,50
1/23/2025 12:54,-11.982,0.027,0.08,0.019,0.034,0.018,-12.022,0.045,0.148,0.032,0.036,0.018,baseline,50
1/23/2025 12:54,-11.982,0.033,0.072,0.023,0.032,0.016,-12.022,0.051,0.116,0.036,0.037,0.019,baseline,50
1/23/2025 12:54,-11.982,0.033,0.078,0.023,0.036,0.015,-12.022,0.038,0.116,0.027,0.039,0.018,baseline,50
1/23/2025 12:54,-11.982,0.029,0.077,0.021,0.033,0.019,-12.022,0.043,0.128,0.03,0.039,0.021,baseline,50
1/23/2025 12:54,-11.982,0.034,0.072,0.024,0.032,0.02,-12.023,0.049,0.137,0.035,0.037,0.018,baseline,50
1/23/2025 12:54,-11.982,0.028,0.077,0.02,0.034,0.02,-12.023,0.052,0.116,0.037,0.038,0.022,baseline,50
1/23/2025 12:54,-11.982,0.031,0.07,0.022,0.032,0.015,-12.023,0.046,0.112,0.032,0.036,0.022,baseline,50
1/23/2025 12:54,-11.982,0.029,0.072,0.021,0.033,0.019,-12.023,0.041,0.131,0.029,0.037,0.017,baseline,50
1/23/2025 12:54,-11.982,0.028,0.079,0.02,0.031,0.015,-12.023,0.05,0.117,0.035,0.038,0.02,baseline,50
1/23/2025 12:55,-11.982,0.031,0.068,0.022,0.034,0.018,-12.023,0.055,0.13,0.039,0.037,0.017,baseline,50
1/23/2025 12:55,-11.982,0.029,0.075,0.02,0.034,0.016,-12.023,0.042,0.113,0.03,0.036,0.02,baseline,50
1/23/2025 12:55,-11.982,0.031,0.072,0.022,0.032,0.018,-12.023,0.052,0.14,0.037,0.036,0.018,baseline,50
1/23/2025 12:55,-11.982,0.034,0.087,0.024,0.034,0.018,-12.023,0.04,0.133,0.028,0.037,0.02,baseline,50
1/23/2025 12:55,-11.983,0.029,0.081,0.021,0.032,0.017,-12.023,0.05,0.121,0.035,0.038,0.02,baseline,50
1/23/2025 12:55,-11.983,0.028,0.072,0.02,0.036,0.016,-12.023,0.053,0.132,0.037,0.036,0.019,baseline,50
1/23/2025 12:55,-11.982,0.032,0.079,0.022,0.032,0.016,-12.023,0.041,0.118,0.029,0.038,0.018,baseline,50
1/23/2025 12:55,-11.983,0.033,0.073,0.023,0.036,0.018,-12.023,0.041,0.129,0.029,0.037,0.018,baseline,50
1/23/2025 12:55,-11.983,0.031,0.09,0.022,0.033,0.017,-12.023,0.046,0.118,0.033,0.04,0.02,baseline,50
1/23/2025 12:55,-11.983,0.028,0.07,0.02,0.035,0.018,-12.023,0.041,0.16,0.029,0.037,0.019,baseline,50
1/23/2025 12:55,-11.982,0.033,0.099,0.024,0.033,0.019,-12.023,0.051,0.11,0.036,0.04,0.02,baseline,50
1/23/2025 12:55,-11.982,0.034,0.071,0.024,0.035,0.017,-12.023,0.049,0.126,0.034,0.04,0.02,baseline,50
1/23/2025 12:55,-11.983,0.028,0.076,0.02,0.031,0.018,-12.023,0.04,0.136,0.028,0.037,0.019,baseline,50
1/23/2025 12:56,-11.983,0.031,0.071,0.022,0.032,0.017,-12.023,0.044,0.115,0.031,0.036,0.018,baseline,50
1/23/2025 12:56,-11.983,0.028,0.077,0.02,0.034,0.016,-12.023,0.052,0.128,0.037,0.039,0.021,baseline,50
1/23/2025 12:56,-11.983,0.031,0.084,0.022,0.033,0.02,-12.023,0.044,0.11,0.031,0.036,0.018,baseline,50
1/23/2025 12:56,-11.983,0.03,0.07,0.021,0.035,0.016,-12.023,0.049,0.122,0.035,0.037,0.019,baseline,50
1/23/2025 12:56,-11.983,0.032,0.071,0.023,0.032,0.017,-12.023,0.041,0.113,0.029,0.036,0.023,baseline,50
1/23/2025 12:56,-11.983,0.027,0.079,0.019,0.031,0.022,-12.023,0.041,0.137,0.029,0.038,0.021,baseline,50
1/23/2025 12:56,-11.982,0.031,0.085,0.022,0.034,0.017,-12.023,0.048,0.11,0.034,0.037,0.019,baseline,50
1/23/2025 12:56,-11.983,0.029,0.068,0.02,0.034,0.019,-12.023,0.048,0.126,0.034,0.037,0.021,baseline,50
1/23/2025 12:56,-11.982,0.031,0.078,0.022,0.035,0.018,-12.023,0.043,0.11,0.03,0.036,0.018,baseline,50
1/23/2025 12:56,-11.982,0.028,0.069,0.02,0.032,0.018,-12.023,0.04,0.122,0.028,0.037,0.02,baseline,50
1/23/2025 12:56,-11.982,0.031,0.066,0.022,0.033,0.019,-12.023,0.051,0.11,0.036,0.037,0.02,baseline,50
1/23/2025 12:56,-11.983,0.028,0.079,0.02,0.034,0.017,-12.023,0.049,0.109,0.034,0.038,0.019,baseline,50
1/23/2025 12:57,-11.982,0.032,0.066,0.022,0.038,0.019,-12.023,0.047,0.119,0.033,0.036,0.021,baseline,50
1/23/2025 12:57,-11.982,0.029,0.075,0.02,0.041,0.018,-12.023,0.042,0.108,0.029,0.036,0.021,baseline,50
1/23/2025 12:57,-11.982,0.031,0.077,0.022,0.033,0.017,-12.023,0.047,0.123,0.033,0.038,0.019,baseline,50
1/23/2025 12:57,-11.982,0.028,0.069,0.02,0.04,0.02,-12.023,0.039,0.121,0.028,0.037,0.021,baseline,50
1/23/2025 12:57,-11.982,0.035,0.09,0.025,0.037,0.017,-12.023,0.05,0.104,0.036,0.04,0.019,baseline,50
1/23/2025 12:57,-11.982,0.032,0.081,0.023,0.035,0.019,-12.023,0.037,0.131,0.026,0.043,0.021,baseline,50
1/23/2025 12:57,-11.982,0.03,0.065,0.022,0.036,0.018,-12.023,0.05,0.116,0.036,0.037,0.018,baseline,50
1/23/2025 12:57,-11.982,0.029,0.065,0.02,0.034,0.019,-12.023,0.049,0.116,0.034,0.037,0.021,baseline,50
1/23/2025 12:57,-11.982,0.027,0.075,0.019,0.036,0.017,-12.023,0.04,0.108,0.028,0.043,0.019,baseline,50
1/23/2025 12:57,-11.982,0.03,0.067,0.021,0.035,0.019,-12.023,0.045,0.107,0.032,0.039,0.021,baseline,50
1/23/2025 12:57,-11.983,0.028,0.073,0.02,0.033,0.019,-12.023,0.049,0.108,0.035,0.038,0.019,baseline,50
1/23/2025 12:57,-11.983,0.031,0.069,0.022,0.035,0.017,-12.023,0.04,0.115,0.028,0.037,0.021,baseline,50
1/23/2025 12:57,-11.983,0.026,0.074,0.019,0.033,0.019,-12.024,0.048,0.122,0.034,0.038,0.022,baseline,50
1/23/2025 12:58,-11.983,0.032,0.067,0.023,0.037,0.017,-12.024,0.039,0.11,0.028,0.037,0.017,baseline,50
1/23/2025 12:58,-11.983,0.028,0.066,0.02,0.033,0.021,-12.024,0.054,0.112,0.038,0.039,0.019,baseline,50
1/23/2025 12:58,-11.983,0.03,0.076,0.022,0.036,0.014,-12.023,0.043,0.12,0.03,0.037,0.02,baseline,50
1/23/2025 12:58,-11.983,0.028,0.078,0.02,0.035,0.021,-12.023,0.049,0.107,0.034,0.037,0.019,baseline,50
1/23/2025 12:58,-11.983,0.03,0.069,0.021,0.034,0.017,-12.023,0.047,0.121,0.034,0.039,0.019,baseline,50
1/23/2025 12:58,-11.983,0.027,0.074,0.019,0.033,0.019,-12.023,0.042,0.108,0.029,0.038,0.022,baseline,50
1/23/2025 12:58,-11.983,0.031,0.068,0.022,0.035,0.017,-12.023,0.049,0.106,0.034,0.037,0.019,baseline,50
1/23/2025 12:58,-11.983,0.027,0.069,0.019,0.033,0.017,-12.023,0.042,0.113,0.03,0.038,0.017,baseline,50
1/23/2025 12:58,-11.983,0.03,0.075,0.021,0.038,0.018,-12.023,0.049,0.108,0.035,0.037,0.025,baseline,50
1/23/2025 12:58,-11.983,0.028,0.068,0.019,0.034,0.02,-12.023,0.04,0.117,0.028,0.038,0.026,baseline,50
1/23/2025 12:58,-11.983,0.031,0.081,0.022,0.037,0.017,-12.023,0.04,0.106,0.028,0.04,0.017,baseline,50
1/23/2025 12:59,-11.983,0.027,0.068,0.019,0.033,0.015,-12.023,0.053,0.128,0.037,0.039,0.02,baseline,50
1/23/2025 12:59,-11.983,0.031,0.079,0.022,0.039,0.025,-12.023,0.052,0.105,0.037,0.037,0.019,baseline,50
1/23/2025 12:59,-11.983,0.028,0.069,0.02,0.032,0.025,-12.023,0.04,0.13,0.029,0.037,0.02,baseline,50
1/23/2025 12:59,-11.983,0.032,0.077,0.022,0.036,0.015,-12.023,0.04,0.108,0.029,0.039,0.019,baseline,50
1/23/2025 12:59,-11.983,0.03,0.066,0.021,0.034,0.018,-12.023,0.05,0.103,0.035,0.039,0.02,baseline,50
1/23/2025 12:59,-11.983,0.029,0.07,0.02,0.035,0.017,-12.023,0.041,0.122,0.029,0.037,0.02,baseline,50
1/23/2025 12:59,-11.983,0.03,0.079,0.021,0.034,0.018,-12.024,0.05,0.109,0.035,0.037,0.018,baseline,50
1/23/2025 12:59,-11.983,0.027,0.067,0.019,0.033,0.017,-12.024,0.039,0.12,0.028,0.038,0.021,baseline,50
1/23/2025 12:59,-11.983,0.028,0.077,0.02,0.035,0.018,-12.024,0.048,0.101,0.034,0.037,0.019,baseline,50
1/23/2025 12:59,-11.983,0.032,0.064,0.023,0.034,0.018,-12.024,0.038,0.105,0.027,0.036,0.021,baseline,50
1/23/2025 12:59,-11.983,0.032,0.067,0.022,0.035,0.018,-12.024,0.047,0.134,0.033,0.037,0.019,baseline,50
1/23/2025 12:59,-11.983,0.028,0.083,0.019,0.033,0.016,-12.024,0.05,0.15,0.036,0.039,0.021,baseline,50
1/23/2025 13:00,-11.983,0.028,0.096,0.02,0.045,0.02,-12.024,0.041,0.111,0.029,0.035,0.019,baseline,50
1/23/2025 13:00,-11.983,0.032,0.07,0.023,0.044,0.017,-12.024,0.041,0.109,0.029,0.051,0.021,baseline,50
1/23/2025 13:00,-11.983,0.028,0.065,0.02,0.031,0.019,-12.024,0.04,0.123,0.028,0.048,0.021,baseline,50
1/23/2025 13:00,-11.983,0.031,0.091,0.022,0.032,0.016,-12.024,0.051,0.125,0.036,0.035,0.019,baseline,50
1/23/2025 13:00,-11.983,0.029,0.081,0.02,0.034,0.018,-12.024,0.049,0.108,0.034,0.036,0.019,baseline,50
1/23/2025 13:00,-11.983,0.028,0.08,0.02,0.032,0.019,-12.024,0.046,0.121,0.032,0.039,0.022,baseline,50
1/23/2025 13:00,-11.983,0.03,0.068,0.021,0.035,0.019,-12.024,0.037,0.103,0.026,0.038,0.02,baseline,50
1/23/2025 13:00,-11.983,0.028,0.067,0.02,0.035,0.017,-12.024,0.049,0.1,0.035,0.036,0.02,baseline,50
1/23/2025 13:00,-11.983,0.03,0.076,0.022,0.033,0.017,-12.024,0.04,0.118,0.028,0.038,0.02,baseline,50
1/23/2025 13:00,-11.983,0.029,0.069,0.021,0.034,0.02,-12.024,0.048,0.109,0.034,0.038,0.02,baseline,50
1/23/2025 13:00,-11.983,0.028,0.074,0.02,0.031,0.019,-12.024,0.039,0.118,0.027,0.037,0.021,baseline,50
1/23/2025 13:00,-11.983,0.029,0.081,0.02,0.034,0.018,-12.024,0.048,0.102,0.034,0.036,0.021,baseline,50
1/23/2025 13:01,-11.983,0.032,0.069,0.023,0.037,0.019,-12.024,0.05,0.101,0.035,0.037,0.02,baseline,50
1/23/2025 13:01,-11.983,0.03,0.074,0.021,0.035,0.018,-12.024,0.039,0.115,0.028,0.039,0.02,baseline,50
1/23/2025 13:01,-11.983,0.028,0.093,0.02,0.032,0.02,-12.024,0.047,0.11,0.033,0.038,0.021,baseline,50
1/23/2025 13:01,-11.983,0.028,0.068,0.02,0.036,0.018,-12.024,0.039,0.142,0.028,0.037,0.021,baseline,50
1/23/2025 13:01,-11.983,0.028,0.067,0.02,0.034,0.019,-12.024,0.048,0.112,0.034,0.039,0.02,baseline,50
1/23/2025 13:01,-11.983,0.031,0.067,0.022,0.034,0.018,-12.024,0.047,0.11,0.033,0.038,0.02,baseline,50
1/23/2025 13:01,-11.983,0.031,0.074,0.022,0.036,0.018,-12.024,0.038,0.101,0.027,0.039,0.022,baseline,50
1/23/2025 13:01,-11.983,0.027,0.07,0.019,0.036,0.02,-12.024,0.047,0.116,0.034,0.039,0.021,baseline,50
1/23/2025 13:01,-11.983,0.027,0.074,0.019,0.033,0.018,-12.024,0.039,0.108,0.028,0.036,0.02,baseline,50
1/23/2025 13:01,-11.982,0.03,0.076,0.021,0.037,0.02,-12.024,0.05,0.115,0.035,0.036,0.021,baseline,50
1/23/2025 13:01,-11.983,0.032,0.07,0.023,0.035,0.018,-12.024,0.04,0.119,0.028,0.039,0.022,baseline,50
1/23/2025 13:02,-11.982,0.028,0.079,0.02,0.033,0.02,-12.024,0.043,0.104,0.031,0.038,0.02,baseline,50
1/23/2025 13:02,-11.983,0.027,0.069,0.019,0.033,0.018,-12.024,0.049,0.124,0.035,0.037,0.022,baseline,50
1/23/2025 13:02,-11.983,0.028,0.071,0.02,0.037,0.02,-12.024,0.053,0.108,0.038,0.039,0.02,baseline,50
1/23/2025 13:02,-11.983,0.031,0.088,0.022,0.034,0.02,-12.024,0.038,0.104,0.027,0.037,0.022,baseline,50
1/23/2025 13:02,-11.983,0.028,0.067,0.02,0.036,0.019,-12.024,0.041,0.117,0.029,0.038,0.02,baseline,50
1/23/2025 13:02,-11.983,0.032,0.091,0.023,0.034,0.02,-12.024,0.051,0.1,0.036,0.039,0.022,baseline,50
1/23/2025 13:02,-11.983,0.029,0.072,0.02,0.037,0.018,-12.024,0.043,0.12,0.031,0.038,0.02,baseline,50
1/23/2025 13:02,-11.983,0.032,0.072,0.023,0.034,0.02,-12.024,0.039,0.104,0.027,0.038,0.023,baseline,50
1/23/2025 13:02,-11.983,0.029,0.084,0.02,0.037,0.018,-12.024,0.046,0.121,0.032,0.039,0.021,baseline,50
1/23/2025 13:02,-11.983,0.029,0.069,0.02,0.034,0.021,-12.024,0.043,0.122,0.031,0.039,0.022,baseline,50
1/23/2025 13:02,-11.983,0.028,0.071,0.02,0.033,0.019,-12.024,0.046,0.104,0.033,0.037,0.021,baseline,50
1/23/2025 13:03,-11.983,0.032,0.083,0.023,0.036,0.022,-12.024,0.05,0.103,0.035,0.039,0.022,baseline,50
1/23/2025 13:03,-11.983,0.032,0.088,0.023,0.035,0.019,-12.024,0.04,0.128,0.028,0.038,0.021,baseline,50
1/23/2025 13:03,-11.983,0.027,0.068,0.019,0.037,0.02,-12.024,0.04,0.126,0.028,0.037,0.022,baseline,50
1/23/2025 13:03,-11.983,0.031,0.076,0.022,0.035,0.021,-12.024,0.048,0.101,0.034,0.039,0.024,baseline,50
1/23/2025 13:03,-11.983,0.035,0.082,0.025,0.037,0.019,-12.024,0.042,0.105,0.03,0.038,0.02,baseline,50
1/23/2025 13:03,-11.983,0.029,0.072,0.021,0.036,0.021,-12.024,0.049,0.118,0.034,0.038,0.022,baseline,50
1/23/2025 13:03,-11.983,0.031,0.071,0.022,0.038,0.022,-12.024,0.041,0.121,0.029,0.039,0.021,baseline,50
1/23/2025 13:03,-11.983,0.028,0.076,0.02,0.035,0.019,-12.024,0.042,0.098,0.03,0.039,0.02,baseline,50
1/23/2025 13:03,-11.983,0.029,0.077,0.02,0.037,0.02,-12.024,0.045,0.118,0.032,0.038,0.023,baseline,50
1/23/2025 13:03,-11.983,0.031,0.07,0.022,0.035,0.019,-12.024,0.049,0.125,0.035,0.039,0.025,baseline,50
1/23/2025 13:03,-11.983,0.031,0.078,0.022,0.036,0.021,-12.024,0.048,0.103,0.034,0.038,0.02,baseline,50
1/23/2025 13:03,-11.983,0.028,0.082,0.02,0.038,0.024,-12.024,0.038,0.101,0.027,0.039,0.019,baseline,50
1/23/2025 13:04,-11.983,0.027,0.071,0.019,0.035,0.019,-12.024,0.039,0.115,0.028,0.038,0.023,baseline,50
1/23/2025 13:04,-11.983,0.031,0.079,0.022,0.036,0.018,-12.024,0.051,0.117,0.036,0.039,0.023,baseline,50
1/23/2025 13:04,-11.983,0.029,0.074,0.02,0.039,0.023,-12.024,0.041,0.102,0.029,0.041,0.021,baseline,50
1/23/2025 13:04,-11.983,0.031,0.078,0.022,0.036,0.022,-12.024,0.048,0.101,0.034,0.038,0.022,baseline,50
1/23/2025 13:04,-11.983,0.031,0.069,0.022,0.039,0.019,-12.024,0.039,0.134,0.028,0.039,0.023,baseline,50
1/23/2025 13:04,-11.983,0.028,0.079,0.02,0.04,0.02,-12.024,0.049,0.104,0.035,0.04,0.023,baseline,50
1/23/2025 13:04,-11.983,0.031,0.078,0.022,0.036,0.022,-12.024,0.044,0.119,0.031,0.039,0.022,baseline,50
1/23/2025 13:04,-11.983,0.03,0.085,0.022,0.038,0.022,-12.024,0.052,0.1,0.037,0.04,0.022,baseline,50
1/23/2025 13:04,-11.983,0.031,0.071,0.022,0.036,0.02,-12.024,0.046,0.116,0.033,0.041,0.023,baseline,50
1/23/2025 13:04,-11.983,0.028,0.068,0.02,0.038,0.02,-12.024,0.039,0.101,0.028,0.038,0.021,baseline,50
1/23/2025 13:04,-11.983,0.028,0.08,0.02,0.038,0.022,-12.024,0.039,0.115,0.028,0.04,0.022,baseline,50
1/23/2025 13:04,-11.983,0.032,0.075,0.022,0.042,0.02,-12.024,0.051,0.115,0.036,0.039,0.023,baseline,50
1/23/2025 13:05,-11.983,0.028,0.083,0.02,0.037,0.021,-12.024,0.048,0.1,0.034,0.041,0.021,baseline,50
1/23/2025 13:05,-11.983,0.028,0.071,0.02,0.038,0.022,-12.024,0.041,0.112,0.029,0.039,0.023,baseline,50
1/23/2025 13:05,-11.983,0.032,0.08,0.022,0.043,0.02,-12.024,0.038,0.108,0.027,0.045,0.021,baseline,50
1/23/2025 13:05,-11.983,0.032,0.072,0.023,0.039,0.022,-12.024,0.048,0.133,0.034,0.039,0.024,baseline,50
1/23/2025 13:05,-11.983,0.03,0.082,0.021,0.037,0.02,-12.024,0.053,0.105,0.037,0.039,0.024,baseline,50
1/23/2025 13:05,-11.983,0.033,0.069,0.023,0.038,0.023,-12.024,0.042,0.115,0.029,0.044,0.021,baseline,50
1/23/2025 13:05,-11.983,0.028,0.071,0.02,0.04,0.023,-12.024,0.048,0.109,0.034,0.042,0.022,baseline,50
1/23/2025 13:05,-11.983,0.027,0.079,0.019,0.04,0.02,-12.024,0.049,0.099,0.035,0.04,0.024,baseline,50
1/23/2025 13:05,-11.983,0.031,0.07,0.022,0.038,0.021,-12.024,0.04,0.106,0.029,0.04,0.022,baseline,50
1/23/2025 13:05,-11.983,0.031,0.069,0.022,0.038,0.023,-12.024,0.047,0.124,0.033,0.041,0.021,baseline,50
1/23/2025 13:05,-11.983,0.028,0.077,0.02,0.041,0.02,-12.024,0.04,0.115,0.028,0.042,0.024,baseline,50
1/23/2025 13:06,-11.983,0.028,0.079,0.02,0.04,0.02,-12.024,0.046,0.102,0.032,0.04,0.024,baseline,50
1/23/2025 13:06,-11.983,0.032,0.07,0.022,0.037,0.023,-12.024,0.038,0.107,0.027,0.039,0.023,baseline,50
1/23/2025 13:06,-11.983,0.029,0.069,0.021,0.04,0.023,-12.024,0.05,0.12,0.035,0.041,0.023,baseline,50
1/23/2025 13:06,-11.983,0.028,0.077,0.02,0.038,0.021,-12.024,0.041,0.122,0.029,0.042,0.024,baseline,50
1/23/2025 13:06,-11.983,0.031,0.076,0.022,0.041,0.024,-12.024,0.04,0.101,0.028,0.039,0.022,baseline,50
1/23/2025 13:06,-11.983,0.028,0.068,0.02,0.038,0.023,-12.024,0.046,0.103,0.033,0.04,0.022,baseline,50
1/23/2025 13:06,-11.983,0.028,0.079,0.02,0.041,0.021,-12.024,0.04,0.148,0.028,0.04,0.024,baseline,50
1/23/2025 13:06,-11.983,0.031,0.071,0.022,0.042,0.02,-12.024,0.05,0.103,0.035,0.042,0.024,baseline,50
1/23/2025 13:06,-11.983,0.031,0.08,0.022,0.038,0.024,-12.024,0.047,0.112,0.033,0.04,0.022,baseline,50
1/23/2025 13:06,-11.983,0.029,0.072,0.02,0.038,0.023,-12.024,0.042,0.101,0.03,0.043,0.024,baseline,50
1/23/2025 13:06,-11.983,0.032,0.077,0.023,0.041,0.021,-12.024,0.041,0.111,0.029,0.043,0.025,baseline,50
1/23/2025 13:06,-11.983,0.028,0.072,0.02,0.038,0.024,-12.024,0.047,0.101,0.033,0.04,0.023,baseline,50
1/23/2025 13:07,-11.983,0.028,0.07,0.02,0.038,0.025,-12.024,0.049,0.102,0.035,0.04,0.023,baseline,50
1/23/2025 13:07,-11.983,0.031,0.079,0.022,0.041,0.022,-12.024,0.043,0.115,0.03,0.042,0.024,baseline,50
1/23/2025 13:07,-11.983,0.031,0.069,0.022,0.042,0.024,-12.024,0.04,0.112,0.028,0.041,0.023,baseline,50
1/23/2025 13:07,-11.983,0.029,0.076,0.021,0.04,0.022,-12.024,0.045,0.1,0.032,0.039,0.024,baseline,50
1/23/2025 13:07,-11.983,0.031,0.069,0.022,0.04,0.023,-12.024,0.043,0.105,0.031,0.042,0.024,baseline,50
1/23/2025 13:07,-11.983,0.028,0.083,0.02,0.042,0.022,-12.024,0.048,0.119,0.034,0.042,0.023,baseline,50
1/23/2025 13:07,-11.983,0.029,0.08,0.02,0.043,0.023,-12.024,0.047,0.112,0.033,0.041,0.023,baseline,50
1/23/2025 13:07,-11.983,0.032,0.074,0.022,0.04,0.022,-12.024,0.041,0.099,0.029,0.041,0.024,baseline,50
1/23/2025 13:07,-11.983,0.032,0.069,0.023,0.039,0.021,-12.024,0.04,0.11,0.028,0.043,0.024,baseline,50
1/23/2025 13:07,-11.983,0.029,0.079,0.02,0.044,0.023,-12.024,0.047,0.102,0.033,0.043,0.022,baseline,50
1/23/2025 13:07,-11.983,0.029,0.081,0.02,0.04,0.021,-12.024,0.047,0.104,0.033,0.041,0.023,baseline,50
1/23/2025 13:07,-11.983,0.03,0.071,0.021,0.04,0.022,-12.024,0.042,0.113,0.03,0.04,0.025,baseline,50
1/23/2025 13:08,-11.983,0.029,0.079,0.021,0.043,0.022,-12.024,0.047,0.1,0.033,0.043,0.025,baseline,50
1/23/2025 13:08,-11.983,0.032,0.087,0.023,0.043,0.024,-12.024,0.04,0.116,0.029,0.043,0.023,baseline,50
1/23/2025 13:08,-11.983,0.032,0.072,0.023,0.041,0.024,-12.024,0.05,0.103,0.036,0.041,0.025,baseline,50
1/23/2025 13:08,-11.983,0.029,0.083,0.02,0.04,0.023,-12.024,0.042,0.112,0.03,0.043,0.023,baseline,50
1/23/2025 13:08,-11.983,0.029,0.072,0.021,0.043,0.024,-12.024,0.05,0.101,0.035,0.043,0.022,baseline,50
1/23/2025 13:08,-11.983,0.032,0.07,0.023,0.043,0.022,-12.024,0.039,0.108,0.028,0.041,0.023,baseline,50
1/23/2025 13:08,-11.983,0.031,0.078,0.022,0.04,0.022,-12.024,0.044,0.103,0.031,0.042,0.023,baseline,50
1/23/2025 13:08,-11.983,0.029,0.072,0.02,0.042,0.021,-12.024,0.053,0.114,0.037,0.043,0.024,baseline,50
1/23/2025 13:08,-11.983,0.027,0.087,0.019,0.039,0.022,-12.024,0.049,0.101,0.035,0.043,0.024,baseline,50
1/23/2025 13:08,-11.983,0.031,0.074,0.022,0.04,0.023,-12.024,0.039,0.108,0.028,0.041,0.023,baseline,50
1/23/2025 13:08,-11.983,0.028,0.08,0.02,0.042,0.023,-12.024,0.042,0.116,0.03,0.043,0.025,baseline,50
1/23/2025 13:08,-11.983,0.032,0.088,0.023,0.039,0.022,-12.024,0.042,0.102,0.029,0.041,0.021,baseline,50
1/23/2025 13:08,-11.983,0.031,0.072,0.022,0.041,0.025,-12.024,0.05,0.108,0.036,0.042,0.026,baseline,50
1/23/2025 13:09,-11.983,0.027,0.093,0.019,0.04,0.02,-12.024,0.045,0.105,0.032,0.041,0.022,baseline,50
1/23/2025 13:09,-11.983,0.034,0.075,0.024,0.044,0.025,-12.024,0.041,0.097,0.029,0.04,0.023,baseline,50
1/23/2025 13:09,-11.983,0.029,0.075,0.021,0.042,0.021,-12.024,0.047,0.118,0.033,0.042,0.025,baseline,50
1/23/2025 13:09,-11.983,0.032,0.084,0.023,0.044,0.022,-12.024,0.048,0.101,0.034,0.042,0.026,baseline,50
1/23/2025 13:09,-11.983,0.029,0.082,0.02,0.043,0.025,-12.024,0.037,0.1,0.026,0.043,0.026,baseline,50
1/23/2025 13:09,-11.983,0.031,0.074,0.022,0.04,0.026,-12.024,0.047,0.13,0.033,0.044,0.023,baseline,50
1/23/2025 13:09,-11.983,0.029,0.072,0.021,0.041,0.025,-12.024,0.043,0.122,0.03,0.042,0.027,baseline,50
1/23/2025 13:09,-11.983,0.032,0.083,0.022,0.04,0.023,-12.024,0.05,0.122,0.035,0.043,0.024,baseline,50
1/23/2025 13:09,-11.983,0.03,0.073,0.021,0.042,0.027,-12.024,0.039,0.105,0.027,0.042,0.022,baseline,50
1/23/2025 13:09,-11.983,0.028,0.083,0.02,0.041,0.024,-12.024,0.05,0.117,0.035,0.041,0.028,baseline,50
1/23/2025 13:09,-11.983,0.029,0.084,0.02,0.042,0.021,-12.024,0.041,0.104,0.029,0.042,0.024,baseline,50
1/23/2025 13:09,-11.983,0.031,0.074,0.022,0.039,0.029,-12.024,0.039,0.119,0.027,0.043,0.022,baseline,50
1/23/2025 13:09,-11.983,0.029,0.083,0.02,0.042,0.023,-12.024,0.039,0.112,0.028,0.041,0.024,baseline,50
1/23/2025 13:10,-11.983,0.03,0.075,0.021,0.039,0.019,-12.024,0.048,0.103,0.034,0.042,0.024,baseline,50
1/23/2025 13:10,-11.983,0.028,0.08,0.02,0.042,0.023,-12.024,0.052,0.106,0.037,0.041,0.022,baseline,50
1/23/2025 13:10,-11.983,0.032,0.083,0.022,0.039,0.024,-12.024,0.042,0.119,0.03,0.041,0.026,baseline,50
1/23/2025 13:10,-11.983,0.032,0.076,0.023,0.041,0.021,-12.024,0.041,0.099,0.029,0.044,0.023,baseline,50
1/23/2025 13:10,-11.983,0.027,0.08,0.019,0.045,0.025,-12.024,0.052,0.098,0.037,0.041,0.025,baseline,50
1/23/2025 13:10,-11.984,0.032,0.076,0.023,0.045,0.022,-12.024,0.041,0.112,0.029,0.044,0.023,baseline,50
1/23/2025 13:10,-11.983,0.029,0.073,0.02,0.045,0.024,-12.024,0.048,0.117,0.034,0.044,0.024,baseline,50
1/23/2025 13:10,-11.984,0.031,0.083,0.022,0.042,0.022,-12.025,0.039,0.103,0.028,0.042,0.025,baseline,50
1/23/2025 13:10,-11.984,0.028,0.072,0.02,0.043,0.023,-12.025,0.041,0.133,0.029,0.045,0.024,baseline,50
1/23/2025 13:10,-11.983,0.029,0.091,0.021,0.046,0.024,-12.025,0.047,0.118,0.033,0.045,0.025,baseline,50
1/23/2025 13:10,-11.984,0.031,0.08,0.022,0.042,0.023,-12.025,0.052,0.104,0.037,0.043,0.025,baseline,50
1/23/2025 13:11,-11.983,0.034,0.1,0.024,0.045,0.025,-12.025,0.04,0.114,0.028,0.046,0.024,baseline,50
1/23/2025 13:11,-11.983,0.029,0.097,0.021,0.039,0.025,-12.025,0.049,0.102,0.035,0.044,0.027,baseline,50
1/23/2025 13:11,-11.983,0.029,0.082,0.02,0.04,0.022,-12.025,0.042,0.111,0.029,0.041,0.024,baseline,50
1/23/2025 13:11,-11.984,0.031,0.082,0.022,0.043,0.027,-12.025,0.04,0.1,0.028,0.047,0.025,baseline,50
1/23/2025 13:11,-11.983,0.034,0.073,0.024,0.041,0.024,-12.025,0.048,0.103,0.034,0.041,0.023,baseline,50
1/23/2025 13:11,-11.983,0.028,0.073,0.02,0.044,0.022,-12.025,0.043,0.14,0.03,0.041,0.025,baseline,50
1/23/2025 13:11,-11.983,0.031,0.092,0.022,0.042,0.023,-12.025,0.051,0.104,0.036,0.045,0.026,baseline,50
1/23/2025 13:11,-11.983,0.028,0.086,0.02,0.044,0.025,-12.025,0.04,0.128,0.028,0.044,0.024,baseline,50
1/23/2025 13:11,-11.983,0.032,0.08,0.022,0.042,0.026,-12.025,0.039,0.107,0.028,0.042,0.024,baseline,50
1/23/2025 13:11,-11.983,0.033,0.097,0.023,0.041,0.024,-12.025,0.058,0.098,0.041,0.044,0.026,baseline,50
1/23/2025 13:11,-11.983,0.03,0.079,0.021,0.044,0.024,-12.025,0.054,0.114,0.038,0.042,0.027,baseline,50
1/23/2025 13:11,-11.983,0.029,0.086,0.02,0.044,0.026,-12.025,0.041,0.103,0.029,0.045,0.024,baseline,50
1/23/2025 13:12,-11.984,0.033,0.073,0.023,0.042,0.023,-12.025,0.046,0.132,0.033,0.042,0.024,baseline,50
1/23/2025 13:12,-11.984,0.029,0.078,0.02,0.042,0.027,-12.025,0.039,0.138,0.028,0.042,0.027,baseline,50
1/23/2025 13:12,-11.984,0.032,0.092,0.022,0.046,0.024,-12.025,0.052,0.11,0.037,0.044,0.025,baseline,50
1/23/2025 13:12,-11.984,0.029,0.086,0.02,0.046,0.027,-12.025,0.047,0.138,0.033,0.043,0.026,baseline,50
1/23/2025 13:12,-11.984,0.029,0.074,0.021,0.044,0.026,-12.025,0.04,0.135,0.028,0.045,0.024,baseline,50
1/23/2025 13:12,-11.984,0.032,0.097,0.023,0.044,0.026,-12.025,0.047,0.107,0.033,0.043,0.024,baseline,50
1/23/2025 13:12,-11.984,0.028,0.077,0.02,0.042,0.024,-12.025,0.048,0.098,0.034,0.045,0.026,baseline,50
1/23/2025 13:12,-11.984,0.028,0.098,0.02,0.042,0.023,-12.025,0.04,0.134,0.028,0.046,0.023,baseline,50
1/23/2025 13:12,-11.984,0.039,0.092,0.028,0.045,0.023,-12.025,0.04,0.105,0.028,0.044,0.027,baseline,50
1/23/2025 13:12,-11.984,0.033,0.078,0.023,0.044,0.025,-12.025,0.046,0.128,0.032,0.042,0.027,baseline,50
1/23/2025 13:12,-11.984,0.029,0.073,0.02,0.043,0.026,-12.025,0.048,0.102,0.034,0.045,0.024,baseline,50
1/23/2025 13:12,-11.984,0.029,0.09,0.02,0.046,0.021,-12.025,0.04,0.137,0.029,0.045,0.027,baseline,50
1/23/2025 13:12,-11.984,0.032,0.098,0.023,0.048,0.027,-12.025,0.04,0.106,0.028,0.044,0.023,baseline,50
1/23/2025 13:13,-11.983,0.028,0.076,0.02,0.043,0.027,-12.025,0.046,0.13,0.033,0.045,0.025,baseline,50
1/23/2025 13:13,-11.983,0.033,0.083,0.023,0.048,0.023,-12.025,0.048,0.099,0.034,0.044,0.024,baseline,50
1/23/2025 13:13,-11.984,0.032,0.075,0.023,0.045,0.028,-12.025,0.042,0.102,0.03,0.047,0.028,baseline,50
1/23/2025 13:13,-11.984,0.029,0.106,0.02,0.048,0.022,-12.025,0.044,0.146,0.031,0.044,0.026,baseline,50
1/23/2025 13:13,-11.983,0.031,0.074,0.022,0.044,0.025,-12.025,0.04,0.139,0.028,0.047,0.024,baseline,50
1/23/2025 13:13,-11.983,0.032,0.075,0.022,0.046,0.024,-12.025,0.042,0.095,0.03,0.045,0.024,baseline,50
1/23/2025 13:13,-11.983,0.028,0.082,0.02,0.043,0.027,-12.025,0.048,0.098,0.034,0.047,0.026,baseline,50
1/23/2025 13:13,-11.983,0.028,0.074,0.02,0.042,0.026,-12.025,0.046,0.11,0.033,0.046,0.024,baseline,50
1/23/2025 13:13,-11.983,0.031,0.086,0.022,0.045,0.023,-12.025,0.04,0.136,0.029,0.044,0.028,baseline,50
1/23/2025 13:13,-11.984,0.029,0.073,0.021,0.043,0.024,-12.025,0.039,0.107,0.027,0.043,0.025,baseline,50
1/23/2025 13:13,-11.983,0.03,0.075,0.022,0.046,0.026,-12.025,0.048,0.098,0.034,0.045,0.028,baseline,50
1/23/2025 13:14,-11.983,0.03,0.088,0.022,0.047,0.024,-12.025,0.039,0.115,0.028,0.043,0.027,baseline,50
1/23/2025 13:14,-11.983,0.029,0.075,0.02,0.047,0.029,-12.025,0.049,0.097,0.035,0.043,0.028,baseline,50
1/23/2025 13:14,-11.984,0.031,0.08,0.022,0.044,0.025,-12.025,0.041,0.111,0.029,0.045,0.026,baseline,50
1/23/2025 13:14,-11.983,0.03,0.075,0.021,0.046,0.028,-12.025,0.048,0.102,0.034,0.047,0.03,baseline,50
1/23/2025 13:14,-11.984,0.032,0.08,0.022,0.043,0.027,-12.025,0.039,0.109,0.028,0.045,0.026,baseline,50
1/23/2025 13:14,-11.984,0.029,0.075,0.021,0.042,0.028,-12.025,0.049,0.099,0.035,0.046,0.026,baseline,50
1/23/2025 13:14,-11.983,0.032,0.086,0.022,0.045,0.025,-12.025,0.042,0.11,0.03,0.044,0.027,baseline,50
1/23/2025 13:14,-11.984,0.029,0.075,0.02,0.043,0.031,-12.025,0.049,0.104,0.035,0.046,0.027,baseline,50
1/23/2025 13:14,-11.983,0.028,0.075,0.02,0.047,0.026,-12.025,0.045,0.113,0.032,0.043,0.028,baseline,50
1/23/2025 13:14,-11.984,0.033,0.085,0.023,0.044,0.026,-12.025,0.04,0.112,0.028,0.046,0.027,baseline,50
1/23/2025 13:14,-11.984,0.033,0.084,0.023,0.046,0.028,-12.025,0.05,0.103,0.035,0.044,0.026,baseline,50
1/23/2025 13:14,-11.984,0.029,0.076,0.02,0.043,0.026,-12.025,0.041,0.103,0.029,0.045,0.024,baseline,50
1/23/2025 13:15,-11.984,0.031,0.085,0.022,0.044,0.027,-12.025,0.046,0.111,0.032,0.047,0.028,baseline,50
1/23/2025 13:15,-11.984,0.029,0.077,0.021,0.046,0.025,-12.025,0.041,0.112,0.029,0.045,0.026,baseline,50
1/23/2025 13:15,-11.984,0.029,0.089,0.02,0.044,0.024,-12.026,0.046,0.102,0.033,0.044,0.028,baseline,50
1/23/2025 13:15,-11.984,0.033,0.075,0.023,0.05,0.027,-12.026,0.049,0.115,0.035,0.044,0.027,baseline,50
1/23/2025 13:15,-11.984,0.029,0.082,0.021,0.049,0.026,-12.026,0.042,0.114,0.029,0.045,0.025,baseline,50
1/23/2025 13:15,-11.984,0.031,0.077,0.022,0.046,0.028,-12.026,0.048,0.099,0.034,0.044,0.027,baseline,50
1/23/2025 13:15,-11.984,0.029,0.085,0.02,0.049,0.027,-12.026,0.041,0.097,0.029,0.048,0.027,baseline,50
1/23/2025 13:15,-11.984,0.029,0.086,0.021,0.047,0.025,-12.026,0.048,0.121,0.034,0.048,0.026,baseline,50
1/23/2025 13:15,-11.984,0.031,0.076,0.022,0.05,0.027,-12.026,0.045,0.112,0.032,0.047,0.028,baseline,50
1/23/2025 13:15,-11.984,0.031,0.077,0.022,0.047,0.027,-12.026,0.039,0.102,0.028,0.046,0.026,baseline,50
1/23/2025 13:15,-11.984,0.029,0.086,0.02,0.052,0.026,-12.026,0.041,0.111,0.029,0.048,0.026,baseline,50
1/23/2025 13:16,-11.984,0.028,0.074,0.02,0.047,0.028,-12.026,0.049,0.099,0.035,0.049,0.027,baseline,50
1/23/2025 13:16,-11.984,0.029,0.089,0.02,0.046,0.025,-12.026,0.048,0.1,0.034,0.046,0.027,baseline,50
1/23/2025 13:16,-11.984,0.032,0.078,0.022,0.049,0.026,-12.026,0.039,0.11,0.028,0.051,0.024,baseline,50
1/23/2025 13:16,-11.984,0.032,0.08,0.022,0.047,0.027,-12.025,0.046,0.103,0.033,0.046,0.026,baseline,50
1/23/2025 13:16,-11.984,0.029,0.095,0.021,0.049,0.027,-12.025,0.039,0.114,0.028,0.047,0.027,baseline,50
1/23/2025 13:16,-11.984,0.028,0.094,0.02,0.045,0.023,-12.025,0.048,0.097,0.034,0.047,0.027,baseline,50
1/23/2025 13:16,-11.984,0.029,0.077,0.021,0.045,0.026,-12.025,0.039,0.1,0.027,0.048,0.025,baseline,50
1/23/2025 13:16,-11.984,0.032,0.075,0.023,0.049,0.028,-12.025,0.045,0.135,0.032,0.046,0.027,baseline,50
1/23/2025 13:16,-11.984,0.031,0.087,0.022,0.049,0.026,-12.025,0.049,0.102,0.035,0.045,0.025,baseline,50
1/23/2025 13:16,-11.984,0.028,0.087,0.02,0.049,0.024,-12.025,0.039,0.098,0.028,0.048,0.026,baseline,50
1/23/2025 13:16,-11.984,0.032,0.078,0.022,0.046,0.027,-12.025,0.041,0.132,0.029,0.048,0.024,baseline,50
1/23/2025 13:16,-11.984,0.029,0.082,0.02,0.046,0.024,-12.025,0.047,0.114,0.033,0.049,0.029,baseline,50
1/23/2025 13:16,-11.984,0.029,0.077,0.02,0.048,0.026,-12.025,0.046,0.099,0.033,0.045,0.027,baseline,50
1/23/2025 13:17,-11.984,0.03,0.085,0.021,0.048,0.024,-12.025,0.041,0.113,0.029,0.047,0.025,baseline,50
1/23/2025 13:17,-11.984,0.032,0.078,0.023,0.046,0.029,-12.025,0.041,0.102,0.029,0.047,0.026,baseline,50
1/23/2025 13:17,-11.984,0.028,0.084,0.02,0.05,0.027,-12.025,0.05,0.098,0.035,0.045,0.027,baseline,50
1/23/2025 13:17,-11.984,0.029,0.085,0.021,0.045,0.024,-12.025,0.047,0.108,0.033,0.049,0.026,baseline,50
1/23/2025 13:17,-11.984,0.031,0.078,0.022,0.049,0.025,-12.025,0.041,0.112,0.029,0.045,0.027,baseline,50
1/23/2025 13:17,-11.984,0.029,0.089,0.021,0.049,0.027,-12.025,0.048,0.112,0.034,0.046,0.028,baseline,50
1/23/2025 13:17,-11.984,0.033,0.088,0.023,0.045,0.026,-12.025,0.048,0.101,0.034,0.048,0.027,baseline,50
1/23/2025 13:17,-11.984,0.032,0.079,0.023,0.046,0.028,-12.025,0.04,0.119,0.028,0.048,0.026,baseline,50
1/23/2025 13:17,-11.984,0.029,0.083,0.021,0.049,0.026,-12.025,0.047,0.103,0.034,0.046,0.028,baseline,50
1/23/2025 13:17,-11.984,0.031,0.087,0.022,0.045,0.026,-12.025,0.05,0.117,0.035,0.046,0.027,baseline,50
1/23/2025 13:17,-11.984,0.029,0.085,0.021,0.044,0.029,-12.025,0.041,0.102,0.029,0.048,0.028,baseline,50
1/23/2025 13:17,-11.984,0.033,0.082,0.023,0.047,0.029,-12.025,0.047,0.125,0.033,0.045,0.026,baseline,50
1/23/2025 13:18,-11.984,0.029,0.089,0.02,0.044,0.027,-12.025,0.041,0.113,0.029,0.044,0.027,baseline,50
1/23/2025 13:18,-11.984,0.031,0.086,0.022,0.047,0.026,-12.025,0.047,0.101,0.034,0.048,0.027,baseline,50
1/23/2025 13:18,-11.984,0.032,0.077,0.022,0.043,0.026,-12.025,0.048,0.101,0.034,0.045,0.031,baseline,50
1/23/2025 13:18,-11.984,0.03,0.09,0.021,0.049,0.028,-12.025,0.04,0.11,0.028,0.047,0.027,baseline,50
1/23/2025 13:18,-11.984,0.029,0.077,0.021,0.046,0.031,-12.025,0.048,0.124,0.034,0.044,0.028,baseline,50
1/23/2025 13:18,-11.984,0.032,0.077,0.022,0.045,0.027,-12.025,0.04,0.103,0.028,0.048,0.026,baseline,50
1/23/2025 13:18,-11.984,0.03,0.089,0.021,0.045,0.029,-12.025,0.042,0.113,0.03,0.044,0.028,baseline,50
1/23/2025 13:18,-11.984,0.033,0.09,0.023,0.048,0.026,-12.025,0.048,0.114,0.034,0.047,0.026,baseline,50
1/23/2025 13:18,-11.984,0.033,0.081,0.023,0.046,0.028,-12.025,0.039,0.102,0.028,0.045,0.028,baseline,50
1/23/2025 13:18,-11.984,0.029,0.079,0.02,0.05,0.026,-12.026,0.048,0.11,0.034,0.047,0.027,baseline,50
1/23/2025 13:18,-11.984,0.031,0.096,0.022,0.047,0.027,-12.026,0.041,0.104,0.029,0.048,0.028,baseline,50
1/23/2025 13:18,-11.984,0.029,0.091,0.021,0.047,0.029,-12.026,0.043,0.116,0.031,0.046,0.032,baseline,50
1/23/2025 13:18,-11.984,0.031,0.079,0.022,0.051,0.028,-12.026,0.048,0.119,0.034,0.048,0.028,baseline,50
1/23/2025 13:19,-11.984,0.028,0.089,0.02,0.048,0.033,-12.026,0.045,0.104,0.032,0.047,0.026,baseline,50
1/23/2025 13:19,-11.984,0.03,0.078,0.021,0.051,0.029,-12.026,0.04,0.107,0.028,0.049,0.027,baseline,50
1/23/2025 13:19,-11.984,0.032,0.085,0.023,0.047,0.025,-12.026,0.048,0.118,0.034,0.048,0.029,baseline,50
1/23/2025 13:19,-11.984,0.03,0.09,0.021,0.049,0.027,-12.026,0.046,0.102,0.033,0.049,0.029,baseline,50
1/23/2025 13:19,-11.984,0.032,0.082,0.023,0.047,0.029,-12.026,0.041,0.112,0.029,0.05,0.027,baseline,50
1/23/2025 13:19,-11.984,0.029,0.079,0.021,0.05,0.03,-12.026,0.049,0.096,0.035,0.047,0.028,baseline,50
1/23/2025 13:19,-11.984,0.031,0.08,0.022,0.047,0.028,-12.026,0.047,0.112,0.033,0.047,0.028,baseline,50
1/23/2025 13:19,-11.984,0.032,0.09,0.023,0.051,0.027,-12.026,0.042,0.1,0.029,0.049,0.027,baseline,50
1/23/2025 13:19,-11.984,0.03,0.083,0.021,0.047,0.028,-12.026,0.041,0.116,0.029,0.05,0.027,baseline,50
1/23/2025 13:19,-11.984,0.031,0.09,0.022,0.05,0.027,-12.026,0.048,0.104,0.034,0.047,0.027,baseline,50
1/23/2025 13:19,-11.984,0.029,0.082,0.02,0.047,0.027,-12.026,0.049,0.101,0.035,0.049,0.028,baseline,50
1/23/2025 13:20,-11.984,0.032,0.091,0.023,0.049,0.029,-12.026,0.042,0.118,0.03,0.049,0.027,baseline,50
1/23/2025 13:20,-11.984,0.032,0.082,0.023,0.051,0.027,-12.026,0.047,0.105,0.033,0.047,0.029,baseline,50
1/23/2025 13:20,-11.984,0.03,0.092,0.021,0.05,0.027,-12.026,0.042,0.111,0.03,0.046,0.027,baseline,50
1/23/2025 13:20,-11.984,0.03,0.082,0.021,0.053,0.03,-12.025,0.047,0.111,0.034,0.05,0.029,baseline,50
1/23/2025 13:20,-11.984,0.033,0.087,0.024,0.051,0.028,-12.025,0.043,0.099,0.03,0.048,0.03,baseline,50
1/23/2025 13:20,-11.984,0.032,0.081,0.022,0.048,0.029,-12.025,0.047,0.118,0.033,0.049,0.027,baseline,50
1/23/2025 13:20,-11.984,0.029,0.089,0.021,0.049,0.03,-12.025,0.042,0.119,0.029,0.052,0.028,baseline,50
1/23/2025 13:20,-11.984,0.03,0.081,0.021,0.051,0.028,-12.025,0.042,0.104,0.03,0.049,0.03,baseline,50
1/23/2025 13:20,-11.984,0.033,0.089,0.023,0.052,0.028,-12.025,0.047,0.1,0.033,0.047,0.032,baseline,50
1/23/2025 13:20,-11.984,0.033,0.082,0.023,0.05,0.033,-12.025,0.041,0.112,0.029,0.047,0.03,baseline,50
1/23/2025 13:20,-11.984,0.03,0.101,0.021,0.048,0.031,-12.025,0.049,0.131,0.034,0.05,0.031,baseline,50
1/23/2025 13:21,-11.984,0.032,0.094,0.023,0.05,0.031,-12.025,0.042,0.102,0.029,0.05,0.03,baseline,50
1/23/2025 13:21,-11.984,0.03,0.08,0.021,0.048,0.031,-12.025,0.041,0.104,0.029,0.048,0.031,baseline,50
1/23/2025 13:21,-11.984,0.032,0.09,0.023,0.05,0.03,-12.026,0.049,0.118,0.035,0.047,0.029,baseline,50
1/23/2025 13:21,-11.984,0.03,0.09,0.021,0.048,0.032,-12.025,0.041,0.121,0.029,0.049,0.03,baseline,50
1/23/2025 13:21,-11.984,0.032,0.081,0.023,0.051,0.031,-12.026,0.047,0.11,0.033,0.047,0.031,baseline,50
1/23/2025 13:21,-11.984,0.031,0.09,0.022,0.049,0.029,-12.026,0.04,0.125,0.029,0.047,0.03,baseline,50
1/23/2025 13:21,-11.984,0.032,0.081,0.023,0.048,0.032,-12.026,0.043,0.101,0.031,0.05,0.03,baseline,50
1/23/2025 13:21,-11.984,0.032,0.093,0.023,0.049,0.031,-12.026,0.048,0.118,0.034,0.05,0.031,baseline,50
1/23/2025 13:21,-11.984,0.03,0.083,0.021,0.052,0.031,-12.026,0.041,0.104,0.029,0.048,0.029,baseline,50
1/23/2025 13:21,-11.984,0.033,0.108,0.023,0.052,0.032,-12.026,0.047,0.104,0.033,0.048,0.031,baseline,50
1/23/2025 13:21,-11.984,0.03,0.078,0.021,0.049,0.03,-12.026,0.041,0.117,0.029,0.049,0.03,baseline,50
1/23/2025 13:21,-11.984,0.03,0.088,0.021,0.052,0.032,-12.026,0.048,0.128,0.034,0.05,0.031,baseline,50
1/23/2025 13:22,-11.984,0.032,0.08,0.023,0.051,0.031,-12.026,0.042,0.104,0.03,0.05,0.031,baseline,50
1/23/2025 13:22,-11.984,0.03,0.081,0.021,0.056,0.032,-12.026,0.048,0.104,0.034,0.05,0.03,baseline,50
1/23/2025 13:22,-11.984,0.032,0.093,0.023,0.053,0.033,-12.026,0.041,0.126,0.029,0.05,0.031,baseline,50
1/23/2025 13:22,-11.984,0.032,0.079,0.023,0.055,0.031,-12.026,0.048,0.103,0.034,0.049,0.031,baseline,50
1/23/2025 13:22,-11.984,0.029,0.091,0.021,0.052,0.033,-12.026,0.049,0.102,0.034,0.05,0.03,baseline,50
1/23/2025 13:22,-11.984,0.032,0.092,0.023,0.056,0.032,-12.026,0.042,0.128,0.03,0.053,0.031,baseline,50
1/23/2025 13:22,-11.984,0.03,0.083,0.021,0.052,0.033,-12.026,0.043,0.111,0.03,0.054,0.03,baseline,50
1/23/2025 13:22,-11.984,0.03,0.079,0.021,0.054,0.032,-12.026,0.05,0.113,0.036,0.052,0.031,baseline,50
1/23/2025 13:22,-11.984,0.033,0.092,0.023,0.055,0.031,-12.026,0.042,0.103,0.03,0.054,0.03,baseline,50
1/23/2025 13:22,-11.984,0.03,0.087,0.021,0.054,0.031,-12.026,0.046,0.122,0.033,0.051,0.033,baseline,50
1/23/2025 13:22,-11.984,0.033,0.095,0.023,0.056,0.033,-12.026,0.042,0.103,0.03,0.054,0.031,baseline,50
1/23/2025 13:22,-11.984,0.03,0.087,0.021,0.054,0.034,-12.026,0.041,0.103,0.029,0.053,0.03,baseline,50
1/23/2025 13:22,-11.984,0.035,0.094,0.024,0.053,0.033,-12.026,0.049,0.11,0.035,0.05,0.032,baseline,50
1/23/2025 13:23,-11.984,0.031,0.082,0.022,0.056,0.031,-12.026,0.051,0.112,0.036,0.051,0.031,baseline,50
1/23/2025 13:23,-11.984,0.033,0.094,0.023,0.054,0.033,-12.026,0.044,0.105,0.031,0.053,0.03,baseline,50
1/23/2025 13:23,-11.984,0.033,0.083,0.023,0.056,0.033,-12.026,0.049,0.109,0.034,0.054,0.032,baseline,50
1/23/2025 13:23,-11.984,0.03,0.094,0.021,0.056,0.03,-12.026,0.042,0.12,0.03,0.052,0.03,baseline,50
1/23/2025 13:23,-11.984,0.03,0.095,0.021,0.054,0.033,-12.026,0.044,0.106,0.031,0.051,0.03,baseline,50
1/23/2025 13:23,-11.984,0.033,0.085,0.024,0.056,0.031,-12.026,0.051,0.118,0.036,0.054,0.032,baseline,50
1/23/2025 13:23,-11.984,0.033,0.096,0.023,0.054,0.031,-12.026,0.041,0.114,0.029,0.052,0.032,baseline,50
1/23/2025 13:23,-11.984,0.03,0.086,0.021,0.055,0.033,-12.026,0.042,0.104,0.03,0.053,0.03,baseline,50
1/23/2025 13:23,-11.984,0.03,0.085,0.021,0.056,0.034,-12.026,0.052,0.119,0.037,0.054,0.031,baseline,50
1/23/2025 13:23,-11.984,0.033,0.098,0.023,0.054,0.031,-12.026,0.046,0.104,0.033,0.053,0.032,baseline,50
1/23/2025 13:23,-11.984,0.033,0.096,0.024,0.054,0.031,-12.026,0.042,0.117,0.029,0.054,0.033,baseline,50
1/23/2025 13:23,-11.984,0.03,0.082,0.021,0.057,0.034,-12.026,0.047,0.104,0.033,0.052,0.03,baseline,50
1/23/2025 13:24,-11.984,0.035,0.106,0.025,0.056,0.031,-12.026,0.046,0.112,0.032,0.054,0.034,baseline,50
1/23/2025 13:24,-11.984,0.031,0.086,0.022,0.059,0.034,-12.026,0.041,0.101,0.029,0.054,0.03,baseline,50
1/23/2025 13:24,-11.984,0.035,0.099,0.025,0.055,0.037,-12.026,0.041,0.106,0.029,0.052,0.032,baseline,50
1/23/2025 13:24,-11.984,0.031,0.107,0.022,0.056,0.03,-12.026,0.05,0.122,0.035,0.053,0.033,baseline,50
1/23/2025 13:24,-11.984,0.032,0.1,0.022,0.056,0.033,-12.026,0.041,0.108,0.029,0.055,0.032,baseline,50
1/23/2025 13:24,-11.984,0.035,0.087,0.025,0.054,0.035,-12.026,0.042,0.136,0.03,0.054,0.033,baseline,50
1/23/2025 13:24,-11.984,0.03,0.106,0.021,0.056,0.035,-12.026,0.049,0.121,0.035,0.056,0.032,baseline,50
1/23/2025 13:24,-11.984,0.031,0.089,0.022,0.054,0.033,-12.026,0.05,0.109,0.035,0.053,0.034,baseline,50
1/23/2025 13:24,-11.984,0.036,0.087,0.025,0.054,0.034,-12.026,0.043,0.144,0.031,0.055,0.033,baseline,50
1/23/2025 13:24,-11.984,0.033,0.101,0.024,0.057,0.036,-12.026,0.041,0.128,0.029,0.052,0.031,baseline,50
1/23/2025 13:24,-11.984,0.03,0.084,0.021,0.057,0.035,-12.026,0.049,0.104,0.035,0.054,0.031,baseline,50
1/23/2025 13:24,-11.984,0.033,0.093,0.023,0.054,0.033,-12.026,0.043,0.136,0.03,0.055,0.031,baseline,50
1/23/2025 13:24,-11.984,0.032,0.085,0.023,0.055,0.032,-12.026,0.044,0.111,0.031,0.053,0.033,baseline,50
1/23/2025 13:25,-11.984,0.03,0.098,0.021,0.057,0.032,-12.026,0.055,0.115,0.039,0.052,0.031,baseline,50
1/23/2025 13:25,-11.984,0.031,0.095,0.022,0.055,0.034,-12.026,0.042,0.106,0.03,0.056,0.033,baseline,50
1/23/2025 13:25,-11.984,0.034,0.083,0.024,0.057,0.035,-12.026,0.04,0.104,0.029,0.055,0.031,baseline,50
1/23/2025 13:25,-11.984,0.03,0.101,0.021,0.055,0.033,-12.026,0.05,0.114,0.036,0.052,0.032,baseline,50
1/23/2025 13:25,-11.984,0.033,0.094,0.023,0.058,0.033,-12.026,0.048,0.103,0.034,0.053,0.031,baseline,50
1/23/2025 13:25,-11.984,0.032,0.084,0.023,0.057,0.032,-12.026,0.044,0.115,0.031,0.055,0.034,baseline,50
1/23/2025 13:25,-11.984,0.031,0.086,0.022,0.06,0.031,-12.026,0.042,0.1,0.03,0.053,0.031,baseline,50
1/23/2025 13:25,-11.984,0.029,0.096,0.021,0.058,0.036,-12.026,0.049,0.12,0.035,0.056,0.03,baseline,50
1/23/2025 13:25,-11.984,0.033,0.084,0.023,0.059,0.031,-12.026,0.043,0.105,0.031,0.057,0.032,baseline,50
1/23/2025 13:26,-11.984,0.034,0.095,0.024,0.058,0.031,-12.026,0.049,0.117,0.035,0.055,0.033,baseline,50
1/23/2025 13:26,-11.984,0.031,0.095,0.022,0.059,0.033,-12.026,0.041,0.113,0.029,0.057,0.031,baseline,50
1/23/2025 13:26,-11.984,0.031,0.088,0.022,0.056,0.034,-12.026,0.048,0.123,0.034,0.057,0.032,baseline,50
1/23/2025 13:26,-11.984,0.035,0.094,0.025,0.057,0.032,-12.026,0.049,0.106,0.034,0.058,0.031,baseline,50
1/23/2025 13:26,-11.984,0.035,0.085,0.025,0.055,0.033,-12.026,0.041,0.12,0.029,0.056,0.033,baseline,50
1/23/2025 13:26,-11.984,0.031,0.099,0.022,0.056,0.032,-12.026,0.045,0.102,0.032,0.057,0.032,baseline,50
1/23/2025 13:26,-11.984,0.031,0.085,0.022,0.058,0.035,-12.026,0.042,0.105,0.03,0.055,0.033,baseline,50
1/23/2025 13:26,-11.984,0.034,0.09,0.024,0.056,0.033,-12.026,0.047,0.114,0.033,0.053,0.032,baseline,50
1/23/2025 13:26,-11.984,0.031,0.107,0.022,0.055,0.034,-12.026,0.043,0.105,0.03,0.054,0.033,baseline,50
1/23/2025 13:26,-11.984,0.036,0.097,0.026,0.057,0.035,-12.026,0.047,0.148,0.033,0.056,0.032,baseline,50
1/23/2025 13:26,-11.984,0.034,0.087,0.024,0.054,0.034,-12.026,0.047,0.107,0.033,0.054,0.033,baseline,50
1/23/2025 13:26,-11.984,0.031,0.083,0.022,0.059,0.035,-12.026,0.042,0.103,0.03,0.055,0.031,baseline,50
1/23/2025 13:26,-11.984,0.033,0.084,0.023,0.054,0.032,-12.026,0.042,0.123,0.03,0.054,0.033,baseline,50
1/23/2025 13:27,-11.984,0.031,0.094,0.022,0.054,0.031,-12.026,0.047,0.129,0.033,0.053,0.03,baseline,50
1/23/2025 13:27,-11.984,0.033,0.096,0.023,0.058,0.034,-12.026,0.045,0.109,0.032,0.056,0.031,baseline,50
1/23/2025 13:27,-11.984,0.033,0.097,0.024,0.058,0.031,-12.026,0.041,0.117,0.029,0.053,0.03,baseline,50
1/23/2025 13:27,-11.984,0.03,0.085,0.021,0.056,0.032,-12.026,0.05,0.101,0.035,0.052,0.032,baseline,50
1/23/2025 13:27,-11.984,0.033,0.096,0.024,0.058,0.033,-12.026,0.048,0.126,0.034,0.055,0.033,baseline,50
1/23/2025 13:27,-11.984,0.032,0.082,0.023,0.056,0.032,-12.026,0.043,0.101,0.03,0.056,0.031,baseline,50
1/23/2025 13:27,-11.984,0.03,0.084,0.022,0.058,0.034,-12.026,0.043,0.112,0.03,0.054,0.033,baseline,50
1/23/2025 13:27,-11.984,0.03,0.093,0.022,0.057,0.033,-12.026,0.048,0.115,0.034,0.056,0.032,baseline,50
1/23/2025 13:27,-11.984,0.033,0.091,0.024,0.059,0.035,-12.026,0.047,0.11,0.033,0.054,0.033,baseline,50
1/23/2025 13:27,-11.984,0.031,0.095,0.022,0.057,0.035,-12.026,0.043,0.103,0.03,0.056,0.032,baseline,50
1/23/2025 13:27,-11.984,0.03,0.087,0.021,0.06,0.033,-12.026,0.041,0.101,0.029,0.054,0.033,baseline,50
1/23/2025 13:28,-11.985,0.032,0.083,0.023,0.057,0.034,-12.026,0.042,0.112,0.03,0.056,0.031,baseline,50
1/23/2025 13:28,-11.984,0.034,0.104,0.024,0.059,0.033,-12.026,0.049,0.101,0.035,0.058,0.033,baseline,50
1/23/2025 13:28,-11.985,0.031,0.099,0.022,0.057,0.035,-12.026,0.041,0.103,0.029,0.055,0.031,baseline,50
1/23/2025 13:28,-11.985,0.036,0.099,0.026,0.059,0.033,-12.026,0.044,0.115,0.031,0.057,0.033,baseline,50
1/23/2025 13:28,-11.984,0.031,0.085,0.022,0.054,0.034,-12.026,0.05,0.101,0.035,0.055,0.033,baseline,50
1/23/2025 13:28,-11.984,0.033,0.102,0.023,0.054,0.035,-12.026,0.044,0.12,0.031,0.056,0.034,baseline,50
1/23/2025 13:28,-11.984,0.031,0.097,0.022,0.056,0.037,-12.026,0.054,0.104,0.038,0.054,0.034,baseline,50
1/23/2025 13:28,-11.984,0.034,0.086,0.024,0.057,0.036,-12.026,0.045,0.102,0.032,0.054,0.033,baseline,50
1/23/2025 13:28,-11.984,0.031,0.084,0.022,0.055,0.034,-12.026,0.041,0.123,0.029,0.057,0.034,baseline,50
1/23/2025 13:28,-11.984,0.03,0.096,0.021,0.058,0.036,-12.026,0.048,0.103,0.034,0.054,0.032,baseline,50
1/23/2025 13:28,-11.984,0.032,0.088,0.023,0.057,0.033,-12.026,0.043,0.119,0.03,0.053,0.032,baseline,50
1/23/2025 13:28,-11.984,0.029,0.09,0.021,0.059,0.033,-12.026,0.042,0.118,0.029,0.055,0.03,baseline,50
1/23/2025 13:29,-11.984,0.033,0.083,0.023,0.057,0.032,-12.026,0.049,0.105,0.035,0.053,0.032,baseline,50
1/23/2025 13:29,-11.984,0.031,0.099,0.022,0.059,0.031,-12.026,0.042,0.114,0.03,0.056,0.032,baseline,50
1/23/2025 13:29,-11.984,0.033,0.087,0.023,0.057,0.033,-12.026,0.046,0.104,0.033,0.055,0.03,baseline,50
1/23/2025 13:29,-11.984,0.03,0.095,0.021,0.058,0.034,-12.026,0.047,0.117,0.033,0.057,0.03,baseline,50
1/23/2025 13:29,-11.985,0.034,0.089,0.024,0.055,0.031,-12.026,0.044,0.118,0.031,0.055,0.032,baseline,50
1/23/2025 13:29,-11.984,0.035,0.087,0.025,0.058,0.03,-12.026,0.05,0.104,0.035,0.057,0.031,baseline,50
1/23/2025 13:29,-11.985,0.031,0.099,0.022,0.057,0.033,-12.026,0.043,0.119,0.031,0.055,0.033,baseline,50
1/23/2025 13:29,-11.984,0.031,0.088,0.022,0.057,0.032,-12.026,0.04,0.107,0.029,0.056,0.03,baseline,50
1/23/2025 13:29,-11.984,0.037,0.086,0.026,0.059,0.035,-12.026,0.047,0.101,0.033,0.054,0.033,baseline,50
1/23/2025 13:29,-11.985,0.038,0.096,0.027,0.058,0.032,-12.026,0.048,0.138,0.034,0.055,0.035,baseline,50
1/23/2025 13:30,-11.984,0.032,0.087,0.022,0.061,0.035,-12.026,0.043,0.105,0.03,0.057,0.033,baseline,50
1/23/2025 13:30,-11.985,0.03,0.104,0.021,0.058,0.037,-12.026,0.041,0.103,0.029,0.055,0.035,baseline,50
1/23/2025 13:30,-11.984,0.034,0.092,0.024,0.06,0.035,-12.026,0.046,0.122,0.033,0.056,0.032,baseline,50
1/23/2025 13:30,-11.985,0.034,0.098,0.024,0.057,0.037,-12.026,0.048,0.105,0.034,0.058,0.035,baseline,50
1/23/2025 13:30,-11.984,0.031,0.087,0.022,0.057,0.033,-12.026,0.042,0.132,0.029,0.058,0.033,baseline,50
1/23/2025 13:30,-11.985,0.036,0.101,0.026,0.055,0.037,-12.026,0.041,0.105,0.029,0.058,0.036,baseline,50
1/23/2025 13:30,-11.985,0.031,0.09,0.022,0.054,0.035,-12.026,0.046,0.113,0.033,0.055,0.034,baseline,50
1/23/2025 13:30,-11.985,0.034,0.085,0.024,0.057,0.038,-12.026,0.05,0.104,0.036,0.055,0.035,baseline,50
1/23/2025 13:30,-11.985,0.031,0.105,0.022,0.053,0.036,-12.026,0.049,0.124,0.034,0.052,0.035,baseline,50
1/23/2025 13:30,-11.985,0.031,0.09,0.022,0.056,0.038,-12.026,0.039,0.104,0.028,0.055,0.034,baseline,50
1/23/2025 13:30,-11.985,0.033,0.086,0.023,0.056,0.036,-12.026,0.046,0.118,0.032,0.055,0.034,baseline,50
1/23/2025 13:30,-11.984,0.032,0.1,0.023,0.059,0.037,-12.026,0.043,0.104,0.031,0.053,0.033,baseline,50
1/23/2025 13:31,-11.985,0.037,0.084,0.026,0.056,0.035,-12.026,0.049,0.115,0.034,0.053,0.035,baseline,50
1/23/2025 13:31,-11.985,0.031,0.098,0.022,0.057,0.037,-12.026,0.044,0.104,0.031,0.054,0.032,baseline,50
1/23/2025 13:31,-11.985,0.034,0.084,0.024,0.061,0.034,-12.026,0.051,0.117,0.036,0.056,0.035,baseline,50
1/23/2025 13:31,-11.984,0.035,0.085,0.025,0.061,0.037,-12.026,0.052,0.103,0.037,0.053,0.032,baseline,50
1/23/2025 13:31,-11.985,0.031,0.097,0.022,0.059,0.034,-12.026,0.04,0.121,0.028,0.056,0.036,baseline,50
1/23/2025 13:31,-11.984,0.034,0.086,0.024,0.058,0.039,-12.026,0.046,0.106,0.032,0.054,0.033,baseline,50
1/23/2025 13:31,-11.984,0.032,0.086,0.022,0.061,0.034,-12.026,0.042,0.104,0.029,0.055,0.031,baseline,50
1/23/2025 13:31,-11.985,0.03,0.093,0.021,0.06,0.033,-12.026,0.048,0.118,0.034,0.059,0.034,baseline,50
1/23/2025 13:31,-11.984,0.034,0.091,0.024,0.063,0.037,-12.026,0.043,0.105,0.03,0.059,0.033,baseline,50
1/23/2025 13:31,-11.985,0.035,0.085,0.025,0.061,0.034,-12.026,0.041,0.115,0.029,0.058,0.035,baseline,50
1/23/2025 13:31,-11.984,0.03,0.104,0.021,0.063,0.038,-12.026,0.049,0.104,0.034,0.057,0.036,baseline,50
1/23/2025 13:31,-11.984,0.03,0.084,0.021,0.062,0.032,-12.026,0.043,0.1,0.031,0.06,0.031,baseline,50
1/23/2025 13:31,-11.985,0.032,0.108,0.023,0.06,0.038,-12.026,0.043,0.116,0.03,0.058,0.035,baseline,50
1/23/2025 13:32,-11.984,0.032,0.087,0.022,0.061,0.036,-12.026,0.045,0.113,0.032,0.06,0.034,baseline,50
1/23/2025 13:32,-11.984,0.035,0.085,0.025,0.059,0.034,-12.026,0.051,0.102,0.036,0.059,0.032,baseline,50
1/23/2025 13:32,-11.984,0.034,0.101,0.024,0.063,0.033,-12.026,0.041,0.115,0.029,0.06,0.031,baseline,50
1/23/2025 13:32,-11.985,0.03,0.087,0.021,0.059,0.035,-12.026,0.047,0.101,0.033,0.058,0.033,baseline,50
1/23/2025 13:32,-11.985,0.034,0.094,0.024,0.061,0.034,-12.026,0.05,0.131,0.035,0.059,0.033,baseline,50
1/23/2025 13:32,-11.985,0.031,0.113,0.022,0.059,0.037,-12.026,0.04,0.132,0.028,0.058,0.035,baseline,50
1/23/2025 13:32,-11.985,0.033,0.093,0.024,0.06,0.033,-12.026,0.042,0.109,0.03,0.06,0.032,baseline,50
1/23/2025 13:32,-11.985,0.031,0.085,0.022,0.063,0.036,-12.026,0.047,0.154,0.033,0.057,0.034,baseline,50
1/23/2025 13:32,-11.985,0.037,0.083,0.026,0.061,0.033,-12.026,0.048,0.108,0.034,0.059,0.032,baseline,50
1/23/2025 13:32,-11.985,0.036,0.093,0.025,0.061,0.033,-12.026,0.042,0.107,0.03,0.057,0.034,baseline,50
1/23/2025 13:32,-11.985,0.03,0.096,0.021,0.058,0.036,-12.026,0.043,0.108,0.03,0.06,0.031,baseline,50
1/23/2025 13:33,-11.985,0.033,0.088,0.023,0.059,0.032,-12.026,0.045,0.137,0.032,0.059,0.034,baseline,50
1/23/2025 13:33,-11.985,0.031,0.094,0.022,0.06,0.035,-12.026,0.046,0.11,0.033,0.058,0.031,baseline,50
1/23/2025 13:33,-11.985,0.034,0.086,0.024,0.06,0.033,-12.026,0.04,0.133,0.028,0.056,0.034,baseline,50
1/23/2025 13:33,-11.985,0.03,0.086,0.021,0.056,0.035,-12.026,0.046,0.128,0.032,0.057,0.031,baseline,50
1/23/2025 13:33,-11.985,0.03,0.097,0.021,0.061,0.033,-12.026,0.048,0.104,0.034,0.059,0.034,baseline,50
1/23/2025 13:33,-11.985,0.035,0.094,0.025,0.058,0.035,-12.026,0.042,0.12,0.03,0.055,0.032,baseline,50
1/23/2025 13:33,-11.985,0.031,0.086,0.022,0.06,0.034,-12.026,0.047,0.103,0.033,0.058,0.032,baseline,50
1/23/2025 13:33,-11.985,0.034,0.086,0.024,0.057,0.036,-12.026,0.041,0.101,0.029,0.056,0.032,baseline,50
1/23/2025 13:33,-11.985,0.033,0.098,0.023,0.057,0.033,-12.026,0.048,0.124,0.034,0.058,0.035,baseline,50
1/23/2025 13:33,-11.985,0.03,0.088,0.022,0.061,0.036,-12.026,0.043,0.104,0.03,0.057,0.032,baseline,50
1/23/2025 13:33,-11.985,0.033,0.085,0.024,0.061,0.033,-12.026,0.046,0.101,0.033,0.058,0.034,baseline,50
1/23/2025 13:33,-11.985,0.03,0.095,0.022,0.058,0.034,-12.026,0.041,0.106,0.029,0.055,0.032,baseline,50
1/23/2025 13:34,-11.985,0.033,0.088,0.023,0.061,0.036,-12.026,0.046,0.125,0.032,0.056,0.032,baseline,50
1/23/2025 13:34,-11.985,0.03,0.086,0.021,0.058,0.035,-12.026,0.042,0.11,0.03,0.058,0.034,baseline,50
1/23/2025 13:34,-11.985,0.033,0.091,0.024,0.058,0.036,-12.026,0.046,0.102,0.033,0.056,0.034,baseline,50
1/23/2025 13:34,-11.985,0.031,0.082,0.022,0.06,0.036,-12.026,0.042,0.1,0.03,0.057,0.033,baseline,50
1/23/2025 13:34,-11.985,0.033,0.085,0.023,0.06,0.034,-12.026,0.046,0.133,0.033,0.058,0.032,baseline,50
1/23/2025 13:34,-11.985,0.031,0.096,0.022,0.059,0.037,-12.026,0.04,0.103,0.028,0.055,0.035,baseline,50
1/23/2025 13:34,-11.984,0.033,0.084,0.024,0.056,0.034,-12.026,0.047,0.102,0.033,0.058,0.032,baseline,50
1/23/2025 13:34,-11.984,0.034,0.097,0.024,0.056,0.036,-12.026,0.043,0.112,0.03,0.058,0.032,baseline,50
1/23/2025 13:34,-11.985,0.031,0.096,0.022,0.058,0.033,-12.026,0.05,0.107,0.035,0.055,0.034,baseline,50
1/23/2025 13:34,-11.985,0.033,0.085,0.024,0.057,0.036,-12.026,0.042,0.101,0.03,0.055,0.032,baseline,50
1/23/2025 13:34,-11.985,0.03,0.083,0.022,0.059,0.033,-12.026,0.046,0.111,0.033,0.058,0.034,baseline,50
1/23/2025 13:34,-11.984,0.03,0.094,0.021,0.058,0.032,-12.026,0.043,0.103,0.03,0.054,0.032,baseline,50
1/23/2025 13:35,-11.985,0.033,0.098,0.023,0.06,0.037,-12.026,0.041,0.101,0.029,0.055,0.031,baseline,50
1/23/2025 13:35,-11.985,0.03,0.085,0.022,0.061,0.034,-12.026,0.049,0.112,0.035,0.057,0.035,baseline,50
1/23/2025 13:35,-11.985,0.034,0.087,0.024,0.057,0.033,-12.026,0.048,0.1,0.034,0.056,0.033,baseline,50
1/23/2025 13:35,-11.985,0.033,0.097,0.024,0.057,0.036,-12.027,0.041,0.114,0.029,0.056,0.032,baseline,50
1/23/2025 13:35,-11.985,0.029,0.094,0.021,0.06,0.034,-12.027,0.043,0.105,0.03,0.058,0.034,baseline,50
1/23/2025 13:35,-11.985,0.034,0.088,0.024,0.058,0.035,-12.026,0.049,0.102,0.035,0.055,0.032,baseline,50
1/23/2025 13:35,-11.985,0.031,0.087,0.022,0.057,0.036,-12.027,0.047,0.111,0.034,0.058,0.034,baseline,50
1/23/2025 13:35,-11.985,0.034,0.099,0.024,0.06,0.036,-12.026,0.043,0.125,0.03,0.055,0.034,baseline,50
1/23/2025 13:35,-11.985,0.031,0.086,0.022,0.061,0.034,-12.026,0.041,0.099,0.029,0.055,0.032,baseline,50
1/23/2025 13:35,-11.985,0.033,0.097,0.023,0.058,0.035,-12.026,0.047,0.114,0.033,0.058,0.034,baseline,50
1/23/2025 13:35,-11.985,0.03,0.087,0.021,0.061,0.036,-12.026,0.042,0.111,0.029,0.058,0.033,baseline,50
1/23/2025 13:36,-11.985,0.03,0.105,0.021,0.058,0.037,-12.026,0.047,0.102,0.034,0.056,0.034,baseline,50
1/23/2025 13:36,-11.985,0.033,0.088,0.023,0.061,0.034,-12.026,0.041,0.108,0.029,0.058,0.035,baseline,50
1/23/2025 13:36,-11.985,0.033,0.098,0.023,0.058,0.033,-12.026,0.046,0.101,0.032,0.055,0.033,baseline,50
1/23/2025 13:36,-11.985,0.029,0.086,0.021,0.06,0.038,-12.026,0.041,0.101,0.029,0.059,0.032,baseline,50
1/23/2025 13:36,-11.985,0.033,0.093,0.023,0.057,0.035,-12.026,0.046,0.124,0.032,0.056,0.034,baseline,50
1/23/2025 13:36,-11.985,0.03,0.087,0.021,0.058,0.033,-12.026,0.048,0.104,0.034,0.058,0.035,baseline,50
1/23/2025 13:36,-11.985,0.035,0.095,0.025,0.06,0.036,-12.026,0.041,0.101,0.029,0.055,0.034,baseline,50
1/23/2025 13:36,-11.985,0.031,0.096,0.022,0.061,0.035,-12.026,0.048,0.121,0.034,0.058,0.032,baseline,50
1/23/2025 13:36,-11.985,0.034,0.089,0.024,0.058,0.032,-12.026,0.041,0.112,0.029,0.056,0.033,baseline,50
1/23/2025 13:36,-11.985,0.031,0.095,0.022,0.057,0.034,-12.026,0.041,0.1,0.029,0.055,0.031,baseline,50
1/23/2025 13:36,-11.985,0.034,0.086,0.024,0.061,0.032,-12.026,0.046,0.101,0.032,0.059,0.033,baseline,50
1/23/2025 13:36,-11.985,0.031,0.095,0.022,0.058,0.031,-12.026,0.043,0.118,0.03,0.056,0.032,baseline,50
1/23/2025 13:37,-11.985,0.035,0.088,0.025,0.057,0.035,-12.026,0.048,0.103,0.034,0.056,0.03,baseline,50
1/23/2025 13:37,-11.985,0.031,0.084,0.022,0.06,0.037,-12.026,0.045,0.122,0.032,0.058,0.034,baseline,50
1/23/2025 13:37,-11.985,0.031,0.095,0.022,0.06,0.034,-12.026,0.042,0.107,0.03,0.056,0.035,baseline,50
1/23/2025 13:37,-11.985,0.034,0.084,0.024,0.058,0.033,-12.026,0.046,0.116,0.033,0.057,0.033,baseline,50
1/23/2025 13:37,-11.985,0.034,0.093,0.024,0.06,0.036,-12.026,0.041,0.102,0.029,0.057,0.032,baseline,50
1/23/2025 13:37,-11.985,0.03,0.089,0.022,0.061,0.033,-12.026,0.042,0.105,0.03,0.059,0.034,baseline,50
1/23/2025 13:37,-11.985,0.031,0.102,0.022,0.057,0.036,-12.026,0.047,0.11,0.033,0.055,0.032,baseline,50
1/23/2025 13:37,-11.985,0.033,0.1,0.023,0.059,0.037,-12.027,0.041,0.119,0.029,0.057,0.035,baseline,50
1/23/2025 13:37,-11.985,0.03,0.084,0.021,0.061,0.031,-12.027,0.05,0.097,0.035,0.057,0.035,baseline,50
1/23/2025 13:37,-11.985,0.033,0.09,0.023,0.061,0.036,-12.027,0.043,0.104,0.03,0.058,0.03,baseline,50
1/23/2025 13:37,-11.985,0.03,0.102,0.021,0.059,0.033,-12.027,0.049,0.122,0.034,0.059,0.032,baseline,50
1/23/2025 13:37,-11.985,0.033,0.087,0.023,0.058,0.035,-12.027,0.046,0.101,0.033,0.056,0.034,baseline,50
1/23/2025 13:37,-11.985,0.029,0.097,0.021,0.063,0.033,-12.027,0.041,0.139,0.029,0.056,0.033,baseline,50
1/23/2025 13:38,-11.985,0.033,0.087,0.024,0.059,0.033,-12.027,0.041,0.1,0.029,0.059,0.032,baseline,50
1/23/2025 13:38,-11.985,0.031,0.098,0.022,0.058,0.035,-12.027,0.049,0.117,0.035,0.06,0.031,baseline,50
1/23/2025 13:38,-11.985,0.035,0.098,0.025,0.06,0.034,-12.027,0.043,0.103,0.03,0.058,0.033,baseline,50
1/23/2025 13:38,-11.985,0.031,0.087,0.022,0.059,0.037,-12.027,0.044,0.106,0.031,0.055,0.033,baseline,50
1/23/2025 13:38,-11.985,0.034,0.089,0.024,0.056,0.034,-12.027,0.049,0.099,0.034,0.056,0.035,baseline,50
1/23/2025 13:38,-11.985,0.029,0.095,0.021,0.058,0.038,-12.027,0.046,0.099,0.032,0.054,0.032,baseline,50
1/23/2025 13:38,-11.985,0.033,0.102,0.023,0.056,0.039,-12.027,0.043,0.106,0.03,0.055,0.036,baseline,50
1/23/2025 13:38,-11.985,0.03,0.09,0.021,0.056,0.035,-12.027,0.047,0.113,0.033,0.056,0.036,baseline,50
1/23/2025 13:38,-11.985,0.034,0.09,0.024,0.059,0.036,-12.027,0.043,0.101,0.031,0.054,0.034,baseline,50
1/23/2025 13:38,-11.985,0.031,0.101,0.022,0.061,0.04,-12.027,0.047,0.111,0.033,0.057,0.034,baseline,50
1/23/2025 13:38,-11.985,0.032,0.09,0.023,0.058,0.04,-12.027,0.041,0.1,0.029,0.058,0.037,baseline,50
1/23/2025 13:38,-11.985,0.034,0.099,0.024,0.057,0.035,-12.027,0.048,0.105,0.034,0.056,0.038,baseline,50
1/23/2025 13:38,-11.985,0.03,0.095,0.021,0.06,0.038,-12.027,0.047,0.112,0.033,0.055,0.032,baseline,50
1/23/2025 13:38,-11.985,0.03,0.085,0.021,0.06,0.034,-12.027,0.042,0.102,0.03,0.058,0.037,baseline,50
1/23/2025 13:39,-11.985,0.034,0.103,0.024,0.056,0.034,-12.027,0.047,0.115,0.033,0.057,0.032,baseline,50
1/23/2025 13:39,-11.985,0.031,0.09,0.022,0.059,0.038,-12.026,0.044,0.1,0.031,0.056,0.035,baseline,50
1/23/2025 13:39,-11.985,0.036,0.097,0.025,0.06,0.038,-12.026,0.047,0.116,0.033,0.057,0.033,baseline,50
1/23/2025 13:39,-11.985,0.032,0.09,0.022,0.058,0.034,-12.027,0.042,0.113,0.03,0.054,0.036,baseline,50
1/23/2025 13:39,-11.985,0.035,0.102,0.024,0.06,0.038,-12.026,0.042,0.103,0.03,0.055,0.033,baseline,50
1/23/2025 13:39,-11.985,0.033,0.09,0.024,0.056,0.035,-12.026,0.047,0.103,0.033,0.057,0.033,baseline,50
1/23/2025 13:39,-11.985,0.031,0.098,0.022,0.057,0.036,-12.026,0.042,0.112,0.03,0.055,0.035,baseline,50
1/23/2025 13:39,-11.985,0.031,0.09,0.022,0.059,0.036,-12.026,0.048,0.128,0.034,0.056,0.034,baseline,50
1/23/2025 13:39,-11.985,0.035,0.099,0.024,0.058,0.037,-12.027,0.047,0.104,0.033,0.055,0.033,baseline,50
1/23/2025 13:39,-11.985,0.031,0.091,0.022,0.062,0.038,-12.027,0.043,0.131,0.03,0.057,0.035,baseline,50
1/23/2025 13:39,-11.985,0.035,0.095,0.025,0.059,0.036,-12.027,0.046,0.106,0.032,0.057,0.034,baseline,50
1/23/2025 13:39,-11.985,0.032,0.091,0.022,0.063,0.039,-12.027,0.047,0.103,0.033,0.058,0.036,baseline,50
1/23/2025 13:40,-11.985,0.031,0.098,0.022,0.06,0.039,-12.027,0.043,0.102,0.031,0.057,0.034,baseline,50
1/23/2025 13:40,-11.985,0.033,0.097,0.023,0.063,0.038,-12.027,0.045,0.122,0.032,0.061,0.036,baseline,50
1/23/2025 13:40,-11.985,0.034,0.085,0.024,0.064,0.038,-12.027,0.041,0.11,0.029,0.058,0.035,baseline,50
1/23/2025 13:40,-11.985,0.031,0.088,0.022,0.062,0.037,-12.027,0.048,0.102,0.034,0.061,0.036,baseline,50
1/23/2025 13:40,-11.985,0.03,0.1,0.021,0.064,0.039,-12.027,0.042,0.106,0.03,0.059,0.035,baseline,50
1/23/2025 13:40,-11.985,0.033,0.098,0.023,0.061,0.037,-12.027,0.042,0.112,0.03,0.062,0.036,baseline,50
1/23/2025 13:40,-11.985,0.034,0.088,0.024,0.065,0.037,-12.027,0.047,0.111,0.033,0.062,0.035,baseline,50
1/23/2025 13:40,-11.985,0.031,0.088,0.022,0.059,0.039,-12.027,0.045,0.102,0.032,0.058,0.035,baseline,50
1/23/2025 13:40,-11.985,0.033,0.097,0.024,0.062,0.035,-12.026,0.041,0.113,0.029,0.062,0.037,baseline,50
1/23/2025 13:40,-11.985,0.031,0.093,0.022,0.062,0.043,-12.027,0.042,0.103,0.03,0.057,0.033,baseline,50
1/23/2025 13:40,-11.985,0.034,0.103,0.024,0.06,0.04,-12.026,0.048,0.113,0.034,0.057,0.039,baseline,50
1/23/2025 13:40,-11.985,0.031,0.092,0.022,0.06,0.036,-12.026,0.043,0.096,0.03,0.061,0.033,baseline,50
1/23/2025 13:40,-11.985,0.034,0.089,0.024,0.063,0.038,-12.027,0.046,0.105,0.033,0.057,0.034,baseline,50
1/23/2025 13:40,-11.985,0.032,0.101,0.022,0.059,0.037,-12.027,0.041,0.115,0.029,0.058,0.037,baseline,50
1/23/2025 13:41,-11.985,0.035,0.091,0.024,0.062,0.034,-12.027,0.048,0.1,0.034,0.06,0.035,baseline,50
1/23/2025 13:41,-11.985,0.031,0.101,0.022,0.06,0.037,-12.027,0.049,0.115,0.034,0.057,0.032,baseline,50
1/23/2025 13:41,-11.985,0.034,0.087,0.024,0.062,0.033,-12.027,0.042,0.111,0.03,0.058,0.035,baseline,50
1/23/2025 13:41,-11.985,0.034,0.088,0.024,0.063,0.038,-12.027,0.045,0.103,0.032,0.06,0.031,baseline,50
1/23/2025 13:41,-11.985,0.034,0.1,0.024,0.064,0.033,-12.027,0.042,0.103,0.03,0.06,0.036,baseline,50
1/23/2025 13:41,-11.985,0.03,0.104,0.021,0.062,0.037,-12.027,0.047,0.115,0.033,0.059,0.032,baseline,50
1/23/2025 13:41,-11.985,0.034,0.089,0.024,0.064,0.034,-12.026,0.043,0.106,0.03,0.061,0.035,baseline,50
1/23/2025 13:41,-11.985,0.03,0.092,0.021,0.062,0.034,-12.026,0.046,0.113,0.032,0.06,0.033,baseline,50
1/23/2025 13:41,-11.985,0.034,0.101,0.024,0.064,0.036,-12.026,0.043,0.11,0.03,0.061,0.033,baseline,50
1/23/2025 13:41,-11.985,0.031,0.097,0.022,0.062,0.036,-12.026,0.045,0.097,0.032,0.06,0.034,baseline,50
1/23/2025 13:41,-11.985,0.031,0.089,0.022,0.062,0.038,-12.026,0.041,0.102,0.029,0.062,0.034,baseline,50
1/23/2025 13:41,-11.985,0.035,0.098,0.025,0.064,0.034,-12.026,0.046,0.108,0.033,0.061,0.036,baseline,50
1/23/2025 13:42,-11.985,0.03,0.093,0.022,0.062,0.038,-12.026,0.046,0.1,0.033,0.059,0.033,baseline,50
1/23/2025 13:42,-11.985,0.034,0.1,0.024,0.064,0.035,-12.027,0.04,0.111,0.028,0.059,0.036,baseline,50
1/23/2025 13:42,-11.985,0.03,0.099,0.021,0.062,0.036,-12.027,0.041,0.12,0.029,0.06,0.033,baseline,50
1/23/2025 13:42,-11.985,0.035,0.09,0.024,0.063,0.039,-12.027,0.041,0.117,0.029,0.062,0.034,baseline,50
1/23/2025 13:42,-11.985,0.031,0.105,0.022,0.066,0.036,-12.027,0.047,0.098,0.033,0.061,0.037,baseline,50
1/23/2025 13:42,-11.985,0.035,0.104,0.025,0.062,0.035,-12.027,0.041,0.098,0.029,0.063,0.034,baseline,50
1/23/2025 13:42,-11.985,0.03,0.093,0.021,0.063,0.038,-12.027,0.046,0.104,0.032,0.059,0.034,baseline,50
1/23/2025 13:42,-11.985,0.034,0.102,0.024,0.06,0.037,-12.027,0.047,0.12,0.033,0.061,0.036,baseline,50
1/23/2025 13:42,-11.985,0.035,0.09,0.025,0.062,0.035,-12.027,0.043,0.12,0.03,0.058,0.035,baseline,50
1/23/2025 13:42,-11.985,0.031,0.1,0.022,0.059,0.036,-12.027,0.041,0.1,0.029,0.057,0.033,baseline,50
1/23/2025 13:42,-11.985,0.032,0.099,0.022,0.063,0.034,-12.027,0.043,0.117,0.03,0.061,0.034,baseline,50
1/23/2025 13:42,-11.985,0.033,0.091,0.024,0.059,0.032,-12.027,0.041,0.121,0.029,0.057,0.033,baseline,50
1/23/2025 13:43,-11.985,0.035,0.091,0.025,0.059,0.038,-12.027,0.05,0.104,0.035,0.057,0.031,baseline,50
1/23/2025 13:43,-11.985,0.031,0.099,0.022,0.062,0.037,-12.027,0.043,0.124,0.03,0.06,0.035,baseline,50
1/23/2025 13:43,-11.985,0.031,0.097,0.022,0.059,0.034,-12.027,0.047,0.123,0.033,0.06,0.035,baseline,50
1/23/2025 13:43,-11.985,0.031,0.089,0.022,0.058,0.038,-12.027,0.042,0.102,0.03,0.056,0.032,baseline,50
1/23/2025 13:43,-11.985,0.033,0.103,0.024,0.061,0.037,-12.027,0.048,0.11,0.034,0.058,0.035,baseline,50
1/23/2025 13:43,-11.985,0.035,0.105,0.025,0.062,0.036,-12.027,0.046,0.102,0.032,0.058,0.036,baseline,50
1/23/2025 13:43,-11.985,0.035,0.089,0.024,0.062,0.038,-12.027,0.041,0.108,0.029,0.06,0.034,baseline,50
1/23/2025 13:43,-11.985,0.03,0.097,0.021,0.058,0.036,-12.027,0.042,0.099,0.03,0.057,0.036,baseline,50
1/23/2025 13:43,-11.985,0.034,0.088,0.024,0.06,0.037,-12.027,0.049,0.112,0.035,0.058,0.034,baseline,50
1/23/2025 13:43,-11.985,0.034,0.1,0.024,0.062,0.038,-12.027,0.041,0.126,0.029,0.059,0.036,baseline,50
1/23/2025 13:43,-11.985,0.031,0.092,0.022,0.06,0.036,-12.027,0.046,0.103,0.032,0.058,0.036,baseline,50
1/23/2025 13:43,-11.985,0.031,0.092,0.022,0.063,0.038,-12.027,0.046,0.11,0.033,0.06,0.034,baseline,50
1/23/2025 13:43,-11.985,0.033,0.097,0.024,0.064,0.036,-12.027,0.043,0.101,0.031,0.061,0.034,baseline,50
1/23/2025 13:44,-11.985,0.031,0.091,0.022,0.061,0.038,-12.027,0.041,0.107,0.029,0.058,0.036,baseline,50
1/23/2025 13:44,-11.985,0.034,0.097,0.024,0.06,0.035,-12.027,0.046,0.102,0.033,0.058,0.033,baseline,50
1/23/2025 13:44,-11.985,0.034,0.105,0.024,0.063,0.042,-12.027,0.046,0.1,0.033,0.061,0.04,baseline,50
1/23/2025 13:44,-11.985,0.031,0.091,0.022,0.062,0.036,-12.027,0.044,0.112,0.031,0.06,0.034,baseline,50
1/23/2025 13:44,-11.985,0.034,0.098,0.024,0.059,0.038,-12.027,0.045,0.101,0.032,0.058,0.036,baseline,50
1/23/2025 13:44,-11.985,0.03,0.09,0.021,0.058,0.033,-12.027,0.041,0.111,0.029,0.06,0.032,baseline,50
1/23/2025 13:44,-11.985,0.034,0.101,0.024,0.063,0.035,-12.027,0.041,0.1,0.029,0.057,0.033,baseline,50
1/23/2025 13:44,-11.985,0.031,0.093,0.022,0.062,0.037,-12.027,0.046,0.109,0.033,0.057,0.035,baseline,50
1/23/2025 13:44,-11.985,0.036,0.101,0.025,0.06,0.037,-12.027,0.045,0.101,0.032,0.06,0.035,baseline,50
1/23/2025 13:44,-11.985,0.032,0.1,0.022,0.062,0.034,-12.027,0.041,0.114,0.029,0.058,0.033,baseline,50
1/23/2025 13:44,-11.985,0.03,0.093,0.021,0.061,0.036,-12.027,0.046,0.099,0.032,0.061,0.034,baseline,50
1/23/2025 13:45,-11.985,0.033,0.103,0.023,0.063,0.037,-12.027,0.041,0.115,0.029,0.059,0.035,baseline,50
1/23/2025 13:45,-11.985,0.034,0.092,0.024,0.061,0.036,-12.027,0.047,0.099,0.033,0.059,0.034,baseline,50
1/23/2025 13:45,-11.985,0.03,0.102,0.022,0.063,0.039,-12.027,0.041,0.118,0.029,0.06,0.036,baseline,50
1/23/2025 13:45,-11.985,0.034,0.102,0.024,0.061,0.035,-12.027,0.039,0.109,0.027,0.061,0.033,baseline,50
1/23/2025 13:45,-11.985,0.034,0.095,0.024,0.063,0.038,-12.027,0.046,0.099,0.033,0.061,0.035,baseline,50
1/23/2025 13:45,-11.985,0.03,0.107,0.021,0.064,0.036,-12.027,0.043,0.111,0.03,0.058,0.034,baseline,50
1/23/2025 13:45,-11.985,0.031,0.094,0.022,0.062,0.037,-12.027,0.048,0.098,0.034,0.059,0.034,baseline,50
1/23/2025 13:45,-11.985,0.034,0.087,0.024,0.061,0.038,-12.027,0.043,0.111,0.03,0.06,0.036,baseline,50
1/23/2025 13:45,-11.985,0.031,0.091,0.022,0.062,0.039,-12.027,0.048,0.109,0.034,0.058,0.035,baseline,50
1/23/2025 13:45,-11.985,0.034,0.1,0.024,0.059,0.037,-12.027,0.043,0.102,0.03,0.064,0.036,baseline,50
1/23/2025 13:45,-11.985,0.032,0.091,0.023,0.066,0.038,-12.027,0.04,0.112,0.028,0.058,0.034,baseline,50
1/23/2025 13:45,-11.985,0.034,0.102,0.024,0.061,0.036,-12.027,0.047,0.102,0.033,0.06,0.036,baseline,50
1/23/2025 13:46,-11.986,0.034,0.098,0.024,0.062,0.036,-12.027,0.049,0.1,0.035,0.058,0.033,baseline,50
1/23/2025 13:46,-11.985,0.031,0.09,0.022,0.061,0.039,-12.027,0.042,0.111,0.03,0.059,0.034,baseline,50
1/23/2025 13:46,-11.985,0.034,0.091,0.024,0.062,0.036,-12.027,0.042,0.099,0.03,0.057,0.036,baseline,50
1/23/2025 13:46,-11.986,0.031,0.102,0.022,0.06,0.038,-12.027,0.043,0.108,0.03,0.059,0.034,baseline,50
1/23/2025 13:46,-11.986,0.035,0.093,0.025,0.062,0.036,-12.027,0.048,0.108,0.034,0.057,0.036,baseline,50
1/23/2025 13:46,-11.986,0.03,0.109,0.021,0.059,0.039,-12.027,0.042,0.1,0.03,0.059,0.034,baseline,50
1/23/2025 13:46,-11.986,0.034,0.101,0.024,0.061,0.038,-12.027,0.049,0.1,0.034,0.06,0.036,baseline,50
1/23/2025 13:46,-11.986,0.031,0.091,0.022,0.06,0.033,-12.027,0.043,0.115,0.03,0.057,0.036,baseline,50
1/23/2025 13:46,-11.985,0.033,0.104,0.024,0.064,0.04,-12.027,0.042,0.097,0.03,0.059,0.031,baseline,50
1/23/2025 13:46,-11.985,0.035,0.092,0.025,0.062,0.04,-12.027,0.042,0.108,0.03,0.06,0.037,baseline,50
1/23/2025 13:46,-11.986,0.034,0.102,0.024,0.06,0.037,-12.027,0.047,0.101,0.033,0.058,0.037,baseline,50
1/23/2025 13:46,-11.986,0.031,0.089,0.022,0.062,0.036,-12.027,0.042,0.111,0.029,0.058,0.034,baseline,50
1/23/2025 13:47,-11.986,0.031,0.09,0.022,0.061,0.039,-12.027,0.048,0.129,0.034,0.06,0.034,baseline,50
1/23/2025 13:47,-11.986,0.035,0.106,0.024,0.062,0.035,-12.027,0.048,0.102,0.034,0.059,0.036,baseline,50
1/23/2025 13:47,-11.986,0.03,0.1,0.021,0.062,0.038,-12.027,0.041,0.113,0.029,0.061,0.032,baseline,50
1/23/2025 13:47,-11.986,0.034,0.091,0.024,0.064,0.036,-12.027,0.05,0.105,0.036,0.058,0.036,baseline,50
1/23/2025 13:47,-11.986,0.031,0.102,0.022,0.061,0.038,-12.027,0.042,0.099,0.03,0.06,0.034,baseline,50
1/23/2025 13:47,-11.986,0.03,0.094,0.021,0.062,0.038,-12.027,0.047,0.113,0.033,0.058,0.036,baseline,50
1/23/2025 13:47,-11.986,0.033,0.092,0.024,0.06,0.036,-12.027,0.042,0.102,0.03,0.058,0.036,baseline,50
1/23/2025 13:47,-11.985,0.032,0.101,0.022,0.06,0.039,-12.027,0.048,0.112,0.034,0.061,0.034,baseline,50
1/23/2025 13:47,-11.985,0.036,0.099,0.025,0.063,0.036,-12.027,0.043,0.103,0.03,0.058,0.037,baseline,50
1/23/2025 13:47,-11.985,0.032,0.093,0.022,0.06,0.039,-12.027,0.043,0.12,0.03,0.06,0.034,baseline,50
1/23/2025 13:47,-11.985,0.035,0.101,0.025,0.063,0.038,-12.027,0.048,0.103,0.034,0.058,0.037,baseline,50
1/23/2025 13:48,-11.985,0.032,0.095,0.022,0.061,0.04,-12.027,0.04,0.104,0.028,0.059,0.035,baseline,50
1/23/2025 13:48,-11.985,0.036,0.102,0.025,0.064,0.039,-12.027,0.048,0.113,0.034,0.061,0.037,baseline,50
1/23/2025 13:48,-11.985,0.031,0.093,0.022,0.062,0.039,-12.027,0.043,0.1,0.03,0.059,0.037,baseline,50
1/23/2025 13:48,-11.985,0.035,0.104,0.024,0.061,0.04,-12.027,0.041,0.115,0.029,0.062,0.036,baseline,50
1/23/2025 13:48,-11.985,0.032,0.094,0.022,0.064,0.041,-12.027,0.051,0.102,0.036,0.059,0.036,baseline,50
1/23/2025 13:48,-11.985,0.035,0.106,0.025,0.065,0.038,-12.027,0.043,0.112,0.03,0.061,0.038,baseline,50
1/23/2025 13:48,-11.985,0.032,0.094,0.022,0.061,0.039,-12.027,0.041,0.103,0.029,0.059,0.035,baseline,50
1/23/2025 13:48,-11.985,0.035,0.092,0.024,0.061,0.04,-12.027,0.046,0.114,0.033,0.062,0.036,baseline,50
1/23/2025 13:48,-11.985,0.035,0.1,0.025,0.064,0.039,-12.027,0.043,0.134,0.031,0.059,0.038,baseline,50
1/23/2025 13:48,-11.985,0.031,0.091,0.022,0.062,0.038,-12.027,0.043,0.11,0.03,0.059,0.036,baseline,50
1/23/2025 13:48,-11.985,0.038,0.089,0.027,0.064,0.04,-12.027,0.047,0.119,0.033,0.061,0.035,baseline,50
1/23/2025 13:48,-11.985,0.032,0.106,0.022,0.061,0.037,-12.027,0.041,0.103,0.029,0.061,0.037,baseline,50
1/23/2025 13:49,-11.985,0.034,0.104,0.024,0.064,0.04,-12.027,0.041,0.102,0.029,0.059,0.036,baseline,50
1/23/2025 13:49,-11.985,0.031,0.09,0.022,0.063,0.038,-12.027,0.048,0.111,0.034,0.062,0.035,baseline,50
1/23/2025 13:49,-11.985,0.034,0.102,0.024,0.061,0.039,-12.027,0.051,0.103,0.036,0.06,0.036,baseline,50
1/23/2025 13:49,-11.985,0.036,0.093,0.025,0.062,0.04,-12.027,0.042,0.128,0.03,0.063,0.037,baseline,50
1/23/2025 13:49,-11.985,0.032,0.101,0.022,0.065,0.036,-12.027,0.041,0.108,0.029,0.06,0.037,baseline,50
1/23/2025 13:49,-11.985,0.032,0.09,0.023,0.061,0.039,-12.027,0.045,0.119,0.032,0.062,0.034,baseline,50
1/23/2025 13:49,-11.985,0.035,0.095,0.025,0.065,0.037,-12.027,0.046,0.102,0.033,0.061,0.037,baseline,50
1/23/2025 13:49,-11.985,0.034,0.102,0.024,0.062,0.038,-12.027,0.043,0.117,0.03,0.062,0.036,baseline,50
1/23/2025 13:49,-11.985,0.031,0.092,0.022,0.065,0.036,-12.027,0.042,0.11,0.03,0.064,0.034,baseline,50
1/23/2025 13:49,-11.985,0.033,0.091,0.024,0.064,0.037,-12.027,0.047,0.104,0.033,0.063,0.035,baseline,50
1/23/2025 13:49,-11.985,0.031,0.107,0.022,0.064,0.042,-12.027,0.047,0.111,0.033,0.061,0.039,baseline,50
1/23/2025 13:50,-11.985,0.035,0.096,0.025,0.066,0.038,-12.027,0.042,0.101,0.03,0.061,0.036,baseline,50
1/23/2025 13:50,-11.985,0.031,0.095,0.022,0.066,0.035,-12.027,0.048,0.113,0.034,0.063,0.033,baseline,50
1/23/2025 13:50,-11.985,0.035,0.105,0.025,0.064,0.036,-12.027,0.043,0.098,0.03,0.06,0.034,baseline,50
1/23/2025 13:50,-11.985,0.03,0.105,0.021,0.066,0.038,-12.027,0.046,0.113,0.033,0.061,0.036,baseline,50
1/23/2025 13:50,-11.985,0.033,0.092,0.024,0.064,0.039,-12.027,0.044,0.1,0.031,0.063,0.036,baseline,50
1/23/2025 13:50,-11.986,0.031,0.1,0.022,0.063,0.036,-12.027,0.049,0.111,0.035,0.062,0.034,baseline,50
1/23/2025 13:50,-11.985,0.031,0.099,0.022,0.066,0.039,-12.027,0.044,0.102,0.031,0.06,0.036,baseline,50
1/23/2025 13:50,-11.986,0.034,0.093,0.024,0.065,0.037,-12.027,0.047,0.121,0.033,0.061,0.035,baseline,50
1/23/2025 13:50,-11.985,0.032,0.101,0.022,0.063,0.036,-12.027,0.042,0.099,0.03,0.062,0.034,baseline,50
1/23/2025 13:50,-11.986,0.034,0.095,0.024,0.063,0.038,-12.027,0.047,0.108,0.033,0.062,0.036,baseline,50
1/23/2025 13:50,-11.985,0.032,0.104,0.023,0.065,0.038,-12.027,0.042,0.098,0.03,0.06,0.036,baseline,50
1/23/2025 13:50,-11.985,0.035,0.092,0.025,0.065,0.036,-12.027,0.05,0.1,0.035,0.062,0.034,baseline,50
1/23/2025 13:51,-11.985,0.036,0.089,0.025,0.062,0.04,-12.027,0.043,0.125,0.03,0.061,0.037,baseline,50
1/23/2025 13:51,-11.986,0.031,0.101,0.022,0.065,0.036,-12.027,0.049,0.104,0.035,0.058,0.034,baseline,50
1/23/2025 13:51,-11.986,0.034,0.096,0.024,0.062,0.04,-12.027,0.043,0.11,0.03,0.06,0.037,baseline,50
1/23/2025 13:51,-11.985,0.034,0.104,0.024,0.063,0.038,-12.027,0.046,0.098,0.033,0.062,0.037,baseline,50
1/23/2025 13:51,-11.986,0.032,0.092,0.022,0.061,0.04,-12.027,0.045,0.102,0.032,0.061,0.035,baseline,50
1/23/2025 13:51,-11.985,0.032,0.109,0.022,0.062,0.039,-12.027,0.042,0.111,0.03,0.058,0.036,baseline,50
1/23/2025 13:51,-11.985,0.035,0.106,0.025,0.065,0.042,-12.027,0.044,0.118,0.031,0.058,0.039,baseline,50
1/23/2025 13:51,-11.985,0.032,0.097,0.022,0.063,0.039,-12.027,0.047,0.103,0.033,0.061,0.036,baseline,50
1/23/2025 13:51,-11.985,0.034,0.104,0.024,0.06,0.042,-12.027,0.049,0.109,0.034,0.062,0.039,baseline,50
1/23/2025 13:51,-11.985,0.035,0.094,0.025,0.061,0.041,-12.027,0.043,0.103,0.03,0.059,0.038,baseline,50
1/23/2025 13:51,-11.985,0.032,0.103,0.023,0.064,0.037,-12.027,0.047,0.103,0.033,0.061,0.035,baseline,50
1/23/2025 13:52,-11.985,0.031,0.094,0.022,0.062,0.038,-12.027,0.041,0.101,0.029,0.059,0.036,baseline,50
1/23/2025 13:52,-11.985,0.036,0.095,0.026,0.064,0.042,-12.027,0.043,0.116,0.03,0.06,0.038,baseline,50
1/23/2025 13:52,-11.986,0.035,0.108,0.025,0.062,0.038,-12.027,0.047,0.104,0.033,0.061,0.035,baseline,50
1/23/2025 13:52,-11.985,0.031,0.097,0.022,0.061,0.04,-12.027,0.043,0.116,0.03,0.059,0.037,baseline,50
1/23/2025 13:52,-11.986,0.032,0.105,0.023,0.063,0.038,-12.027,0.045,0.124,0.032,0.062,0.036,baseline,50
1/23/2025 13:52,-11.985,0.036,0.094,0.025,0.061,0.04,-12.027,0.043,0.103,0.03,0.059,0.037,baseline,50
1/23/2025 13:52,-11.986,0.035,0.106,0.025,0.064,0.039,-12.027,0.047,0.112,0.033,0.062,0.036,baseline,50
1/23/2025 13:52,-11.985,0.031,0.107,0.022,0.065,0.037,-12.027,0.044,0.103,0.031,0.062,0.035,baseline,50
1/23/2025 13:52,-11.986,0.032,0.098,0.023,0.063,0.038,-12.027,0.048,0.102,0.034,0.061,0.036,baseline,50
1/23/2025 13:52,-11.986,0.035,0.092,0.025,0.061,0.041,-12.027,0.047,0.112,0.033,0.062,0.038,baseline,50
1/23/2025 13:52,-11.985,0.037,0.106,0.026,0.066,0.043,-12.027,0.044,0.134,0.031,0.064,0.04,baseline,50
1/23/2025 13:52,-11.985,0.033,0.108,0.023,0.066,0.039,-12.027,0.042,0.103,0.03,0.062,0.036,baseline,50
1/23/2025 13:52,-11.986,0.034,0.102,0.024,0.063,0.04,-12.027,0.048,0.103,0.034,0.063,0.037,baseline,50
1/23/2025 13:53,-11.985,0.032,0.091,0.023,0.065,0.039,-12.027,0.045,0.113,0.032,0.063,0.036,baseline,50
1/23/2025 13:53,-11.986,0.034,0.103,0.024,0.068,0.038,-12.027,0.048,0.102,0.034,0.06,0.035,baseline,50
1/23/2025 13:53,-11.986,0.032,0.095,0.023,0.067,0.039,-12.027,0.043,0.114,0.031,0.061,0.037,baseline,50
1/23/2025 13:53,-11.986,0.036,0.106,0.025,0.064,0.036,-12.027,0.042,0.121,0.03,0.064,0.034,baseline,50
1/23/2025 13:53,-11.986,0.032,0.095,0.023,0.067,0.043,-12.027,0.049,0.106,0.034,0.062,0.04,baseline,50
1/23/2025 13:53,-11.986,0.036,0.105,0.025,0.062,0.037,-12.027,0.047,0.104,0.034,0.06,0.035,baseline,50
1/23/2025 13:53,-11.986,0.032,0.096,0.023,0.064,0.041,-12.027,0.042,0.115,0.03,0.061,0.038,baseline,50
1/23/2025 13:53,-11.985,0.034,0.105,0.024,0.067,0.039,-12.027,0.042,0.1,0.029,0.063,0.036,baseline,50
1/23/2025 13:53,-11.986,0.031,0.095,0.022,0.063,0.039,-12.027,0.046,0.109,0.033,0.062,0.037,baseline,50
1/23/2025 13:53,-11.985,0.035,0.107,0.025,0.066,0.041,-12.027,0.042,0.102,0.03,0.06,0.038,baseline,50
1/23/2025 13:53,-11.986,0.035,0.105,0.025,0.064,0.042,-12.027,0.048,0.11,0.034,0.061,0.039,baseline,50
1/23/2025 13:53,-11.986,0.033,0.095,0.023,0.066,0.04,-12.027,0.042,0.103,0.029,0.063,0.037,baseline,50
1/23/2025 13:54,-11.986,0.032,0.108,0.023,0.064,0.043,-12.027,0.05,0.111,0.035,0.065,0.039,baseline,50
1/23/2025 13:54,-11.986,0.036,0.094,0.025,0.062,0.04,-12.027,0.043,0.118,0.03,0.062,0.037,baseline,50
1/23/2025 13:54,-11.986,0.032,0.105,0.023,0.064,0.043,-12.027,0.046,0.101,0.033,0.063,0.037,baseline,50
1/23/2025 13:54,-11.986,0.035,0.095,0.025,0.066,0.04,-12.027,0.043,0.112,0.03,0.061,0.039,baseline,50
1/23/2025 13:54,-11.986,0.032,0.105,0.022,0.068,0.041,-12.027,0.046,0.105,0.033,0.06,0.038,baseline,50
1/23/2025 13:54,-11.986,0.036,0.104,0.025,0.065,0.044,-12.027,0.042,0.112,0.03,0.062,0.04,baseline,50
1/23/2025 13:54,-11.986,0.036,0.091,0.026,0.067,0.04,-12.027,0.047,0.103,0.033,0.059,0.037,baseline,50
1/23/2025 13:54,-11.986,0.035,0.091,0.025,0.064,0.043,-12.027,0.046,0.102,0.033,0.064,0.04,baseline,50
1/23/2025 13:54,-11.986,0.032,0.101,0.023,0.063,0.04,-12.027,0.043,0.115,0.031,0.06,0.037,baseline,50
1/23/2025 13:54,-11.986,0.032,0.099,0.023,0.064,0.042,-12.027,0.044,0.114,0.031,0.061,0.038,baseline,50
1/23/2025 13:54,-11.986,0.035,0.095,0.025,0.063,0.043,-12.027,0.048,0.105,0.034,0.064,0.039,baseline,50
1/23/2025 13:54,-11.986,0.031,0.092,0.022,0.068,0.041,-12.027,0.043,0.102,0.03,0.063,0.038,baseline,50
1/23/2025 13:54,-11.986,0.034,0.104,0.024,0.063,0.037,-12.027,0.048,0.11,0.034,0.065,0.035,baseline,50
1/23/2025 13:55,-11.986,0.035,0.107,0.024,0.064,0.04,-12.027,0.041,0.113,0.029,0.065,0.037,baseline,50
1/23/2025 13:55,-11.986,0.031,0.095,0.022,0.066,0.037,-12.027,0.047,0.1,0.034,0.063,0.035,baseline,50
1/23/2025 13:55,-11.986,0.031,0.107,0.022,0.065,0.039,-12.027,0.046,0.097,0.032,0.066,0.037,baseline,50
1/23/2025 13:55,-11.986,0.034,0.095,0.024,0.068,0.037,-12.027,0.043,0.112,0.03,0.066,0.035,baseline,50
1/23/2025 13:55,-11.986,0.031,0.094,0.022,0.066,0.038,-12.027,0.047,0.101,0.033,0.063,0.036,baseline,50
1/23/2025 13:55,-11.986,0.034,0.104,0.024,0.067,0.039,-12.027,0.046,0.115,0.032,0.063,0.037,baseline,50
1/23/2025 13:55,-11.986,0.032,0.106,0.022,0.068,0.037,-12.027,0.041,0.105,0.029,0.066,0.035,baseline,50
1/23/2025 13:55,-11.985,0.036,0.105,0.026,0.066,0.045,-12.027,0.051,0.116,0.036,0.064,0.041,baseline,50
1/23/2025 13:55,-11.985,0.032,0.098,0.022,0.069,0.036,-12.027,0.042,0.101,0.03,0.066,0.033,baseline,50
1/23/2025 13:55,-11.986,0.035,0.111,0.025,0.067,0.043,-12.027,0.047,0.115,0.033,0.063,0.04,baseline,50
1/23/2025 13:55,-11.986,0.032,0.097,0.022,0.068,0.039,-12.027,0.043,0.103,0.03,0.065,0.036,baseline,50
1/23/2025 13:55,-11.985,0.035,0.11,0.025,0.07,0.042,-12.027,0.042,0.103,0.03,0.065,0.039,baseline,50
1/23/2025 13:55,-11.986,0.032,0.103,0.023,0.067,0.043,-12.027,0.046,0.13,0.033,0.063,0.04,baseline,50
1/23/2025 13:56,-11.985,0.035,0.09,0.025,0.069,0.039,-12.027,0.047,0.106,0.033,0.06,0.036,baseline,50
1/23/2025 13:56,-11.986,0.036,0.11,0.025,0.066,0.046,-12.027,0.041,0.109,0.029,0.063,0.042,baseline,50
1/23/2025 13:56,-11.985,0.033,0.103,0.023,0.065,0.038,-12.027,0.047,0.117,0.033,0.06,0.041,baseline,50
1/23/2025 13:56,-11.985,0.032,0.096,0.023,0.069,0.044,-12.027,0.048,0.102,0.034,0.06,0.033,baseline,50
1/23/2025 13:56,-11.985,0.036,0.098,0.026,0.064,0.036,-12.027,0.042,0.144,0.03,0.062,0.04,baseline,50
1/23/2025 13:56,-11.986,0.036,0.107,0.025,0.067,0.043,-12.027,0.043,0.101,0.03,0.06,0.045,baseline,50
1/23/2025 13:56,-11.985,0.031,0.097,0.022,0.063,0.049,-12.027,0.047,0.12,0.033,0.061,0.035,baseline,50
1/23/2025 13:56,-11.986,0.035,0.104,0.024,0.063,0.038,-12.027,0.05,0.109,0.036,0.065,0.034,baseline,50
1/23/2025 13:56,-11.986,0.032,0.098,0.022,0.065,0.036,-12.027,0.043,0.099,0.031,0.062,0.038,baseline,50
1/23/2025 13:56,-11.986,0.034,0.094,0.024,0.062,0.041,-12.027,0.044,0.11,0.031,0.065,0.037,baseline,50
1/23/2025 13:56,-11.986,0.032,0.107,0.022,0.065,0.04,-12.027,0.052,0.111,0.037,0.062,0.032,baseline,50
1/23/2025 13:57,-11.986,0.034,0.096,0.024,0.068,0.035,-12.027,0.047,0.1,0.033,0.064,0.041,baseline,50
1/23/2025 13:57,-11.986,0.032,0.106,0.023,0.064,0.043,-12.027,0.043,0.11,0.03,0.062,0.036,baseline,50
1/23/2025 13:57,-11.985,0.036,0.11,0.025,0.068,0.038,-12.027,0.054,0.116,0.038,0.066,0.036,baseline,50
1/23/2025 13:57,-11.985,0.032,0.104,0.022,0.067,0.038,-12.027,0.042,0.102,0.03,0.069,0.038,baseline,50
1/23/2025 13:57,-11.986,0.035,0.097,0.025,0.064,0.041,-12.027,0.046,0.103,0.033,0.063,0.037,baseline,50
1/23/2025 13:57,-11.986,0.032,0.099,0.023,0.07,0.04,-12.027,0.05,0.114,0.035,0.061,0.036,baseline,50
1/23/2025 13:57,-11.986,0.036,0.115,0.025,0.075,0.038,-12.027,0.041,0.103,0.029,0.066,0.036,baseline,50
1/23/2025 13:57,-11.985,0.032,0.094,0.023,0.065,0.039,-12.027,0.042,0.115,0.03,0.061,0.037,baseline,50
1/23/2025 13:57,-11.986,0.035,0.108,0.025,0.07,0.04,-12.027,0.05,0.119,0.035,0.067,0.038,baseline,50
1/23/2025 13:57,-11.985,0.031,0.092,0.022,0.064,0.041,-12.027,0.043,0.1,0.031,0.063,0.036,baseline,50
1/23/2025 13:57,-11.986,0.035,0.097,0.025,0.07,0.038,-12.027,0.043,0.127,0.03,0.061,0.039,baseline,50
1/23/2025 13:58,-11.985,0.035,0.111,0.025,0.064,0.042,-12.027,0.05,0.106,0.035,0.062,0.04,baseline,50
1/23/2025 13:58,-11.985,0.032,0.091,0.023,0.064,0.043,-12.027,0.048,0.125,0.034,0.06,0.034,baseline,50
1/23/2025 13:58,-11.986,0.031,0.093,0.022,0.066,0.036,-12.027,0.042,0.103,0.03,0.068,0.038,baseline,50
1/23/2025 13:58,-11.985,0.037,0.103,0.026,0.062,0.041,-12.027,0.046,0.121,0.033,0.064,0.036,baseline,50
1/23/2025 13:58,-11.986,0.032,0.095,0.022,0.071,0.039,-12.027,0.048,0.103,0.034,0.061,0.039,baseline,50
1/23/2025 13:58,-11.986,0.032,0.1,0.023,0.064,0.042,-12.027,0.042,0.129,0.029,0.06,0.038,baseline,50
1/23/2025 13:58,-11.986,0.038,0.106,0.027,0.064,0.041,-12.027,0.049,0.122,0.034,0.063,0.04,baseline,50
1/23/2025 13:58,-11.986,0.032,0.095,0.022,0.066,0.043,-12.027,0.046,0.102,0.032,0.063,0.042,baseline,50
1/23/2025 13:58,-11.986,0.032,0.095,0.022,0.066,0.045,-12.027,0.042,0.103,0.03,0.06,0.037,baseline,50
1/23/2025 13:58,-11.986,0.038,0.106,0.027,0.063,0.039,-12.027,0.048,0.134,0.034,0.061,0.039,baseline,50
1/23/2025 13:58,-11.986,0.032,0.103,0.022,0.064,0.041,-12.027,0.042,0.103,0.029,0.063,0.036,baseline,50
1/23/2025 13:59,-11.986,0.036,0.096,0.026,0.066,0.039,-12.027,0.043,0.112,0.031,0.063,0.038,baseline,50
1/23/2025 13:59,-11.986,0.031,0.096,0.022,0.067,0.041,-12.027,0.048,0.11,0.034,0.061,0.035,baseline,50
1/23/2025 13:59,-11.986,0.032,0.106,0.023,0.064,0.038,-12.027,0.042,0.099,0.03,0.065,0.036,baseline,50
1/23/2025 13:59,-11.986,0.035,0.118,0.024,0.068,0.039,-12.027,0.046,0.112,0.032,0.064,0.038,baseline,50
1/23/2025 13:59,-11.986,0.036,0.097,0.026,0.064,0.039,-12.027,0.048,0.1,0.034,0.06,0.037,baseline,50
1/23/2025 13:59,-11.986,0.033,0.093,0.023,0.068,0.04,-12.027,0.043,0.136,0.03,0.064,0.037,baseline,50
1/23/2025 13:59,-11.986,0.037,0.11,0.026,0.064,0.04,-12.027,0.042,0.105,0.03,0.062,0.038,baseline,50
1/23/2025 13:59,-11.985,0.036,0.098,0.025,0.065,0.041,-12.027,0.047,0.127,0.033,0.064,0.039,baseline,50
1/23/2025 13:59,-11.986,0.032,0.103,0.023,0.068,0.043,-12.027,0.048,0.106,0.034,0.064,0.039,baseline,50
1/23/2025 13:59,-11.986,0.032,0.091,0.022,0.067,0.042,-12.027,0.042,0.103,0.03,0.066,0.036,baseline,50
1/23/2025 13:59,-11.986,0.035,0.103,0.024,0.07,0.038,-12.027,0.048,0.123,0.034,0.067,0.038,baseline,50
1/23/2025 13:59,-11.985,0.037,0.095,0.026,0.07,0.042,-12.027,0.044,0.105,0.031,0.063,0.035,baseline,50
1/23/2025 13:59,-11.985,0.032,0.097,0.022,0.065,0.037,-12.027,0.043,0.113,0.03,0.065,0.037,baseline,50
1/23/2025 14:00,-11.986,0.038,0.103,0.027,0.069,0.039,-12.027,0.043,0.098,0.03,0.061,0.038,baseline,50
1/23/2025 14:00,-11.986,0.033,0.109,0.023,0.065,0.042,-12.027,0.05,0.109,0.035,0.061,0.037,baseline,50
1/23/2025 14:00,-11.986,0.035,0.097,0.025,0.064,0.041,-12.027,0.042,0.101,0.03,0.064,0.039,baseline,50
1/23/2025 14:00,-11.986,0.031,0.094,0.022,0.067,0.042,-12.027,0.047,0.114,0.033,0.063,0.04,baseline,50
1/23/2025 14:00,-11.985,0.035,0.103,0.025,0.066,0.042,-12.027,0.045,0.104,0.032,0.06,0.037,baseline,50
1/23/2025 14:00,-11.986,0.032,0.106,0.022,0.065,0.043,-12.027,0.042,0.128,0.03,0.061,0.038,baseline,50
1/23/2025 14:00,-11.985,0.037,0.094,0.026,0.064,0.04,-12.027,0.043,0.112,0.031,0.063,0.036,baseline,50
1/23/2025 14:00,-11.986,0.032,0.103,0.023,0.067,0.042,-12.027,0.045,0.101,0.032,0.062,0.037,baseline,50
1/23/2025 14:00,-11.986,0.035,0.092,0.025,0.066,0.039,-12.027,0.041,0.101,0.029,0.064,0.039,baseline,50
1/23/2025 14:00,-11.986,0.036,0.101,0.025,0.068,0.04,-12.027,0.047,0.115,0.033,0.065,0.04,baseline,50
1/23/2025 14:00,-11.986,0.031,0.108,0.022,0.067,0.042,-12.027,0.05,0.103,0.035,0.065,0.037,baseline,50
1/23/2025 14:00,-11.985,0.036,0.094,0.026,0.068,0.043,-12.027,0.043,0.12,0.03,0.062,0.039,baseline,50
1/23/2025 14:01,-11.986,0.032,0.09,0.023,0.068,0.041,-12.027,0.048,0.104,0.034,0.064,0.035,baseline,50
1/23/2025 14:01,-11.986,0.036,0.105,0.026,0.064,0.043,-12.027,0.043,0.104,0.031,0.061,0.04,baseline,50
1/23/2025 14:01,-11.986,0.032,0.094,0.023,0.067,0.037,-12.027,0.046,0.119,0.032,0.061,0.04,baseline,50
1/23/2025 14:01,-11.986,0.034,0.102,0.024,0.063,0.043,-12.027,0.044,0.103,0.031,0.064,0.036,baseline,50
1/23/2025 14:01,-11.986,0.032,0.092,0.023,0.065,0.044,-12.027,0.043,0.112,0.03,0.063,0.037,baseline,50
1/23/2025 14:01,-11.986,0.035,0.102,0.025,0.067,0.039,-12.027,0.047,0.119,0.033,0.065,0.04,baseline,50
1/23/2025 14:01,-11.985,0.036,0.094,0.026,0.067,0.04,-12.027,0.046,0.1,0.033,0.066,0.039,baseline,50
1/23/2025 14:01,-11.986,0.033,0.102,0.023,0.067,0.043,-12.027,0.041,0.11,0.029,0.063,0.038,baseline,50
1/23/2025 14:01,-11.985,0.032,0.104,0.022,0.069,0.043,-12.027,0.041,0.101,0.029,0.064,0.038,baseline,50
1/23/2025 14:01,-11.986,0.035,0.09,0.024,0.069,0.041,-12.027,0.046,0.098,0.032,0.063,0.037,baseline,50
1/23/2025 14:01,-11.986,0.032,0.094,0.023,0.067,0.041,-12.027,0.046,0.115,0.033,0.063,0.039,baseline,50
1/23/2025 14:02,-11.986,0.031,0.104,0.022,0.068,0.039,-12.027,0.041,0.098,0.029,0.065,0.037,baseline,50
1/23/2025 14:02,-11.986,0.036,0.096,0.025,0.066,0.043,-12.027,0.043,0.109,0.03,0.063,0.038,baseline,50
1/23/2025 14:02,-11.986,0.032,0.097,0.022,0.068,0.039,-12.027,0.049,0.103,0.034,0.065,0.037,baseline,50
1/23/2025 14:02,-11.986,0.031,0.107,0.022,0.066,0.041,-12.028,0.041,0.11,0.029,0.063,0.036,baseline,50
1/23/2025 14:02,-11.986,0.036,0.104,0.026,0.069,0.039,-12.028,0.043,0.102,0.03,0.062,0.038,baseline,50
1/23/2025 14:02,-11.986,0.032,0.095,0.023,0.068,0.041,-12.028,0.047,0.115,0.034,0.065,0.037,baseline,50
1/23/2025 14:02,-11.986,0.036,0.091,0.025,0.065,0.04,-12.027,0.043,0.099,0.03,0.065,0.039,baseline,50
1/23/2025 14:02,-11.986,0.035,0.095,0.024,0.064,0.042,-12.027,0.045,0.106,0.032,0.063,0.036,baseline,50
1/23/2025 14:02,-11.986,0.032,0.109,0.023,0.069,0.039,-12.027,0.048,0.115,0.034,0.063,0.04,baseline,50
1/23/2025 14:02,-11.986,0.036,0.106,0.025,0.066,0.044,-12.028,0.043,0.099,0.03,0.065,0.036,baseline,50
1/23/2025 14:02,-11.986,0.031,0.094,0.022,0.066,0.039,-12.027,0.047,0.101,0.033,0.065,0.039,baseline,50
1/23/2025 14:02,-11.986,0.032,0.106,0.022,0.069,0.043,-12.027,0.043,0.111,0.03,0.063,0.036,baseline,50
1/23/2025 14:02,-11.986,0.036,0.096,0.025,0.067,0.039,-12.028,0.047,0.098,0.033,0.064,0.038,baseline,50
1/23/2025 14:02,-11.986,0.036,0.103,0.025,0.065,0.041,-12.028,0.043,0.105,0.03,0.062,0.04,baseline,50
1/23/2025 14:03,-11.986,0.032,0.106,0.023,0.069,0.044,-12.028,0.051,0.101,0.036,0.066,0.038,baseline,50
1/23/2025 14:03,-11.986,0.033,0.094,0.023,0.066,0.043,-12.028,0.042,0.099,0.029,0.062,0.04,baseline,50
1/23/2025 14:03,-11.986,0.037,0.11,0.026,0.065,0.039,-12.027,0.045,0.117,0.032,0.064,0.036,baseline,50
1/23/2025 14:03,-11.986,0.032,0.098,0.023,0.067,0.043,-12.028,0.049,0.102,0.035,0.064,0.04,baseline,50
1/23/2025 14:03,-11.986,0.035,0.109,0.025,0.065,0.043,-12.027,0.047,0.111,0.033,0.062,0.04,baseline,50
1/23/2025 14:03,-11.986,0.033,0.099,0.023,0.067,0.041,-12.027,0.043,0.115,0.031,0.064,0.038,baseline,50
1/23/2025 14:03,-11.986,0.035,0.105,0.025,0.066,0.043,-12.027,0.043,0.107,0.03,0.063,0.039,baseline,50
1/23/2025 14:03,-11.985,0.032,0.096,0.023,0.068,0.041,-12.027,0.048,0.122,0.034,0.067,0.038,baseline,50
1/23/2025 14:03,-11.986,0.035,0.107,0.025,0.066,0.045,-12.027,0.041,0.106,0.029,0.062,0.041,baseline,50
1/23/2025 14:03,-11.986,0.033,0.114,0.023,0.07,0.042,-12.028,0.049,0.112,0.034,0.062,0.039,baseline,50
1/23/2025 14:03,-11.986,0.036,0.097,0.025,0.065,0.044,-12.027,0.047,0.11,0.033,0.064,0.04,baseline,50
1/23/2025 14:04,-11.986,0.032,0.11,0.023,0.068,0.042,-12.027,0.043,0.1,0.031,0.062,0.038,baseline,50
1/23/2025 14:04,-11.986,0.036,0.097,0.025,0.065,0.043,-12.028,0.042,0.102,0.03,0.064,0.04,baseline,50
1/23/2025 14:04,-11.986,0.033,0.096,0.023,0.067,0.042,-12.027,0.046,0.115,0.033,0.067,0.038,baseline,50
1/23/2025 14:04,-11.986,0.037,0.106,0.026,0.07,0.041,-12.028,0.047,0.145,0.033,0.064,0.038,baseline,50
1/23/2025 14:04,-11.986,0.034,0.098,0.024,0.07,0.044,-12.028,0.043,0.1,0.03,0.066,0.041,baseline,50
1/23/2025 14:04,-11.986,0.037,0.107,0.026,0.065,0.042,-12.028,0.048,0.122,0.034,0.063,0.038,baseline,50
1/23/2025 14:04,-11.986,0.033,0.098,0.024,0.071,0.043,-12.028,0.042,0.099,0.03,0.066,0.039,baseline,50
1/23/2025 14:04,-11.986,0.036,0.108,0.025,0.07,0.046,-12.028,0.046,0.106,0.032,0.066,0.04,baseline,50
1/23/2025 14:04,-11.986,0.033,0.099,0.024,0.067,0.046,-12.028,0.051,0.124,0.036,0.064,0.042,baseline,50
1/23/2025 14:04,-11.986,0.033,0.112,0.023,0.069,0.049,-12.028,0.044,0.103,0.031,0.064,0.044,baseline,50
1/23/2025 14:04,-11.986,0.036,0.106,0.026,0.068,0.043,-12.028,0.042,0.116,0.03,0.066,0.04,baseline,50
1/23/2025 14:05,-11.986,0.032,0.1,0.022,0.072,0.047,-12.028,0.046,0.101,0.032,0.064,0.043,baseline,50
1/23/2025 14:05,-11.986,0.037,0.105,0.026,0.071,0.046,-12.028,0.046,0.104,0.033,0.068,0.042,baseline,50
1/23/2025 14:05,-11.986,0.036,0.107,0.025,0.068,0.042,-12.028,0.043,0.112,0.03,0.065,0.039,baseline,50
1/23/2025 14:05,-11.986,0.031,0.096,0.022,0.07,0.043,-12.028,0.043,0.111,0.03,0.067,0.039,baseline,50
1/23/2025 14:05,-11.986,0.035,0.096,0.025,0.07,0.045,-12.028,0.047,0.115,0.033,0.066,0.041,baseline,50
1/23/2025 14:05,-11.986,0.035,0.107,0.025,0.067,0.045,-12.028,0.048,0.097,0.034,0.067,0.041,baseline,50
1/23/2025 14:05,-11.986,0.033,0.103,0.023,0.071,0.042,-12.028,0.043,0.102,0.03,0.064,0.037,baseline,50
1/23/2025 14:05,-11.986,0.032,0.092,0.023,0.071,0.04,-12.028,0.047,0.116,0.033,0.067,0.039,baseline,50
1/23/2025 14:05,-11.986,0.036,0.098,0.025,0.069,0.043,-12.027,0.042,0.101,0.03,0.065,0.039,baseline,50
1/23/2025 14:05,-11.986,0.032,0.106,0.022,0.069,0.041,-12.027,0.049,0.113,0.035,0.069,0.038,baseline,50
1/23/2025 14:05,-11.986,0.036,0.106,0.026,0.072,0.043,-12.027,0.042,0.117,0.03,0.066,0.04,baseline,50
1/23/2025 14:05,-11.986,0.032,0.098,0.023,0.071,0.04,-12.027,0.041,0.101,0.029,0.069,0.037,baseline,50
1/23/2025 14:06,-11.986,0.032,0.106,0.023,0.072,0.04,-12.027,0.048,0.127,0.034,0.069,0.038,baseline,50
1/23/2025 14:06,-11.986,0.034,0.098,0.024,0.073,0.044,-12.027,0.046,0.103,0.033,0.066,0.039,baseline,50
1/23/2025 14:06,-11.986,0.035,0.098,0.025,0.07,0.041,-12.027,0.042,0.127,0.03,0.069,0.04,baseline,50
1/23/2025 14:06,-11.986,0.032,0.108,0.023,0.072,0.043,-12.027,0.043,0.107,0.03,0.066,0.04,baseline,50
1/23/2025 14:06,-11.986,0.031,0.097,0.022,0.068,0.04,-12.027,0.052,0.111,0.036,0.068,0.037,baseline,50
1/23/2025 14:06,-11.986,0.035,0.108,0.025,0.072,0.042,-12.027,0.043,0.099,0.03,0.066,0.038,baseline,50
1/23/2025 14:06,-11.986,0.036,0.109,0.025,0.069,0.039,-12.027,0.049,0.099,0.034,0.069,0.036,baseline,50
1/23/2025 14:06,-11.986,0.032,0.097,0.023,0.072,0.039,-12.027,0.044,0.106,0.031,0.067,0.036,baseline,50
1/23/2025 14:06,-11.986,0.035,0.105,0.025,0.071,0.042,-12.027,0.041,0.109,0.029,0.062,0.039,baseline,50
1/23/2025 14:06,-11.986,0.032,0.093,0.023,0.068,0.041,-12.027,0.048,0.097,0.034,0.065,0.038,baseline,50
1/23/2025 14:06,-11.986,0.032,0.099,0.023,0.066,0.04,-12.028,0.049,0.111,0.035,0.065,0.037,baseline,50
1/23/2025 14:06,-11.986,0.036,0.106,0.025,0.069,0.041,-12.027,0.043,0.102,0.03,0.063,0.037,baseline,50
1/23/2025 14:07,-11.986,0.032,0.097,0.023,0.066,0.042,-12.028,0.043,0.102,0.03,0.065,0.038,baseline,50
1/23/2025 14:07,-11.986,0.036,0.111,0.025,0.065,0.041,-12.027,0.049,0.109,0.035,0.063,0.038,baseline,50
1/23/2025 14:07,-11.986,0.032,0.1,0.023,0.068,0.043,-12.028,0.047,0.111,0.033,0.066,0.04,baseline,50
1/23/2025 14:07,-11.986,0.036,0.115,0.025,0.066,0.041,-12.027,0.043,0.103,0.03,0.066,0.039,baseline,50
1/23/2025 14:07,-11.986,0.033,0.097,0.023,0.069,0.044,-12.027,0.047,0.112,0.033,0.064,0.04,baseline,50
1/23/2025 14:07,-11.986,0.038,0.109,0.027,0.07,0.041,-12.027,0.05,0.099,0.036,0.065,0.038,baseline,50
1/23/2025 14:07,-11.986,0.032,0.102,0.023,0.068,0.043,-12.028,0.041,0.102,0.029,0.063,0.04,baseline,50
1/23/2025 14:07,-11.986,0.034,0.108,0.024,0.066,0.043,-12.028,0.043,0.135,0.03,0.064,0.04,baseline,50
1/23/2025 14:07,-11.986,0.039,0.112,0.028,0.068,0.039,-12.028,0.049,0.126,0.034,0.062,0.037,baseline,50
1/23/2025 14:07,-11.986,0.032,0.1,0.023,0.065,0.044,-12.028,0.045,0.1,0.032,0.062,0.04,baseline,50
1/23/2025 14:07,-11.986,0.036,0.112,0.026,0.065,0.044,-12.028,0.043,0.115,0.03,0.064,0.04,baseline,50
1/23/2025 14:07,-11.986,0.033,0.095,0.024,0.067,0.046,-12.028,0.043,0.104,0.03,0.062,0.042,baseline,50
1/23/2025 14:08,-11.986,0.037,0.108,0.026,0.065,0.045,-12.028,0.049,0.103,0.035,0.063,0.041,baseline,50
1/23/2025 14:08,-11.986,0.032,0.096,0.023,0.067,0.043,-12.028,0.046,0.114,0.033,0.063,0.04,baseline,50
1/23/2025 14:08,-11.986,0.036,0.106,0.026,0.066,0.045,-12.028,0.042,0.105,0.03,0.064,0.037,baseline,50
1/23/2025 14:08,-11.986,0.033,0.095,0.024,0.068,0.041,-12.028,0.043,0.115,0.031,0.064,0.041,baseline,50
1/23/2025 14:08,-11.986,0.036,0.094,0.026,0.067,0.046,-12.028,0.048,0.102,0.034,0.066,0.041,baseline,50
1/23/2025 14:08,-11.986,0.032,0.101,0.022,0.068,0.04,-12.028,0.048,0.119,0.034,0.066,0.037,baseline,50
1/23/2025 14:08,-11.986,0.036,0.11,0.025,0.068,0.045,-12.028,0.043,0.102,0.03,0.064,0.041,baseline,50
1/23/2025 14:08,-11.986,0.037,0.1,0.026,0.07,0.041,-12.028,0.047,0.116,0.034,0.065,0.038,baseline,50
1/23/2025 14:08,-11.986,0.032,0.105,0.023,0.067,0.037,-12.028,0.042,0.12,0.03,0.064,0.035,baseline,50
1/23/2025 14:08,-11.986,0.036,0.103,0.025,0.069,0.041,-12.028,0.052,0.123,0.037,0.066,0.037,baseline,50
1/23/2025 14:08,-11.986,0.033,0.097,0.023,0.07,0.043,-12.028,0.047,0.099,0.033,0.062,0.039,baseline,50
1/23/2025 14:08,-11.986,0.035,0.109,0.025,0.065,0.041,-12.028,0.042,0.121,0.03,0.067,0.037,baseline,50
1/23/2025 14:08,-11.986,0.033,0.107,0.023,0.067,0.043,-12.028,0.043,0.124,0.03,0.066,0.04,baseline,50
1/23/2025 14:09,-11.986,0.032,0.099,0.022,0.07,0.045,-12.028,0.049,0.104,0.034,0.069,0.041,baseline,50
1/23/2025 14:09,-11.986,0.036,0.098,0.025,0.07,0.04,-12.028,0.047,0.117,0.033,0.068,0.037,baseline,50
1/23/2025 14:09,-11.986,0.032,0.112,0.023,0.072,0.039,-12.028,0.042,0.1,0.029,0.066,0.037,baseline,50
1/23/2025 14:09,-11.986,0.036,0.107,0.025,0.072,0.039,-12.028,0.044,0.111,0.031,0.065,0.041,baseline,50
1/23/2025 14:09,-11.986,0.032,0.096,0.022,0.069,0.045,-12.028,0.048,0.103,0.034,0.068,0.037,baseline,50
1/23/2025 14:09,-11.986,0.037,0.105,0.026,0.068,0.04,-12.028,0.046,0.138,0.033,0.067,0.038,baseline,50
1/23/2025 14:09,-11.986,0.036,0.097,0.025,0.072,0.044,-12.028,0.042,0.104,0.03,0.065,0.04,baseline,50
1/23/2025 14:09,-11.986,0.033,0.109,0.023,0.071,0.041,-12.027,0.047,0.114,0.034,0.067,0.038,baseline,50
1/23/2025 14:09,-11.986,0.032,0.109,0.023,0.068,0.042,-12.028,0.043,0.105,0.03,0.064,0.039,baseline,50
1/23/2025 14:09,-11.986,0.037,0.097,0.026,0.072,0.041,-12.027,0.04,0.119,0.028,0.065,0.038,baseline,50
1/23/2025 14:09,-11.986,0.031,0.095,0.022,0.069,0.042,-12.028,0.047,0.096,0.033,0.063,0.039,baseline,50
1/23/2025 14:09,-11.986,0.037,0.107,0.026,0.068,0.04,-12.028,0.048,0.13,0.034,0.066,0.037,baseline,50
1/23/2025 14:09,-11.986,0.032,0.111,0.023,0.065,0.043,-12.028,0.043,0.115,0.03,0.064,0.038,baseline,50
1/23/2025 14:10,-11.986,0.037,0.098,0.026,0.069,0.041,-12.028,0.051,0.103,0.036,0.066,0.039,baseline,50
1/23/2025 14:10,-11.986,0.033,0.109,0.023,0.067,0.045,-12.028,0.05,0.112,0.036,0.068,0.042,baseline,50
1/23/2025 14:10,-11.985,0.036,0.098,0.025,0.069,0.042,-12.028,0.042,0.101,0.03,0.064,0.038,baseline,50
1/23/2025 14:10,-11.986,0.032,0.108,0.023,0.071,0.045,-12.028,0.046,0.098,0.033,0.063,0.042,baseline,50
1/23/2025 14:10,-11.986,0.036,0.109,0.026,0.067,0.041,-12.028,0.043,0.116,0.03,0.066,0.037,baseline,50
1/23/2025 14:10,-11.986,0.033,0.095,0.023,0.066,0.042,-12.028,0.046,0.105,0.033,0.063,0.038,baseline,50
1/23/2025 14:10,-11.986,0.032,0.105,0.023,0.067,0.041,-12.028,0.042,0.114,0.03,0.067,0.038,baseline,50
1/23/2025 14:10,-11.986,0.035,0.096,0.025,0.07,0.043,-12.028,0.047,0.105,0.033,0.065,0.039,baseline,50
1/23/2025 14:10,-11.986,0.036,0.108,0.025,0.07,0.046,-12.028,0.041,0.11,0.029,0.067,0.042,baseline,50
1/23/2025 14:10,-11.986,0.032,0.091,0.023,0.068,0.042,-12.028,0.047,0.109,0.033,0.064,0.039,baseline,50
1/23/2025 14:10,-11.986,0.032,0.109,0.023,0.07,0.041,-12.028,0.043,0.096,0.031,0.064,0.038,baseline,50
1/23/2025 14:10,-11.986,0.036,0.1,0.025,0.068,0.04,-12.028,0.043,0.113,0.03,0.066,0.039,baseline,50
1/23/2025 14:11,-11.986,0.036,0.095,0.025,0.07,0.042,-12.028,0.047,0.099,0.033,0.063,0.037,baseline,50
1/23/2025 14:11,-11.986,0.033,0.109,0.023,0.067,0.041,-12.028,0.043,0.099,0.03,0.064,0.04,baseline,50
1/23/2025 14:11,-11.986,0.033,0.105,0.023,0.069,0.044,-12.028,0.042,0.133,0.03,0.066,0.04,baseline,50
1/23/2025 14:11,-11.986,0.039,0.099,0.028,0.066,0.043,-12.028,0.046,0.125,0.032,0.068,0.038,baseline,50
1/23/2025 14:11,-11.986,0.032,0.094,0.023,0.067,0.041,-12.028,0.048,0.105,0.034,0.066,0.038,baseline,50
1/23/2025 14:11,-11.986,0.035,0.095,0.025,0.069,0.043,-12.028,0.042,0.13,0.029,0.068,0.039,baseline,50
1/23/2025 14:11,-11.986,0.032,0.105,0.023,0.072,0.042,-12.028,0.05,0.098,0.035,0.064,0.037,baseline,50
1/23/2025 14:11,-11.986,0.033,0.094,0.023,0.071,0.04,-12.028,0.046,0.1,0.033,0.065,0.039,baseline,50
1/23/2025 14:11,-11.986,0.036,0.103,0.025,0.069,0.042,-12.028,0.042,0.125,0.03,0.066,0.038,baseline,50
1/23/2025 14:11,-11.986,0.033,0.11,0.023,0.068,0.045,-12.028,0.051,0.122,0.036,0.064,0.041,baseline,50
1/23/2025 14:11,-11.986,0.036,0.094,0.025,0.07,0.042,-12.028,0.042,0.102,0.03,0.067,0.039,baseline,50
1/23/2025 14:11,-11.986,0.031,0.094,0.022,0.066,0.042,-12.028,0.046,0.102,0.033,0.065,0.04,baseline,50
1/23/2025 14:12,-11.986,0.036,0.108,0.025,0.068,0.044,-12.028,0.043,0.11,0.03,0.064,0.038,baseline,50
1/23/2025 14:12,-11.986,0.032,0.095,0.023,0.071,0.045,-12.028,0.05,0.112,0.035,0.066,0.041,baseline,50
1/23/2025 14:12,-11.986,0.032,0.106,0.023,0.069,0.045,-12.028,0.043,0.101,0.03,0.066,0.039,baseline,50
1/23/2025 14:12,-11.986,0.036,0.096,0.026,0.069,0.041,-12.028,0.043,0.101,0.03,0.063,0.041,baseline,50
1/23/2025 14:12,-11.986,0.033,0.095,0.023,0.066,0.043,-12.028,0.048,0.111,0.034,0.067,0.038,baseline,50
1/23/2025 14:12,-11.986,0.036,0.112,0.026,0.068,0.041,-12.028,0.046,0.101,0.032,0.066,0.039,baseline,50
1/23/2025 14:12,-11.986,0.033,0.113,0.023,0.071,0.044,-12.028,0.041,0.113,0.029,0.064,0.038,baseline,50
1/23/2025 14:12,-11.986,0.037,0.097,0.026,0.07,0.044,-12.028,0.047,0.1,0.033,0.064,0.04,baseline,50
1/23/2025 14:12,-11.986,0.033,0.113,0.023,0.067,0.041,-12.028,0.047,0.132,0.033,0.066,0.041,baseline,50
1/23/2025 14:12,-11.986,0.035,0.106,0.025,0.067,0.041,-12.028,0.043,0.102,0.03,0.063,0.038,baseline,50
1/23/2025 14:13,-11.986,0.032,0.097,0.023,0.069,0.043,-12.028,0.047,0.168,0.033,0.065,0.04,baseline,50
1/23/2025 14:13,-11.986,0.033,0.111,0.023,0.067,0.041,-12.028,0.042,0.113,0.03,0.064,0.038,baseline,50
1/23/2025 14:13,-11.986,0.038,0.098,0.027,0.07,0.043,-12.027,0.046,0.099,0.032,0.067,0.039,baseline,50
1/23/2025 14:13,-11.986,0.035,0.108,0.025,0.068,0.041,-12.028,0.043,0.106,0.03,0.065,0.038,baseline,50
1/23/2025 14:13,-11.986,0.032,0.105,0.023,0.07,0.046,-12.028,0.046,0.13,0.033,0.066,0.042,baseline,50
1/23/2025 14:13,-11.986,0.038,0.095,0.027,0.067,0.045,-12.028,0.043,0.102,0.03,0.065,0.041,baseline,50
1/23/2025 14:13,-11.986,0.033,0.102,0.023,0.07,0.043,-12.028,0.042,0.103,0.03,0.067,0.04,baseline,50
1/23/2025 14:13,-11.986,0.035,0.096,0.025,0.068,0.04,-12.028,0.047,0.1,0.033,0.067,0.036,baseline,50
1/23/2025 14:13,-11.986,0.033,0.099,0.023,0.069,0.049,-12.028,0.044,0.108,0.031,0.064,0.045,baseline,50
1/23/2025 14:13,-11.986,0.035,0.107,0.025,0.07,0.046,-12.028,0.045,0.107,0.032,0.066,0.042,baseline,50
1/23/2025 14:13,-11.986,0.033,0.109,0.023,0.071,0.039,-12.028,0.043,0.1,0.03,0.064,0.036,baseline,50
1/23/2025 14:13,-11.986,0.032,0.098,0.023,0.067,0.042,-12.028,0.043,0.111,0.031,0.067,0.037,baseline,50
1/23/2025 14:14,-11.986,0.036,0.096,0.025,0.07,0.04,-12.028,0.047,0.098,0.033,0.066,0.039,baseline,50
1/23/2025 14:14,-11.986,0.037,0.108,0.026,0.068,0.043,-12.028,0.046,0.11,0.032,0.063,0.037,baseline,50
1/23/2025 14:14,-11.986,0.032,0.109,0.023,0.071,0.039,-12.028,0.043,0.117,0.031,0.065,0.039,baseline,50
1/23/2025 14:14,-11.986,0.036,0.095,0.025,0.07,0.041,-12.028,0.042,0.102,0.03,0.063,0.037,baseline,50
1/23/2025 14:14,-11.986,0.032,0.108,0.023,0.066,0.043,-12.028,0.049,0.111,0.034,0.066,0.038,baseline,50
1/23/2025 14:14,-11.986,0.035,0.096,0.025,0.068,0.045,-12.028,0.042,0.102,0.03,0.063,0.04,baseline,50
1/23/2025 14:14,-11.986,0.032,0.108,0.023,0.067,0.038,-12.028,0.048,0.108,0.034,0.069,0.041,baseline,50
1/23/2025 14:14,-11.986,0.037,0.108,0.026,0.07,0.042,-12.028,0.041,0.098,0.029,0.068,0.036,baseline,50
1/23/2025 14:14,-11.986,0.035,0.096,0.025,0.067,0.04,-12.028,0.043,0.099,0.03,0.066,0.039,baseline,50
1/23/2025 14:14,-11.986,0.036,0.105,0.025,0.072,0.044,-12.028,0.049,0.111,0.035,0.062,0.037,baseline,50
1/23/2025 14:14,-11.986,0.032,0.099,0.023,0.071,0.04,-12.028,0.043,0.115,0.03,0.07,0.04,baseline,50
1/23/2025 14:15,-11.986,0.035,0.106,0.025,0.069,0.04,-12.028,0.045,0.101,0.032,0.067,0.037,baseline,50
1/23/2025 14:15,-11.986,0.035,0.103,0.025,0.065,0.042,-12.028,0.043,0.1,0.031,0.062,0.039,baseline,50
1/23/2025 14:15,-11.986,0.032,0.097,0.023,0.074,0.04,-12.028,0.047,0.101,0.033,0.065,0.037,baseline,50
1/23/2025 14:15,-11.986,0.033,0.112,0.023,0.072,0.042,-12.028,0.041,0.113,0.029,0.063,0.039,baseline,50
1/23/2025 14:15,-11.986,0.036,0.099,0.025,0.066,0.041,-12.028,0.046,0.102,0.033,0.065,0.038,baseline,50
1/23/2025 14:15,-11.986,0.033,0.112,0.023,0.068,0.043,-12.028,0.049,0.109,0.034,0.063,0.039,baseline,50
1/23/2025 14:15,-11.986,0.037,0.096,0.026,0.068,0.044,-12.028,0.043,0.11,0.03,0.065,0.037,baseline,50
1/23/2025 14:15,-11.986,0.032,0.097,0.023,0.069,0.041,-12.028,0.048,0.097,0.034,0.067,0.042,baseline,50
1/23/2025 14:15,-11.986,0.035,0.1,0.025,0.066,0.04,-12.028,0.043,0.122,0.03,0.063,0.04,baseline,50
1/23/2025 14:15,-11.986,0.032,0.108,0.023,0.067,0.043,-12.028,0.047,0.101,0.033,0.069,0.042,baseline,50
1/23/2025 14:15,-11.986,0.037,0.105,0.026,0.07,0.046,-12.028,0.047,0.115,0.033,0.068,0.041,baseline,50
1/23/2025 14:15,-11.986,0.032,0.098,0.023,0.066,0.045,-12.028,0.043,0.109,0.03,0.063,0.039,baseline,50
1/23/2025 14:15,-11.986,0.036,0.106,0.025,0.073,0.042,-12.028,0.046,0.097,0.033,0.066,0.036,baseline,50
1/23/2025 14:16,-11.986,0.033,0.098,0.023,0.066,0.039,-12.028,0.042,0.1,0.03,0.063,0.041,baseline,50
1/23/2025 14:16,-11.986,0.036,0.101,0.025,0.071,0.044,-12.028,0.047,0.114,0.033,0.063,0.038,baseline,50
1/23/2025 14:16,-11.986,0.032,0.109,0.023,0.067,0.042,-12.028,0.044,0.102,0.031,0.063,0.041,baseline,50
1/23/2025 14:16,-11.986,0.037,0.096,0.026,0.069,0.045,-12.028,0.043,0.112,0.03,0.066,0.038,baseline,50
1/23/2025 14:16,-11.986,0.033,0.099,0.023,0.066,0.041,-12.028,0.047,0.1,0.033,0.064,0.041,baseline,50
1/23/2025 14:16,-11.986,0.032,0.109,0.023,0.066,0.043,-12.028,0.042,0.111,0.03,0.066,0.042,baseline,50
1/23/2025 14:16,-11.986,0.037,0.1,0.026,0.068,0.046,-12.028,0.042,0.105,0.03,0.066,0.039,baseline,50
1/23/2025 14:16,-11.986,0.033,0.109,0.023,0.066,0.046,-12.028,0.05,0.111,0.035,0.064,0.042,baseline,50
1/23/2025 14:16,-11.986,0.036,0.098,0.026,0.068,0.043,-12.028,0.041,0.101,0.029,0.069,0.042,baseline,50
1/23/2025 14:16,-11.986,0.033,0.113,0.023,0.069,0.046,-12.028,0.047,0.104,0.033,0.064,0.038,baseline,50
1/23/2025 14:16,-11.986,0.032,0.1,0.023,0.069,0.042,-12.028,0.045,0.112,0.032,0.067,0.04,baseline,50
1/23/2025 14:17,-11.986,0.037,0.113,0.026,0.067,0.043,-12.028,0.042,0.105,0.03,0.066,0.038,baseline,50
1/23/2025 14:17,-11.986,0.037,0.098,0.026,0.073,0.044,-12.028,0.043,0.109,0.031,0.066,0.04,baseline,50
1/23/2025 14:17,-11.986,0.033,0.107,0.023,0.068,0.04,-12.028,0.05,0.1,0.036,0.064,0.037,baseline,50
1/23/2025 14:17,-11.986,0.032,0.094,0.023,0.072,0.043,-12.028,0.041,0.11,0.029,0.068,0.039,baseline,50
1/23/2025 14:17,-11.986,0.036,0.101,0.025,0.07,0.042,-12.028,0.048,0.1,0.034,0.065,0.038,baseline,50
1/23/2025 14:17,-11.986,0.032,0.11,0.023,0.069,0.044,-12.028,0.044,0.101,0.031,0.064,0.038,baseline,50
1/23/2025 14:17,-11.986,0.033,0.1,0.023,0.07,0.041,-12.028,0.044,0.111,0.031,0.067,0.04,baseline,50
1/23/2025 14:17,-11.986,0.037,0.103,0.026,0.067,0.044,-12.028,0.051,0.1,0.036,0.066,0.037,baseline,50
1/23/2025 14:17,-11.986,0.033,0.113,0.023,0.073,0.045,-12.028,0.042,0.112,0.03,0.068,0.042,baseline,50
1/23/2025 14:17,-11.986,0.036,0.107,0.026,0.068,0.04,-12.028,0.048,0.114,0.034,0.066,0.037,baseline,50
1/23/2025 14:17,-11.986,0.032,0.101,0.023,0.069,0.044,-12.028,0.046,0.098,0.032,0.069,0.04,baseline,50
1/23/2025 14:17,-11.986,0.033,0.112,0.023,0.071,0.043,-12.028,0.043,0.108,0.03,0.066,0.04,baseline,50
1/23/2025 14:18,-11.986,0.036,0.101,0.026,0.069,0.041,-12.028,0.046,0.114,0.032,0.068,0.038,baseline,50
1/23/2025 14:18,-11.986,0.033,0.098,0.023,0.072,0.041,-12.028,0.041,0.102,0.029,0.065,0.038,baseline,50
1/23/2025 14:18,-11.986,0.036,0.11,0.026,0.071,0.044,-12.028,0.045,0.098,0.032,0.066,0.04,baseline,50
1/23/2025 14:18,-11.986,0.033,0.098,0.023,0.069,0.042,-12.028,0.042,0.117,0.029,0.065,0.041,baseline,50
1/23/2025 14:18,-11.986,0.037,0.105,0.026,0.073,0.044,-12.028,0.045,0.091,0.032,0.063,0.038,baseline,50
1/23/2025 14:18,-11.986,0.033,0.099,0.023,0.07,0.041,-12.028,0.047,0.117,0.033,0.066,0.038,baseline,50
1/23/2025 14:18,-11.986,0.037,0.1,0.026,0.072,0.041,-12.028,0.043,0.102,0.03,0.065,0.041,baseline,50
1/23/2025 14:18,-11.986,0.032,0.108,0.023,0.069,0.044,-12.028,0.047,0.115,0.033,0.063,0.04,baseline,50
1/23/2025 14:18,-11.986,0.032,0.108,0.023,0.07,0.044,-12.028,0.042,0.1,0.03,0.062,0.038,baseline,50
1/23/2025 14:18,-11.986,0.036,0.112,0.025,0.069,0.041,-12.028,0.048,0.124,0.034,0.067,0.04,baseline,50
1/23/2025 14:19,-11.986,0.032,0.099,0.023,0.067,0.044,-12.028,0.043,0.1,0.03,0.07,0.038,baseline,50
1/23/2025 14:19,-11.986,0.035,0.106,0.025,0.07,0.041,-12.028,0.047,0.106,0.033,0.064,0.039,baseline,50
1/23/2025 14:19,-11.986,0.033,0.097,0.023,0.067,0.042,-12.028,0.05,0.099,0.035,0.066,0.042,baseline,50
1/23/2025 14:19,-11.986,0.035,0.102,0.025,0.067,0.046,-12.028,0.043,0.109,0.03,0.066,0.041,baseline,50
1/23/2025 14:19,-11.986,0.033,0.109,0.023,0.068,0.045,-12.028,0.049,0.094,0.034,0.064,0.037,baseline,50
1/23/2025 14:19,-11.986,0.036,0.098,0.026,0.066,0.041,-12.028,0.043,0.112,0.031,0.063,0.038,baseline,50
1/23/2025 14:19,-11.986,0.036,0.107,0.025,0.07,0.042,-12.028,0.052,0.114,0.037,0.068,0.04,baseline,50
1/23/2025 14:19,-11.986,0.033,0.108,0.023,0.075,0.044,-12.028,0.051,0.102,0.036,0.064,0.041,baseline,50
1/23/2025 14:19,-11.986,0.036,0.1,0.026,0.068,0.045,-12.028,0.044,0.113,0.031,0.066,0.044,baseline,50
1/23/2025 14:19,-11.986,0.033,0.113,0.023,0.07,0.047,-12.028,0.05,0.102,0.036,0.064,0.04,baseline,50
1/23/2025 14:19,-11.986,0.036,0.102,0.026,0.07,0.043,-12.028,0.044,0.123,0.031,0.067,0.039,baseline,50
1/23/2025 14:20,-11.986,0.039,0.11,0.028,0.067,0.046,-12.028,0.043,0.104,0.03,0.067,0.042,baseline,50
1/23/2025 14:20,-11.986,0.033,0.095,0.024,0.066,0.043,-12.028,0.047,0.133,0.033,0.065,0.038,baseline,50
1/23/2025 14:20,-11.986,0.037,0.115,0.026,0.07,0.042,-12.028,0.042,0.104,0.03,0.067,0.042,baseline,50
1/23/2025 14:20,-11.986,0.039,0.117,0.028,0.07,0.045,-12.028,0.047,0.113,0.033,0.064,0.043,baseline,50
1/23/2025 14:20,-11.986,0.033,0.102,0.024,0.067,0.046,-12.028,0.049,0.105,0.035,0.065,0.04,baseline,50
1/23/2025 14:20,-11.986,0.034,0.112,0.024,0.07,0.044,-12.028,0.042,0.122,0.03,0.069,0.042,baseline,50
1/23/2025 14:20,-11.986,0.039,0.112,0.027,0.071,0.046,-12.028,0.045,0.102,0.032,0.067,0.039,baseline,50
1/23/2025 14:20,-11.986,0.038,0.098,0.027,0.068,0.043,-12.028,0.049,0.132,0.035,0.063,0.041,baseline,50
1/23/2025 14:20,-11.986,0.034,0.1,0.024,0.07,0.045,-12.028,0.042,0.122,0.03,0.064,0.041,baseline,50
1/23/2025 14:20,-11.986,0.033,0.11,0.023,0.068,0.045,-12.028,0.043,0.104,0.03,0.067,0.039,baseline,50
1/23/2025 14:20,-11.986,0.037,0.111,0.026,0.07,0.043,-12.028,0.048,0.121,0.034,0.068,0.039,baseline,50
1/23/2025 14:20,-11.986,0.033,0.103,0.023,0.067,0.042,-12.028,0.04,0.102,0.028,0.066,0.041,baseline,50
1/23/2025 14:20,-11.986,0.038,0.109,0.027,0.068,0.045,-12.028,0.047,0.115,0.033,0.071,0.042,baseline,50
1/23/2025 14:21,-11.986,0.037,0.095,0.026,0.072,0.046,-12.028,0.043,0.103,0.03,0.068,0.039,baseline,50
1/23/2025 14:21,-11.986,0.033,0.108,0.023,0.07,0.042,-12.028,0.043,0.103,0.03,0.065,0.041,baseline,50
1/23/2025 14:21,-11.986,0.033,0.098,0.023,0.067,0.045,-12.028,0.047,0.116,0.034,0.069,0.039,baseline,50
1/23/2025 14:21,-11.986,0.036,0.098,0.025,0.072,0.043,-12.028,0.046,0.097,0.033,0.07,0.041,baseline,50
1/23/2025 14:21,-11.986,0.037,0.102,0.026,0.072,0.045,-12.028,0.042,0.133,0.03,0.067,0.039,baseline,50
1/23/2025 14:21,-11.986,0.033,0.115,0.023,0.07,0.043,-12.028,0.041,0.109,0.029,0.069,0.04,baseline,50
1/23/2025 14:21,-11.986,0.037,0.094,0.026,0.075,0.043,-12.028,0.047,0.102,0.033,0.066,0.041,baseline,50
1/23/2025 14:21,-11.986,0.033,0.111,0.023,0.069,0.045,-12.028,0.048,0.095,0.034,0.069,0.042,baseline,50
1/23/2025 14:21,-11.986,0.036,0.101,0.026,0.072,0.046,-12.028,0.042,0.111,0.03,0.066,0.041,baseline,50
1/23/2025 14:21,-11.986,0.032,0.111,0.023,0.069,0.046,-12.028,0.042,0.098,0.03,0.068,0.037,baseline,50
1/23/2025 14:21,-11.986,0.032,0.106,0.023,0.074,0.041,-12.028,0.047,0.099,0.033,0.065,0.041,baseline,50
1/23/2025 14:22,-11.986,0.036,0.099,0.025,0.07,0.045,-12.028,0.046,0.107,0.033,0.068,0.037,baseline,50
1/23/2025 14:22,-11.986,0.036,0.108,0.025,0.072,0.041,-12.028,0.041,0.11,0.029,0.07,0.042,baseline,50
1/23/2025 14:22,-11.986,0.033,0.098,0.023,0.07,0.046,-12.028,0.046,0.098,0.032,0.067,0.039,baseline,50
1/23/2025 14:22,-11.986,0.036,0.111,0.025,0.072,0.043,-12.028,0.046,0.108,0.033,0.068,0.039,baseline,50
1/23/2025 14:22,-11.986,0.032,0.099,0.023,0.069,0.042,-12.028,0.042,0.098,0.03,0.066,0.041,baseline,50
1/23/2025 14:22,-11.986,0.036,0.099,0.026,0.072,0.045,-12.028,0.047,0.093,0.033,0.066,0.042,baseline,50
1/23/2025 14:22,-11.986,0.032,0.11,0.022,0.069,0.046,-12.028,0.048,0.111,0.034,0.068,0.039,baseline,50
1/23/2025 14:22,-11.986,0.033,0.103,0.023,0.072,0.042,-12.028,0.042,0.099,0.03,0.068,0.041,baseline,50
1/23/2025 14:22,-11.986,0.037,0.117,0.026,0.072,0.045,-12.028,0.046,0.112,0.032,0.065,0.039,baseline,50
1/23/2025 14:22,-11.986,0.033,0.102,0.023,0.071,0.042,-12.028,0.043,0.098,0.03,0.072,0.04,baseline,50
1/23/2025 14:22,-11.986,0.038,0.113,0.027,0.069,0.043,-12.028,0.045,0.114,0.032,0.068,0.044,baseline,50
1/23/2025 14:23,-11.986,0.036,0.115,0.026,0.072,0.048,-12.028,0.041,0.1,0.029,0.065,0.039,baseline,50
1/23/2025 14:23,-11.986,0.032,0.1,0.023,0.072,0.043,-12.028,0.048,0.108,0.034,0.068,0.041,baseline,50
1/23/2025 14:23,-11.986,0.037,0.099,0.026,0.069,0.045,-12.028,0.041,0.114,0.029,0.066,0.038,baseline,50
1/23/2025 14:23,-11.986,0.033,0.112,0.024,0.072,0.041,-12.028,0.047,0.098,0.033,0.069,0.042,baseline,50
1/23/2025 14:23,-11.986,0.036,0.115,0.026,0.07,0.046,-12.028,0.043,0.108,0.03,0.066,0.039,baseline,50
1/23/2025 14:23,-11.986,0.033,0.1,0.023,0.069,0.043,-12.028,0.047,0.108,0.033,0.065,0.044,baseline,50
1/23/2025 14:23,-11.986,0.037,0.11,0.027,0.076,0.044,-12.028,0.047,0.116,0.033,0.067,0.044,baseline,50
1/23/2025 14:23,-11.986,0.033,0.101,0.023,0.071,0.048,-12.028,0.043,0.1,0.03,0.068,0.04,baseline,50
1/23/2025 14:23,-11.986,0.036,0.102,0.025,0.068,0.048,-12.028,0.041,0.1,0.029,0.065,0.038,baseline,50
1/23/2025 14:23,-11.986,0.032,0.111,0.023,0.072,0.044,-12.028,0.047,0.11,0.033,0.065,0.041,baseline,50
1/23/2025 14:23,-11.986,0.031,0.117,0.022,0.067,0.046,-12.028,0.043,0.11,0.031,0.067,0.04,baseline,50
1/23/2025 14:23,-11.986,0.036,0.106,0.026,0.072,0.043,-12.028,0.042,0.094,0.03,0.066,0.038,baseline,50
1/23/2025 14:24,-11.986,0.033,0.102,0.023,0.069,0.044,-12.028,0.045,0.115,0.032,0.072,0.038,baseline,50
1/23/2025 14:24,-11.986,0.036,0.111,0.026,0.068,0.041,-12.028,0.045,0.095,0.032,0.066,0.043,baseline,50
1/23/2025 14:24,-11.986,0.033,0.12,0.023,0.071,0.041,-12.028,0.042,0.108,0.03,0.068,0.038,baseline,50
1/23/2025 14:24,-11.986,0.037,0.106,0.026,0.072,0.047,-12.028,0.047,0.099,0.033,0.066,0.036,baseline,50
1/23/2025 14:24,-11.986,0.034,0.11,0.024,0.068,0.042,-12.028,0.043,0.115,0.03,0.069,0.042,baseline,50
1/23/2025 14:24,-11.986,0.037,0.1,0.026,0.069,0.039,-12.028,0.046,0.098,0.033,0.066,0.042,baseline,50
1/23/2025 14:24,-11.986,0.033,0.113,0.023,0.071,0.046,-12.028,0.043,0.113,0.03,0.071,0.04,baseline,50
1/23/2025 14:24,-11.986,0.037,0.103,0.026,0.07,0.046,-12.028,0.043,0.114,0.03,0.071,0.042,baseline,50
1/23/2025 14:24,-11.986,0.033,0.112,0.023,0.075,0.043,-12.028,0.049,0.098,0.035,0.068,0.039,baseline,50
1/23/2025 14:24,-11.986,0.036,0.101,0.026,0.069,0.047,-12.028,0.047,0.115,0.034,0.068,0.039,baseline,50
1/23/2025 14:24,-11.986,0.032,0.111,0.023,0.073,0.043,-12.028,0.042,0.099,0.03,0.065,0.04,baseline,50
1/23/2025 14:24,-11.986,0.036,0.111,0.025,0.069,0.042,-12.028,0.046,0.097,0.033,0.064,0.041,baseline,50
1/23/2025 14:25,-11.986,0.036,0.102,0.026,0.073,0.044,-12.028,0.052,0.097,0.037,0.064,0.038,baseline,50
1/23/2025 14:25,-11.986,0.035,0.102,0.025,0.07,0.044,-12.028,0.043,0.113,0.03,0.069,0.04,baseline,50
1/23/2025 14:25,-11.986,0.032,0.11,0.023,0.07,0.042,-12.028,0.043,0.096,0.03,0.065,0.038,baseline,50
1/23/2025 14:25,-11.986,0.032,0.111,0.023,0.075,0.043,-12.028,0.047,0.11,0.033,0.063,0.04,baseline,50
1/23/2025 14:25,-11.986,0.036,0.101,0.025,0.075,0.041,-12.028,0.047,0.111,0.033,0.069,0.039,baseline,50
1/23/2025 14:25,-11.986,0.033,0.108,0.023,0.071,0.044,-12.028,0.041,0.099,0.029,0.069,0.041,baseline,50
1/23/2025 14:25,-11.986,0.038,0.117,0.027,0.073,0.042,-12.028,0.046,0.101,0.032,0.066,0.041,baseline,50
1/23/2025 14:25,-11.986,0.033,0.099,0.023,0.069,0.045,-12.028,0.049,0.113,0.035,0.069,0.039,baseline,50
1/23/2025 14:25,-11.986,0.033,0.117,0.023,0.067,0.045,-12.028,0.042,0.124,0.029,0.067,0.043,baseline,50
1/23/2025 14:25,-11.986,0.037,0.102,0.026,0.067,0.043,-12.028,0.047,0.102,0.033,0.067,0.038,baseline,50
1/23/2025 14:25,-11.986,0.033,0.112,0.023,0.072,0.042,-12.028,0.043,0.098,0.031,0.065,0.043,baseline,50
1/23/2025 14:25,-11.986,0.037,0.1,0.026,0.068,0.048,-12.028,0.045,0.098,0.032,0.067,0.041,baseline,50
1/23/2025 14:26,-11.986,0.033,0.112,0.023,0.068,0.048,-12.028,0.041,0.097,0.029,0.064,0.039,baseline,50
1/23/2025 14:26,-11.986,0.036,0.113,0.025,0.072,0.044,-12.028,0.046,0.118,0.033,0.066,0.04,baseline,50
1/23/2025 14:26,-11.986,0.032,0.099,0.023,0.073,0.042,-12.028,0.047,0.107,0.033,0.063,0.038,baseline,50
1/23/2025 14:26,-11.986,0.037,0.111,0.026,0.07,0.044,-12.028,0.042,0.1,0.03,0.066,0.039,baseline,50
1/23/2025 14:26,-11.986,0.032,0.1,0.023,0.071,0.042,-12.028,0.043,0.111,0.03,0.067,0.041,baseline,50
1/23/2025 14:26,-11.986,0.037,0.111,0.026,0.073,0.043,-12.028,0.047,0.095,0.033,0.068,0.042,baseline,50
1/23/2025 14:26,-11.986,0.037,0.1,0.026,0.07,0.045,-12.028,0.047,0.118,0.033,0.066,0.039,baseline,50
1/23/2025 14:26,-11.986,0.032,0.114,0.023,0.068,0.045,-12.028,0.042,0.099,0.03,0.069,0.039,baseline,50
1/23/2025 14:26,-11.986,0.037,0.102,0.026,0.07,0.042,-12.028,0.051,0.101,0.036,0.066,0.038,baseline,50
1/23/2025 14:26,-11.986,0.033,0.113,0.023,0.068,0.042,-12.028,0.042,0.119,0.03,0.07,0.04,baseline,50
1/23/2025 14:26,-11.987,0.033,0.108,0.023,0.07,0.041,-12.028,0.052,0.112,0.036,0.068,0.043,baseline,50
1/23/2025 14:27,-11.986,0.036,0.101,0.026,0.067,0.043,-12.028,0.043,0.098,0.03,0.065,0.039,baseline,50
1/23/2025 14:27,-11.986,0.033,0.116,0.023,0.067,0.047,-12.028,0.042,0.114,0.029,0.064,0.041,baseline,50
1/23/2025 14:27,-11.986,0.036,0.099,0.025,0.069,0.043,-12.028,0.048,0.097,0.034,0.066,0.038,baseline,50
1/23/2025 14:27,-11.986,0.034,0.095,0.024,0.07,0.044,-12.028,0.05,0.114,0.036,0.066,0.041,baseline,50
1/23/2025 14:27,-11.986,0.037,0.113,0.026,0.071,0.042,-12.028,0.041,0.109,0.029,0.067,0.039,baseline,50
1/23/2025 14:27,-11.986,0.034,0.11,0.024,0.069,0.045,-12.028,0.042,0.099,0.03,0.067,0.044,baseline,50
1/23/2025 14:27,-11.986,0.036,0.1,0.025,0.073,0.043,-12.028,0.048,0.11,0.034,0.065,0.038,baseline,50
1/23/2025 14:27,-11.986,0.037,0.112,0.026,0.07,0.048,-12.028,0.048,0.113,0.034,0.065,0.044,baseline,50
1/23/2025 14:27,-11.986,0.033,0.098,0.023,0.074,0.042,-12.028,0.051,0.098,0.036,0.064,0.04,baseline,50
1/23/2025 14:27,-11.986,0.033,0.114,0.023,0.071,0.049,-12.028,0.041,0.099,0.029,0.066,0.045,baseline,50
1/23/2025 14:27,-11.986,0.037,0.101,0.026,0.068,0.045,-12.028,0.053,0.114,0.038,0.068,0.04,baseline,50
1/23/2025 14:28,-11.986,0.037,0.099,0.027,0.07,0.049,-12.028,0.042,0.122,0.03,0.065,0.043,baseline,50
1/23/2025 14:28,-11.986,0.034,0.109,0.024,0.069,0.045,-12.028,0.041,0.105,0.029,0.067,0.039,baseline,50
1/23/2025 14:28,-11.986,0.038,0.101,0.027,0.07,0.046,-12.028,0.048,0.111,0.034,0.065,0.042,baseline,50
1/23/2025 14:28,-11.986,0.032,0.113,0.023,0.071,0.044,-12.028,0.048,0.1,0.034,0.066,0.04,baseline,50
1/23/2025 14:28,-11.986,0.037,0.103,0.026,0.068,0.046,-12.028,0.041,0.125,0.029,0.068,0.039,baseline,50
1/23/2025 14:28,-11.986,0.033,0.112,0.024,0.067,0.044,-12.028,0.044,0.102,0.031,0.067,0.042,baseline,50
1/23/2025 14:28,-11.986,0.032,0.102,0.023,0.066,0.042,-12.028,0.048,0.102,0.034,0.07,0.037,baseline,50
1/23/2025 14:28,-11.986,0.037,0.115,0.026,0.072,0.046,-12.028,0.047,0.119,0.033,0.067,0.038,baseline,50
1/23/2025 14:28,-11.986,0.037,0.105,0.026,0.07,0.04,-12.028,0.041,0.136,0.029,0.07,0.04,baseline,50
1/23/2025 14:28,-11.986,0.039,0.11,0.028,0.068,0.042,-12.028,0.044,0.104,0.031,0.068,0.038,baseline,50
1/23/2025 14:29,-11.986,0.04,0.101,0.028,0.068,0.044,-12.028,0.048,0.113,0.034,0.07,0.038,baseline,50
1/23/2025 14:29,-11.986,0.033,0.102,0.023,0.071,0.042,-12.028,0.046,0.103,0.033,0.07,0.04,baseline,50
1/23/2025 14:29,-11.986,0.04,0.115,0.028,0.075,0.041,-12.028,0.042,0.102,0.03,0.068,0.039,baseline,50
1/23/2025 14:29,-11.986,0.033,0.106,0.023,0.071,0.044,-12.028,0.047,0.144,0.033,0.069,0.039,baseline,50
1/23/2025 14:29,-11.986,0.039,0.102,0.028,0.072,0.042,-12.028,0.044,0.101,0.031,0.067,0.039,baseline,50
1/23/2025 14:29,-11.986,0.031,0.111,0.022,0.074,0.043,-12.028,0.041,0.131,0.029,0.069,0.041,baseline,50
1/23/2025 14:29,-11.986,0.032,0.102,0.023,0.075,0.043,-12.028,0.049,0.101,0.035,0.067,0.043,baseline,50
1/23/2025 14:29,-11.986,0.037,0.122,0.026,0.072,0.045,-12.028,0.042,0.147,0.03,0.068,0.04,baseline,50
1/23/2025 14:29,-11.986,0.032,0.098,0.022,0.074,0.047,-12.028,0.041,0.105,0.029,0.065,0.042,baseline,50
1/23/2025 14:29,-11.986,0.033,0.101,0.024,0.07,0.044,-12.028,0.048,0.116,0.034,0.063,0.038,baseline,50
1/23/2025 14:29,-11.986,0.036,0.117,0.025,0.073,0.046,-12.028,0.041,0.097,0.029,0.065,0.041,baseline,50
1/23/2025 14:29,-11.986,0.037,0.113,0.026,0.07,0.046,-12.028,0.047,0.114,0.033,0.064,0.04,baseline,50
1/23/2025 14:30,-11.986,0.037,0.1,0.026,0.072,0.041,-12.028,0.044,0.098,0.031,0.066,0.038,baseline,50
1/23/2025 14:30,-11.986,0.033,0.114,0.023,0.068,0.045,-12.028,0.046,0.099,0.033,0.064,0.039,baseline,50
1/23/2025 14:30,-11.986,0.032,0.1,0.023,0.071,0.044,-12.028,0.043,0.124,0.031,0.065,0.041,baseline,50
1/23/2025 14:30,-11.986,0.038,0.113,0.027,0.066,0.041,-12.028,0.042,0.1,0.03,0.066,0.039,baseline,50
1/23/2025 14:30,-11.986,0.033,0.102,0.023,0.068,0.043,-12.028,0.048,0.107,0.034,0.065,0.041,baseline,50
1/23/2025 14:30,-11.986,0.032,0.111,0.023,0.07,0.045,-12.028,0.042,0.097,0.029,0.066,0.041,baseline,50
1/23/2025 14:30,-11.986,0.036,0.102,0.026,0.069,0.042,-12.028,0.048,0.097,0.034,0.068,0.038,baseline,50
1/23/2025 14:30,-11.987,0.037,0.104,0.026,0.067,0.045,-12.028,0.041,0.11,0.029,0.067,0.041,baseline,50
1/23/2025 14:30,-11.986,0.031,0.119,0.022,0.07,0.041,-12.028,0.047,0.1,0.033,0.07,0.041,baseline,50
1/23/2025 14:30,-11.986,0.036,0.1,0.025,0.07,0.041,-12.028,0.047,0.113,0.033,0.067,0.038,baseline,50
1/23/2025 14:30,-11.986,0.033,0.114,0.023,0.071,0.044,-12.028,0.043,0.111,0.03,0.068,0.038,baseline,50
1/23/2025 14:30,-11.986,0.033,0.107,0.024,0.071,0.045,-12.028,0.048,0.094,0.034,0.068,0.042,baseline,50
1/23/2025 14:31,-11.986,0.035,0.104,0.025,0.073,0.041,-12.028,0.043,0.1,0.03,0.065,0.04,baseline,50
1/23/2025 14:31,-11.986,0.037,0.112,0.026,0.07,0.041,-12.028,0.047,0.121,0.033,0.067,0.036,baseline,50
1/23/2025 14:31,-11.986,0.032,0.113,0.023,0.072,0.046,-12.028,0.042,0.117,0.03,0.065,0.04,baseline,50
1/23/2025 14:31,-11.986,0.037,0.1,0.026,0.072,0.044,-12.028,0.04,0.098,0.029,0.064,0.038,baseline,50
1/23/2025 14:31,-11.986,0.032,0.109,0.023,0.068,0.039,-12.028,0.047,0.106,0.033,0.065,0.039,baseline,50
1/23/2025 14:31,-11.986,0.036,0.101,0.026,0.07,0.043,-12.028,0.042,0.114,0.03,0.065,0.039,baseline,50
1/23/2025 14:31,-11.986,0.032,0.11,0.023,0.069,0.041,-12.028,0.046,0.098,0.033,0.067,0.038,baseline,50
1/23/2025 14:31,-11.986,0.037,0.099,0.026,0.067,0.042,-12.028,0.045,0.111,0.032,0.067,0.039,baseline,50
1/23/2025 14:31,-11.986,0.036,0.113,0.025,0.069,0.043,-12.028,0.042,0.097,0.03,0.065,0.039,baseline,50
1/23/2025 14:31,-11.986,0.032,0.1,0.022,0.068,0.04,-12.028,0.048,0.116,0.034,0.068,0.04,baseline,50
1/23/2025 14:31,-11.986,0.036,0.115,0.025,0.069,0.043,-12.028,0.042,0.097,0.03,0.064,0.038,baseline,50
1/23/2025 14:31,-11.986,0.033,0.107,0.023,0.071,0.043,-12.028,0.047,0.11,0.033,0.067,0.039,baseline,50
1/23/2025 14:32,-11.986,0.036,0.115,0.026,0.068,0.041,-12.028,0.05,0.098,0.035,0.067,0.041,baseline,50
1/23/2025 14:32,-11.986,0.032,0.104,0.022,0.067,0.045,-12.028,0.042,0.11,0.03,0.063,0.037,baseline,50
1/23/2025 14:32,-11.986,0.037,0.101,0.026,0.071,0.043,-12.028,0.042,0.107,0.029,0.064,0.043,baseline,50
1/23/2025 14:32,-11.986,0.032,0.115,0.023,0.07,0.041,-12.028,0.049,0.097,0.035,0.067,0.036,baseline,50
1/23/2025 14:32,-11.986,0.036,0.115,0.025,0.067,0.047,-12.028,0.042,0.095,0.03,0.067,0.04,baseline,50
1/23/2025 14:32,-11.986,0.032,0.105,0.023,0.067,0.039,-12.028,0.048,0.113,0.034,0.062,0.037,baseline,50
1/23/2025 14:32,-11.986,0.036,0.1,0.025,0.072,0.043,-12.028,0.041,0.101,0.029,0.065,0.04,baseline,50
1/23/2025 14:32,-11.986,0.032,0.103,0.023,0.071,0.043,-12.028,0.043,0.114,0.03,0.063,0.038,baseline,50
1/23/2025 14:32,-11.986,0.033,0.114,0.023,0.066,0.041,-12.028,0.046,0.098,0.032,0.064,0.037,baseline,50
1/23/2025 14:32,-11.986,0.036,0.101,0.026,0.069,0.041,-12.028,0.042,0.097,0.03,0.066,0.038,baseline,50
1/23/2025 14:32,-11.986,0.036,0.112,0.025,0.067,0.044,-12.028,0.047,0.11,0.033,0.066,0.036,baseline,50
1/23/2025 14:32,-11.986,0.032,0.117,0.023,0.067,0.042,-12.028,0.043,0.103,0.03,0.064,0.037,baseline,50
1/23/2025 14:33,-11.986,0.035,0.105,0.025,0.069,0.04,-12.028,0.046,0.103,0.032,0.064,0.04,baseline,50
1/23/2025 14:33,-11.986,0.032,0.11,0.023,0.069,0.041,-12.028,0.042,0.147,0.029,0.066,0.04,baseline,50
1/23/2025 14:33,-11.986,0.038,0.101,0.027,0.067,0.039,-12.028,0.047,0.098,0.033,0.065,0.037,baseline,50
1/23/2025 14:33,-11.986,0.033,0.114,0.023,0.068,0.04,-12.028,0.047,0.098,0.033,0.066,0.038,baseline,50
1/23/2025 14:33,-11.986,0.033,0.106,0.023,0.069,0.043,-12.028,0.043,0.112,0.031,0.068,0.036,baseline,50
1/23/2025 14:33,-11.986,0.037,0.113,0.026,0.067,0.044,-12.028,0.043,0.1,0.03,0.065,0.036,baseline,50
1/23/2025 14:33,-11.986,0.032,0.112,0.022,0.07,0.04,-12.028,0.05,0.12,0.035,0.07,0.039,baseline,50
1/23/2025 14:33,-11.986,0.032,0.105,0.022,0.073,0.039,-12.028,0.043,0.108,0.03,0.065,0.038,baseline,50
1/23/2025 14:33,-11.986,0.035,0.113,0.025,0.068,0.041,-12.028,0.042,0.096,0.03,0.063,0.036,baseline,50
1/23/2025 14:33,-11.986,0.036,0.101,0.025,0.072,0.039,-12.028,0.047,0.099,0.033,0.065,0.039,baseline,50
1/23/2025 14:33,-11.986,0.033,0.106,0.023,0.069,0.04,-12.028,0.04,0.111,0.029,0.063,0.036,baseline,50
1/23/2025 14:33,-11.986,0.032,0.113,0.023,0.066,0.042,-12.028,0.047,0.1,0.033,0.064,0.039,baseline,50
1/23/2025 14:33,-11.986,0.036,0.118,0.025,0.069,0.039,-12.028,0.043,0.147,0.03,0.067,0.038,baseline,50
1/23/2025 14:34,-11.986,0.032,0.1,0.023,0.067,0.042,-12.028,0.042,0.099,0.03,0.064,0.036,baseline,50
1/23/2025 14:34,-11.986,0.037,0.11,0.026,0.067,0.043,-12.028,0.048,0.11,0.034,0.063,0.038,baseline,50
1/23/2025 14:34,-11.986,0.033,0.116,0.023,0.07,0.038,-12.028,0.052,0.099,0.037,0.064,0.038,baseline,50
1/23/2025 14:34,-11.986,0.033,0.107,0.023,0.068,0.042,-12.028,0.043,0.117,0.031,0.06,0.041,baseline,50
1/23/2025 14:34,-11.986,0.038,0.105,0.027,0.066,0.041,-12.028,0.049,0.115,0.034,0.063,0.041,baseline,50
1/23/2025 14:34,-11.986,0.037,0.103,0.026,0.067,0.038,-12.028,0.042,0.101,0.03,0.066,0.039,baseline,50
1/23/2025 14:34,-11.986,0.033,0.117,0.023,0.063,0.04,-12.028,0.043,0.098,0.03,0.066,0.04,baseline,50
1/23/2025 14:34,-11.986,0.036,0.121,0.025,0.066,0.042,-12.028,0.048,0.112,0.034,0.061,0.039,baseline,50
1/23/2025 14:34,-11.986,0.032,0.112,0.023,0.069,0.045,-12.028,0.042,0.101,0.03,0.063,0.04,baseline,50
1/23/2025 14:34,-11.986,0.036,0.104,0.025,0.07,0.045,-12.028,0.047,0.109,0.033,0.063,0.037,baseline,50
1/23/2025 14:34,-11.986,0.037,0.117,0.026,0.065,0.043,-12.028,0.041,0.111,0.029,0.062,0.04,baseline,50
1/23/2025 14:34,-11.986,0.033,0.101,0.023,0.066,0.044,-12.028,0.042,0.098,0.03,0.062,0.037,baseline,50
1/23/2025 14:34,-11.986,0.034,0.102,0.024,0.064,0.042,-12.028,0.049,0.121,0.035,0.065,0.035,baseline,50
1/23/2025 14:34,-11.986,0.036,0.111,0.025,0.067,0.043,-12.028,0.045,0.1,0.032,0.064,0.039,baseline,50
1/23/2025 14:35,-11.986,0.037,0.114,0.026,0.066,0.04,-12.028,0.043,0.1,0.03,0.062,0.04,baseline,50
1/23/2025 14:35,-11.986,0.038,0.104,0.027,0.068,0.043,-12.028,0.042,0.113,0.03,0.065,0.04,baseline,50
1/23/2025 14:35,-11.986,0.033,0.114,0.023,0.067,0.039,-12.028,0.048,0.128,0.034,0.062,0.039,baseline,50
1/23/2025 14:35,-11.986,0.032,0.103,0.023,0.064,0.038,-12.028,0.041,0.119,0.029,0.062,0.037,baseline,50
1/23/2025 14:35,-11.986,0.036,0.113,0.026,0.067,0.043,-12.028,0.046,0.096,0.033,0.064,0.039,baseline,50
1/23/2025 14:35,-11.986,0.032,0.105,0.022,0.065,0.044,-12.028,0.049,0.101,0.034,0.064,0.038,baseline,50
1/23/2025 14:35,-11.986,0.036,0.113,0.025,0.064,0.042,-12.028,0.042,0.1,0.03,0.061,0.04,baseline,50
1/23/2025 14:35,-11.986,0.036,0.104,0.026,0.067,0.043,-12.028,0.047,0.118,0.033,0.064,0.037,baseline,50
1/23/2025 14:35,-11.986,0.032,0.114,0.023,0.067,0.04,-12.028,0.042,0.097,0.03,0.064,0.037,baseline,50
1/23/2025 14:35,-11.986,0.033,0.102,0.023,0.064,0.042,-12.028,0.046,0.106,0.033,0.067,0.038,baseline,50
1/23/2025 14:35,-11.986,0.036,0.117,0.026,0.068,0.042,-12.028,0.042,0.101,0.029,0.068,0.038,baseline,50
1/23/2025 14:36,-11.986,0.035,0.105,0.025,0.068,0.043,-12.028,0.044,0.115,0.031,0.067,0.037,baseline,50
1/23/2025 14:36,-11.986,0.033,0.116,0.023,0.071,0.043,-12.028,0.047,0.099,0.034,0.065,0.037,baseline,50
1/23/2025 14:36,-11.986,0.033,0.117,0.023,0.071,0.04,-12.028,0.041,0.112,0.029,0.066,0.039,baseline,50
1/23/2025 14:36,-11.986,0.037,0.1,0.026,0.069,0.04,-12.028,0.046,0.099,0.033,0.063,0.039,baseline,50
1/23/2025 14:36,-11.986,0.037,0.115,0.026,0.07,0.042,-12.028,0.043,0.116,0.03,0.069,0.038,baseline,50
1/23/2025 14:36,-11.986,0.033,0.106,0.023,0.068,0.042,-12.028,0.047,0.096,0.033,0.061,0.04,baseline,50
1/23/2025 14:36,-11.986,0.033,0.102,0.024,0.069,0.039,-12.028,0.043,0.111,0.031,0.065,0.038,baseline,50
1/23/2025 14:36,-11.986,0.037,0.114,0.026,0.066,0.04,-12.028,0.047,0.113,0.033,0.067,0.04,baseline,50
1/23/2025 14:36,-11.986,0.032,0.105,0.023,0.072,0.043,-12.028,0.043,0.1,0.03,0.064,0.038,baseline,50
1/23/2025 14:36,-11.986,0.037,0.112,0.026,0.064,0.043,-12.028,0.046,0.113,0.033,0.064,0.041,baseline,50
1/23/2025 14:36,-11.986,0.032,0.12,0.022,0.062,0.041,-12.028,0.043,0.095,0.03,0.066,0.038,baseline,50
1/23/2025 14:37,-11.986,0.035,0.103,0.025,0.068,0.043,-12.028,0.049,0.101,0.035,0.063,0.039,baseline,50
1/23/2025 14:37,-11.986,0.033,0.108,0.023,0.07,0.041,-12.028,0.047,0.108,0.033,0.064,0.037,baseline,50
1/23/2025 14:37,-11.986,0.037,0.112,0.026,0.067,0.044,-12.028,0.041,0.123,0.029,0.066,0.036,baseline,50
1/23/2025 14:37,-11.986,0.036,0.115,0.025,0.069,0.041,-12.028,0.044,0.104,0.031,0.063,0.039,baseline,50
1/23/2025 14:37,-11.986,0.033,0.106,0.023,0.068,0.044,-12.028,0.05,0.106,0.035,0.062,0.037,baseline,50
1/23/2025 14:37,-11.986,0.033,0.111,0.023,0.066,0.042,-12.028,0.042,0.152,0.03,0.065,0.04,baseline,50
1/23/2025 14:37,-11.986,0.036,0.101,0.026,0.066,0.042,-12.028,0.047,0.098,0.033,0.064,0.04,baseline,50
1/23/2025 14:37,-11.986,0.034,0.116,0.024,0.068,0.04,-12.028,0.044,0.123,0.031,0.063,0.038,baseline,50
1/23/2025 14:37,-11.986,0.037,0.103,0.026,0.065,0.039,-12.028,0.05,0.101,0.035,0.062,0.037,baseline,50
1/23/2025 14:37,-11.986,0.036,0.118,0.025,0.065,0.042,-12.028,0.049,0.113,0.035,0.065,0.041,baseline,50
1/23/2025 14:37,-11.986,0.033,0.106,0.023,0.068,0.041,-12.028,0.043,0.101,0.031,0.066,0.041,baseline,50
1/23/2025 14:38,-11.986,0.033,0.116,0.024,0.065,0.044,-12.028,0.041,0.12,0.029,0.064,0.039,baseline,50
1/23/2025 14:38,-11.986,0.036,0.104,0.026,0.065,0.041,-12.028,0.042,0.101,0.03,0.066,0.04,baseline,50
1/23/2025 14:38,-11.986,0.037,0.103,0.026,0.068,0.044,-12.028,0.047,0.116,0.034,0.063,0.039,baseline,50
1/23/2025 14:38,-11.986,0.032,0.114,0.023,0.069,0.04,-12.028,0.043,0.102,0.03,0.063,0.039,baseline,50
1/23/2025 14:38,-11.986,0.033,0.096,0.023,0.067,0.045,-12.028,0.043,0.14,0.031,0.066,0.04,baseline,50
1/23/2025 14:38,-11.986,0.038,0.109,0.027,0.069,0.042,-12.028,0.055,0.102,0.039,0.067,0.041,baseline,50
1/23/2025 14:38,-11.986,0.033,0.103,0.023,0.066,0.046,-12.028,0.043,0.118,0.03,0.065,0.038,baseline,50
1/23/2025 14:38,-11.986,0.037,0.113,0.026,0.069,0.044,-12.028,0.042,0.125,0.03,0.065,0.041,baseline,50
1/23/2025 14:38,-11.986,0.033,0.101,0.024,0.066,0.042,-12.028,0.047,0.104,0.033,0.062,0.041,baseline,50
1/23/2025 14:38,-11.986,0.038,0.12,0.027,0.07,0.042,-12.028,0.05,0.107,0.035,0.063,0.04,baseline,50
1/23/2025 14:38,-11.986,0.033,0.113,0.024,0.068,0.043,-12.028,0.042,0.116,0.03,0.064,0.038,baseline,50
1/23/2025 14:38,-11.986,0.033,0.108,0.024,0.067,0.044,-12.028,0.047,0.099,0.033,0.063,0.041,baseline,50
1/23/2025 14:39,-11.986,0.032,0.117,0.023,0.065,0.042,-12.028,0.041,0.114,0.029,0.067,0.04,baseline,50
1/23/2025 14:39,-11.986,0.038,0.117,0.027,0.065,0.045,-12.028,0.041,0.123,0.029,0.066,0.038,baseline,50
1/23/2025 14:39,-11.986,0.032,0.104,0.023,0.067,0.044,-12.028,0.049,0.106,0.035,0.064,0.04,baseline,50
1/23/2025 14:39,-11.986,0.037,0.113,0.026,0.066,0.043,-12.028,0.042,0.142,0.03,0.063,0.037,baseline,50
1/23/2025 14:39,-11.986,0.033,0.117,0.024,0.069,0.041,-12.028,0.043,0.108,0.03,0.068,0.051,baseline,50
1/23/2025 14:39,-11.986,0.039,0.106,0.028,0.069,0.045,-12.028,0.05,0.117,0.035,0.064,0.044,baseline,50
1/23/2025 14:39,-11.986,0.032,0.126,0.023,0.067,0.043,-12.028,0.048,0.105,0.034,0.068,0.037,baseline,50
1/23/2025 14:39,-11.986,0.033,0.106,0.023,0.066,0.042,-12.028,0.043,0.104,0.03,0.067,0.04,baseline,50
1/23/2025 14:39,-11.986,0.038,0.104,0.027,0.07,0.042,-12.028,0.043,0.131,0.03,0.065,0.039,baseline,50
1/23/2025 14:39,-11.986,0.033,0.119,0.024,0.068,0.044,-12.028,0.05,0.122,0.035,0.065,0.037,baseline,50
1/23/2025 14:39,-11.986,0.032,0.107,0.023,0.071,0.04,-12.028,0.047,0.106,0.033,0.066,0.038,baseline,50
1/23/2025 14:39,-11.986,0.037,0.115,0.026,0.071,0.055,-12.028,0.043,0.1,0.03,0.067,0.04,baseline,50
1/23/2025 14:39,-11.986,0.037,0.108,0.026,0.067,0.048,-12.028,0.048,0.114,0.034,0.064,0.038,baseline,50
1/23/2025 14:39,-11.986,0.036,0.111,0.026,0.067,0.04,-12.028,0.042,0.101,0.03,0.068,0.041,baseline,50
1/23/2025 14:40,-11.986,0.032,0.103,0.023,0.069,0.04,-12.028,0.048,0.116,0.034,0.068,0.038,baseline,50
1/23/2025 14:40,-11.986,0.037,0.114,0.026,0.07,0.043,-12.028,0.051,0.095,0.036,0.066,0.04,baseline,50
1/23/2025 14:40,-11.986,0.034,0.103,0.024,0.068,0.044,-12.028,0.043,0.115,0.03,0.065,0.039,baseline,50
1/23/2025 14:40,-11.986,0.036,0.101,0.025,0.071,0.045,-12.028,0.048,0.117,0.034,0.067,0.037,baseline,50
1/23/2025 14:40,-11.986,0.032,0.112,0.023,0.07,0.041,-12.028,0.043,0.102,0.03,0.066,0.04,baseline,50
1/23/2025 14:40,-11.986,0.037,0.116,0.026,0.069,0.041,-12.028,0.044,0.103,0.031,0.064,0.039,baseline,50
1/23/2025 14:40,-11.986,0.036,0.106,0.025,0.067,0.045,-12.028,0.047,0.115,0.034,0.064,0.038,baseline,50
1/23/2025 14:40,-11.986,0.033,0.118,0.023,0.071,0.043,-12.028,0.045,0.114,0.032,0.066,0.037,baseline,50
1/23/2025 14:40,-11.986,0.033,0.104,0.023,0.069,0.041,-12.028,0.042,0.1,0.03,0.081,0.038,baseline,50
1/23/2025 14:40,-11.986,0.038,0.115,0.027,0.067,0.043,-12.028,0.048,0.099,0.034,0.081,0.037,baseline,50
1/23/2025 14:40,-11.986,0.037,0.115,0.026,0.068,0.04,-12.028,0.041,0.112,0.029,0.068,0.039,baseline,50
1/23/2025 14:40,-11.986,0.033,0.102,0.023,0.069,0.043,-12.028,0.046,0.104,0.033,0.068,0.037,baseline,50
1/23/2025 14:41,-11.986,0.032,0.113,0.022,0.067,0.041,-12.028,0.046,0.111,0.033,0.065,0.039,baseline,50
1/23/2025 14:41,-11.986,0.037,0.116,0.026,0.086,0.042,-12.028,0.042,0.102,0.03,0.066,0.038,baseline,50
1/23/2025 14:41,-11.986,0.032,0.102,0.023,0.071,0.041,-12.028,0.042,0.117,0.03,0.063,0.037,baseline,50
1/23/2025 14:41,-11.986,0.037,0.102,0.026,0.07,0.039,-12.028,0.047,0.102,0.033,0.064,0.037,baseline,50
1/23/2025 14:41,-11.986,0.038,0.12,0.027,0.068,0.041,-12.028,0.047,0.116,0.033,0.066,0.041,baseline,50
1/23/2025 14:41,-11.986,0.033,0.101,0.023,0.069,0.04,-12.028,0.043,0.128,0.03,0.064,0.04,baseline,50
1/23/2025 14:41,-11.986,0.033,0.114,0.024,0.066,0.042,-12.028,0.048,0.103,0.034,0.064,0.037,baseline,50
1/23/2025 14:41,-11.986,0.036,0.103,0.026,0.067,0.04,-12.028,0.047,0.109,0.034,0.066,0.038,baseline,50
1/23/2025 14:41,-11.986,0.036,0.115,0.026,0.069,0.043,-12.028,0.042,0.099,0.03,0.066,0.04,baseline,50
1/23/2025 14:41,-11.986,0.032,0.109,0.023,0.067,0.042,-12.028,0.044,0.101,0.031,0.063,0.038,baseline,50
1/23/2025 14:41,-11.986,0.037,0.118,0.026,0.067,0.039,-12.028,0.047,0.114,0.033,0.065,0.04,baseline,50
1/23/2025 14:41,-11.986,0.032,0.103,0.023,0.07,0.041,-12.028,0.041,0.116,0.029,0.063,0.038,baseline,50
1/23/2025 14:42,-11.986,0.032,0.118,0.023,0.069,0.046,-12.028,0.048,0.098,0.034,0.066,0.04,baseline,50
1/23/2025 14:42,-11.986,0.033,0.108,0.023,0.067,0.043,-12.028,0.042,0.105,0.03,0.065,0.039,baseline,50
1/23/2025 14:42,-11.986,0.036,0.118,0.026,0.067,0.04,-12.028,0.047,0.114,0.033,0.063,0.037,baseline,50
1/23/2025 14:42,-11.986,0.032,0.103,0.023,0.066,0.041,-12.028,0.046,0.128,0.033,0.064,0.039,baseline,50
1/23/2025 14:42,-11.986,0.037,0.119,0.026,0.069,0.043,-12.028,0.047,0.099,0.034,0.062,0.038,baseline,50
1/23/2025 14:42,-11.986,0.036,0.115,0.025,0.066,0.04,-12.028,0.041,0.101,0.029,0.064,0.037,baseline,50
1/23/2025 14:42,-11.986,0.032,0.106,0.023,0.068,0.045,-12.028,0.045,0.112,0.032,0.065,0.04,baseline,50
1/23/2025 14:42,-11.986,0.036,0.103,0.026,0.067,0.041,-12.028,0.049,0.1,0.034,0.063,0.041,baseline,50
1/23/2025 14:42,-11.986,0.035,0.118,0.025,0.065,0.044,-12.028,0.041,0.111,0.029,0.065,0.037,baseline,50
1/23/2025 14:42,-11.986,0.032,0.109,0.023,0.067,0.042,-12.028,0.048,0.114,0.034,0.064,0.038,baseline,50
1/23/2025 14:42,-11.986,0.033,0.118,0.023,0.066,0.04,-12.028,0.043,0.103,0.03,0.063,0.036,baseline,50
1/23/2025 14:42,-11.986,0.036,0.118,0.025,0.068,0.042,-12.028,0.043,0.099,0.03,0.064,0.039,baseline,50
1/23/2025 14:43,-11.986,0.032,0.11,0.023,0.068,0.042,-12.028,0.042,0.125,0.03,0.067,0.038,baseline,50
1/23/2025 14:43,-11.986,0.037,0.114,0.026,0.067,0.04,-12.028,0.048,0.102,0.034,0.062,0.039,baseline,50
1/23/2025 14:43,-11.986,0.032,0.1,0.023,0.065,0.044,-12.028,0.043,0.099,0.03,0.065,0.039,baseline,50
1/23/2025 14:43,-11.986,0.036,0.106,0.025,0.066,0.044,-12.028,0.042,0.113,0.03,0.066,0.037,baseline,50
1/23/2025 14:43,-11.986,0.032,0.105,0.023,0.071,0.04,-12.028,0.047,0.1,0.034,0.064,0.041,baseline,50
1/23/2025 14:43,-11.986,0.037,0.114,0.026,0.068,0.041,-12.028,0.042,0.113,0.03,0.067,0.038,baseline,50
1/23/2025 14:43,-11.986,0.039,0.118,0.028,0.066,0.039,-12.028,0.048,0.103,0.034,0.064,0.04,baseline,50
1/23/2025 14:43,-11.986,0.032,0.117,0.023,0.066,0.039,-12.028,0.042,0.112,0.03,0.067,0.04,baseline,50
1/23/2025 14:43,-11.986,0.038,0.105,0.027,0.068,0.041,-12.028,0.044,0.101,0.031,0.064,0.038,baseline,50
1/23/2025 14:43,-11.986,0.038,0.102,0.027,0.067,0.04,-12.028,0.047,0.118,0.033,0.063,0.039,baseline,50
1/23/2025 14:43,-11.986,0.033,0.117,0.023,0.07,0.043,-12.028,0.042,0.116,0.03,0.064,0.037,baseline,50
1/23/2025 14:43,-11.986,0.032,0.117,0.023,0.067,0.039,-12.028,0.044,0.1,0.031,0.065,0.038,baseline,50
1/23/2025 14:44,-11.986,0.036,0.106,0.025,0.069,0.041,-12.028,0.048,0.113,0.034,0.063,0.04,baseline,50
1/23/2025 14:44,-11.986,0.032,0.118,0.023,0.07,0.045,-12.028,0.043,0.101,0.03,0.067,0.039,baseline,50
1/23/2025 14:44,-11.986,0.036,0.124,0.025,0.067,0.041,-12.028,0.047,0.115,0.033,0.066,0.04,baseline,50
1/23/2025 14:44,-11.986,0.033,0.105,0.023,0.065,0.043,-12.028,0.044,0.102,0.031,0.062,0.038,baseline,50
1/23/2025 14:44,-11.986,0.038,0.111,0.027,0.066,0.043,-12.028,0.043,0.098,0.031,0.064,0.039,baseline,50
1/23/2025 14:44,-11.986,0.037,0.118,0.026,0.068,0.042,-12.028,0.048,0.121,0.034,0.062,0.037,baseline,50
1/23/2025 14:44,-11.986,0.033,0.107,0.023,0.066,0.042,-12.028,0.045,0.103,0.032,0.062,0.038,baseline,50
1/23/2025 14:44,-11.986,0.037,0.118,0.026,0.07,0.04,-12.028,0.042,0.111,0.03,0.064,0.04,baseline,50
1/23/2025 14:44,-11.986,0.033,0.121,0.023,0.07,0.042,-12.028,0.043,0.102,0.031,0.063,0.041,baseline,50
1/23/2025 14:44,-11.986,0.033,0.12,0.024,0.065,0.043,-12.028,0.047,0.119,0.033,0.065,0.038,baseline,50
1/23/2025 14:44,-11.986,0.038,0.107,0.027,0.066,0.044,-12.028,0.043,0.125,0.031,0.063,0.039,baseline,50
1/23/2025 14:45,-11.986,0.033,0.106,0.023,0.064,0.041,-12.028,0.042,0.101,0.03,0.066,0.039,baseline,50
1/23/2025 14:45,-11.986,0.037,0.116,0.026,0.065,0.043,-12.028,0.047,0.103,0.033,0.064,0.04,baseline,50
1/23/2025 14:45,-11.986,0.037,0.108,0.026,0.067,0.042,-12.028,0.042,0.114,0.03,0.066,0.042,baseline,50
1/23/2025 14:45,-11.986,0.033,0.118,0.024,0.065,0.04,-12.028,0.048,0.097,0.034,0.063,0.039,baseline,50
1/23/2025 14:45,-11.986,0.037,0.107,0.026,0.068,0.042,-12.028,0.049,0.116,0.034,0.065,0.04,baseline,50
1/23/2025 14:45,-11.986,0.033,0.119,0.023,0.065,0.044,-12.028,0.042,0.106,0.03,0.063,0.04,baseline,50
1/23/2025 14:45,-11.986,0.037,0.106,0.026,0.067,0.045,-12.028,0.043,0.102,0.03,0.064,0.041,baseline,50
1/23/2025 14:45,-11.986,0.034,0.121,0.024,0.07,0.042,-12.028,0.05,0.118,0.035,0.067,0.038,baseline,50
1/23/2025 14:45,-11.986,0.036,0.111,0.025,0.067,0.042,-12.028,0.042,0.115,0.03,0.064,0.042,baseline,50
1/23/2025 14:45,-11.986,0.033,0.114,0.023,0.069,0.043,-12.028,0.048,0.102,0.034,0.063,0.042,baseline,50
1/23/2025 14:45,-11.986,0.037,0.107,0.026,0.067,0.042,-12.028,0.047,0.115,0.033,0.065,0.039,baseline,50
1/23/2025 14:46,-11.986,0.033,0.108,0.023,0.065,0.044,-12.028,0.042,0.101,0.03,0.064,0.037,baseline,50
1/23/2025 14:46,-11.986,0.036,0.115,0.025,0.066,0.046,-12.028,0.044,0.109,0.031,0.063,0.043,baseline,50
1/23/2025 14:46,-11.986,0.033,0.111,0.023,0.069,0.044,-12.028,0.049,0.111,0.035,0.064,0.037,baseline,50
1/23/2025 14:46,-11.986,0.036,0.104,0.025,0.069,0.043,-12.028,0.043,0.1,0.03,0.067,0.04,baseline,50
1/23/2025 14:46,-11.986,0.032,0.122,0.023,0.067,0.043,-12.028,0.05,0.113,0.035,0.067,0.037,baseline,50
1/23/2025 14:46,-11.986,0.036,0.105,0.025,0.066,0.045,-12.028,0.044,0.102,0.031,0.064,0.04,baseline,50
1/23/2025 14:46,-11.986,0.038,0.105,0.027,0.068,0.042,-12.028,0.047,0.113,0.033,0.064,0.038,baseline,50
1/23/2025 14:46,-11.986,0.032,0.117,0.023,0.067,0.046,-12.028,0.042,0.099,0.03,0.067,0.039,baseline,50
1/23/2025 14:46,-11.986,0.037,0.109,0.026,0.065,0.046,-12.028,0.049,0.118,0.035,0.069,0.041,baseline,50
1/23/2025 14:46,-11.986,0.037,0.119,0.026,0.067,0.042,-12.028,0.045,0.104,0.032,0.067,0.039,baseline,50
1/23/2025 14:46,-11.986,0.034,0.109,0.024,0.07,0.039,-12.028,0.047,0.133,0.034,0.066,0.041,baseline,50
1/23/2025 14:47,-11.986,0.037,0.12,0.026,0.07,0.047,-12.028,0.049,0.103,0.034,0.067,0.039,baseline,50
1/23/2025 14:47,-11.986,0.033,0.108,0.023,0.067,0.04,-12.028,0.042,0.111,0.03,0.066,0.041,baseline,50
1/23/2025 14:47,-11.986,0.037,0.125,0.026,0.067,0.044,-12.028,0.048,0.136,0.034,0.069,0.038,baseline,50
1/23/2025 14:47,-11.986,0.033,0.109,0.024,0.068,0.04,-12.028,0.044,0.114,0.031,0.065,0.039,baseline,50
1/23/2025 14:47,-11.986,0.037,0.119,0.026,0.07,0.044,-12.028,0.043,0.103,0.03,0.068,0.042,baseline,50
1/23/2025 14:47,-11.986,0.037,0.113,0.026,0.07,0.041,-12.028,0.049,0.119,0.035,0.066,0.042,baseline,50
1/23/2025 14:47,-11.986,0.034,0.104,0.024,0.072,0.042,-12.028,0.042,0.103,0.03,0.068,0.04,baseline,50
1/23/2025 14:47,-11.986,0.038,0.107,0.027,0.069,0.045,-12.028,0.042,0.103,0.03,0.065,0.04,baseline,50
1/23/2025 14:47,-11.986,0.034,0.116,0.024,0.07,0.043,-12.028,0.052,0.113,0.036,0.068,0.042,baseline,50
1/23/2025 14:47,-11.986,0.039,0.121,0.028,0.069,0.045,-12.028,0.048,0.106,0.034,0.063,0.042,baseline,50
1/23/2025 14:47,-11.986,0.034,0.105,0.024,0.071,0.043,-12.028,0.042,0.101,0.029,0.068,0.04,baseline,50
1/23/2025 14:47,-11.986,0.038,0.114,0.027,0.068,0.045,-12.028,0.048,0.116,0.034,0.066,0.043,baseline,50
1/23/2025 14:48,-11.986,0.037,0.104,0.026,0.072,0.041,-12.028,0.041,0.101,0.029,0.063,0.04,baseline,50
1/23/2025 14:48,-11.986,0.033,0.106,0.024,0.069,0.042,-12.028,0.046,0.117,0.033,0.066,0.039,baseline,50
1/23/2025 14:48,-11.986,0.037,0.118,0.026,0.072,0.046,-12.028,0.045,0.108,0.032,0.063,0.043,baseline,50
1/23/2025 14:48,-11.986,0.037,0.114,0.026,0.068,0.043,-12.028,0.051,0.116,0.036,0.064,0.039,baseline,50
1/23/2025 14:48,-11.986,0.034,0.123,0.024,0.072,0.044,-12.028,0.049,0.099,0.035,0.065,0.04,baseline,50
1/23/2025 14:48,-11.986,0.034,0.109,0.024,0.066,0.047,-12.028,0.043,0.115,0.03,0.068,0.042,baseline,50
1/23/2025 14:48,-11.986,0.038,0.122,0.027,0.071,0.046,-12.028,0.047,0.112,0.033,0.066,0.042,baseline,50
1/23/2025 14:48,-11.986,0.037,0.122,0.026,0.069,0.044,-12.028,0.044,0.101,0.031,0.068,0.04,baseline,50
1/23/2025 14:48,-11.986,0.033,0.108,0.023,0.065,0.047,-12.028,0.049,0.13,0.035,0.068,0.041,baseline,50
1/23/2025 14:48,-11.986,0.038,0.119,0.027,0.07,0.044,-12.028,0.05,0.109,0.035,0.064,0.039,baseline,50
1/23/2025 14:48,-11.986,0.033,0.118,0.023,0.067,0.043,-12.028,0.042,0.103,0.03,0.065,0.038,baseline,50
1/23/2025 14:48,-11.986,0.033,0.107,0.023,0.067,0.048,-12.028,0.052,0.115,0.037,0.069,0.041,baseline,50
1/23/2025 14:49,-11.986,0.037,0.107,0.026,0.07,0.043,-12.028,0.045,0.102,0.032,0.068,0.04,baseline,50
1/23/2025 14:49,-11.986,0.036,0.122,0.025,0.069,0.044,-12.028,0.042,0.099,0.03,0.066,0.038,baseline,50
1/23/2025 14:49,-11.986,0.033,0.119,0.023,0.071,0.046,-12.028,0.048,0.117,0.034,0.067,0.039,baseline,50
1/23/2025 14:49,-11.986,0.034,0.106,0.024,0.07,0.046,-12.028,0.049,0.113,0.034,0.069,0.04,baseline,50
1/23/2025 14:49,-11.986,0.038,0.106,0.027,0.069,0.044,-12.028,0.043,0.101,0.03,0.072,0.042,baseline,50
1/23/2025 14:49,-11.986,0.033,0.116,0.024,0.071,0.045,-12.028,0.043,0.114,0.031,0.067,0.043,baseline,50
1/23/2025 14:49,-11.986,0.037,0.102,0.026,0.067,0.041,-12.028,0.047,0.1,0.033,0.065,0.039,baseline,50
1/23/2025 14:49,-11.986,0.038,0.12,0.027,0.068,0.042,-12.028,0.05,0.115,0.036,0.07,0.041,baseline,50
1/23/2025 14:49,-11.986,0.034,0.103,0.024,0.072,0.044,-12.028,0.043,0.126,0.03,0.066,0.039,baseline,50
1/23/2025 14:49,-11.986,0.034,0.117,0.024,0.069,0.043,-12.028,0.042,0.102,0.029,0.069,0.042,baseline,50
1/23/2025 14:49,-11.986,0.037,0.105,0.026,0.07,0.041,-12.028,0.049,0.12,0.035,0.069,0.039,baseline,50
1/23/2025 14:49,-11.986,0.039,0.123,0.028,0.072,0.042,-12.028,0.044,0.101,0.031,0.066,0.042,baseline,50
1/23/2025 14:50,-11.986,0.033,0.104,0.023,0.072,0.044,-12.028,0.043,0.123,0.03,0.068,0.04,baseline,50
1/23/2025 14:50,-11.986,0.033,0.116,0.023,0.07,0.046,-12.028,0.053,0.104,0.037,0.065,0.039,baseline,50
1/23/2025 14:50,-11.986,0.038,0.119,0.027,0.075,0.047,-12.028,0.042,0.135,0.03,0.064,0.042,baseline,50
1/23/2025 14:50,-11.986,0.037,0.105,0.027,0.07,0.043,-12.028,0.047,0.108,0.033,0.067,0.041,baseline,50
1/23/2025 14:50,-11.986,0.037,0.117,0.026,0.068,0.043,-12.028,0.044,0.103,0.031,0.064,0.039,baseline,50
1/23/2025 14:50,-11.986,0.032,0.106,0.023,0.073,0.042,-12.028,0.049,0.126,0.034,0.065,0.041,baseline,50
1/23/2025 14:50,-11.986,0.033,0.119,0.023,0.069,0.046,-12.028,0.051,0.107,0.036,0.066,0.039,baseline,50
1/23/2025 14:50,-11.986,0.037,0.103,0.026,0.07,0.043,-12.028,0.045,0.114,0.032,0.069,0.04,baseline,50
1/23/2025 14:50,-11.986,0.038,0.114,0.027,0.072,0.046,-12.028,0.049,0.115,0.035,0.07,0.038,baseline,50
1/23/2025 14:50,-11.986,0.033,0.107,0.023,0.071,0.044,-12.028,0.043,0.095,0.03,0.065,0.041,baseline,50
1/23/2025 14:50,-11.986,0.032,0.107,0.023,0.069,0.043,-12.028,0.048,0.117,0.034,0.065,0.04,baseline,50
1/23/2025 14:51,-11.986,0.038,0.115,0.027,0.071,0.046,-12.028,0.044,0.106,0.031,0.068,0.04,baseline,50
1/23/2025 14:51,-11.986,0.034,0.118,0.024,0.067,0.045,-12.028,0.05,0.101,0.035,0.064,0.043,baseline,50
1/23/2025 14:51,-11.986,0.034,0.103,0.024,0.069,0.043,-12.028,0.043,0.116,0.031,0.066,0.039,baseline,50
1/23/2025 14:51,-11.986,0.041,0.105,0.029,0.069,0.046,-12.028,0.043,0.107,0.031,0.069,0.043,baseline,50
1/23/2025 14:51,-11.986,0.034,0.12,0.024,0.067,0.042,-12.028,0.048,0.116,0.034,0.067,0.042,baseline,50
1/23/2025 14:51,-11.986,0.037,0.117,0.026,0.067,0.044,-12.028,0.044,0.109,0.031,0.068,0.041,baseline,50
1/23/2025 14:51,-11.986,0.035,0.105,0.024,0.07,0.042,-12.028,0.049,0.131,0.035,0.066,0.04,baseline,50
1/23/2025 14:51,-11.986,0.038,0.112,0.027,0.072,0.045,-12.028,0.044,0.141,0.031,0.066,0.044,baseline,50
1/23/2025 14:51,-11.986,0.038,0.101,0.027,0.072,0.043,-12.028,0.048,0.109,0.034,0.068,0.043,baseline,50
1/23/2025 14:51,-11.986,0.034,0.121,0.024,0.068,0.044,-12.028,0.044,0.109,0.031,0.068,0.038,baseline,50
1/23/2025 14:51,-11.986,0.034,0.106,0.024,0.071,0.047,-12.028,0.052,0.132,0.036,0.065,0.041,baseline,50
1/23/2025 14:51,-11.986,0.039,0.116,0.028,0.067,0.043,-12.028,0.042,0.14,0.03,0.067,0.041,baseline,50
1/23/2025 14:52,-11.986,0.038,0.106,0.027,0.071,0.048,-12.028,0.048,0.104,0.034,0.068,0.044,baseline,50
1/23/2025 14:52,-11.986,0.034,0.118,0.024,0.069,0.047,-12.028,0.044,0.118,0.031,0.066,0.041,baseline,50
1/23/2025 14:52,-11.986,0.033,0.107,0.024,0.072,0.045,-12.028,0.043,0.104,0.03,0.069,0.043,baseline,50
1/23/2025 14:52,-11.986,0.039,0.117,0.027,0.07,0.044,-12.028,0.048,0.108,0.034,0.067,0.045,baseline,50
1/23/2025 14:52,-11.986,0.035,0.116,0.024,0.071,0.048,-12.028,0.048,0.144,0.034,0.065,0.037,baseline,50
1/23/2025 14:52,-11.986,0.038,0.108,0.027,0.07,0.048,-12.028,0.044,0.112,0.031,0.069,0.04,baseline,50
1/23/2025 14:52,-11.986,0.039,0.115,0.027,0.071,0.041,-12.028,0.042,0.141,0.03,0.069,0.047,baseline,50
1/23/2025 14:52,-11.986,0.034,0.106,0.024,0.068,0.045,-12.028,0.048,0.122,0.034,0.068,0.043,baseline,50
1/23/2025 14:52,-11.986,0.038,0.109,0.027,0.072,0.045,-12.028,0.047,0.108,0.033,0.067,0.042,baseline,50
1/23/2025 14:52,-11.986,0.034,0.12,0.024,0.071,0.048,-12.028,0.042,0.134,0.03,0.071,0.043,baseline,50
1/23/2025 14:52,-11.986,0.04,0.106,0.028,0.068,0.045,-12.028,0.044,0.11,0.031,0.07,0.041,baseline,50
1/23/2025 14:52,-11.986,0.032,0.122,0.023,0.071,0.048,-12.028,0.048,0.107,0.034,0.064,0.043,baseline,50
1/23/2025 14:52,-11.986,0.033,0.115,0.024,0.069,0.048,-12.028,0.043,0.121,0.03,0.068,0.039,baseline,50
1/23/2025 14:52,-11.986,0.037,0.106,0.026,0.072,0.04,-12.028,0.047,0.106,0.033,0.068,0.039,baseline,50
1/23/2025 14:53,-11.986,0.034,0.107,0.024,0.07,0.044,-12.028,0.043,0.135,0.03,0.071,0.038,baseline,50
1/23/2025 14:53,-11.986,0.033,0.12,0.023,0.069,0.052,-12.028,0.048,0.103,0.034,0.071,0.041,baseline,50
1/23/2025 14:53,-11.986,0.037,0.116,0.026,0.073,0.048,-12.028,0.042,0.117,0.03,0.069,0.042,baseline,50
1/23/2025 14:53,-11.985,0.033,0.107,0.024,0.07,0.046,-12.028,0.046,0.106,0.033,0.071,0.039,baseline,50
1/23/2025 14:53,-11.986,0.033,0.122,0.023,0.073,0.048,-12.028,0.043,0.102,0.031,0.067,0.039,baseline,50
1/23/2025 14:53,-11.986,0.036,0.104,0.025,0.07,0.045,-12.028,0.052,0.119,0.037,0.068,0.041,baseline,50
1/23/2025 14:53,-11.986,0.037,0.119,0.026,0.073,0.047,-12.028,0.043,0.104,0.031,0.072,0.04,baseline,50
1/23/2025 14:53,-11.986,0.032,0.107,0.023,0.074,0.043,-12.028,0.047,0.122,0.033,0.071,0.038,baseline,50
1/23/2025 14:53,-11.986,0.032,0.118,0.023,0.067,0.042,-12.028,0.043,0.115,0.03,0.069,0.04,baseline,50
1/23/2025 14:53,-11.986,0.038,0.109,0.027,0.071,0.042,-12.028,0.048,0.1,0.034,0.071,0.038,baseline,50
1/23/2025 14:54,-11.986,0.037,0.107,0.026,0.071,0.046,-12.028,0.043,0.099,0.03,0.068,0.039,baseline,50
1/23/2025 14:54,-11.985,0.037,0.119,0.026,0.074,0.043,-12.028,0.046,0.114,0.033,0.07,0.041,baseline,50
1/23/2025 14:54,-11.986,0.033,0.102,0.023,0.072,0.042,-12.028,0.043,0.104,0.03,0.067,0.04,baseline,50
1/23/2025 14:54,-11.986,0.037,0.119,0.026,0.073,0.045,-12.028,0.049,0.106,0.035,0.067,0.04,baseline,50
1/23/2025 14:54,-11.986,0.033,0.106,0.023,0.075,0.044,-12.028,0.043,0.117,0.03,0.065,0.039,baseline,50
1/23/2025 14:54,-11.986,0.038,0.117,0.027,0.069,0.041,-12.028,0.048,0.105,0.034,0.065,0.038,baseline,50
1/23/2025 14:54,-11.986,0.034,0.115,0.024,0.071,0.044,-12.028,0.05,0.114,0.035,0.069,0.04,baseline,50
1/23/2025 14:54,-11.986,0.033,0.106,0.024,0.076,0.042,-12.028,0.042,0.12,0.03,0.065,0.039,baseline,50
1/23/2025 14:54,-11.986,0.037,0.104,0.026,0.074,0.043,-12.028,0.042,0.107,0.03,0.064,0.037,baseline,50
1/23/2025 14:54,-11.986,0.034,0.12,0.024,0.072,0.045,-12.028,0.049,0.103,0.035,0.067,0.041,baseline,50
1/23/2025 14:54,-11.986,0.037,0.105,0.026,0.073,0.043,-12.028,0.047,0.114,0.033,0.066,0.041,baseline,50
1/23/2025 14:54,-11.986,0.033,0.118,0.023,0.071,0.042,-12.028,0.043,0.1,0.03,0.064,0.039,baseline,50
1/23/2025 14:54,-11.986,0.037,0.117,0.026,0.073,0.044,-12.028,0.05,0.116,0.035,0.066,0.041,baseline,50
1/23/2025 14:55,-11.986,0.033,0.107,0.024,0.07,0.042,-12.028,0.047,0.12,0.033,0.064,0.041,baseline,50
1/23/2025 14:55,-11.986,0.038,0.121,0.027,0.071,0.044,-12.028,0.043,0.124,0.031,0.065,0.04,baseline,50
1/23/2025 14:55,-11.986,0.037,0.106,0.026,0.067,0.042,-12.028,0.048,0.104,0.034,0.066,0.041,baseline,50
1/23/2025 14:55,-11.986,0.033,0.122,0.024,0.067,0.041,-12.028,0.044,0.102,0.031,0.065,0.042,baseline,50
1/23/2025 14:55,-11.986,0.033,0.112,0.024,0.073,0.044,-12.028,0.044,0.118,0.031,0.067,0.039,baseline,50
1/23/2025 14:55,-11.986,0.039,0.108,0.027,0.068,0.046,-12.028,0.048,0.12,0.034,0.067,0.04,baseline,50
1/23/2025 14:55,-11.986,0.033,0.117,0.023,0.067,0.043,-12.028,0.042,0.102,0.029,0.065,0.042,baseline,50
1/23/2025 14:55,-11.986,0.037,0.114,0.026,0.071,0.045,-12.028,0.043,0.115,0.031,0.064,0.041,baseline,50
1/23/2025 14:55,-11.986,0.034,0.107,0.024,0.069,0.045,-12.028,0.047,0.118,0.034,0.067,0.042,baseline,50
1/23/2025 14:55,-11.986,0.037,0.118,0.026,0.067,0.044,-12.028,0.042,0.106,0.03,0.065,0.039,baseline,50
1/23/2025 14:55,-11.986,0.034,0.109,0.024,0.067,0.046,-12.028,0.048,0.101,0.034,0.065,0.041,baseline,50
1/23/2025 14:55,-11.986,0.033,0.121,0.024,0.07,0.047,-12.028,0.044,0.099,0.031,0.067,0.04,baseline,50
1/23/2025 14:55,-11.986,0.037,0.117,0.026,0.068,0.043,-12.028,0.047,0.127,0.033,0.068,0.042,baseline,50
1/23/2025 14:56,-11.986,0.034,0.108,0.024,0.07,0.046,-12.028,0.041,0.106,0.029,0.066,0.041,baseline,50
1/23/2025 14:56,-11.986,0.034,0.122,0.024,0.071,0.044,-12.028,0.049,0.134,0.035,0.065,0.039,baseline,50
1/23/2025 14:56,-11.986,0.038,0.108,0.027,0.068,0.045,-12.028,0.044,0.107,0.031,0.068,0.04,baseline,50
1/23/2025 14:56,-11.986,0.033,0.106,0.023,0.068,0.047,-12.028,0.041,0.105,0.029,0.066,0.042,baseline,50
1/23/2025 14:56,-11.986,0.033,0.114,0.023,0.069,0.046,-12.028,0.047,0.116,0.033,0.066,0.039,baseline,50
1/23/2025 14:56,-11.986,0.036,0.107,0.026,0.068,0.042,-12.028,0.048,0.131,0.034,0.069,0.042,baseline,50
1/23/2025 14:56,-11.986,0.038,0.142,0.027,0.07,0.045,-12.028,0.042,0.105,0.03,0.066,0.038,baseline,50
1/23/2025 14:56,-11.986,0.033,0.106,0.023,0.07,0.046,-12.028,0.047,0.121,0.033,0.066,0.04,baseline,50
1/23/2025 14:56,-11.986,0.037,0.121,0.026,0.068,0.044,-12.028,0.048,0.097,0.034,0.069,0.038,baseline,50
1/23/2025 14:56,-11.986,0.033,0.106,0.023,0.068,0.046,-12.028,0.041,0.114,0.029,0.067,0.038,baseline,50
1/23/2025 14:56,-11.986,0.032,0.118,0.023,0.07,0.042,-12.028,0.044,0.099,0.031,0.068,0.038,baseline,50
1/23/2025 14:57,-11.986,0.037,0.107,0.026,0.071,0.045,-12.028,0.048,0.114,0.034,0.066,0.041,baseline,50
1/23/2025 14:57,-11.986,0.037,0.118,0.026,0.068,0.044,-12.028,0.046,0.112,0.033,0.068,0.038,baseline,50
1/23/2025 14:57,-11.986,0.033,0.108,0.023,0.071,0.043,-12.028,0.042,0.102,0.03,0.068,0.041,baseline,50
1/23/2025 14:57,-11.986,0.036,0.107,0.026,0.069,0.046,-12.028,0.05,0.118,0.036,0.066,0.038,baseline,50
1/23/2025 14:57,-11.986,0.033,0.115,0.023,0.07,0.041,-12.028,0.041,0.099,0.029,0.068,0.041,baseline,50
1/23/2025 14:57,-11.986,0.037,0.117,0.026,0.071,0.044,-12.028,0.046,0.116,0.033,0.065,0.042,baseline,50
1/23/2025 14:57,-11.986,0.038,0.107,0.027,0.069,0.042,-12.028,0.043,0.101,0.03,0.066,0.04,baseline,50
1/23/2025 14:57,-11.986,0.033,0.118,0.023,0.069,0.044,-12.028,0.049,0.094,0.035,0.068,0.038,baseline,50
1/23/2025 14:57,-11.986,0.032,0.107,0.023,0.071,0.041,-12.028,0.043,0.112,0.03,0.065,0.042,baseline,50
1/23/2025 14:57,-11.986,0.036,0.112,0.026,0.072,0.044,-12.028,0.049,0.117,0.035,0.069,0.04,baseline,50
1/23/2025 14:57,-11.986,0.037,0.101,0.026,0.07,0.041,-12.028,0.043,0.101,0.031,0.065,0.038,baseline,50
1/23/2025 14:57,-11.986,0.033,0.115,0.023,0.069,0.045,-12.028,0.048,0.104,0.034,0.067,0.039,baseline,50
1/23/2025 14:58,-11.986,0.037,0.116,0.026,0.07,0.041,-12.028,0.042,0.124,0.03,0.064,0.037,baseline,50
1/23/2025 14:58,-11.986,0.032,0.102,0.023,0.072,0.045,-12.028,0.048,0.113,0.034,0.066,0.04,baseline,50
1/23/2025 14:58,-11.986,0.036,0.115,0.025,0.072,0.042,-12.028,0.05,0.1,0.035,0.065,0.038,baseline,50
1/23/2025 14:58,-11.986,0.033,0.105,0.023,0.069,0.046,-12.028,0.042,0.105,0.03,0.064,0.037,baseline,50
1/23/2025 14:58,-11.986,0.039,0.118,0.028,0.068,0.043,-12.028,0.048,0.114,0.034,0.067,0.037,baseline,50
1/23/2025 14:58,-11.986,0.032,0.103,0.023,0.071,0.04,-12.028,0.043,0.103,0.031,0.067,0.039,baseline,50
1/23/2025 14:58,-11.986,0.038,0.104,0.027,0.07,0.042,-12.028,0.041,0.121,0.029,0.064,0.04,baseline,50
1/23/2025 14:58,-11.986,0.032,0.112,0.023,0.071,0.046,-12.028,0.047,0.1,0.033,0.068,0.037,baseline,50
1/23/2025 14:58,-11.986,0.038,0.116,0.027,0.067,0.044,-12.028,0.047,0.11,0.033,0.065,0.04,baseline,50
1/23/2025 14:58,-11.986,0.033,0.113,0.023,0.072,0.041,-12.028,0.043,0.117,0.03,0.068,0.038,baseline,50
1/23/2025 14:59,-11.986,0.034,0.107,0.024,0.067,0.042,-12.028,0.044,0.103,0.031,0.063,0.04,baseline,50
1/23/2025 14:59,-11.986,0.038,0.114,0.027,0.07,0.04,-12.028,0.051,0.136,0.036,0.064,0.038,baseline,50
1/23/2025 14:59,-11.986,0.033,0.102,0.023,0.067,0.044,-12.028,0.043,0.103,0.031,0.068,0.041,baseline,50
1/23/2025 14:59,-11.986,0.033,0.103,0.023,0.069,0.04,-12.028,0.048,0.121,0.034,0.067,0.038,baseline,50
1/23/2025 14:59,-11.986,0.036,0.115,0.025,0.067,0.04,-12.028,0.043,0.105,0.031,0.064,0.042,baseline,50
1/23/2025 14:59,-11.986,0.032,0.122,0.023,0.066,0.043,-12.028,0.042,0.106,0.029,0.063,0.038,baseline,50
1/23/2025 14:59,-11.986,0.037,0.116,0.026,0.07,0.04,-12.028,0.048,0.123,0.034,0.065,0.04,baseline,50
1/23/2025 14:59,-11.986,0.038,0.106,0.027,0.069,0.044,-12.028,0.049,0.124,0.035,0.063,0.036,baseline,50
1/23/2025 14:59,-11.986,0.033,0.122,0.023,0.066,0.04,-12.028,0.042,0.102,0.03,0.066,0.04,baseline,50
1/23/2025 14:59,-11.985,0.032,0.106,0.023,0.07,0.043,-12.028,0.047,0.127,0.033,0.063,0.042,baseline,50
1/23/2025 15:00,-11.986,0.037,0.105,0.026,0.072,0.041,-12.028,0.043,0.111,0.03,0.065,0.037,baseline,50
1/23/2025 15:00,-11.986,0.033,0.119,0.024,0.07,0.045,-12.028,0.048,0.102,0.034,0.065,0.042,baseline,50
1/23/2025 15:00,-11.986,0.038,0.104,0.027,0.065,0.041,-12.028,0.04,0.127,0.029,0.062,0.038,baseline,50
1/23/2025 15:00,-11.986,0.033,0.12,0.023,0.068,0.044,-12.028,0.047,0.1,0.033,0.064,0.038,baseline,50
1/23/2025 15:00,-11.985,0.033,0.109,0.023,0.07,0.041,-12.028,0.044,0.102,0.031,0.066,0.042,baseline,50
1/23/2025 15:00,-11.986,0.036,0.116,0.025,0.07,0.046,-12.028,0.042,0.114,0.029,0.062,0.043,baseline,50
1/23/2025 15:00,-11.985,0.038,0.12,0.027,0.067,0.042,-12.028,0.048,0.102,0.034,0.063,0.038,baseline,50
1/23/2025 15:00,-11.986,0.033,0.108,0.024,0.066,0.039,-12.028,0.047,0.103,0.033,0.066,0.042,baseline,50
1/23/2025 15:00,-11.985,0.037,0.104,0.026,0.068,0.044,-12.028,0.043,0.117,0.03,0.063,0.043,baseline,50
1/23/2025 15:00,-11.985,0.032,0.117,0.023,0.069,0.046,-12.028,0.047,0.115,0.033,0.066,0.038,baseline,50
1/23/2025 15:00,-11.986,0.033,0.117,0.023,0.066,0.041,-12.028,0.047,0.102,0.034,0.067,0.042,baseline,50
1/23/2025 15:00,-11.985,0.036,0.107,0.026,0.065,0.046,-12.028,0.042,0.105,0.03,0.069,0.038,baseline,50
1/23/2025 15:01,-11.985,0.037,0.106,0.026,0.067,0.041,-12.028,0.042,0.126,0.03,0.065,0.043,baseline,50
1/23/2025 15:01,-11.986,0.033,0.117,0.023,0.065,0.042,-12.028,0.048,0.13,0.034,0.066,0.036,baseline,50
1/23/2025 15:01,-11.985,0.033,0.118,0.023,0.069,0.046,-12.028,0.041,0.105,0.029,0.063,0.04,baseline,50
1/23/2025 15:01,-11.986,0.036,0.105,0.026,0.067,0.047,-12.028,0.045,0.104,0.032,0.066,0.036,baseline,50
1/23/2025 15:01,-11.985,0.037,0.112,0.026,0.069,0.041,-12.028,0.049,0.133,0.035,0.064,0.037,baseline,50
1/23/2025 15:01,-11.985,0.033,0.104,0.023,0.066,0.046,-12.028,0.042,0.128,0.03,0.067,0.038,baseline,50
1/23/2025 15:01,-11.985,0.033,0.124,0.024,0.066,0.047,-12.028,0.048,0.103,0.034,0.064,0.042,baseline,50
1/23/2025 15:01,-11.986,0.038,0.105,0.027,0.07,0.041,-12.028,0.043,0.1,0.031,0.068,0.037,baseline,50
1/23/2025 15:01,-11.985,0.033,0.103,0.023,0.067,0.045,-12.028,0.043,0.117,0.031,0.064,0.038,baseline,50
1/23/2025 15:01,-11.986,0.033,0.116,0.024,0.067,0.041,-12.028,0.045,0.104,0.032,0.067,0.043,baseline,50
1/23/2025 15:01,-11.986,0.037,0.104,0.026,0.069,0.048,-12.028,0.043,0.114,0.03,0.068,0.039,baseline,50
1/23/2025 15:02,-11.986,0.033,0.113,0.023,0.071,0.039,-12.028,0.052,0.105,0.036,0.065,0.045,baseline,50
1/23/2025 15:02,-11.985,0.036,0.102,0.025,0.069,0.045,-12.028,0.043,0.117,0.031,0.068,0.039,baseline,50
1/23/2025 15:02,-11.985,0.037,0.112,0.026,0.066,0.039,-12.028,0.049,0.105,0.035,0.069,0.039,baseline,50
1/23/2025 15:02,-11.986,0.033,0.106,0.024,0.069,0.041,-12.028,0.042,0.102,0.03,0.065,0.043,baseline,50
1/23/2025 15:02,-11.985,0.036,0.116,0.025,0.07,0.041,-12.028,0.048,0.116,0.034,0.069,0.044,baseline,50
1/23/2025 15:02,-11.986,0.033,0.112,0.023,0.066,0.046,-12.028,0.05,0.107,0.035,0.065,0.04,baseline,50
1/23/2025 15:02,-11.985,0.032,0.102,0.023,0.071,0.041,-12.028,0.042,0.124,0.03,0.069,0.037,baseline,50
1/23/2025 15:02,-11.985,0.04,0.102,0.028,0.067,0.041,-12.028,0.043,0.103,0.03,0.064,0.043,baseline,50
1/23/2025 15:02,-11.985,0.038,0.11,0.027,0.067,0.047,-12.028,0.053,0.117,0.037,0.066,0.037,baseline,50
1/23/2025 15:02,-11.985,0.034,0.105,0.024,0.07,0.042,-12.028,0.043,0.103,0.031,0.064,0.042,baseline,50
1/23/2025 15:02,-11.985,0.036,0.114,0.026,0.071,0.05,-12.028,0.05,0.106,0.035,0.065,0.039,baseline,50
1/23/2025 15:02,-11.986,0.032,0.108,0.023,0.068,0.043,-12.028,0.048,0.121,0.034,0.069,0.038,baseline,50
1/23/2025 15:03,-11.985,0.037,0.104,0.026,0.072,0.042,-12.028,0.044,0.104,0.031,0.064,0.04,baseline,50
1/23/2025 15:03,-11.985,0.033,0.111,0.023,0.069,0.047,-12.028,0.044,0.122,0.031,0.067,0.045,baseline,50
1/23/2025 15:03,-11.985,0.038,0.113,0.027,0.071,0.048,-12.028,0.047,0.116,0.033,0.065,0.038,baseline,50
1/23/2025 15:03,-11.985,0.033,0.105,0.023,0.067,0.043,-12.028,0.051,0.113,0.036,0.068,0.042,baseline,50
1/23/2025 15:03,-11.985,0.038,0.115,0.027,0.072,0.04,-12.028,0.043,0.1,0.031,0.066,0.038,baseline,50
1/23/2025 15:03,-11.985,0.038,0.104,0.027,0.067,0.048,-12.028,0.044,0.099,0.031,0.07,0.038,baseline,50
1/23/2025 15:03,-11.986,0.033,0.119,0.023,0.072,0.04,-12.028,0.051,0.115,0.036,0.067,0.04,baseline,50
1/23/2025 15:03,-11.985,0.038,0.113,0.027,0.068,0.046,-12.028,0.043,0.101,0.031,0.065,0.042,baseline,50
1/23/2025 15:03,-11.985,0.034,0.106,0.024,0.069,0.043,-12.028,0.043,0.102,0.031,0.069,0.04,baseline,50
1/23/2025 15:03,-11.986,0.037,0.115,0.026,0.067,0.041,-12.028,0.049,0.119,0.034,0.069,0.038,baseline,50
1/23/2025 15:03,-11.985,0.038,0.101,0.027,0.067,0.048,-12.028,0.042,0.103,0.03,0.065,0.039,baseline,50
1/23/2025 15:03,-11.986,0.033,0.111,0.023,0.073,0.049,-12.028,0.05,0.122,0.035,0.069,0.044,baseline,50
1/23/2025 15:03,-11.986,0.034,0.11,0.024,0.067,0.042,-12.028,0.054,0.127,0.038,0.065,0.039,baseline,50
1/23/2025 15:03,-11.986,0.039,0.102,0.028,0.071,0.046,-12.028,0.043,0.104,0.031,0.066,0.04,baseline,50
1/23/2025 15:04,-11.985,0.037,0.107,0.026,0.068,0.041,-12.028,0.049,0.112,0.034,0.068,0.043,baseline,50
1/23/2025 15:04,-11.986,0.033,0.121,0.024,0.072,0.044,-12.028,0.049,0.118,0.035,0.064,0.041,baseline,50
1/23/2025 15:04,-11.985,0.037,0.104,0.026,0.07,0.042,-12.028,0.043,0.103,0.03,0.069,0.044,baseline,50
1/23/2025 15:04,-11.985,0.034,0.112,0.024,0.074,0.046,-12.028,0.044,0.117,0.031,0.067,0.039,baseline,50
1/23/2025 15:04,-11.985,0.038,0.105,0.027,0.069,0.044,-12.028,0.05,0.108,0.035,0.072,0.044,baseline,50
1/23/2025 15:04,-11.985,0.034,0.114,0.024,0.068,0.042,-12.028,0.042,0.129,0.03,0.072,0.045,baseline,50
1/23/2025 15:04,-11.986,0.038,0.103,0.027,0.073,0.043,-12.028,0.048,0.107,0.034,0.067,0.038,baseline,50
1/23/2025 15:04,-11.986,0.034,0.103,0.024,0.074,0.049,-12.028,0.047,0.128,0.033,0.066,0.039,baseline,50
1/23/2025 15:04,-11.985,0.038,0.118,0.027,0.068,0.043,-12.028,0.041,0.109,0.029,0.063,0.042,baseline,50
1/23/2025 15:04,-11.986,0.033,0.108,0.023,0.073,0.043,-12.028,0.041,0.132,0.029,0.066,0.04,baseline,50
1/23/2025 15:04,-11.985,0.037,0.115,0.026,0.068,0.047,-12.028,0.048,0.144,0.034,0.068,0.04,baseline,50
1/23/2025 15:04,-11.985,0.034,0.103,0.024,0.071,0.045,-12.028,0.042,0.134,0.029,0.066,0.043,baseline,50
1/23/2025 15:05,-11.986,0.033,0.106,0.023,0.066,0.048,-12.028,0.048,0.107,0.034,0.064,0.043,baseline,50
1/23/2025 15:05,-11.985,0.037,0.118,0.026,0.072,0.044,-12.028,0.047,0.104,0.033,0.066,0.04,baseline,50
1/23/2025 15:05,-11.986,0.036,0.104,0.026,0.07,0.049,-12.028,0.044,0.116,0.031,0.07,0.041,baseline,50
1/23/2025 15:05,-11.985,0.032,0.117,0.023,0.076,0.05,-12.028,0.041,0.114,0.029,0.07,0.04,baseline,50
1/23/2025 15:05,-11.985,0.038,0.106,0.027,0.075,0.042,-12.028,0.048,0.102,0.034,0.066,0.042,baseline,50
1/23/2025 15:05,-11.986,0.033,0.113,0.023,0.069,0.043,-12.028,0.043,0.105,0.03,0.069,0.038,baseline,50
1/23/2025 15:05,-11.985,0.033,0.109,0.023,0.066,0.044,-12.028,0.048,0.118,0.034,0.068,0.04,baseline,50
1/23/2025 15:05,-11.986,0.037,0.121,0.026,0.069,0.046,-12.028,0.043,0.117,0.031,0.07,0.037,baseline,50
1/23/2025 15:05,-11.986,0.033,0.104,0.023,0.066,0.044,-12.028,0.046,0.098,0.033,0.067,0.041,baseline,50
1/23/2025 15:05,-11.986,0.037,0.113,0.026,0.068,0.048,-12.028,0.052,0.102,0.036,0.073,0.039,baseline,50
1/23/2025 15:05,-11.986,0.032,0.107,0.023,0.071,0.047,-12.028,0.044,0.116,0.031,0.066,0.039,baseline,50
1/23/2025 15:06,-11.986,0.037,0.103,0.026,0.069,0.044,-12.028,0.044,0.113,0.031,0.068,0.042,baseline,50
1/23/2025 15:06,-11.985,0.034,0.115,0.024,0.067,0.043,-12.028,0.049,0.1,0.035,0.066,0.043,baseline,50
1/23/2025 15:06,-11.985,0.036,0.111,0.025,0.069,0.045,-12.028,0.05,0.104,0.036,0.067,0.038,baseline,50
1/23/2025 15:06,-11.985,0.033,0.103,0.024,0.073,0.046,-12.028,0.044,0.117,0.031,0.069,0.042,baseline,50
1/23/2025 15:06,-11.985,0.037,0.112,0.026,0.07,0.042,-12.028,0.044,0.119,0.031,0.069,0.039,baseline,50
1/23/2025 15:06,-11.985,0.034,0.105,0.024,0.07,0.044,-12.028,0.05,0.102,0.035,0.069,0.04,baseline,50
1/23/2025 15:06,-11.986,0.038,0.101,0.027,0.073,0.039,-12.028,0.043,0.098,0.031,0.067,0.039,baseline,50
1/23/2025 15:06,-11.986,0.033,0.109,0.024,0.071,0.044,-12.028,0.051,0.119,0.036,0.068,0.039,baseline,50
1/23/2025 15:06,-11.986,0.037,0.117,0.026,0.073,0.043,-12.028,0.05,0.115,0.035,0.066,0.044,baseline,50
1/23/2025 15:06,-11.985,0.038,0.103,0.027,0.069,0.043,-12.028,0.043,0.103,0.03,0.068,0.043,baseline,50
1/23/2025 15:06,-11.986,0.034,0.113,0.024,0.074,0.046,-12.028,0.043,0.128,0.03,0.067,0.04,baseline,50
1/23/2025 15:06,-11.986,0.034,0.103,0.024,0.076,0.042,-12.028,0.048,0.11,0.034,0.064,0.04,baseline,50
1/23/2025 15:07,-11.986,0.038,0.111,0.027,0.07,0.047,-12.028,0.044,0.105,0.031,0.067,0.042,baseline,50
1/23/2025 15:07,-11.986,0.033,0.12,0.024,0.069,0.046,-12.028,0.05,0.12,0.035,0.065,0.04,baseline,50
1/23/2025 15:07,-11.986,0.037,0.104,0.026,0.071,0.043,-12.028,0.043,0.111,0.03,0.065,0.041,baseline,50
1/23/2025 15:07,-11.986,0.037,0.106,0.026,0.069,0.044,-12.028,0.049,0.119,0.035,0.068,0.041,baseline,50
1/23/2025 15:07,-11.986,0.034,0.114,0.024,0.07,0.043,-12.028,0.051,0.123,0.036,0.065,0.039,baseline,50
1/23/2025 15:07,-11.986,0.034,0.12,0.024,0.072,0.043,-12.028,0.042,0.108,0.03,0.069,0.04,baseline,50
1/23/2025 15:07,-11.986,0.038,0.106,0.027,0.072,0.048,-12.028,0.045,0.102,0.032,0.067,0.042,baseline,50
1/23/2025 15:07,-11.986,0.034,0.123,0.024,0.07,0.047,-12.028,0.048,0.113,0.034,0.066,0.043,baseline,50
1/23/2025 15:07,-11.986,0.038,0.109,0.027,0.068,0.044,-12.028,0.042,0.142,0.03,0.067,0.04,baseline,50
1/23/2025 15:07,-11.986,0.034,0.118,0.024,0.071,0.044,-12.028,0.047,0.11,0.033,0.065,0.041,baseline,50
1/23/2025 15:07,-11.986,0.037,0.109,0.026,0.071,0.046,-12.028,0.043,0.103,0.03,0.065,0.043,baseline,50
1/23/2025 15:07,-11.986,0.038,0.103,0.027,0.07,0.044,-12.028,0.048,0.123,0.034,0.069,0.04,baseline,50
1/23/2025 15:08,-11.986,0.034,0.117,0.024,0.066,0.046,-12.028,0.048,0.118,0.034,0.069,0.043,baseline,50
1/23/2025 15:08,-11.986,0.034,0.116,0.024,0.07,0.045,-12.028,0.043,0.102,0.031,0.066,0.04,baseline,50
1/23/2025 15:08,-11.986,0.037,0.104,0.026,0.068,0.043,-12.028,0.049,0.105,0.035,0.067,0.041,baseline,50
1/23/2025 15:08,-11.985,0.033,0.107,0.023,0.072,0.044,-12.028,0.045,0.121,0.032,0.069,0.039,baseline,50
1/23/2025 15:08,-11.986,0.038,0.119,0.027,0.073,0.046,-12.028,0.047,0.127,0.033,0.067,0.041,baseline,50
1/23/2025 15:08,-11.986,0.034,0.119,0.024,0.069,0.048,-12.028,0.042,0.103,0.029,0.069,0.042,baseline,50
1/23/2025 15:08,-11.985,0.033,0.108,0.024,0.071,0.044,-12.028,0.048,0.118,0.034,0.069,0.04,baseline,50
1/23/2025 15:08,-11.985,0.038,0.109,0.027,0.069,0.045,-12.028,0.041,0.103,0.029,0.066,0.04,baseline,50
1/23/2025 15:08,-11.986,0.038,0.114,0.027,0.07,0.047,-12.028,0.051,0.103,0.036,0.067,0.041,baseline,50
1/23/2025 15:08,-11.986,0.034,0.118,0.024,0.068,0.044,-12.028,0.043,0.118,0.03,0.068,0.04,baseline,50
1/23/2025 15:09,-11.985,0.038,0.104,0.027,0.068,0.047,-12.028,0.048,0.1,0.034,0.069,0.041,baseline,50
1/23/2025 15:09,-11.986,0.034,0.116,0.024,0.073,0.045,-12.028,0.051,0.116,0.036,0.066,0.042,baseline,50
1/23/2025 15:09,-11.985,0.036,0.105,0.026,0.074,0.045,-12.028,0.051,0.122,0.036,0.067,0.041,baseline,50
1/23/2025 15:09,-11.986,0.032,0.121,0.023,0.069,0.043,-12.028,0.044,0.109,0.031,0.07,0.04,baseline,50
1/23/2025 15:09,-11.986,0.038,0.105,0.027,0.069,0.046,-12.028,0.045,0.106,0.032,0.067,0.042,baseline,50
1/23/2025 15:09,-11.986,0.033,0.116,0.024,0.072,0.045,-12.028,0.054,0.123,0.038,0.069,0.042,baseline,50
1/23/2025 15:09,-11.986,0.039,0.114,0.028,0.07,0.044,-12.028,0.042,0.133,0.03,0.069,0.039,baseline,50
1/23/2025 15:09,-11.986,0.033,0.102,0.024,0.072,0.043,-12.028,0.042,0.127,0.03,0.067,0.041,baseline,50
1/23/2025 15:09,-11.986,0.038,0.107,0.027,0.071,0.045,-12.028,0.049,0.1,0.035,0.067,0.038,baseline,50
1/23/2025 15:09,-11.986,0.04,0.123,0.028,0.069,0.043,-12.028,0.047,0.114,0.033,0.069,0.042,baseline,50
1/23/2025 15:09,-11.986,0.034,0.113,0.024,0.07,0.046,-12.028,0.043,0.103,0.03,0.068,0.039,baseline,50
1/23/2025 15:09,-11.986,0.038,0.105,0.027,0.072,0.046,-12.028,0.047,0.102,0.033,0.067,0.043,baseline,50
1/23/2025 15:09,-11.986,0.034,0.104,0.024,0.073,0.045,-12.028,0.042,0.131,0.03,0.067,0.042,baseline,50
1/23/2025 15:10,-11.986,0.039,0.113,0.027,0.069,0.044,-12.028,0.044,0.103,0.031,0.066,0.04,baseline,50
1/23/2025 15:10,-11.986,0.037,0.104,0.026,0.069,0.046,-12.028,0.047,0.147,0.033,0.066,0.038,baseline,50
1/23/2025 15:10,-11.986,0.034,0.103,0.024,0.073,0.046,-12.028,0.049,0.145,0.035,0.068,0.044,baseline,50
1/23/2025 15:10,-11.986,0.032,0.114,0.023,0.072,0.042,-12.028,0.044,0.108,0.031,0.069,0.041,baseline,50
1/23/2025 15:10,-11.986,0.037,0.104,0.026,0.07,0.046,-12.028,0.043,0.109,0.031,0.067,0.039,baseline,50
1/23/2025 15:10,-11.986,0.033,0.115,0.024,0.07,0.041,-12.028,0.048,0.132,0.034,0.069,0.043,baseline,50
1/23/2025 15:10,-11.986,0.033,0.113,0.023,0.072,0.046,-12.028,0.043,0.107,0.03,0.069,0.04,baseline,50
1/23/2025 15:10,-11.986,0.037,0.12,0.026,0.07,0.043,-12.028,0.048,0.128,0.034,0.066,0.04,baseline,50
1/23/2025 15:10,-11.986,0.036,0.105,0.026,0.072,0.047,-12.028,0.044,0.103,0.031,0.069,0.042,baseline,50
1/23/2025 15:10,-11.986,0.033,0.126,0.024,0.072,0.045,-12.028,0.042,0.122,0.03,0.065,0.041,baseline,50
1/23/2025 15:10,-11.986,0.036,0.104,0.026,0.07,0.045,-12.028,0.048,0.1,0.034,0.069,0.04,baseline,50
1/23/2025 15:10,-11.986,0.036,0.101,0.026,0.069,0.041,-12.028,0.043,0.114,0.031,0.067,0.042,baseline,50
1/23/2025 15:10,-11.986,0.033,0.111,0.023,0.07,0.048,-12.028,0.043,0.1,0.03,0.069,0.04,baseline,50
1/23/2025 15:11,-11.985,0.032,0.099,0.023,0.068,0.045,-12.028,0.048,0.128,0.034,0.066,0.04,baseline,50
1/23/2025 15:11,-11.985,0.037,0.109,0.026,0.071,0.044,-12.028,0.044,0.105,0.031,0.067,0.042,baseline,50
1/23/2025 15:11,-11.986,0.032,0.105,0.023,0.071,0.048,-12.028,0.046,0.119,0.033,0.067,0.04,baseline,50
1/23/2025 15:11,-11.985,0.037,0.114,0.026,0.072,0.044,-12.028,0.049,0.102,0.035,0.07,0.039,baseline,50
1/23/2025 15:11,-11.986,0.033,0.105,0.024,0.07,0.046,-12.028,0.043,0.119,0.03,0.065,0.041,baseline,50
1/23/2025 15:11,-11.986,0.033,0.108,0.023,0.072,0.044,-12.028,0.048,0.104,0.034,0.068,0.04,baseline,50
1/23/2025 15:11,-11.986,0.037,0.118,0.026,0.072,0.047,-12.028,0.043,0.121,0.03,0.066,0.043,baseline,50
1/23/2025 15:11,-11.986,0.033,0.102,0.023,0.069,0.045,-12.028,0.043,0.103,0.03,0.07,0.04,baseline,50
1/23/2025 15:11,-11.986,0.034,0.118,0.024,0.071,0.044,-12.028,0.05,0.102,0.035,0.067,0.042,baseline,50
1/23/2025 15:11,-11.985,0.037,0.103,0.026,0.068,0.046,-12.028,0.05,0.115,0.035,0.066,0.04,baseline,50
1/23/2025 15:11,-11.986,0.037,0.102,0.026,0.071,0.044,-12.028,0.043,0.099,0.03,0.069,0.041,baseline,50
1/23/2025 15:11,-11.986,0.033,0.115,0.024,0.069,0.044,-12.028,0.051,0.122,0.036,0.067,0.041,baseline,50
1/23/2025 15:11,-11.986,0.038,0.105,0.027,0.072,0.046,-12.028,0.044,0.116,0.031,0.066,0.04,baseline,50
1/23/2025 15:12,-11.986,0.034,0.117,0.024,0.07,0.043,-12.028,0.049,0.106,0.035,0.068,0.041,baseline,50
1/23/2025 15:12,-11.986,0.034,0.107,0.024,0.072,0.043,-12.028,0.048,0.121,0.034,0.066,0.042,baseline,50
1/23/2025 15:12,-11.986,0.04,0.102,0.028,0.069,0.045,-12.028,0.042,0.104,0.03,0.066,0.043,baseline,50
1/23/2025 15:12,-11.986,0.037,0.116,0.026,0.074,0.044,-12.028,0.049,0.119,0.035,0.068,0.044,baseline,50
1/23/2025 15:12,-11.986,0.034,0.101,0.024,0.068,0.048,-12.028,0.041,0.114,0.029,0.066,0.042,baseline,50
1/23/2025 15:12,-11.986,0.038,0.116,0.027,0.071,0.045,-12.028,0.046,0.101,0.033,0.066,0.042,baseline,50
1/23/2025 15:12,-11.985,0.034,0.103,0.024,0.069,0.046,-12.028,0.043,0.103,0.031,0.067,0.044,baseline,50
1/23/2025 15:12,-11.986,0.038,0.115,0.027,0.073,0.044,-12.028,0.048,0.113,0.034,0.066,0.042,baseline,50
1/23/2025 15:12,-11.986,0.039,0.103,0.027,0.07,0.046,-12.028,0.049,0.128,0.034,0.069,0.044,baseline,50
1/23/2025 15:12,-11.986,0.034,0.113,0.024,0.07,0.045,-12.028,0.043,0.102,0.03,0.069,0.042,baseline,50
1/23/2025 15:12,-11.986,0.038,0.111,0.027,0.072,0.044,-12.028,0.043,0.104,0.03,0.067,0.04,baseline,50
1/23/2025 15:12,-11.986,0.033,0.101,0.024,0.071,0.044,-12.028,0.049,0.118,0.035,0.068,0.042,baseline,50
1/23/2025 15:13,-11.986,0.033,0.106,0.023,0.071,0.047,-12.028,0.042,0.127,0.03,0.066,0.043,baseline,50
1/23/2025 15:13,-11.986,0.039,0.116,0.027,0.069,0.049,-12.028,0.048,0.102,0.034,0.068,0.041,baseline,50
1/23/2025 15:13,-11.985,0.037,0.103,0.026,0.069,0.046,-12.028,0.043,0.121,0.031,0.069,0.042,baseline,50
1/23/2025 15:13,-11.986,0.037,0.102,0.027,0.071,0.046,-12.028,0.049,0.099,0.035,0.067,0.043,baseline,50
1/23/2025 15:13,-11.986,0.033,0.115,0.024,0.069,0.048,-12.028,0.044,0.116,0.031,0.069,0.042,baseline,50
1/23/2025 15:13,-11.986,0.034,0.102,0.024,0.072,0.047,-12.028,0.042,0.103,0.03,0.067,0.041,baseline,50
1/23/2025 15:13,-11.986,0.039,0.112,0.028,0.069,0.047,-12.028,0.047,0.101,0.033,0.069,0.04,baseline,50
1/23/2025 15:13,-11.986,0.033,0.108,0.023,0.069,0.048,-12.028,0.042,0.117,0.03,0.071,0.045,baseline,50
1/23/2025 15:13,-11.986,0.036,0.115,0.026,0.071,0.048,-12.028,0.042,0.1,0.029,0.069,0.041,baseline,50
1/23/2025 15:13,-11.986,0.033,0.103,0.024,0.069,0.044,-12.028,0.049,0.114,0.035,0.069,0.043,baseline,50
1/23/2025 15:13,-11.986,0.038,0.115,0.027,0.072,0.046,-12.028,0.049,0.104,0.034,0.071,0.043,baseline,50
1/23/2025 15:14,-11.986,0.037,0.105,0.026,0.073,0.047,-12.028,0.042,0.099,0.03,0.069,0.04,baseline,50
1/23/2025 15:14,-11.986,0.033,0.106,0.023,0.071,0.047,-12.028,0.049,0.125,0.035,0.07,0.042,baseline,50
1/23/2025 15:14,-11.986,0.037,0.111,0.026,0.072,0.046,-12.028,0.049,0.098,0.034,0.07,0.04,baseline,50
1/23/2025 15:14,-11.986,0.033,0.107,0.023,0.069,0.048,-12.028,0.043,0.121,0.03,0.068,0.042,baseline,50
1/23/2025 15:14,-11.986,0.033,0.114,0.024,0.072,0.046,-12.028,0.049,0.1,0.034,0.068,0.039,baseline,50
1/23/2025 15:14,-11.986,0.037,0.105,0.026,0.071,0.045,-12.028,0.051,0.119,0.036,0.07,0.04,baseline,50
1/23/2025 15:14,-11.986,0.037,0.104,0.026,0.07,0.045,-12.028,0.043,0.105,0.03,0.07,0.042,baseline,50
1/23/2025 15:14,-11.986,0.033,0.106,0.023,0.072,0.051,-12.028,0.048,0.126,0.034,0.068,0.042,baseline,50
1/23/2025 15:14,-11.986,0.033,0.113,0.024,0.071,0.048,-12.028,0.043,0.101,0.03,0.068,0.039,baseline,50
1/23/2025 15:14,-11.986,0.038,0.114,0.027,0.073,0.045,-12.028,0.043,0.123,0.03,0.072,0.041,baseline,50
1/23/2025 15:15,-11.986,0.033,0.107,0.023,0.072,0.047,-12.028,0.05,0.102,0.035,0.069,0.04,baseline,50
1/23/2025 15:15,-11.986,0.038,0.114,0.027,0.074,0.044,-12.028,0.048,0.123,0.034,0.067,0.042,baseline,50
1/23/2025 15:15,-11.986,0.034,0.106,0.024,0.072,0.047,-12.028,0.043,0.11,0.031,0.067,0.039,baseline,50
1/23/2025 15:15,-11.986,0.034,0.117,0.024,0.074,0.044,-12.028,0.047,0.129,0.033,0.072,0.041,baseline,50
1/23/2025 15:15,-11.986,0.038,0.102,0.027,0.074,0.043,-12.028,0.047,0.126,0.033,0.07,0.041,baseline,50
1/23/2025 15:15,-11.986,0.034,0.106,0.024,0.072,0.046,-12.028,0.043,0.118,0.03,0.068,0.04,baseline,50
1/23/2025 15:15,-11.986,0.038,0.12,0.027,0.073,0.044,-12.028,0.042,0.103,0.03,0.07,0.042,baseline,50
1/23/2025 15:15,-11.986,0.033,0.114,0.023,0.075,0.047,-12.028,0.048,0.118,0.034,0.068,0.04,baseline,50
1/23/2025 15:15,-11.986,0.039,0.105,0.028,0.073,0.046,-12.028,0.047,0.108,0.033,0.069,0.04,baseline,50
1/23/2025 15:15,-11.986,0.034,0.106,0.024,0.07,0.044,-12.028,0.043,0.127,0.031,0.066,0.042,baseline,50
1/23/2025 15:15,-11.986,0.037,0.106,0.026,0.073,0.043,-12.028,0.049,0.105,0.035,0.066,0.042,baseline,50
1/23/2025 15:15,-11.986,0.033,0.119,0.024,0.071,0.045,-12.028,0.043,0.125,0.03,0.068,0.042,baseline,50
1/23/2025 15:16,-11.986,0.036,0.119,0.026,0.072,0.044,-12.028,0.048,0.104,0.034,0.067,0.04,baseline,50
1/23/2025 15:16,-11.986,0.034,0.108,0.024,0.073,0.046,-12.028,0.049,0.103,0.035,0.069,0.042,baseline,50
1/23/2025 15:16,-11.986,0.038,0.121,0.027,0.072,0.043,-12.028,0.044,0.122,0.031,0.067,0.04,baseline,50
1/23/2025 15:16,-11.986,0.036,0.108,0.026,0.074,0.045,-12.028,0.045,0.124,0.032,0.067,0.042,baseline,50
1/23/2025 15:16,-11.986,0.033,0.104,0.023,0.073,0.044,-12.028,0.049,0.107,0.035,0.065,0.042,baseline,50
1/23/2025 15:16,-11.986,0.037,0.103,0.026,0.071,0.046,-12.028,0.045,0.103,0.031,0.066,0.04,baseline,50
1/23/2025 15:16,-11.986,0.033,0.107,0.023,0.07,0.044,-12.028,0.049,0.123,0.035,0.068,0.042,baseline,50
1/23/2025 15:16,-11.986,0.038,0.116,0.027,0.075,0.046,-12.028,0.044,0.105,0.031,0.065,0.04,baseline,50
1/23/2025 15:16,-11.986,0.033,0.113,0.023,0.074,0.044,-12.028,0.044,0.115,0.031,0.067,0.04,baseline,50
1/23/2025 15:16,-11.986,0.033,0.103,0.023,0.071,0.046,-12.028,0.048,0.1,0.034,0.068,0.042,baseline,50
1/23/2025 15:16,-11.986,0.038,0.115,0.027,0.073,0.047,-12.028,0.044,0.112,0.031,0.066,0.042,baseline,50
1/23/2025 15:17,-11.986,0.038,0.104,0.027,0.071,0.047,-12.028,0.048,0.103,0.034,0.069,0.038,baseline,50
1/23/2025 15:17,-11.986,0.034,0.102,0.024,0.072,0.043,-12.028,0.043,0.113,0.031,0.066,0.042,baseline,50
1/23/2025 15:17,-11.986,0.034,0.12,0.024,0.07,0.046,-12.028,0.047,0.116,0.033,0.068,0.039,baseline,50
1/23/2025 15:17,-11.986,0.038,0.103,0.027,0.069,0.043,-12.028,0.043,0.102,0.03,0.069,0.04,baseline,50
1/23/2025 15:17,-11.986,0.037,0.117,0.026,0.072,0.046,-12.028,0.048,0.105,0.034,0.067,0.041,baseline,50
1/23/2025 15:17,-11.986,0.033,0.107,0.024,0.07,0.046,-12.028,0.043,0.119,0.031,0.068,0.04,baseline,50
1/23/2025 15:17,-11.986,0.037,0.114,0.026,0.071,0.044,-12.028,0.048,0.108,0.034,0.069,0.042,baseline,50
1/23/2025 15:17,-11.986,0.036,0.103,0.026,0.073,0.046,-12.028,0.045,0.126,0.032,0.067,0.044,baseline,50
1/23/2025 15:17,-11.986,0.033,0.112,0.024,0.072,0.044,-12.028,0.05,0.105,0.035,0.069,0.041,baseline,50
1/23/2025 15:17,-11.986,0.037,0.098,0.026,0.068,0.045,-12.028,0.044,0.105,0.031,0.067,0.041,baseline,50
1/23/2025 15:17,-11.986,0.033,0.116,0.023,0.068,0.047,-12.028,0.047,0.119,0.033,0.069,0.043,baseline,50
1/23/2025 15:18,-11.986,0.038,0.106,0.027,0.071,0.046,-12.028,0.043,0.103,0.031,0.067,0.038,baseline,50
1/23/2025 15:18,-11.986,0.038,0.113,0.027,0.068,0.042,-12.028,0.053,0.117,0.037,0.068,0.039,baseline,50
1/23/2025 15:18,-11.986,0.034,0.103,0.024,0.07,0.045,-12.028,0.042,0.113,0.03,0.066,0.041,baseline,50
1/23/2025 15:18,-11.986,0.038,0.116,0.027,0.069,0.046,-12.028,0.044,0.102,0.031,0.067,0.042,baseline,50
1/23/2025 15:18,-11.986,0.033,0.113,0.023,0.072,0.042,-12.028,0.05,0.104,0.035,0.069,0.039,baseline,50
1/23/2025 15:18,-11.986,0.037,0.105,0.026,0.07,0.044,-12.028,0.043,0.118,0.03,0.068,0.042,baseline,50
1/23/2025 15:18,-11.986,0.034,0.117,0.024,0.073,0.046,-12.028,0.051,0.103,0.036,0.065,0.043,baseline,50
1/23/2025 15:18,-11.986,0.037,0.11,0.026,0.071,0.044,-12.028,0.049,0.116,0.035,0.069,0.039,baseline,50
1/23/2025 15:18,-11.986,0.037,0.118,0.026,0.073,0.047,-12.028,0.043,0.106,0.03,0.065,0.041,baseline,50
1/23/2025 15:18,-11.986,0.034,0.111,0.024,0.071,0.048,-12.028,0.044,0.116,0.031,0.066,0.042,baseline,50
1/23/2025 15:19,-11.986,0.039,0.114,0.028,0.07,0.045,-12.028,0.048,0.104,0.034,0.068,0.038,baseline,50
1/23/2025 15:19,-11.986,0.032,0.107,0.023,0.072,0.047,-12.028,0.042,0.12,0.03,0.066,0.038,baseline,50
1/23/2025 15:19,-11.986,0.037,0.111,0.026,0.07,0.046,-12.028,0.051,0.109,0.036,0.068,0.041,baseline,50
1/23/2025 15:19,-11.986,0.034,0.105,0.024,0.072,0.047,-12.028,0.045,0.121,0.032,0.07,0.04,baseline,50
1/23/2025 15:19,-11.986,0.038,0.112,0.027,0.072,0.043,-12.028,0.043,0.121,0.03,0.068,0.04,baseline,50
1/23/2025 15:19,-11.986,0.033,0.105,0.023,0.069,0.044,-12.028,0.051,0.107,0.036,0.068,0.041,baseline,50
1/23/2025 15:19,-11.986,0.039,0.113,0.027,0.071,0.046,-12.028,0.047,0.105,0.034,0.07,0.04,baseline,50
1/23/2025 15:19,-11.986,0.034,0.102,0.024,0.069,0.046,-12.028,0.043,0.126,0.03,0.069,0.042,baseline,50
1/23/2025 15:19,-11.986,0.037,0.101,0.026,0.07,0.044,-12.028,0.044,0.131,0.031,0.067,0.039,baseline,50
1/23/2025 15:19,-11.986,0.033,0.112,0.023,0.072,0.046,-12.028,0.048,0.104,0.034,0.066,0.041,baseline,50
1/23/2025 15:19,-11.986,0.033,0.103,0.023,0.071,0.048,-12.028,0.055,0.128,0.039,0.068,0.042,baseline,50
1/23/2025 15:19,-11.986,0.04,0.114,0.028,0.068,0.043,-12.028,0.043,0.108,0.03,0.066,0.041,baseline,50
1/23/2025 15:20,-11.986,0.034,0.104,0.024,0.071,0.046,-12.028,0.044,0.147,0.031,0.072,0.043,baseline,50
1/23/2025 15:20,-11.986,0.038,0.116,0.027,0.072,0.046,-12.028,0.049,0.121,0.035,0.066,0.038,baseline,50
1/23/2025 15:20,-11.986,0.034,0.106,0.024,0.068,0.042,-12.028,0.047,0.107,0.033,0.066,0.042,baseline,50
1/23/2025 15:20,-11.986,0.037,0.115,0.026,0.071,0.042,-12.028,0.043,0.102,0.03,0.069,0.04,baseline,50
1/23/2025 15:20,-11.986,0.034,0.105,0.024,0.07,0.044,-12.028,0.049,0.145,0.035,0.067,0.039,baseline,50
1/23/2025 15:20,-11.986,0.037,0.117,0.026,0.073,0.045,-12.028,0.043,0.133,0.03,0.064,0.042,baseline,50
1/23/2025 15:20,-11.986,0.034,0.108,0.024,0.073,0.043,-12.028,0.048,0.105,0.034,0.064,0.042,baseline,50
1/23/2025 15:20,-11.986,0.038,0.12,0.027,0.071,0.045,-12.028,0.043,0.107,0.031,0.067,0.043,baseline,50
1/23/2025 15:20,-11.986,0.033,0.107,0.024,0.073,0.044,-12.028,0.049,0.116,0.035,0.066,0.042,baseline,50
1/23/2025 15:20,-11.986,0.038,0.118,0.027,0.071,0.047,-12.028,0.042,0.099,0.03,0.066,0.04,baseline,50
1/23/2025 15:20,-11.986,0.033,0.11,0.024,0.073,0.044,-12.028,0.051,0.141,0.036,0.068,0.04,baseline,50
1/23/2025 15:20,-11.986,0.038,0.108,0.027,0.069,0.045,-12.028,0.044,0.104,0.031,0.066,0.042,baseline,50
1/23/2025 15:20,-11.986,0.034,0.116,0.024,0.072,0.047,-12.028,0.051,0.134,0.036,0.069,0.042,baseline,50
1/23/2025 15:21,-11.986,0.037,0.104,0.026,0.071,0.045,-12.028,0.044,0.106,0.031,0.066,0.04,baseline,50
1/23/2025 15:21,-11.986,0.033,0.111,0.023,0.069,0.047,-12.028,0.042,0.123,0.03,0.067,0.041,baseline,50
1/23/2025 15:21,-11.986,0.036,0.104,0.026,0.072,0.04,-12.028,0.048,0.103,0.034,0.07,0.039,baseline,50
1/23/2025 15:21,-11.986,0.032,0.104,0.022,0.07,0.047,-12.028,0.049,0.102,0.035,0.07,0.043,baseline,50
1/23/2025 15:21,-11.986,0.037,0.124,0.026,0.075,0.044,-12.028,0.042,0.136,0.03,0.068,0.041,baseline,50
1/23/2025 15:21,-11.986,0.033,0.114,0.023,0.069,0.044,-12.028,0.048,0.108,0.034,0.069,0.04,baseline,50
1/23/2025 15:21,-11.986,0.038,0.104,0.027,0.069,0.046,-12.028,0.041,0.114,0.029,0.065,0.038,baseline,50
1/23/2025 15:21,-11.986,0.033,0.106,0.024,0.071,0.047,-12.028,0.052,0.106,0.036,0.066,0.04,baseline,50
1/23/2025 15:21,-11.986,0.04,0.117,0.028,0.067,0.046,-12.028,0.051,0.13,0.036,0.067,0.038,baseline,50
1/23/2025 15:21,-11.986,0.033,0.106,0.023,0.068,0.043,-12.028,0.041,0.103,0.029,0.069,0.04,baseline,50
1/23/2025 15:21,-11.986,0.033,0.115,0.023,0.071,0.044,-12.028,0.043,0.118,0.03,0.068,0.039,baseline,50
1/23/2025 15:21,-11.986,0.037,0.104,0.026,0.069,0.046,-12.028,0.05,0.102,0.035,0.069,0.04,baseline,50
1/23/2025 15:22,-11.986,0.037,0.116,0.026,0.069,0.046,-12.028,0.049,0.113,0.034,0.066,0.038,baseline,50
1/23/2025 15:22,-11.986,0.032,0.114,0.023,0.071,0.044,-12.028,0.044,0.103,0.031,0.068,0.04,baseline,50
1/23/2025 15:22,-11.986,0.033,0.101,0.023,0.069,0.043,-12.028,0.043,0.116,0.031,0.067,0.039,baseline,50
1/23/2025 15:22,-11.986,0.038,0.115,0.027,0.07,0.045,-12.028,0.05,0.099,0.035,0.068,0.041,baseline,50
1/23/2025 15:22,-11.986,0.033,0.105,0.023,0.073,0.044,-12.028,0.043,0.103,0.03,0.067,0.039,baseline,50
1/23/2025 15:22,-11.986,0.038,0.111,0.027,0.07,0.047,-12.028,0.049,0.137,0.035,0.069,0.038,baseline,50
1/23/2025 15:22,-11.986,0.037,0.105,0.027,0.073,0.045,-12.028,0.051,0.108,0.036,0.067,0.04,baseline,50
1/23/2025 15:22,-11.986,0.033,0.114,0.023,0.073,0.044,-12.028,0.043,0.136,0.03,0.065,0.041,baseline,50
1/23/2025 15:22,-11.986,0.037,0.099,0.026,0.071,0.041,-12.028,0.049,0.127,0.034,0.069,0.04,baseline,50
1/23/2025 15:22,-11.986,0.033,0.111,0.023,0.073,0.041,-12.028,0.044,0.108,0.031,0.067,0.039,baseline,50
1/23/2025 15:22,-11.986,0.038,0.117,0.027,0.068,0.044,-12.028,0.05,0.103,0.035,0.068,0.041,baseline,50
1/23/2025 15:22,-11.986,0.034,0.105,0.024,0.072,0.044,-12.028,0.042,0.121,0.03,0.067,0.043,baseline,50
1/23/2025 15:23,-11.986,0.038,0.119,0.027,0.07,0.042,-12.028,0.053,0.116,0.038,0.064,0.04,baseline,50
1/23/2025 15:23,-11.986,0.037,0.106,0.026,0.07,0.043,-12.028,0.045,0.106,0.031,0.066,0.041,baseline,50
1/23/2025 15:23,-11.986,0.034,0.115,0.024,0.073,0.042,-12.028,0.048,0.107,0.034,0.064,0.039,baseline,50
1/23/2025 15:23,-11.986,0.033,0.106,0.024,0.072,0.043,-12.028,0.042,0.134,0.029,0.066,0.039,baseline,50
1/23/2025 15:23,-11.986,0.038,0.108,0.027,0.072,0.042,-12.028,0.05,0.128,0.036,0.064,0.041,baseline,50
1/23/2025 15:23,-11.986,0.038,0.117,0.027,0.069,0.044,-12.028,0.044,0.104,0.031,0.065,0.04,baseline,50
1/23/2025 15:23,-11.986,0.034,0.118,0.024,0.069,0.042,-12.028,0.048,0.121,0.034,0.067,0.042,baseline,50
1/23/2025 15:23,-11.985,0.039,0.106,0.028,0.071,0.042,-12.028,0.05,0.101,0.036,0.067,0.04,baseline,50
1/23/2025 15:23,-11.986,0.034,0.106,0.024,0.072,0.044,-12.028,0.044,0.126,0.031,0.065,0.042,baseline,50
1/23/2025 15:23,-11.985,0.041,0.114,0.029,0.07,0.045,-12.028,0.047,0.097,0.033,0.064,0.042,baseline,50
1/23/2025 15:23,-11.986,0.034,0.104,0.024,0.071,0.044,-12.028,0.042,0.118,0.03,0.067,0.038,baseline,50
1/23/2025 15:23,-11.986,0.037,0.115,0.026,0.069,0.042,-12.028,0.048,0.104,0.034,0.064,0.038,baseline,50
1/23/2025 15:24,-11.986,0.033,0.115,0.023,0.072,0.045,-12.028,0.044,0.13,0.031,0.066,0.042,baseline,50
1/23/2025 15:24,-11.986,0.033,0.105,0.023,0.071,0.048,-12.028,0.051,0.121,0.036,0.068,0.041,baseline,50
1/23/2025 15:24,-11.986,0.038,0.105,0.027,0.069,0.044,-12.028,0.041,0.106,0.029,0.066,0.04,baseline,50
1/23/2025 15:24,-11.985,0.039,0.112,0.027,0.07,0.045,-12.028,0.043,0.111,0.031,0.067,0.043,baseline,50
1/23/2025 15:24,-11.986,0.035,0.106,0.024,0.066,0.042,-12.028,0.048,0.121,0.034,0.065,0.041,baseline,50
1/23/2025 15:24,-11.986,0.034,0.12,0.024,0.069,0.042,-12.028,0.043,0.121,0.03,0.069,0.042,baseline,50
1/23/2025 15:24,-11.986,0.037,0.115,0.026,0.069,0.045,-12.028,0.045,0.105,0.032,0.066,0.039,baseline,50
1/23/2025 15:24,-11.986,0.033,0.1,0.024,0.068,0.043,-12.028,0.049,0.14,0.034,0.065,0.038,baseline,50
1/23/2025 15:24,-11.986,0.038,0.118,0.027,0.067,0.046,-12.028,0.043,0.111,0.031,0.065,0.042,baseline,50
1/23/2025 15:24,-11.986,0.039,0.104,0.027,0.069,0.045,-12.028,0.048,0.122,0.034,0.066,0.042,baseline,50
1/23/2025 15:24,-11.986,0.032,0.122,0.023,0.069,0.045,-12.028,0.048,0.103,0.034,0.067,0.04,baseline,50
1/23/2025 15:25,-11.986,0.037,0.11,0.026,0.067,0.046,-12.028,0.042,0.12,0.03,0.066,0.041,baseline,50
1/23/2025 15:25,-11.986,0.033,0.107,0.023,0.07,0.042,-12.028,0.044,0.137,0.031,0.068,0.043,baseline,50
1/23/2025 15:25,-11.986,0.038,0.112,0.027,0.068,0.042,-12.028,0.048,0.11,0.034,0.067,0.043,baseline,50
1/23/2025 15:25,-11.986,0.034,0.104,0.024,0.067,0.046,-12.028,0.044,0.106,0.031,0.07,0.039,baseline,50
1/23/2025 15:25,-11.986,0.033,0.124,0.023,0.07,0.046,-12.028,0.053,0.121,0.037,0.064,0.039,baseline,50
1/23/2025 15:25,-11.986,0.037,0.119,0.026,0.071,0.043,-12.028,0.044,0.1,0.031,0.065,0.041,baseline,50
1/23/2025 15:25,-11.986,0.033,0.101,0.024,0.069,0.047,-12.028,0.042,0.119,0.03,0.068,0.038,baseline,50
1/23/2025 15:25,-11.986,0.033,0.113,0.023,0.068,0.045,-12.028,0.048,0.103,0.034,0.068,0.042,baseline,50
1/23/2025 15:25,-11.986,0.037,0.107,0.026,0.071,0.046,-12.028,0.049,0.124,0.034,0.066,0.039,baseline,50
1/23/2025 15:25,-11.986,0.034,0.119,0.024,0.072,0.043,-12.028,0.043,0.101,0.031,0.069,0.042,baseline,50
1/23/2025 15:25,-11.986,0.039,0.112,0.028,0.069,0.042,-12.028,0.044,0.116,0.031,0.068,0.038,baseline,50
1/23/2025 15:25,-11.985,0.035,0.123,0.024,0.07,0.045,-12.028,0.049,0.12,0.035,0.069,0.041,baseline,50
1/23/2025 15:26,-11.986,0.039,0.115,0.028,0.068,0.046,-12.028,0.042,0.102,0.029,0.065,0.039,baseline,50
1/23/2025 15:26,-11.986,0.034,0.101,0.024,0.067,0.044,-12.028,0.05,0.138,0.035,0.065,0.039,baseline,50
1/23/2025 15:26,-11.986,0.04,0.122,0.028,0.07,0.047,-12.028,0.045,0.103,0.032,0.068,0.041,baseline,50
1/23/2025 15:26,-11.986,0.033,0.106,0.023,0.069,0.044,-12.028,0.042,0.121,0.029,0.069,0.039,baseline,50
1/23/2025 15:26,-11.986,0.037,0.121,0.026,0.072,0.048,-12.028,0.046,0.1,0.033,0.067,0.039,baseline,50
1/23/2025 15:26,-11.986,0.036,0.115,0.026,0.07,0.048,-12.028,0.049,0.13,0.035,0.069,0.041,baseline,50
1/23/2025 15:26,-11.986,0.033,0.105,0.023,0.071,0.042,-12.028,0.042,0.137,0.03,0.07,0.04,baseline,50
1/23/2025 15:26,-11.986,0.037,0.117,0.026,0.074,0.045,-12.028,0.047,0.118,0.033,0.071,0.041,baseline,50
1/23/2025 15:26,-11.986,0.033,0.105,0.024,0.068,0.042,-12.028,0.048,0.107,0.034,0.066,0.041,baseline,50
1/23/2025 15:26,-11.986,0.037,0.107,0.026,0.071,0.046,-12.028,0.042,0.108,0.03,0.069,0.039,baseline,50
1/23/2025 15:26,-11.986,0.033,0.122,0.023,0.067,0.043,-12.028,0.049,0.118,0.035,0.065,0.042,baseline,50
1/23/2025 15:26,-11.986,0.038,0.109,0.027,0.068,0.045,-12.028,0.055,0.143,0.039,0.068,0.04,baseline,50
1/23/2025 15:26,-11.986,0.037,0.115,0.026,0.071,0.041,-12.028,0.042,0.105,0.03,0.068,0.041,baseline,50
1/23/2025 15:27,-11.986,0.034,0.106,0.024,0.073,0.045,-12.028,0.048,0.127,0.034,0.064,0.042,baseline,50
1/23/2025 15:27,-11.986,0.037,0.115,0.027,0.071,0.042,-12.028,0.042,0.107,0.03,0.067,0.04,baseline,50
1/23/2025 15:27,-11.986,0.033,0.103,0.023,0.068,0.042,-12.028,0.042,0.13,0.029,0.065,0.041,baseline,50
1/23/2025 15:27,-11.986,0.038,0.105,0.027,0.068,0.045,-12.028,0.048,0.135,0.034,0.064,0.04,baseline,50
1/23/2025 15:27,-11.986,0.04,0.117,0.029,0.071,0.043,-12.028,0.043,0.103,0.03,0.067,0.041,baseline,50
1/23/2025 15:27,-11.986,0.033,0.118,0.023,0.07,0.043,-12.028,0.043,0.1,0.03,0.065,0.042,baseline,50
1/23/2025 15:27,-11.986,0.036,0.106,0.026,0.072,0.045,-12.028,0.048,0.12,0.034,0.065,0.04,baseline,50
1/23/2025 15:27,-11.986,0.033,0.119,0.023,0.073,0.043,-12.028,0.049,0.115,0.035,0.067,0.041,baseline,50
1/23/2025 15:27,-11.986,0.033,0.12,0.023,0.071,0.046,-12.028,0.043,0.104,0.031,0.066,0.04,baseline,50
1/23/2025 15:27,-11.986,0.037,0.112,0.026,0.071,0.043,-12.028,0.047,0.115,0.033,0.069,0.04,baseline,50
1/23/2025 15:27,-11.986,0.033,0.108,0.024,0.074,0.044,-12.028,0.049,0.102,0.035,0.066,0.042,baseline,50
1/23/2025 15:28,-11.986,0.034,0.118,0.024,0.07,0.046,-12.028,0.042,0.098,0.03,0.068,0.043,baseline,50
1/23/2025 15:28,-11.986,0.039,0.114,0.027,0.072,0.045,-12.028,0.053,0.101,0.038,0.066,0.041,baseline,50
1/23/2025 15:28,-11.986,0.034,0.106,0.024,0.068,0.044,-12.028,0.041,0.131,0.029,0.068,0.042,baseline,50
1/23/2025 15:28,-11.986,0.034,0.109,0.024,0.068,0.047,-12.028,0.048,0.14,0.034,0.067,0.04,baseline,50
1/23/2025 15:28,-11.986,0.037,0.117,0.026,0.072,0.044,-12.028,0.048,0.101,0.034,0.069,0.04,baseline,50
1/23/2025 15:28,-11.986,0.037,0.103,0.026,0.072,0.043,-12.028,0.043,0.113,0.031,0.067,0.042,baseline,50
1/23/2025 15:28,-11.986,0.032,0.103,0.023,0.067,0.045,-12.028,0.042,0.102,0.03,0.066,0.042,baseline,50
1/23/2025 15:28,-11.986,0.032,0.116,0.023,0.07,0.045,-12.028,0.048,0.117,0.034,0.066,0.038,baseline,50
1/23/2025 15:28,-11.986,0.038,0.107,0.027,0.068,0.046,-12.028,0.043,0.102,0.03,0.068,0.039,baseline,50
1/23/2025 15:28,-11.986,0.033,0.121,0.023,0.071,0.043,-12.028,0.049,0.1,0.034,0.066,0.04,baseline,50
1/23/2025 15:28,-11.986,0.037,0.117,0.026,0.068,0.045,-12.028,0.043,0.101,0.031,0.068,0.041,baseline,50
1/23/2025 15:28,-11.986,0.033,0.109,0.023,0.068,0.044,-12.028,0.042,0.121,0.03,0.066,0.04,baseline,50
1/23/2025 15:29,-11.986,0.037,0.116,0.026,0.07,0.044,-12.028,0.049,0.135,0.034,0.067,0.041,baseline,50
1/23/2025 15:29,-11.985,0.033,0.101,0.023,0.069,0.046,-12.028,0.049,0.105,0.035,0.068,0.04,baseline,50
1/23/2025 15:29,-11.986,0.038,0.113,0.027,0.072,0.047,-12.028,0.043,0.105,0.031,0.069,0.043,baseline,50
1/23/2025 15:29,-11.986,0.038,0.101,0.027,0.072,0.045,-12.028,0.049,0.123,0.035,0.068,0.043,baseline,50
1/23/2025 15:29,-11.986,0.034,0.122,0.024,0.069,0.046,-12.028,0.042,0.1,0.03,0.069,0.04,baseline,50
1/23/2025 15:29,-11.986,0.033,0.115,0.023,0.071,0.044,-12.028,0.044,0.103,0.031,0.066,0.041,baseline,50
1/23/2025 15:29,-11.986,0.038,0.103,0.027,0.071,0.046,-12.028,0.047,0.12,0.033,0.066,0.039,baseline,50
1/23/2025 15:29,-11.986,0.037,0.097,0.026,0.069,0.046,-12.028,0.049,0.096,0.034,0.069,0.04,baseline,50
1/23/2025 15:29,-11.986,0.033,0.111,0.023,0.073,0.042,-12.028,0.043,0.116,0.03,0.07,0.039,baseline,50
1/23/2025 15:29,-11.986,0.038,0.098,0.027,0.071,0.044,-12.028,0.05,0.112,0.035,0.065,0.038,baseline,50
1/23/2025 15:29,-11.986,0.038,0.113,0.027,0.068,0.042,-12.028,0.044,0.098,0.031,0.066,0.041,baseline,50
1/23/2025 15:29,-11.986,0.033,0.101,0.024,0.069,0.045,-12.028,0.044,0.103,0.031,0.065,0.04,baseline,50
1/23/2025 15:30,-11.986,0.034,0.111,0.024,0.072,0.044,-12.028,0.048,0.118,0.034,0.066,0.043,baseline,50
1/23/2025 15:30,-11.986,0.037,0.104,0.026,0.068,0.045,-12.028,0.049,0.099,0.035,0.068,0.041,baseline,50
1/23/2025 15:30,-11.986,0.033,0.117,0.023,0.071,0.046,-12.028,0.044,0.126,0.031,0.066,0.042,baseline,50
1/23/2025 15:30,-11.986,0.038,0.106,0.027,0.069,0.044,-12.028,0.043,0.107,0.031,0.068,0.044,baseline,50
1/23/2025 15:30,-11.986,0.038,0.119,0.027,0.072,0.045,-12.028,0.048,0.126,0.034,0.069,0.04,baseline,50
1/23/2025 15:30,-11.986,0.034,0.107,0.024,0.073,0.047,-12.028,0.042,0.107,0.029,0.067,0.039,baseline,50
1/23/2025 15:30,-11.986,0.035,0.104,0.024,0.072,0.048,-12.028,0.043,0.118,0.03,0.069,0.044,baseline,50
1/23/2025 15:30,-11.986,0.04,0.114,0.029,0.069,0.044,-12.028,0.048,0.105,0.034,0.069,0.041,baseline,50
1/23/2025 15:30,-11.986,0.039,0.102,0.028,0.069,0.045,-12.028,0.042,0.13,0.03,0.066,0.044,baseline,50
1/23/2025 15:30,-11.985,0.034,0.115,0.024,0.072,0.042,-12.028,0.045,0.102,0.032,0.067,0.04,baseline,50
1/23/2025 15:30,-11.986,0.038,0.1,0.027,0.072,0.044,-12.028,0.048,0.106,0.034,0.065,0.044,baseline,50
1/23/2025 15:30,-11.986,0.034,0.115,0.024,0.069,0.042,-12.028,0.043,0.129,0.03,0.066,0.039,baseline,50
1/23/2025 15:31,-11.986,0.037,0.103,0.026,0.07,0.042,-12.028,0.051,0.128,0.036,0.064,0.039,baseline,50
1/23/2025 15:31,-11.986,0.033,0.113,0.024,0.068,0.046,-12.028,0.05,0.107,0.035,0.064,0.047,baseline,50
1/23/2025 15:31,-11.986,0.034,0.103,0.024,0.071,0.044,-12.028,0.044,0.104,0.031,0.067,0.041,baseline,50
1/23/2025 15:31,-11.986,0.038,0.111,0.027,0.069,0.047,-12.028,0.043,0.127,0.03,0.067,0.041,baseline,50
1/23/2025 15:31,-11.986,0.033,0.104,0.024,0.07,0.046,-12.028,0.051,0.122,0.036,0.068,0.041,baseline,50
1/23/2025 15:31,-11.986,0.037,0.116,0.026,0.072,0.046,-12.028,0.048,0.102,0.034,0.069,0.043,baseline,50
1/23/2025 15:31,-11.986,0.034,0.114,0.024,0.069,0.048,-12.028,0.043,0.108,0.03,0.068,0.044,baseline,50
1/23/2025 15:31,-11.986,0.034,0.107,0.024,0.071,0.044,-12.028,0.052,0.122,0.037,0.068,0.041,baseline,50
1/23/2025 15:31,-11.986,0.038,0.114,0.027,0.073,0.043,-12.028,0.042,0.131,0.03,0.07,0.043,baseline,50
1/23/2025 15:31,-11.986,0.038,0.106,0.027,0.073,0.048,-12.028,0.047,0.112,0.033,0.066,0.04,baseline,50
1/23/2025 15:31,-11.986,0.034,0.118,0.024,0.069,0.047,-12.028,0.044,0.12,0.031,0.067,0.042,baseline,50
1/23/2025 15:32,-11.986,0.039,0.108,0.028,0.071,0.045,-12.028,0.049,0.1,0.035,0.07,0.041,baseline,50
1/23/2025 15:32,-11.986,0.038,0.103,0.027,0.068,0.048,-12.028,0.047,0.114,0.033,0.07,0.042,baseline,50
1/23/2025 15:32,-11.986,0.034,0.112,0.024,0.069,0.044,-12.028,0.045,0.117,0.031,0.067,0.041,baseline,50
1/23/2025 15:32,-11.986,0.04,0.121,0.028,0.067,0.048,-12.028,0.042,0.104,0.03,0.071,0.043,baseline,50
1/23/2025 15:32,-11.986,0.035,0.11,0.024,0.068,0.043,-12.028,0.05,0.118,0.035,0.069,0.042,baseline,50
1/23/2025 15:32,-11.985,0.034,0.12,0.024,0.07,0.044,-12.028,0.05,0.105,0.036,0.066,0.042,baseline,50
1/23/2025 15:32,-11.986,0.034,0.127,0.024,0.071,0.053,-12.028,0.044,0.105,0.031,0.071,0.04,baseline,50
1/23/2025 15:32,-11.986,0.038,0.113,0.027,0.072,0.049,-12.028,0.05,0.119,0.035,0.066,0.047,baseline,50
1/23/2025 15:32,-11.986,0.034,0.116,0.024,0.071,0.045,-12.028,0.043,0.101,0.03,0.072,0.042,baseline,50
1/23/2025 15:32,-11.986,0.039,0.116,0.028,0.071,0.046,-12.028,0.05,0.117,0.036,0.071,0.044,baseline,50
1/23/2025 15:32,-11.986,0.034,0.106,0.024,0.073,0.045,-12.028,0.044,0.117,0.031,0.068,0.042,baseline,50
1/23/2025 15:32,-11.986,0.039,0.108,0.027,0.07,0.048,-12.028,0.049,0.097,0.034,0.068,0.044,baseline,50
1/23/2025 15:32,-11.986,0.034,0.105,0.024,0.073,0.049,-12.028,0.043,0.129,0.03,0.071,0.042,baseline,50
1/23/2025 15:33,-11.986,0.038,0.117,0.027,0.071,0.046,-12.028,0.049,0.119,0.035,0.068,0.041,baseline,50
1/23/2025 15:33,-11.986,0.035,0.114,0.025,0.075,0.047,-12.028,0.049,0.107,0.035,0.071,0.043,baseline,50
1/23/2025 15:33,-11.986,0.033,0.106,0.023,0.071,0.044,-12.028,0.043,0.105,0.03,0.068,0.041,baseline,50
1/23/2025 15:33,-11.986,0.034,0.123,0.024,0.071,0.047,-12.028,0.044,0.104,0.031,0.069,0.041,baseline,50
1/23/2025 15:33,-11.986,0.038,0.107,0.027,0.074,0.045,-12.028,0.048,0.126,0.034,0.066,0.043,baseline,50
1/23/2025 15:33,-11.986,0.034,0.119,0.024,0.072,0.047,-12.028,0.044,0.104,0.031,0.069,0.041,baseline,50
1/23/2025 15:33,-11.986,0.038,0.106,0.027,0.069,0.045,-12.028,0.05,0.118,0.035,0.067,0.044,baseline,50
1/23/2025 15:33,-11.986,0.038,0.122,0.027,0.073,0.048,-12.028,0.044,0.102,0.031,0.069,0.043,baseline,50
1/23/2025 15:33,-11.986,0.034,0.124,0.024,0.069,0.046,-12.028,0.048,0.098,0.034,0.069,0.041,baseline,50
1/23/2025 15:33,-11.986,0.034,0.109,0.024,0.076,0.046,-12.028,0.042,0.138,0.029,0.067,0.043,baseline,50
1/23/2025 15:33,-11.986,0.037,0.116,0.026,0.075,0.044,-12.028,0.05,0.103,0.035,0.07,0.042,baseline,50
1/23/2025 15:33,-11.986,0.033,0.105,0.023,0.071,0.053,-12.028,0.042,0.122,0.03,0.068,0.045,baseline,50
1/23/2025 15:34,-11.986,0.034,0.113,0.024,0.072,0.046,-12.028,0.044,0.104,0.031,0.069,0.041,baseline,50
1/23/2025 15:34,-11.986,0.038,0.105,0.027,0.074,0.049,-12.028,0.05,0.117,0.035,0.067,0.041,baseline,50
1/23/2025 15:34,-11.986,0.032,0.103,0.023,0.071,0.047,-12.028,0.043,0.105,0.03,0.07,0.043,baseline,50
1/23/2025 15:34,-11.986,0.038,0.115,0.027,0.075,0.049,-12.028,0.051,0.104,0.036,0.076,0.04,baseline,50
1/23/2025 15:34,-11.986,0.039,0.114,0.027,0.074,0.046,-12.028,0.044,0.116,0.031,0.074,0.042,baseline,50
1/23/2025 15:34,-11.986,0.033,0.108,0.023,0.071,0.045,-12.028,0.049,0.102,0.035,0.069,0.042,baseline,50
1/23/2025 15:34,-11.986,0.033,0.105,0.023,0.069,0.048,-12.028,0.053,0.125,0.037,0.071,0.038,baseline,50
1/23/2025 15:34,-11.986,0.039,0.119,0.027,0.073,0.046,-12.028,0.044,0.124,0.031,0.068,0.041,baseline,50
1/23/2025 15:34,-11.986,0.034,0.102,0.024,0.07,0.046,-12.028,0.05,0.12,0.036,0.067,0.039,baseline,50
1/23/2025 15:34,-11.986,0.04,0.111,0.028,0.072,0.047,-12.028,0.05,0.1,0.035,0.071,0.038,baseline,50
1/23/2025 15:35,-11.986,0.035,0.118,0.025,0.071,0.047,-12.028,0.044,0.101,0.031,0.068,0.04,baseline,50
1/23/2025 15:35,-11.986,0.039,0.106,0.028,0.073,0.046,-12.028,0.045,0.111,0.032,0.068,0.041,baseline,50
1/23/2025 15:35,-11.986,0.034,0.117,0.024,0.072,0.048,-12.028,0.047,0.101,0.033,0.07,0.04,baseline,50
1/23/2025 15:35,-11.986,0.035,0.105,0.025,0.072,0.048,-12.028,0.043,0.116,0.03,0.068,0.04,baseline,50
1/23/2025 15:35,-11.986,0.04,0.118,0.029,0.071,0.045,-12.028,0.05,0.103,0.035,0.068,0.043,baseline,50
1/23/2025 15:35,-11.986,0.039,0.108,0.028,0.071,0.046,-12.028,0.051,0.116,0.036,0.071,0.043,baseline,50
1/23/2025 15:35,-11.986,0.036,0.11,0.025,0.074,0.048,-12.028,0.042,0.104,0.03,0.071,0.04,baseline,50
1/23/2025 15:35,-11.986,0.035,0.123,0.025,0.082,0.046,-12.028,0.047,0.128,0.033,0.068,0.041,baseline,50
1/23/2025 15:35,-11.986,0.038,0.12,0.027,0.078,0.05,-12.028,0.044,0.1,0.031,0.069,0.042,baseline,50
1/23/2025 15:35,-11.986,0.038,0.103,0.027,0.073,0.045,-12.028,0.043,0.125,0.03,0.068,0.041,baseline,50
1/23/2025 15:35,-11.986,0.034,0.113,0.024,0.075,0.048,-12.028,0.048,0.108,0.034,0.071,0.045,baseline,50
1/23/2025 15:36,-11.986,0.034,0.122,0.024,0.073,0.046,-12.028,0.044,0.119,0.031,0.068,0.041,baseline,50
1/23/2025 15:36,-11.986,0.04,0.106,0.028,0.071,0.044,-12.028,0.048,0.105,0.034,0.071,0.045,baseline,50
1/23/2025 15:36,-11.986,0.039,0.115,0.028,0.071,0.046,-12.028,0.049,0.124,0.035,0.066,0.04,baseline,50
1/23/2025 15:36,-11.986,0.033,0.109,0.023,0.074,0.046,-12.028,0.042,0.144,0.03,0.068,0.042,baseline,50
1/23/2025 15:36,-11.986,0.037,0.116,0.026,0.071,0.041,-12.028,0.043,0.107,0.03,0.071,0.039,baseline,50
1/23/2025 15:36,-11.986,0.034,0.107,0.024,0.074,0.046,-12.028,0.056,0.133,0.04,0.066,0.039,baseline,50
1/23/2025 15:36,-11.986,0.032,0.118,0.023,0.071,0.041,-12.028,0.043,0.137,0.03,0.069,0.041,baseline,50
1/23/2025 15:36,-11.986,0.036,0.105,0.026,0.074,0.044,-12.028,0.047,0.112,0.034,0.067,0.041,baseline,50
1/23/2025 15:36,-11.986,0.033,0.118,0.024,0.074,0.043,-12.028,0.048,0.14,0.034,0.065,0.038,baseline,50
1/23/2025 15:36,-11.986,0.037,0.123,0.026,0.071,0.044,-12.028,0.043,0.113,0.03,0.067,0.041,baseline,50
1/23/2025 15:36,-11.986,0.036,0.108,0.025,0.072,0.044,-12.028,0.043,0.103,0.03,0.065,0.038,baseline,50
1/23/2025 15:36,-11.986,0.033,0.123,0.023,0.073,0.044,-12.028,0.049,0.119,0.035,0.067,0.038,baseline,50
1/23/2025 15:37,-11.986,0.034,0.111,0.024,0.071,0.048,-12.028,0.049,0.105,0.035,0.068,0.04,baseline,50
1/23/2025 15:37,-11.986,0.039,0.122,0.028,0.075,0.048,-12.028,0.043,0.132,0.03,0.07,0.037,baseline,50
1/23/2025 15:37,-11.986,0.037,0.104,0.026,0.072,0.044,-12.028,0.044,0.142,0.031,0.068,0.042,baseline,50
1/23/2025 15:37,-11.986,0.034,0.129,0.024,0.074,0.045,-12.028,0.056,0.105,0.039,0.07,0.043,baseline,50
1/23/2025 15:37,-11.986,0.037,0.134,0.026,0.069,0.047,-12.028,0.043,0.13,0.03,0.067,0.036,baseline,50
1/23/2025 15:37,-11.986,0.034,0.112,0.024,0.072,0.045,-12.028,0.053,0.104,0.037,0.069,0.043,baseline,50
1/23/2025 15:37,-11.986,0.039,0.128,0.027,0.074,0.049,-12.028,0.042,0.114,0.03,0.068,0.037,baseline,50
1/23/2025 15:37,-11.986,0.034,0.109,0.024,0.069,0.046,-12.028,0.047,0.099,0.034,0.07,0.04,baseline,50
1/23/2025 15:37,-11.986,0.038,0.108,0.027,0.072,0.049,-12.028,0.049,0.123,0.035,0.068,0.041,baseline,50
1/23/2025 15:37,-11.986,0.033,0.116,0.024,0.07,0.043,-12.028,0.043,0.119,0.03,0.072,0.041,baseline,50
1/23/2025 15:37,-11.986,0.038,0.105,0.027,0.067,0.047,-12.028,0.048,0.1,0.034,0.066,0.04,baseline,50
1/23/2025 15:38,-11.986,0.039,0.117,0.028,0.069,0.043,-12.028,0.05,0.101,0.035,0.068,0.04,baseline,50
1/23/2025 15:38,-11.986,0.034,0.123,0.024,0.07,0.045,-12.028,0.043,0.15,0.031,0.066,0.041,baseline,50
1/23/2025 15:38,-11.986,0.033,0.102,0.024,0.072,0.043,-12.028,0.044,0.132,0.031,0.065,0.041,baseline,50
1/23/2025 15:38,-11.986,0.038,0.115,0.027,0.071,0.045,-12.028,0.052,0.104,0.037,0.067,0.039,baseline,50
1/23/2025 15:38,-11.986,0.037,0.106,0.026,0.073,0.042,-12.028,0.042,0.104,0.03,0.067,0.043,baseline,50
1/23/2025 15:38,-11.986,0.037,0.103,0.026,0.073,0.045,-12.028,0.049,0.114,0.035,0.065,0.04,baseline,50
1/23/2025 15:38,-11.986,0.032,0.112,0.023,0.071,0.042,-12.028,0.048,0.103,0.034,0.067,0.042,baseline,50
1/23/2025 15:38,-11.986,0.037,0.102,0.026,0.071,0.042,-12.028,0.042,0.123,0.03,0.064,0.041,baseline,50
1/23/2025 15:38,-11.986,0.038,0.112,0.027,0.072,0.043,-12.028,0.043,0.101,0.031,0.064,0.044,baseline,50
1/23/2025 15:38,-11.986,0.034,0.112,0.024,0.073,0.041,-12.028,0.048,0.117,0.034,0.066,0.04,baseline,50
1/23/2025 15:38,-11.986,0.034,0.103,0.024,0.072,0.046,-12.028,0.05,0.103,0.035,0.063,0.041,baseline,50
1/23/2025 15:38,-11.986,0.039,0.104,0.028,0.072,0.047,-12.028,0.041,0.137,0.029,0.067,0.039,baseline,50
1/23/2025 15:39,-11.986,0.038,0.115,0.027,0.074,0.04,-12.028,0.044,0.102,0.031,0.069,0.037,baseline,50
1/23/2025 15:39,-11.986,0.033,0.122,0.023,0.075,0.048,-12.028,0.052,0.106,0.037,0.067,0.041,baseline,50
1/23/2025 15:39,-11.986,0.038,0.108,0.027,0.069,0.041,-12.028,0.043,0.131,0.031,0.069,0.042,baseline,50
1/23/2025 15:39,-11.986,0.033,0.115,0.023,0.072,0.043,-12.028,0.049,0.102,0.035,0.066,0.04,baseline,50
1/23/2025 15:39,-11.986,0.034,0.107,0.024,0.068,0.045,-12.028,0.042,0.119,0.03,0.066,0.042,baseline,50
1/23/2025 15:39,-11.986,0.037,0.121,0.026,0.069,0.045,-12.028,0.043,0.122,0.03,0.067,0.039,baseline,50
1/23/2025 15:39,-11.986,0.037,0.114,0.026,0.07,0.044,-12.028,0.049,0.106,0.034,0.067,0.044,baseline,50
1/23/2025 15:39,-11.986,0.032,0.116,0.023,0.071,0.045,-12.028,0.049,0.128,0.035,0.066,0.043,baseline,50
1/23/2025 15:39,-11.986,0.033,0.102,0.024,0.067,0.044,-12.028,0.041,0.123,0.029,0.066,0.039,baseline,50
1/23/2025 15:39,-11.986,0.039,0.115,0.028,0.07,0.045,-12.028,0.05,0.1,0.035,0.067,0.041,baseline,50
1/23/2025 15:39,-11.986,0.034,0.115,0.024,0.066,0.042,-12.028,0.043,0.105,0.03,0.068,0.042,baseline,50
1/23/2025 15:39,-11.986,0.037,0.105,0.026,0.069,0.047,-12.028,0.049,0.121,0.035,0.065,0.041,baseline,50
1/23/2025 15:40,-11.986,0.033,0.12,0.023,0.067,0.043,-12.028,0.042,0.122,0.03,0.069,0.039,baseline,50
1/23/2025 15:40,-11.986,0.038,0.11,0.027,0.066,0.044,-12.028,0.051,0.102,0.036,0.069,0.039,baseline,50
1/23/2025 15:40,-11.986,0.033,0.12,0.024,0.072,0.047,-12.028,0.042,0.115,0.03,0.066,0.042,baseline,50
1/23/2025 15:40,-11.986,0.033,0.118,0.023,0.073,0.045,-12.028,0.05,0.106,0.036,0.067,0.04,baseline,50
1/23/2025 15:40,-11.986,0.037,0.101,0.026,0.07,0.048,-12.028,0.044,0.12,0.031,0.069,0.038,baseline,50
1/23/2025 15:40,-11.986,0.032,0.111,0.023,0.073,0.044,-12.028,0.043,0.102,0.03,0.067,0.042,baseline,50
1/23/2025 15:40,-11.986,0.037,0.106,0.026,0.069,0.046,-12.028,0.048,0.124,0.034,0.068,0.041,baseline,50
1/23/2025 15:40,-11.986,0.033,0.116,0.023,0.069,0.043,-12.028,0.043,0.104,0.03,0.065,0.039,baseline,50
1/23/2025 15:40,-11.986,0.037,0.109,0.026,0.071,0.044,-12.028,0.047,0.139,0.033,0.065,0.041,baseline,50
1/23/2025 15:40,-11.986,0.039,0.118,0.027,0.071,0.04,-12.028,0.043,0.105,0.03,0.067,0.04,baseline,50
1/23/2025 15:40,-11.986,0.034,0.121,0.024,0.069,0.046,-12.028,0.052,0.105,0.037,0.068,0.039,baseline,50
1/23/2025 15:40,-11.986,0.033,0.105,0.023,0.069,0.043,-12.028,0.044,0.121,0.031,0.066,0.041,baseline,50
1/23/2025 15:40,-11.986,0.035,0.12,0.025,0.07,0.046,-12.028,0.049,0.103,0.034,0.068,0.039,baseline,50
1/23/2025 15:41,-11.986,0.038,0.108,0.027,0.069,0.043,-12.028,0.044,0.125,0.031,0.066,0.042,baseline,50
1/23/2025 15:41,-11.986,0.033,0.109,0.023,0.071,0.05,-12.028,0.05,0.124,0.035,0.071,0.042,baseline,50
1/23/2025 15:41,-11.986,0.038,0.116,0.027,0.073,0.047,-12.028,0.043,0.11,0.031,0.072,0.04,baseline,50
1/23/2025 15:41,-11.986,0.034,0.106,0.024,0.069,0.044,-12.028,0.045,0.126,0.032,0.066,0.042,baseline,50
1/23/2025 15:41,-11.986,0.038,0.119,0.027,0.07,0.045,-12.028,0.051,0.097,0.036,0.069,0.04,baseline,50
1/23/2025 15:41,-11.986,0.033,0.108,0.023,0.072,0.046,-12.028,0.043,0.111,0.03,0.067,0.04,baseline,50
1/23/2025 15:41,-11.986,0.038,0.104,0.027,0.07,0.045,-12.028,0.049,0.101,0.035,0.067,0.042,baseline,50
1/23/2025 15:41,-11.986,0.033,0.113,0.024,0.072,0.042,-12.028,0.044,0.117,0.031,0.065,0.044,baseline,50
1/23/2025 15:41,-11.986,0.039,0.108,0.028,0.07,0.042,-12.028,0.043,0.132,0.031,0.064,0.041,baseline,50
1/23/2025 15:41,-11.986,0.039,0.122,0.028,0.072,0.047,-12.028,0.051,0.103,0.036,0.068,0.04,baseline,50
1/23/2025 15:41,-11.986,0.034,0.115,0.024,0.069,0.044,-12.028,0.049,0.099,0.034,0.065,0.045,baseline,50
1/23/2025 15:41,-11.986,0.035,0.106,0.025,0.068,0.042,-12.028,0.043,0.127,0.031,0.065,0.042,baseline,50
1/23/2025 15:41,-11.986,0.039,0.103,0.028,0.069,0.046,-12.028,0.051,0.1,0.036,0.068,0.043,baseline,50
1/23/2025 15:42,-11.986,0.038,0.116,0.027,0.072,0.042,-12.028,0.047,0.12,0.033,0.065,0.045,baseline,50
1/23/2025 15:42,-11.986,0.034,0.107,0.024,0.069,0.045,-12.028,0.041,0.126,0.029,0.067,0.044,baseline,50
1/23/2025 15:42,-11.986,0.038,0.1,0.027,0.072,0.043,-12.028,0.044,0.106,0.031,0.066,0.045,baseline,50
1/23/2025 15:42,-11.986,0.034,0.111,0.024,0.07,0.045,-12.028,0.048,0.106,0.034,0.068,0.042,baseline,50
1/23/2025 15:42,-11.986,0.039,0.103,0.028,0.074,0.044,-12.028,0.041,0.126,0.029,0.066,0.044,baseline,50
1/23/2025 15:42,-11.986,0.034,0.118,0.024,0.077,0.043,-12.028,0.049,0.102,0.035,0.065,0.041,baseline,50
1/23/2025 15:42,-11.986,0.037,0.109,0.026,0.069,0.046,-12.028,0.047,0.104,0.033,0.064,0.044,baseline,50
1/23/2025 15:42,-11.986,0.033,0.121,0.023,0.072,0.042,-12.028,0.043,0.118,0.031,0.068,0.04,baseline,50
1/23/2025 15:42,-11.986,0.038,0.107,0.027,0.07,0.047,-12.028,0.048,0.117,0.034,0.066,0.04,baseline,50
1/23/2025 15:42,-11.986,0.034,0.117,0.024,0.068,0.046,-12.028,0.042,0.103,0.03,0.064,0.041,baseline,50
1/23/2025 15:42,-11.986,0.034,0.119,0.024,0.068,0.044,-12.028,0.043,0.116,0.031,0.069,0.04,baseline,50
1/23/2025 15:43,-11.986,0.038,0.106,0.027,0.072,0.046,-12.028,0.048,0.125,0.034,0.068,0.043,baseline,50
1/23/2025 15:43,-11.986,0.038,0.103,0.027,0.07,0.044,-12.028,0.043,0.105,0.03,0.066,0.038,baseline,50
1/23/2025 15:43,-11.986,0.035,0.113,0.025,0.069,0.043,-12.028,0.048,0.108,0.034,0.069,0.043,baseline,50
1/23/2025 15:43,-11.986,0.034,0.12,0.024,0.071,0.046,-12.028,0.05,0.123,0.036,0.067,0.041,baseline,50
1/23/2025 15:43,-11.986,0.038,0.109,0.027,0.067,0.049,-12.028,0.044,0.118,0.031,0.066,0.04,baseline,50
1/23/2025 15:43,-11.986,0.038,0.106,0.027,0.07,0.045,-12.028,0.043,0.109,0.031,0.069,0.043,baseline,50
1/23/2025 15:43,-11.986,0.033,0.12,0.024,0.068,0.048,-12.028,0.05,0.131,0.035,0.071,0.039,baseline,50
1/23/2025 15:43,-11.986,0.033,0.109,0.023,0.072,0.045,-12.028,0.052,0.104,0.037,0.068,0.043,baseline,50
1/23/2025 15:43,-11.986,0.038,0.109,0.027,0.07,0.05,-12.028,0.041,0.105,0.029,0.072,0.041,baseline,50
1/23/2025 15:43,-11.986,0.037,0.119,0.026,0.068,0.047,-12.028,0.045,0.105,0.032,0.068,0.039,baseline,50
1/23/2025 15:43,-11.986,0.038,0.116,0.027,0.068,0.048,-12.028,0.043,0.119,0.03,0.071,0.041,baseline,50
1/23/2025 15:43,-11.986,0.034,0.128,0.024,0.071,0.05,-12.028,0.05,0.105,0.035,0.069,0.039,baseline,50
1/23/2025 15:44,-11.986,0.039,0.122,0.028,0.067,0.048,-12.028,0.054,0.115,0.038,0.07,0.041,baseline,50
1/23/2025 15:44,-11.986,0.033,0.115,0.023,0.072,0.049,-12.028,0.044,0.117,0.031,0.072,0.039,baseline,50
1/23/2025 15:44,-11.986,0.035,0.114,0.025,0.072,0.049,-12.028,0.043,0.106,0.03,0.07,0.041,baseline,50
1/23/2025 15:44,-11.986,0.034,0.106,0.024,0.069,0.047,-12.028,0.048,0.114,0.034,0.071,0.04,baseline,50
1/23/2025 15:44,-11.986,0.04,0.123,0.028,0.073,0.048,-12.028,0.048,0.103,0.034,0.072,0.042,baseline,50
1/23/2025 15:44,-11.986,0.04,0.13,0.028,0.07,0.045,-12.028,0.043,0.119,0.03,0.069,0.041,baseline,50
1/23/2025 15:44,-11.986,0.034,0.115,0.024,0.072,0.048,-12.028,0.053,0.102,0.037,0.071,0.044,baseline,50
1/23/2025 15:44,-11.986,0.034,0.121,0.024,0.075,0.044,-12.028,0.049,0.113,0.034,0.068,0.041,baseline,50
1/23/2025 15:44,-11.986,0.038,0.129,0.027,0.074,0.046,-12.028,0.043,0.104,0.03,0.07,0.042,baseline,50
1/23/2025 15:44,-11.986,0.034,0.129,0.024,0.071,0.044,-12.028,0.043,0.119,0.03,0.067,0.042,baseline,50
1/23/2025 15:44,-11.986,0.034,0.113,0.024,0.071,0.045,-12.028,0.05,0.131,0.036,0.068,0.04,baseline,50
1/23/2025 15:45,-11.986,0.038,0.111,0.027,0.076,0.041,-12.028,0.043,0.101,0.03,0.066,0.04,baseline,50
1/23/2025 15:45,-11.986,0.037,0.122,0.026,0.073,0.048,-12.028,0.049,0.124,0.034,0.066,0.042,baseline,50
1/23/2025 15:45,-11.986,0.034,0.127,0.024,0.072,0.048,-12.028,0.042,0.104,0.03,0.068,0.04,baseline,50
1/23/2025 15:45,-11.986,0.033,0.123,0.024,0.076,0.045,-12.028,0.043,0.118,0.031,0.069,0.041,baseline,50
1/23/2025 15:45,-11.986,0.039,0.11,0.027,0.074,0.047,-12.028,0.05,0.104,0.035,0.067,0.042,baseline,50
1/23/2025 15:45,-11.986,0.034,0.126,0.024,0.076,0.044,-12.028,0.041,0.125,0.029,0.066,0.042,baseline,50
1/23/2025 15:45,-11.986,0.033,0.115,0.024,0.072,0.044,-12.028,0.047,0.106,0.033,0.069,0.04,baseline,50
1/23/2025 15:45,-11.986,0.038,0.113,0.027,0.074,0.048,-12.028,0.043,0.124,0.03,0.07,0.04,baseline,50
1/23/2025 15:45,-11.986,0.039,0.122,0.027,0.071,0.046,-12.028,0.048,0.134,0.034,0.067,0.042,baseline,50
1/23/2025 15:45,-11.986,0.036,0.129,0.026,0.073,0.043,-12.028,0.042,0.101,0.03,0.07,0.041,baseline,50
1/23/2025 15:46,-11.986,0.033,0.114,0.023,0.071,0.046,-12.028,0.046,0.12,0.033,0.07,0.04,baseline,50
1/23/2025 15:46,-11.987,0.033,0.125,0.023,0.071,0.043,-12.028,0.048,0.114,0.034,0.067,0.042,baseline,50
1/23/2025 15:46,-11.987,0.038,0.124,0.027,0.07,0.045,-12.028,0.043,0.102,0.03,0.066,0.038,baseline,50
1/23/2025 15:46,-11.986,0.033,0.114,0.023,0.069,0.042,-12.028,0.041,0.104,0.029,0.069,0.041,baseline,50
1/23/2025 15:46,-11.986,0.033,0.119,0.023,0.073,0.046,-12.028,0.047,0.12,0.033,0.065,0.042,baseline,50
1/23/2025 15:46,-11.986,0.037,0.112,0.026,0.069,0.044,-12.028,0.048,0.114,0.034,0.066,0.039,baseline,50
1/23/2025 15:46,-11.986,0.033,0.127,0.023,0.073,0.046,-12.028,0.044,0.096,0.031,0.068,0.041,baseline,50
1/23/2025 15:46,-11.986,0.037,0.115,0.026,0.073,0.045,-12.028,0.044,0.119,0.031,0.065,0.037,baseline,50
1/23/2025 15:46,-11.986,0.034,0.128,0.024,0.07,0.049,-12.028,0.049,0.101,0.035,0.067,0.04,baseline,50
1/23/2025 15:46,-11.986,0.038,0.128,0.027,0.073,0.045,-12.028,0.042,0.112,0.029,0.066,0.042,baseline,50
1/23/2025 15:47,-11.986,0.033,0.111,0.023,0.073,0.047,-12.028,0.044,0.103,0.031,0.069,0.043,baseline,50
1/23/2025 15:47,-11.986,0.033,0.123,0.023,0.07,0.047,-12.028,0.05,0.117,0.035,0.067,0.039,baseline,50
1/23/2025 15:47,-11.986,0.035,0.114,0.024,0.069,0.044,-12.028,0.043,0.118,0.03,0.07,0.038,baseline,50
1/23/2025 15:47,-11.986,0.038,0.114,0.027,0.073,0.044,-12.028,0.043,0.104,0.031,0.067,0.043,baseline,50
1/23/2025 15:47,-11.986,0.034,0.125,0.024,0.07,0.047,-12.028,0.052,0.104,0.037,0.067,0.041,baseline,50
1/23/2025 15:47,-11.986,0.033,0.108,0.023,0.068,0.044,-12.028,0.043,0.117,0.031,0.069,0.039,baseline,50
1/23/2025 15:47,-11.986,0.038,0.118,0.027,0.069,0.044,-12.028,0.043,0.102,0.03,0.07,0.041,baseline,50
1/23/2025 15:47,-11.986,0.033,0.111,0.023,0.07,0.047,-12.028,0.05,0.101,0.035,0.067,0.039,baseline,50
1/23/2025 15:47,-11.986,0.034,0.12,0.024,0.068,0.043,-12.028,0.043,0.111,0.03,0.067,0.038,baseline,50
1/23/2025 15:47,-11.986,0.037,0.116,0.026,0.07,0.044,-12.028,0.049,0.119,0.034,0.069,0.04,baseline,50
1/23/2025 15:47,-11.986,0.033,0.107,0.023,0.069,0.047,-12.028,0.048,0.096,0.034,0.066,0.038,baseline,50
1/23/2025 15:47,-11.986,0.039,0.119,0.027,0.072,0.046,-12.028,0.044,0.099,0.031,0.068,0.041,baseline,50
1/23/2025 15:47,-11.986,0.034,0.117,0.024,0.069,0.043,-12.028,0.044,0.122,0.031,0.066,0.043,baseline,50
1/23/2025 15:47,-11.986,0.038,0.111,0.027,0.073,0.046,-12.028,0.048,0.101,0.034,0.068,0.04,baseline,50
1/23/2025 15:48,-11.986,0.033,0.109,0.023,0.07,0.042,-12.028,0.042,0.121,0.03,0.066,0.039,baseline,50
1/23/2025 15:48,-11.986,0.039,0.125,0.027,0.073,0.045,-12.028,0.048,0.106,0.034,0.065,0.042,baseline,50
1/23/2025 15:48,-11.986,0.032,0.103,0.023,0.071,0.046,-12.028,0.044,0.103,0.031,0.07,0.039,baseline,50
1/23/2025 15:48,-11.986,0.034,0.117,0.024,0.071,0.043,-12.028,0.049,0.135,0.034,0.069,0.041,baseline,50
1/23/2025 15:48,-11.986,0.038,0.109,0.027,0.073,0.044,-12.028,0.049,0.122,0.035,0.066,0.04,baseline,50
1/23/2025 15:48,-11.986,0.039,0.12,0.027,0.07,0.041,-12.028,0.043,0.105,0.03,0.067,0.042,baseline,50
1/23/2025 15:48,-11.986,0.032,0.107,0.023,0.073,0.044,-12.028,0.043,0.121,0.03,0.065,0.04,baseline,50
1/23/2025 15:48,-11.986,0.038,0.123,0.027,0.069,0.046,-12.028,0.047,0.109,0.033,0.067,0.043,baseline,50
1/23/2025 15:48,-11.986,0.037,0.109,0.026,0.07,0.047,-12.028,0.05,0.109,0.036,0.065,0.044,baseline,50
1/23/2025 15:48,-11.986,0.034,0.125,0.024,0.072,0.043,-12.028,0.043,0.135,0.03,0.067,0.039,baseline,50
1/23/2025 15:48,-11.986,0.039,0.109,0.028,0.069,0.043,-12.028,0.047,0.103,0.034,0.064,0.038,baseline,50
1/23/2025 15:48,-11.986,0.037,0.117,0.026,0.069,0.044,-12.028,0.049,0.123,0.035,0.067,0.048,baseline,50
1/23/2025 15:49,-11.986,0.034,0.11,0.024,0.072,0.047,-12.028,0.041,0.114,0.029,0.064,0.039,baseline,50
1/23/2025 15:49,-11.986,0.038,0.12,0.027,0.069,0.046,-12.028,0.048,0.104,0.034,0.066,0.043,baseline,50
1/23/2025 15:49,-11.986,0.033,0.12,0.023,0.071,0.043,-12.028,0.042,0.106,0.03,0.069,0.043,baseline,50
1/23/2025 15:49,-11.986,0.034,0.111,0.024,0.067,0.043,-12.028,0.052,0.123,0.037,0.068,0.038,baseline,50
1/23/2025 15:49,-11.986,0.037,0.121,0.026,0.07,0.045,-12.028,0.051,0.112,0.036,0.065,0.043,baseline,50
1/23/2025 15:49,-11.986,0.033,0.108,0.024,0.071,0.042,-12.028,0.044,0.104,0.031,0.069,0.04,baseline,50
1/23/2025 15:49,-11.986,0.04,0.12,0.028,0.068,0.044,-12.028,0.042,0.102,0.03,0.07,0.043,baseline,50
1/23/2025 15:49,-11.986,0.039,0.12,0.027,0.07,0.041,-12.028,0.05,0.105,0.035,0.068,0.038,baseline,50
1/23/2025 15:49,-11.986,0.034,0.112,0.024,0.067,0.047,-12.028,0.044,0.138,0.031,0.066,0.038,baseline,50
1/23/2025 15:49,-11.986,0.035,0.117,0.024,0.068,0.043,-12.028,0.043,0.12,0.031,0.066,0.043,baseline,50
1/23/2025 15:50,-11.986,0.038,0.111,0.027,0.069,0.043,-12.028,0.048,0.107,0.034,0.067,0.044,baseline,50
1/23/2025 15:50,-11.986,0.034,0.123,0.024,0.072,0.046,-12.028,0.044,0.116,0.031,0.067,0.041,baseline,50
1/23/2025 15:50,-11.986,0.038,0.118,0.027,0.072,0.043,-12.028,0.048,0.099,0.034,0.064,0.043,baseline,50
1/23/2025 15:50,-11.986,0.034,0.106,0.024,0.068,0.047,-12.028,0.048,0.11,0.034,0.064,0.04,baseline,50
1/23/2025 15:50,-11.986,0.038,0.108,0.027,0.068,0.046,-12.028,0.042,0.134,0.03,0.069,0.041,baseline,50
1/23/2025 15:50,-11.986,0.035,0.123,0.024,0.073,0.044,-12.028,0.049,0.102,0.034,0.066,0.044,baseline,50
1/23/2025 15:50,-11.986,0.038,0.122,0.027,0.073,0.047,-12.028,0.043,0.12,0.03,0.066,0.041,baseline,50
1/23/2025 15:50,-11.986,0.034,0.105,0.024,0.071,0.044,-12.028,0.049,0.129,0.035,0.069,0.043,baseline,50
1/23/2025 15:50,-11.986,0.038,0.107,0.027,0.069,0.047,-12.028,0.044,0.105,0.031,0.065,0.042,baseline,50
1/23/2025 15:50,-11.986,0.033,0.117,0.023,0.068,0.042,-12.028,0.05,0.109,0.035,0.069,0.041,baseline,50
1/23/2025 15:50,-11.986,0.037,0.117,0.026,0.07,0.048,-12.028,0.048,0.126,0.034,0.067,0.043,baseline,50
1/23/2025 15:50,-11.986,0.037,0.103,0.026,0.07,0.041,-12.028,0.042,0.104,0.03,0.067,0.039,baseline,50
1/23/2025 15:51,-11.986,0.034,0.118,0.024,0.068,0.052,-12.028,0.05,0.134,0.035,0.069,0.04,baseline,50
1/23/2025 15:51,-11.986,0.037,0.112,0.026,0.07,0.043,-12.028,0.042,0.109,0.029,0.068,0.041,baseline,50
1/23/2025 15:51,-11.986,0.032,0.122,0.023,0.068,0.047,-12.028,0.042,0.131,0.03,0.065,0.039,baseline,50
1/23/2025 15:51,-11.986,0.037,0.114,0.026,0.072,0.047,-12.028,0.046,0.121,0.033,0.069,0.042,baseline,50
1/23/2025 15:51,-11.986,0.039,0.107,0.027,0.069,0.042,-12.028,0.047,0.105,0.033,0.066,0.042,baseline,50
1/23/2025 15:51,-11.986,0.034,0.122,0.024,0.068,0.044,-12.028,0.042,0.118,0.03,0.066,0.04,baseline,50
1/23/2025 15:51,-11.986,0.037,0.11,0.026,0.071,0.047,-12.028,0.043,0.106,0.031,0.075,0.04,baseline,50
1/23/2025 15:51,-11.986,0.034,0.111,0.024,0.068,0.048,-12.028,0.049,0.121,0.035,0.07,0.042,baseline,50
1/23/2025 15:51,-11.986,0.033,0.122,0.023,0.072,0.042,-12.028,0.051,0.103,0.036,0.067,0.043,baseline,50
1/23/2025 15:51,-11.986,0.036,0.109,0.026,0.07,0.042,-12.028,0.043,0.101,0.031,0.066,0.041,baseline,50
1/23/2025 15:51,-11.986,0.035,0.118,0.024,0.072,0.048,-12.028,0.047,0.142,0.033,0.071,0.037,baseline,50
1/23/2025 15:52,-11.986,0.04,0.104,0.029,0.071,0.049,-12.028,0.043,0.119,0.031,0.069,0.043,baseline,50
1/23/2025 15:52,-11.986,0.039,0.109,0.028,0.072,0.045,-12.028,0.041,0.098,0.029,0.067,0.038,baseline,50
1/23/2025 15:52,-11.986,0.034,0.114,0.024,0.069,0.048,-12.028,0.05,0.105,0.035,0.066,0.042,baseline,50
1/23/2025 15:52,-11.986,0.038,0.118,0.027,0.072,0.045,-12.028,0.05,0.133,0.035,0.066,0.042,baseline,50
1/23/2025 15:52,-11.986,0.033,0.106,0.024,0.068,0.046,-12.028,0.043,0.103,0.03,0.07,0.04,baseline,50
1/23/2025 15:52,-11.986,0.034,0.117,0.024,0.071,0.049,-12.028,0.048,0.104,0.034,0.068,0.041,baseline,50
1/23/2025 15:52,-11.986,0.037,0.118,0.026,0.079,0.045,-12.028,0.048,0.122,0.034,0.071,0.043,baseline,50
1/23/2025 15:52,-11.986,0.033,0.109,0.023,0.073,0.048,-12.028,0.043,0.106,0.03,0.068,0.043,baseline,50
1/23/2025 15:52,-11.986,0.038,0.117,0.027,0.069,0.047,-12.028,0.044,0.12,0.031,0.07,0.041,baseline,50
1/23/2025 15:52,-11.986,0.037,0.112,0.026,0.068,0.045,-12.028,0.049,0.112,0.034,0.068,0.039,baseline,50
1/23/2025 15:52,-11.986,0.038,0.109,0.027,0.073,0.047,-12.028,0.049,0.103,0.034,0.07,0.044,baseline,50
1/23/2025 15:52,-11.985,0.033,0.119,0.024,0.073,0.043,-12.028,0.042,0.127,0.03,0.068,0.038,baseline,50
1/23/2025 15:53,-11.986,0.034,0.122,0.024,0.07,0.044,-12.028,0.043,0.106,0.031,0.069,0.041,baseline,50
1/23/2025 15:53,-11.986,0.038,0.117,0.027,0.072,0.046,-12.028,0.049,0.114,0.034,0.069,0.04,baseline,50
1/23/2025 15:53,-11.986,0.033,0.106,0.023,0.068,0.043,-12.028,0.047,0.103,0.033,0.067,0.039,baseline,50
1/23/2025 15:53,-11.986,0.037,0.128,0.027,0.073,0.046,-12.028,0.044,0.114,0.031,0.069,0.04,baseline,50
1/23/2025 15:53,-11.986,0.034,0.114,0.024,0.068,0.046,-12.028,0.048,0.101,0.034,0.066,0.043,baseline,50
1/23/2025 15:53,-11.986,0.037,0.124,0.026,0.072,0.043,-12.028,0.042,0.102,0.03,0.068,0.041,baseline,50
1/23/2025 15:53,-11.986,0.038,0.112,0.027,0.074,0.044,-12.028,0.044,0.12,0.031,0.066,0.038,baseline,50
1/23/2025 15:53,-11.986,0.034,0.115,0.024,0.071,0.046,-12.028,0.052,0.137,0.037,0.068,0.04,baseline,50
1/23/2025 15:53,-11.986,0.038,0.108,0.027,0.073,0.045,-12.028,0.048,0.104,0.034,0.067,0.042,baseline,50
1/23/2025 15:53,-11.986,0.034,0.117,0.024,0.07,0.047,-12.028,0.043,0.124,0.03,0.068,0.041,baseline,50
1/23/2025 15:54,-11.986,0.035,0.125,0.024,0.074,0.041,-12.028,0.052,0.106,0.037,0.065,0.042,baseline,50
1/23/2025 15:54,-11.986,0.038,0.125,0.027,0.071,0.047,-12.028,0.042,0.104,0.03,0.066,0.043,baseline,50
1/23/2025 15:54,-11.986,0.034,0.11,0.024,0.074,0.041,-12.028,0.048,0.135,0.034,0.068,0.042,baseline,50
1/23/2025 15:54,-11.986,0.039,0.12,0.027,0.073,0.047,-12.028,0.05,0.106,0.036,0.067,0.04,baseline,50
1/23/2025 15:54,-11.986,0.033,0.106,0.023,0.071,0.047,-12.028,0.045,0.104,0.032,0.068,0.04,baseline,50
1/23/2025 15:54,-11.985,0.033,0.111,0.024,0.073,0.044,-12.028,0.043,0.123,0.031,0.064,0.044,baseline,50
1/23/2025 15:54,-11.986,0.037,0.119,0.026,0.069,0.045,-12.028,0.052,0.12,0.037,0.069,0.04,baseline,50
1/23/2025 15:54,-11.985,0.039,0.122,0.027,0.069,0.048,-12.028,0.042,0.101,0.03,0.068,0.041,baseline,50
1/23/2025 15:54,-11.986,0.035,0.12,0.024,0.071,0.048,-12.028,0.042,0.12,0.03,0.065,0.038,baseline,50
1/23/2025 15:54,-11.985,0.034,0.11,0.024,0.069,0.045,-12.028,0.049,0.105,0.034,0.067,0.042,baseline,50
1/23/2025 15:54,-11.986,0.04,0.114,0.028,0.071,0.043,-12.028,0.042,0.104,0.03,0.069,0.04,baseline,50
1/23/2025 15:54,-11.986,0.034,0.107,0.024,0.069,0.048,-12.028,0.047,0.114,0.033,0.068,0.043,baseline,50
1/23/2025 15:54,-11.985,0.034,0.119,0.024,0.069,0.042,-12.028,0.049,0.101,0.035,0.07,0.041,baseline,50
1/23/2025 15:55,-11.986,0.039,0.109,0.027,0.071,0.045,-12.028,0.044,0.12,0.031,0.069,0.04,baseline,50
1/23/2025 15:55,-11.985,0.037,0.103,0.026,0.07,0.044,-12.028,0.043,0.105,0.031,0.066,0.041,baseline,50
1/23/2025 15:55,-11.985,0.033,0.119,0.024,0.072,0.043,-12.028,0.046,0.118,0.033,0.066,0.042,baseline,50
1/23/2025 15:55,-11.986,0.033,0.106,0.023,0.067,0.044,-12.028,0.048,0.121,0.034,0.07,0.041,baseline,50
1/23/2025 15:55,-11.986,0.038,0.117,0.027,0.072,0.047,-12.028,0.042,0.103,0.03,0.065,0.042,baseline,50
1/23/2025 15:55,-11.986,0.032,0.11,0.023,0.068,0.045,-12.028,0.046,0.099,0.033,0.066,0.039,baseline,50
1/23/2025 15:55,-11.986,0.037,0.124,0.026,0.072,0.042,-12.028,0.049,0.122,0.035,0.065,0.041,baseline,50
1/23/2025 15:55,-11.986,0.037,0.114,0.026,0.072,0.046,-12.028,0.043,0.099,0.03,0.066,0.039,baseline,50
1/23/2025 15:55,-11.986,0.033,0.124,0.023,0.07,0.045,-12.028,0.042,0.105,0.03,0.069,0.041,baseline,50
1/23/2025 15:55,-11.986,0.033,0.123,0.023,0.07,0.046,-12.028,0.047,0.12,0.034,0.069,0.038,baseline,50
1/23/2025 15:55,-11.986,0.038,0.115,0.027,0.073,0.047,-12.028,0.043,0.115,0.03,0.065,0.043,baseline,50
1/23/2025 15:55,-11.986,0.039,0.122,0.027,0.072,0.047,-12.028,0.049,0.103,0.034,0.066,0.042,baseline,50
1/23/2025 15:56,-11.986,0.033,0.105,0.023,0.07,0.045,-12.028,0.042,0.142,0.03,0.068,0.04,baseline,50
1/23/2025 15:56,-11.986,0.037,0.119,0.026,0.068,0.044,-12.028,0.05,0.107,0.035,0.067,0.044,baseline,50
1/23/2025 15:56,-11.986,0.033,0.108,0.023,0.073,0.049,-12.028,0.043,0.126,0.031,0.068,0.039,baseline,50
1/23/2025 15:56,-11.986,0.038,0.125,0.027,0.066,0.044,-12.028,0.047,0.137,0.033,0.069,0.04,baseline,50
1/23/2025 15:56,-11.986,0.038,0.107,0.027,0.069,0.045,-12.028,0.054,0.105,0.038,0.069,0.043,baseline,50
1/23/2025 15:56,-11.986,0.033,0.118,0.023,0.068,0.043,-12.028,0.042,0.103,0.03,0.067,0.038,baseline,50
1/23/2025 15:56,-11.986,0.034,0.122,0.024,0.068,0.046,-12.028,0.05,0.12,0.035,0.066,0.044,baseline,50
1/23/2025 15:56,-11.986,0.037,0.113,0.026,0.072,0.042,-12.028,0.043,0.102,0.03,0.07,0.039,baseline,50
1/23/2025 15:56,-11.986,0.04,0.111,0.028,0.072,0.047,-12.028,0.043,0.12,0.03,0.067,0.04,baseline,50
1/23/2025 15:56,-11.986,0.033,0.111,0.024,0.068,0.045,-12.028,0.051,0.103,0.036,0.067,0.043,baseline,50
1/23/2025 15:56,-11.986,0.037,0.12,0.026,0.072,0.046,-12.028,0.052,0.118,0.037,0.064,0.04,baseline,50
1/23/2025 15:56,-11.986,0.038,0.12,0.027,0.071,0.046,-12.028,0.046,0.099,0.032,0.068,0.04,baseline,50
1/23/2025 15:56,-11.986,0.033,0.109,0.023,0.07,0.043,-12.028,0.043,0.121,0.031,0.066,0.042,baseline,50
1/23/2025 15:57,-11.986,0.039,0.107,0.027,0.071,0.047,-12.028,0.045,0.104,0.032,0.069,0.042,baseline,50
1/23/2025 15:57,-11.986,0.034,0.119,0.024,0.073,0.044,-12.028,0.048,0.118,0.034,0.067,0.04,baseline,50
1/23/2025 15:57,-11.986,0.035,0.112,0.025,0.073,0.046,-12.028,0.052,0.099,0.037,0.069,0.042,baseline,50
1/23/2025 15:57,-11.986,0.039,0.106,0.027,0.071,0.043,-12.028,0.042,0.113,0.029,0.068,0.044,baseline,50
1/23/2025 15:57,-11.986,0.037,0.117,0.026,0.074,0.045,-12.028,0.054,0.101,0.038,0.066,0.041,baseline,50
1/23/2025 15:57,-11.986,0.034,0.108,0.024,0.069,0.043,-12.028,0.042,0.116,0.03,0.068,0.044,baseline,50
1/23/2025 15:57,-11.986,0.034,0.115,0.024,0.07,0.045,-12.028,0.048,0.098,0.034,0.067,0.039,baseline,50
1/23/2025 15:57,-11.986,0.038,0.108,0.027,0.07,0.041,-12.028,0.043,0.104,0.031,0.068,0.039,baseline,50
1/23/2025 15:57,-11.986,0.039,0.123,0.028,0.068,0.048,-12.028,0.051,0.117,0.036,0.065,0.043,baseline,50
1/23/2025 15:57,-11.986,0.032,0.105,0.023,0.071,0.047,-12.028,0.043,0.103,0.03,0.068,0.044,baseline,50
1/23/2025 15:57,-11.986,0.038,0.107,0.027,0.068,0.044,-12.028,0.048,0.119,0.034,0.065,0.037,baseline,50
1/23/2025 15:57,-11.986,0.038,0.121,0.027,0.072,0.049,-12.028,0.05,0.12,0.035,0.067,0.047,baseline,50
1/23/2025 15:58,-11.986,0.033,0.107,0.024,0.07,0.043,-12.028,0.043,0.101,0.031,0.065,0.043,baseline,50
1/23/2025 15:58,-11.986,0.038,0.107,0.027,0.072,0.044,-12.028,0.043,0.136,0.03,0.068,0.04,baseline,50
1/23/2025 15:58,-11.986,0.034,0.118,0.024,0.071,0.048,-12.028,0.049,0.106,0.035,0.068,0.043,baseline,50
1/23/2025 15:58,-11.986,0.038,0.108,0.027,0.069,0.041,-12.028,0.042,0.1,0.03,0.068,0.04,baseline,50
1/23/2025 15:58,-11.986,0.034,0.119,0.024,0.072,0.049,-12.028,0.05,0.13,0.036,0.066,0.042,baseline,50
1/23/2025 15:58,-11.986,0.039,0.107,0.027,0.069,0.043,-12.028,0.042,0.105,0.03,0.067,0.04,baseline,50
1/23/2025 15:58,-11.986,0.034,0.117,0.024,0.071,0.044,-12.028,0.051,0.121,0.036,0.069,0.042,baseline,50
1/23/2025 15:58,-11.986,0.033,0.116,0.024,0.071,0.046,-12.028,0.049,0.137,0.035,0.065,0.041,baseline,50
1/23/2025 15:58,-11.986,0.038,0.107,0.027,0.068,0.047,-12.028,0.043,0.106,0.03,0.069,0.039,baseline,50
1/23/2025 15:58,-11.986,0.034,0.119,0.024,0.07,0.045,-12.028,0.05,0.108,0.035,0.067,0.043,baseline,50
1/23/2025 15:59,-11.986,0.037,0.121,0.026,0.068,0.044,-12.028,0.044,0.133,0.031,0.069,0.04,baseline,50
1/23/2025 15:59,-11.986,0.034,0.11,0.024,0.071,0.047,-12.028,0.05,0.118,0.035,0.069,0.043,baseline,50
1/23/2025 15:59,-11.986,0.034,0.118,0.024,0.07,0.046,-12.028,0.043,0.106,0.031,0.066,0.041,baseline,50
1/23/2025 15:59,-11.986,0.039,0.11,0.028,0.072,0.045,-12.028,0.049,0.119,0.035,0.066,0.042,baseline,50
1/23/2025 15:59,-11.986,0.034,0.11,0.024,0.068,0.047,-12.028,0.043,0.107,0.03,0.069,0.04,baseline,50
1/23/2025 15:59,-11.986,0.039,0.118,0.027,0.07,0.049,-12.028,0.048,0.104,0.034,0.069,0.037,baseline,50
1/23/2025 15:59,-11.986,0.034,0.107,0.024,0.072,0.046,-12.028,0.044,0.13,0.031,0.066,0.043,baseline,50
1/23/2025 15:59,-11.986,0.035,0.119,0.025,0.069,0.043,-12.028,0.049,0.117,0.034,0.069,0.04,baseline,50
1/23/2025 15:59,-11.986,0.04,0.115,0.028,0.073,0.048,-12.028,0.042,0.103,0.03,0.07,0.042,baseline,50
1/23/2025 15:59,-11.986,0.04,0.108,0.028,0.068,0.042,-12.028,0.049,0.128,0.034,0.068,0.043,baseline,50
1/23/2025 15:59,-11.986,0.038,0.111,0.027,0.07,0.048,-12.028,0.05,0.104,0.036,0.07,0.042,baseline,50
1/23/2025 15:59,-11.986,0.034,0.13,0.024,0.072,0.048,-12.028,0.042,0.119,0.03,0.067,0.045,baseline,50
1/23/2025 15:59,-11.986,0.033,0.109,0.024,0.072,0.039,-12.028,0.049,0.119,0.034,0.066,0.04,baseline,50
1/23/2025 16:00,-11.986,0.037,0.105,0.026,0.069,0.052,-12.028,0.042,0.097,0.03,0.069,0.042,baseline,50
1/23/2025 16:00,-11.986,0.038,0.116,0.027,0.069,0.048,-12.028,0.051,0.121,0.036,0.066,0.043,baseline,50
1/23/2025 16:00,-11.986,0.037,0.124,0.026,0.072,0.045,-12.028,0.052,0.107,0.037,0.065,0.04,baseline,50
1/23/2025 16:00,-11.986,0.034,0.11,0.024,0.072,0.048,-12.028,0.044,0.117,0.031,0.072,0.043,baseline,50
1/23/2025 16:00,-11.986,0.039,0.116,0.027,0.07,0.044,-12.028,0.043,0.105,0.031,0.069,0.04,baseline,50
1/23/2025 16:00,-11.986,0.034,0.103,0.024,0.071,0.047,-12.028,0.049,0.116,0.034,0.067,0.044,baseline,50
1/23/2025 16:00,-11.986,0.039,0.118,0.028,0.072,0.046,-12.028,0.049,0.1,0.035,0.069,0.04,baseline,50
1/23/2025 16:00,-11.986,0.034,0.118,0.024,0.072,0.044,-12.028,0.044,0.121,0.031,0.067,0.04,baseline,50
1/23/2025 16:00,-11.986,0.037,0.107,0.026,0.074,0.046,-12.028,0.044,0.104,0.031,0.066,0.043,baseline,50
1/23/2025 16:00,-11.986,0.034,0.116,0.024,0.075,0.044,-12.028,0.05,0.131,0.036,0.069,0.046,baseline,50
1/23/2025 16:00,-11.986,0.04,0.104,0.028,0.07,0.043,-12.028,0.045,0.1,0.032,0.066,0.041,baseline,50
1/23/2025 16:01,-11.986,0.034,0.116,0.024,0.068,0.046,-12.028,0.048,0.13,0.034,0.069,0.042,baseline,50
1/23/2025 16:01,-11.986,0.038,0.108,0.027,0.072,0.044,-12.028,0.044,0.105,0.031,0.069,0.045,baseline,50
1/23/2025 16:01,-11.986,0.035,0.12,0.025,0.073,0.047,-12.028,0.041,0.104,0.029,0.067,0.043,baseline,50
1/23/2025 16:01,-11.986,0.038,0.11,0.027,0.067,0.048,-12.028,0.049,0.117,0.035,0.068,0.043,baseline,50
1/23/2025 16:01,-11.986,0.033,0.111,0.024,0.075,0.045,-12.028,0.042,0.106,0.029,0.066,0.042,baseline,50
1/23/2025 16:01,-11.986,0.035,0.117,0.025,0.07,0.046,-12.028,0.045,0.131,0.032,0.066,0.043,baseline,50
1/23/2025 16:01,-11.986,0.039,0.108,0.028,0.072,0.044,-12.028,0.049,0.105,0.035,0.068,0.045,baseline,50
1/23/2025 16:01,-11.986,0.035,0.121,0.025,0.07,0.04,-12.028,0.049,0.122,0.035,0.07,0.044,baseline,50
1/23/2025 16:01,-11.986,0.038,0.11,0.027,0.072,0.046,-12.028,0.043,0.109,0.031,0.068,0.042,baseline,50
1/23/2025 16:01,-11.986,0.034,0.117,0.024,0.07,0.044,-12.028,0.053,0.123,0.037,0.068,0.043,baseline,50
1/23/2025 16:02,-11.986,0.038,0.107,0.027,0.07,0.048,-12.028,0.046,0.119,0.033,0.065,0.044,baseline,50
1/23/2025 16:02,-11.986,0.039,0.108,0.028,0.072,0.047,-12.028,0.043,0.107,0.03,0.068,0.042,baseline,50
1/23/2025 16:02,-11.986,0.034,0.114,0.024,0.072,0.048,-12.028,0.047,0.107,0.033,0.066,0.044,baseline,50
1/23/2025 16:02,-11.986,0.034,0.109,0.024,0.069,0.046,-12.028,0.049,0.125,0.034,0.07,0.041,baseline,50
1/23/2025 16:02,-11.986,0.038,0.118,0.027,0.072,0.05,-12.028,0.044,0.103,0.031,0.068,0.044,baseline,50
1/23/2025 16:02,-11.986,0.034,0.106,0.024,0.068,0.045,-12.028,0.049,0.12,0.035,0.071,0.04,baseline,50
1/23/2025 16:02,-11.986,0.039,0.119,0.027,0.072,0.047,-12.028,0.05,0.103,0.036,0.068,0.041,baseline,50
1/23/2025 16:02,-11.986,0.035,0.106,0.025,0.073,0.048,-12.028,0.044,0.117,0.031,0.072,0.044,baseline,50
1/23/2025 16:02,-11.986,0.033,0.118,0.024,0.072,0.044,-12.028,0.049,0.102,0.034,0.067,0.043,baseline,50
1/23/2025 16:02,-11.986,0.034,0.109,0.024,0.072,0.047,-12.028,0.046,0.12,0.033,0.066,0.041,baseline,50
1/23/2025 16:02,-11.986,0.038,0.11,0.027,0.07,0.049,-12.028,0.043,0.104,0.03,0.069,0.042,baseline,50
1/23/2025 16:02,-11.986,0.039,0.124,0.028,0.071,0.044,-12.028,0.056,0.122,0.04,0.067,0.047,baseline,50
1/23/2025 16:03,-11.986,0.035,0.113,0.024,0.067,0.043,-12.028,0.044,0.125,0.031,0.07,0.043,baseline,50
1/23/2025 16:03,-11.986,0.039,0.12,0.028,0.07,0.048,-12.028,0.044,0.106,0.031,0.067,0.044,baseline,50
1/23/2025 16:03,-11.986,0.034,0.11,0.024,0.072,0.045,-12.028,0.051,0.116,0.036,0.07,0.045,baseline,50
1/23/2025 16:03,-11.986,0.038,0.12,0.027,0.074,0.052,-12.028,0.05,0.106,0.035,0.067,0.042,baseline,50
1/23/2025 16:03,-11.986,0.034,0.105,0.024,0.072,0.046,-12.028,0.043,0.132,0.03,0.07,0.046,baseline,50
1/23/2025 16:03,-11.986,0.04,0.109,0.028,0.075,0.046,-12.028,0.049,0.116,0.034,0.067,0.042,baseline,50
1/23/2025 16:03,-11.986,0.035,0.12,0.025,0.071,0.051,-12.028,0.045,0.104,0.032,0.069,0.044,baseline,50
1/23/2025 16:03,-11.986,0.04,0.113,0.028,0.069,0.048,-12.028,0.042,0.124,0.03,0.074,0.046,baseline,50
1/23/2025 16:03,-11.986,0.038,0.12,0.027,0.072,0.048,-12.028,0.05,0.141,0.035,0.067,0.043,baseline,50
1/23/2025 16:03,-11.986,0.04,0.11,0.028,0.073,0.046,-12.028,0.051,0.105,0.036,0.071,0.046,baseline,50
1/23/2025 16:03,-11.986,0.035,0.122,0.025,0.072,0.048,-12.028,0.043,0.102,0.03,0.069,0.043,baseline,50
1/23/2025 16:04,-11.986,0.038,0.106,0.027,0.07,0.05,-12.028,0.049,0.115,0.035,0.072,0.042,baseline,50
1/23/2025 16:04,-11.986,0.034,0.117,0.024,0.073,0.049,-12.028,0.044,0.104,0.031,0.07,0.042,baseline,50
1/23/2025 16:04,-11.986,0.038,0.107,0.027,0.07,0.048,-12.028,0.05,0.105,0.035,0.069,0.044,baseline,50
1/23/2025 16:04,-11.986,0.034,0.108,0.024,0.07,0.046,-12.028,0.049,0.123,0.035,0.07,0.044,baseline,50
1/23/2025 16:04,-11.986,0.034,0.12,0.024,0.073,0.049,-12.028,0.044,0.126,0.031,0.069,0.042,baseline,50
1/23/2025 16:04,-11.986,0.04,0.11,0.029,0.076,0.046,-12.028,0.05,0.105,0.035,0.072,0.043,baseline,50
1/23/2025 16:04,-11.986,0.039,0.12,0.027,0.071,0.049,-12.028,0.045,0.13,0.032,0.07,0.045,baseline,50
1/23/2025 16:04,-11.986,0.034,0.105,0.024,0.074,0.045,-12.028,0.052,0.116,0.037,0.071,0.043,baseline,50
1/23/2025 16:04,-11.986,0.035,0.106,0.025,0.072,0.05,-12.028,0.043,0.104,0.03,0.07,0.042,baseline,50
1/23/2025 16:04,-11.986,0.04,0.118,0.028,0.075,0.045,-12.028,0.05,0.118,0.035,0.068,0.044,baseline,50
1/23/2025 16:04,-11.986,0.034,0.108,0.024,0.074,0.049,-12.028,0.051,0.125,0.036,0.072,0.048,baseline,50
1/23/2025 16:05,-11.986,0.039,0.119,0.028,0.072,0.048,-12.028,0.043,0.104,0.03,0.067,0.044,baseline,50
1/23/2025 16:05,-11.986,0.036,0.108,0.025,0.073,0.046,-12.028,0.05,0.117,0.035,0.067,0.045,baseline,50
1/23/2025 16:05,-11.986,0.04,0.11,0.028,0.075,0.046,-12.028,0.045,0.117,0.032,0.072,0.046,baseline,50
1/23/2025 16:05,-11.986,0.035,0.119,0.025,0.075,0.052,-12.028,0.043,0.105,0.031,0.07,0.043,baseline,50
1/23/2025 16:05,-11.986,0.034,0.107,0.024,0.073,0.047,-12.028,0.045,0.105,0.032,0.067,0.045,baseline,50
1/23/2025 16:05,-11.986,0.04,0.117,0.028,0.074,0.049,-12.028,0.051,0.13,0.036,0.07,0.042,baseline,50
1/23/2025 16:05,-11.986,0.038,0.114,0.027,0.074,0.05,-12.028,0.043,0.105,0.031,0.07,0.044,baseline,50
1/23/2025 16:05,-11.986,0.035,0.108,0.025,0.072,0.047,-12.028,0.049,0.122,0.034,0.068,0.044,baseline,50
1/23/2025 16:05,-11.986,0.035,0.121,0.025,0.075,0.051,-12.028,0.048,0.104,0.034,0.068,0.04,baseline,50
1/23/2025 16:05,-11.986,0.039,0.108,0.027,0.071,0.047,-12.028,0.044,0.124,0.031,0.073,0.042,baseline,50
1/23/2025 16:06,-11.986,0.04,0.111,0.028,0.071,0.049,-12.028,0.049,0.114,0.035,0.069,0.046,baseline,50
1/23/2025 16:06,-11.986,0.034,0.117,0.024,0.076,0.052,-12.028,0.045,0.103,0.032,0.07,0.045,baseline,50
1/23/2025 16:06,-11.986,0.035,0.108,0.024,0.073,0.048,-12.028,0.053,0.127,0.038,0.072,0.043,baseline,50
1/23/2025 16:06,-11.986,0.041,0.108,0.029,0.071,0.051,-12.028,0.044,0.108,0.031,0.07,0.043,baseline,50
1/23/2025 16:06,-11.986,0.038,0.123,0.027,0.074,0.047,-12.028,0.045,0.124,0.032,0.072,0.042,baseline,50
1/23/2025 16:06,-11.986,0.034,0.128,0.024,0.073,0.047,-12.028,0.05,0.108,0.035,0.07,0.043,baseline,50
1/23/2025 16:06,-11.986,0.038,0.111,0.027,0.072,0.047,-12.028,0.043,0.123,0.03,0.071,0.045,baseline,50
1/23/2025 16:06,-11.986,0.034,0.111,0.024,0.072,0.049,-12.028,0.05,0.109,0.035,0.074,0.046,baseline,50
1/23/2025 16:06,-11.986,0.04,0.119,0.029,0.077,0.047,-12.028,0.043,0.125,0.031,0.07,0.044,baseline,50
1/23/2025 16:06,-11.986,0.035,0.11,0.025,0.074,0.048,-12.028,0.049,0.107,0.035,0.07,0.041,baseline,50
1/23/2025 16:06,-11.986,0.042,0.122,0.029,0.076,0.048,-12.028,0.044,0.12,0.031,0.071,0.046,baseline,50
1/23/2025 16:07,-11.986,0.035,0.113,0.025,0.076,0.05,-12.028,0.048,0.108,0.034,0.069,0.041,baseline,50
1/23/2025 16:07,-11.986,0.035,0.122,0.024,0.075,0.048,-12.028,0.043,0.142,0.03,0.071,0.046,baseline,50
1/23/2025 16:07,-11.986,0.04,0.11,0.028,0.073,0.047,-12.028,0.043,0.111,0.03,0.069,0.044,baseline,50
1/23/2025 16:07,-11.986,0.033,0.11,0.024,0.077,0.049,-12.028,0.05,0.14,0.036,0.069,0.042,baseline,50
1/23/2025 16:07,-11.986,0.034,0.126,0.024,0.076,0.055,-12.028,0.048,0.118,0.034,0.07,0.043,baseline,50
1/23/2025 16:07,-11.986,0.039,0.111,0.027,0.075,0.051,-12.028,0.043,0.104,0.03,0.07,0.045,baseline,50
1/23/2025 16:07,-11.986,0.039,0.112,0.028,0.077,0.049,-12.028,0.05,0.119,0.035,0.071,0.048,baseline,50
1/23/2025 16:07,-11.986,0.034,0.122,0.024,0.073,0.052,-12.028,0.045,0.107,0.032,0.069,0.041,baseline,50
1/23/2025 16:07,-11.986,0.039,0.111,0.027,0.076,0.048,-12.028,0.043,0.129,0.031,0.069,0.041,baseline,50
1/23/2025 16:07,-11.986,0.034,0.124,0.024,0.073,0.05,-12.028,0.048,0.142,0.034,0.07,0.043,baseline,50
1/23/2025 16:08,-11.986,0.034,0.127,0.024,0.076,0.047,-12.028,0.043,0.111,0.031,0.075,0.042,baseline,50
1/23/2025 16:08,-11.986,0.038,0.107,0.027,0.073,0.05,-12.028,0.045,0.129,0.032,0.073,0.044,baseline,50
1/23/2025 16:08,-11.986,0.039,0.11,0.027,0.073,0.049,-12.028,0.056,0.111,0.04,0.071,0.042,baseline,50
1/23/2025 16:08,-11.986,0.034,0.121,0.024,0.075,0.045,-12.028,0.048,0.104,0.034,0.074,0.044,baseline,50
1/23/2025 16:08,-11.986,0.035,0.12,0.025,0.072,0.045,-12.028,0.042,0.123,0.03,0.071,0.043,baseline,50
1/23/2025 16:08,-11.986,0.039,0.114,0.027,0.074,0.051,-12.028,0.049,0.13,0.035,0.074,0.045,baseline,50
1/23/2025 16:08,-11.986,0.035,0.12,0.024,0.075,0.05,-12.028,0.044,0.1,0.031,0.069,0.043,baseline,50
1/23/2025 16:08,-11.986,0.038,0.114,0.027,0.073,0.048,-12.028,0.043,0.115,0.03,0.07,0.047,baseline,50
1/23/2025 16:08,-11.986,0.038,0.119,0.027,0.076,0.048,-12.028,0.046,0.106,0.033,0.071,0.041,baseline,50
1/23/2025 16:08,-11.986,0.034,0.112,0.024,0.073,0.047,-12.028,0.049,0.122,0.035,0.071,0.049,baseline,50
1/23/2025 16:08,-11.986,0.036,0.111,0.025,0.073,0.048,-12.028,0.042,0.109,0.03,0.067,0.041,baseline,50
1/23/2025 16:08,-11.986,0.039,0.118,0.028,0.075,0.05,-12.028,0.049,0.122,0.034,0.069,0.044,baseline,50
1/23/2025 16:09,-11.986,0.037,0.111,0.026,0.08,0.051,-12.028,0.05,0.109,0.036,0.073,0.04,baseline,50
1/23/2025 16:09,-11.986,0.033,0.119,0.023,0.078,0.048,-12.028,0.044,0.102,0.031,0.072,0.045,baseline,50
1/23/2025 16:09,-11.986,0.039,0.107,0.028,0.077,0.046,-12.028,0.05,0.143,0.035,0.069,0.042,baseline,50
1/23/2025 16:09,-11.986,0.035,0.124,0.024,0.074,0.052,-12.028,0.044,0.106,0.031,0.07,0.041,baseline,50
1/23/2025 16:09,-11.986,0.034,0.112,0.024,0.078,0.046,-12.028,0.044,0.121,0.031,0.069,0.045,baseline,50
1/23/2025 16:09,-11.986,0.037,0.121,0.026,0.073,0.051,-12.028,0.05,0.127,0.035,0.069,0.042,baseline,50
1/23/2025 16:09,-11.986,0.039,0.105,0.028,0.075,0.049,-12.028,0.05,0.106,0.035,0.073,0.045,baseline,50
1/23/2025 16:09,-11.986,0.034,0.114,0.024,0.075,0.047,-12.028,0.043,0.113,0.03,0.073,0.044,baseline,50
1/23/2025 16:09,-11.986,0.038,0.107,0.027,0.071,0.047,-12.028,0.044,0.1,0.031,0.071,0.045,baseline,50
1/23/2025 16:09,-11.986,0.035,0.104,0.025,0.073,0.05,-12.028,0.052,0.102,0.037,0.074,0.045,baseline,50
1/23/2025 16:09,-11.986,0.039,0.117,0.028,0.076,0.053,-12.028,0.044,0.122,0.031,0.07,0.042,baseline,50
1/23/2025 16:10,-11.986,0.038,0.108,0.027,0.076,0.046,-12.028,0.052,0.116,0.037,0.069,0.046,baseline,50
1/23/2025 16:10,-11.986,0.034,0.118,0.024,0.073,0.046,-12.028,0.045,0.102,0.032,0.073,0.044,baseline,50
1/23/2025 16:10,-11.986,0.034,0.106,0.024,0.074,0.048,-12.028,0.052,0.115,0.037,0.07,0.045,baseline,50
1/23/2025 16:10,-11.986,0.039,0.114,0.028,0.072,0.047,-12.028,0.05,0.106,0.035,0.071,0.044,baseline,50
1/23/2025 16:10,-11.986,0.034,0.107,0.024,0.074,0.049,-12.028,0.045,0.122,0.032,0.069,0.042,baseline,50
1/23/2025 16:10,-11.986,0.038,0.121,0.027,0.076,0.047,-12.028,0.044,0.103,0.031,0.071,0.042,baseline,50
1/23/2025 16:10,-11.986,0.035,0.115,0.024,0.077,0.049,-12.028,0.049,0.103,0.035,0.074,0.047,baseline,50
1/23/2025 16:10,-11.986,0.039,0.108,0.028,0.074,0.049,-12.028,0.043,0.121,0.03,0.068,0.043,baseline,50
1/23/2025 16:10,-11.986,0.035,0.105,0.025,0.078,0.05,-12.028,0.045,0.111,0.032,0.07,0.046,baseline,50
1/23/2025 16:10,-11.986,0.041,0.12,0.029,0.073,0.047,-12.028,0.049,0.15,0.035,0.069,0.045,baseline,50
1/23/2025 16:10,-11.986,0.035,0.12,0.025,0.072,0.051,-12.028,0.043,0.103,0.031,0.069,0.043,baseline,50
1/23/2025 16:10,-11.986,0.04,0.11,0.028,0.077,0.046,-12.028,0.05,0.106,0.035,0.071,0.045,baseline,50
1/23/2025 16:10,-11.986,0.04,0.117,0.028,0.074,0.055,-12.028,0.049,0.133,0.035,0.068,0.043,baseline,50
1/23/2025 16:11,-11.986,0.036,0.111,0.025,0.073,0.046,-12.028,0.045,0.114,0.032,0.072,0.045,baseline,50
1/23/2025 16:11,-11.986,0.038,0.117,0.027,0.075,0.049,-12.028,0.044,0.103,0.031,0.071,0.045,baseline,50
1/23/2025 16:11,-11.986,0.034,0.111,0.024,0.073,0.044,-12.028,0.05,0.113,0.036,0.072,0.043,baseline,50
1/23/2025 16:11,-11.986,0.039,0.118,0.028,0.079,0.05,-12.028,0.05,0.102,0.035,0.072,0.046,baseline,50
1/23/2025 16:11,-11.986,0.034,0.109,0.024,0.072,0.046,-12.028,0.043,0.111,0.031,0.07,0.046,baseline,50
1/23/2025 16:11,-11.986,0.039,0.108,0.028,0.072,0.045,-12.028,0.048,0.118,0.034,0.069,0.044,baseline,50
1/23/2025 16:11,-11.986,0.039,0.126,0.027,0.074,0.05,-12.028,0.044,0.106,0.031,0.078,0.047,baseline,50
1/23/2025 16:11,-11.986,0.036,0.111,0.026,0.073,0.047,-12.028,0.043,0.12,0.03,0.074,0.045,baseline,50
1/23/2025 16:11,-11.986,0.039,0.12,0.028,0.075,0.05,-12.028,0.049,0.105,0.034,0.068,0.043,baseline,50
1/23/2025 16:11,-11.986,0.036,0.11,0.025,0.073,0.051,-12.028,0.042,0.106,0.029,0.071,0.043,baseline,50
1/23/2025 16:11,-11.986,0.038,0.113,0.027,0.075,0.049,-12.028,0.044,0.12,0.031,0.067,0.044,baseline,50
1/23/2025 16:11,-11.986,0.035,0.121,0.025,0.074,0.051,-12.028,0.051,0.106,0.036,0.068,0.045,baseline,50
1/23/2025 16:11,-11.986,0.034,0.109,0.024,0.077,0.046,-12.028,0.042,0.118,0.03,0.074,0.043,baseline,50
1/23/2025 16:12,-11.986,0.034,0.108,0.024,0.074,0.051,-12.028,0.044,0.121,0.031,0.072,0.045,baseline,50
1/23/2025 16:12,-11.986,0.038,0.12,0.027,0.073,0.049,-12.028,0.049,0.106,0.035,0.069,0.045,baseline,50
1/23/2025 16:12,-11.986,0.034,0.124,0.024,0.084,0.05,-12.028,0.042,0.105,0.03,0.071,0.043,baseline,50
1/23/2025 16:12,-11.986,0.038,0.112,0.027,0.079,0.049,-12.028,0.048,0.123,0.034,0.073,0.045,baseline,50
1/23/2025 16:12,-11.986,0.034,0.127,0.024,0.072,0.047,-12.028,0.051,0.111,0.036,0.071,0.043,baseline,50
1/23/2025 16:12,-11.986,0.039,0.113,0.027,0.075,0.047,-12.028,0.043,0.109,0.03,0.072,0.043,baseline,50
1/23/2025 16:12,-11.986,0.035,0.123,0.024,0.07,0.053,-12.028,0.049,0.126,0.035,0.068,0.045,baseline,50
1/23/2025 16:12,-11.986,0.038,0.125,0.027,0.072,0.049,-12.028,0.043,0.126,0.03,0.072,0.045,baseline,50
1/23/2025 16:12,-11.986,0.034,0.118,0.024,0.08,0.051,-12.028,0.056,0.111,0.04,0.072,0.043,baseline,50
1/23/2025 16:12,-11.986,0.039,0.118,0.027,0.075,0.051,-12.028,0.044,0.101,0.031,0.07,0.046,baseline,50
1/23/2025 16:12,-11.986,0.035,0.109,0.025,0.072,0.048,-12.028,0.048,0.116,0.034,0.071,0.043,baseline,50
1/23/2025 16:12,-11.986,0.034,0.124,0.024,0.076,0.051,-12.028,0.049,0.103,0.035,0.069,0.048,baseline,50
1/23/2025 16:12,-11.986,0.038,0.111,0.027,0.077,0.048,-12.028,0.042,0.124,0.029,0.07,0.045,baseline,50
1/23/2025 16:13,-11.986,0.039,0.126,0.028,0.077,0.05,-12.028,0.048,0.116,0.034,0.074,0.042,baseline,50
1/23/2025 16:13,-11.986,0.035,0.122,0.024,0.072,0.048,-12.028,0.044,0.107,0.031,0.072,0.044,baseline,50
1/23/2025 16:13,-11.986,0.034,0.113,0.024,0.077,0.05,-12.028,0.043,0.121,0.031,0.071,0.041,baseline,50
1/23/2025 16:13,-11.986,0.038,0.109,0.027,0.076,0.049,-12.028,0.049,0.107,0.035,0.072,0.048,baseline,50
1/23/2025 16:13,-11.986,0.038,0.123,0.027,0.074,0.051,-12.028,0.042,0.124,0.03,0.07,0.042,baseline,50
1/23/2025 16:13,-11.986,0.034,0.126,0.024,0.073,0.052,-12.028,0.048,0.107,0.034,0.07,0.042,baseline,50
1/23/2025 16:13,-11.986,0.035,0.108,0.025,0.073,0.049,-12.028,0.042,0.106,0.03,0.073,0.043,baseline,50
1/23/2025 16:13,-11.986,0.04,0.109,0.028,0.077,0.05,-12.028,0.046,0.124,0.033,0.07,0.045,baseline,50
1/23/2025 16:13,-11.986,0.035,0.118,0.024,0.076,0.053,-12.028,0.043,0.1,0.03,0.072,0.044,baseline,50
1/23/2025 16:13,-11.986,0.035,0.108,0.025,0.074,0.048,-12.028,0.054,0.125,0.038,0.072,0.041,baseline,50
1/23/2025 16:13,-11.986,0.039,0.123,0.027,0.076,0.048,-12.028,0.043,0.109,0.03,0.07,0.042,baseline,50
1/23/2025 16:14,-11.986,0.034,0.12,0.024,0.074,0.05,-12.028,0.049,0.117,0.034,0.072,0.045,baseline,50
1/23/2025 16:14,-11.986,0.034,0.108,0.024,0.074,0.05,-12.028,0.042,0.117,0.03,0.073,0.041,baseline,50
1/23/2025 16:14,-11.986,0.039,0.111,0.028,0.074,0.047,-12.028,0.052,0.104,0.037,0.071,0.043,baseline,50
1/23/2025 16:14,-11.986,0.033,0.118,0.024,0.076,0.047,-12.028,0.05,0.102,0.035,0.074,0.041,baseline,50
1/23/2025 16:14,-11.986,0.038,0.107,0.027,0.075,0.051,-12.028,0.052,0.114,0.037,0.072,0.041,baseline,50
1/23/2025 16:14,-11.986,0.034,0.106,0.024,0.073,0.05,-12.028,0.042,0.117,0.03,0.07,0.043,baseline,50
1/23/2025 16:14,-11.986,0.033,0.118,0.024,0.077,0.048,-12.028,0.043,0.099,0.031,0.07,0.044,baseline,50
1/23/2025 16:14,-11.986,0.037,0.119,0.027,0.077,0.05,-12.028,0.049,0.116,0.035,0.071,0.039,baseline,50
1/23/2025 16:14,-11.986,0.038,0.109,0.027,0.075,0.048,-12.028,0.044,0.123,0.031,0.07,0.042,baseline,50
1/23/2025 16:14,-11.986,0.033,0.126,0.023,0.079,0.048,-12.028,0.048,0.103,0.034,0.07,0.043,baseline,50
1/23/2025 16:14,-11.986,0.041,0.108,0.029,0.076,0.051,-12.028,0.047,0.1,0.034,0.072,0.044,baseline,50
1/23/2025 16:14,-11.987,0.038,0.104,0.027,0.073,0.049,-12.028,0.042,0.116,0.03,0.07,0.042,baseline,50
1/23/2025 16:15,-11.986,0.034,0.121,0.024,0.074,0.048,-12.028,0.044,0.118,0.031,0.07,0.042,baseline,50
1/23/2025 16:15,-11.986,0.035,0.108,0.024,0.076,0.052,-12.028,0.049,0.101,0.035,0.072,0.045,baseline,50
1/23/2025 16:15,-11.986,0.04,0.119,0.028,0.076,0.049,-12.028,0.047,0.105,0.033,0.072,0.049,baseline,50
1/23/2025 16:15,-11.986,0.038,0.12,0.027,0.073,0.048,-12.028,0.044,0.137,0.031,0.07,0.039,baseline,50
1/23/2025 16:15,-11.986,0.035,0.11,0.025,0.073,0.053,-12.028,0.042,0.107,0.03,0.073,0.044,baseline,50
1/23/2025 16:15,-11.986,0.034,0.121,0.024,0.077,0.051,-12.028,0.049,0.104,0.035,0.07,0.041,baseline,50
1/23/2025 16:15,-11.986,0.039,0.116,0.028,0.074,0.047,-12.028,0.049,0.121,0.035,0.073,0.043,baseline,50
1/23/2025 16:15,-11.986,0.034,0.109,0.024,0.074,0.049,-12.028,0.043,0.126,0.031,0.069,0.042,baseline,50
1/23/2025 16:15,-11.986,0.038,0.104,0.027,0.075,0.045,-12.028,0.043,0.103,0.03,0.073,0.041,baseline,50
1/23/2025 16:15,-11.986,0.034,0.113,0.024,0.074,0.053,-12.028,0.053,0.102,0.038,0.07,0.045,baseline,50
1/23/2025 16:15,-11.986,0.038,0.117,0.027,0.076,0.046,-12.028,0.048,0.125,0.034,0.071,0.042,baseline,50
1/23/2025 16:15,-11.986,0.035,0.105,0.025,0.074,0.048,-12.028,0.043,0.116,0.03,0.069,0.046,baseline,50
1/23/2025 16:16,-11.986,0.038,0.102,0.027,0.075,0.047,-12.028,0.049,0.1,0.034,0.071,0.042,baseline,50
1/23/2025 16:16,-11.986,0.038,0.116,0.027,0.077,0.049,-12.028,0.042,0.109,0.03,0.068,0.051,baseline,50
1/23/2025 16:16,-11.986,0.038,0.102,0.027,0.074,0.046,-12.028,0.049,0.099,0.035,0.079,0.041,baseline,50
1/23/2025 16:16,-11.986,0.034,0.109,0.024,0.074,0.047,-12.028,0.043,0.129,0.03,0.069,0.051,baseline,50
1/23/2025 16:16,-11.986,0.039,0.118,0.027,0.077,0.05,-12.028,0.049,0.103,0.034,0.07,0.039,baseline,50
1/23/2025 16:16,-11.986,0.034,0.105,0.024,0.074,0.045,-12.028,0.049,0.109,0.034,0.069,0.04,baseline,50
1/23/2025 16:16,-11.986,0.034,0.121,0.024,0.076,0.048,-12.028,0.042,0.132,0.03,0.068,0.043,baseline,50
1/23/2025 16:16,-11.986,0.039,0.117,0.028,0.073,0.046,-12.028,0.044,0.109,0.031,0.071,0.041,baseline,50
1/23/2025 16:16,-11.986,0.034,0.112,0.024,0.075,0.046,-12.028,0.048,0.12,0.034,0.071,0.036,baseline,50
1/23/2025 16:16,-11.986,0.033,0.121,0.023,0.075,0.048,-12.028,0.041,0.102,0.029,0.068,0.043,baseline,50
1/23/2025 16:16,-11.986,0.038,0.11,0.027,0.072,0.049,-12.028,0.044,0.104,0.031,0.069,0.04,baseline,50
1/23/2025 16:16,-11.986,0.032,0.123,0.023,0.084,0.044,-12.028,0.05,0.136,0.035,0.07,0.045,baseline,50
1/23/2025 16:17,-11.986,0.04,0.114,0.029,0.072,0.046,-12.028,0.042,0.124,0.03,0.068,0.041,baseline,50
1/23/2025 16:17,-11.986,0.034,0.109,0.024,0.074,0.049,-12.028,0.051,0.104,0.036,0.071,0.043,baseline,50
1/23/2025 16:17,-11.986,0.039,0.116,0.028,0.072,0.049,-12.028,0.043,0.134,0.03,0.068,0.04,baseline,50
1/23/2025 16:17,-11.986,0.034,0.108,0.024,0.075,0.048,-12.028,0.05,0.101,0.035,0.069,0.041,baseline,50
1/23/2025 16:17,-11.986,0.038,0.118,0.027,0.072,0.047,-12.028,0.044,0.135,0.031,0.07,0.044,baseline,50
1/23/2025 16:17,-11.986,0.033,0.104,0.023,0.075,0.05,-12.028,0.05,0.115,0.036,0.07,0.044,baseline,50
1/23/2025 16:17,-11.986,0.034,0.11,0.024,0.074,0.055,-12.028,0.041,0.103,0.029,0.067,0.039,baseline,50
1/23/2025 16:17,-11.986,0.038,0.108,0.027,0.072,0.044,-12.028,0.042,0.115,0.03,0.071,0.044,baseline,50
1/23/2025 16:17,-11.986,0.038,0.12,0.027,0.074,0.049,-12.028,0.052,0.104,0.037,0.068,0.046,baseline,50
1/23/2025 16:17,-11.986,0.033,0.118,0.023,0.072,0.046,-12.028,0.042,0.118,0.03,0.071,0.04,baseline,50
1/23/2025 16:17,-11.986,0.034,0.109,0.024,0.072,0.049,-12.028,0.049,0.112,0.035,0.07,0.038,baseline,50
1/23/2025 16:18,-11.986,0.039,0.119,0.028,0.074,0.047,-12.028,0.051,0.098,0.036,0.069,0.044,baseline,50
1/23/2025 16:18,-11.986,0.033,0.11,0.024,0.074,0.049,-12.028,0.045,0.099,0.032,0.071,0.041,baseline,50
1/23/2025 16:18,-11.986,0.032,0.121,0.023,0.07,0.046,-12.028,0.052,0.123,0.037,0.073,0.045,baseline,50
1/23/2025 16:18,-11.986,0.038,0.109,0.027,0.072,0.05,-12.028,0.044,0.124,0.031,0.07,0.042,baseline,50
1/23/2025 16:18,-11.986,0.039,0.107,0.028,0.074,0.047,-12.028,0.049,0.106,0.035,0.069,0.042,baseline,50
1/23/2025 16:18,-11.986,0.034,0.123,0.024,0.075,0.051,-12.028,0.045,0.102,0.032,0.068,0.044,baseline,50
1/23/2025 16:18,-11.986,0.04,0.111,0.028,0.073,0.047,-12.028,0.047,0.13,0.033,0.071,0.042,baseline,50
1/23/2025 16:18,-11.986,0.034,0.116,0.024,0.075,0.057,-12.028,0.05,0.132,0.035,0.069,0.044,baseline,50
1/23/2025 16:18,-11.986,0.037,0.111,0.026,0.077,0.046,-12.028,0.043,0.104,0.03,0.069,0.045,baseline,50
1/23/2025 16:18,-11.986,0.034,0.115,0.024,0.071,0.057,-12.028,0.048,0.121,0.034,0.072,0.044,baseline,50
1/23/2025 16:18,-11.986,0.034,0.104,0.024,0.075,0.044,-12.028,0.049,0.1,0.034,0.071,0.045,baseline,50
1/23/2025 16:18,-11.986,0.042,0.114,0.03,0.075,0.047,-12.028,0.042,0.129,0.03,0.069,0.046,baseline,50
1/23/2025 16:18,-11.986,0.035,0.108,0.025,0.073,0.048,-12.028,0.044,0.102,0.031,0.069,0.047,baseline,50
1/23/2025 16:19,-11.986,0.04,0.12,0.028,0.076,0.045,-12.028,0.049,0.121,0.035,0.075,0.042,baseline,50
1/23/2025 16:19,-11.986,0.035,0.119,0.025,0.077,0.04,-12.028,0.042,0.124,0.03,0.08,0.048,baseline,50
1/23/2025 16:19,-11.986,0.04,0.107,0.028,0.073,0.047,-12.028,0.051,0.109,0.036,0.071,0.047,baseline,50
1/23/2025 16:19,-11.986,0.036,0.105,0.025,0.075,0.044,-12.028,0.042,0.107,0.03,0.074,0.044,baseline,50
1/23/2025 16:19,-11.986,0.04,0.119,0.028,0.073,0.049,-12.028,0.048,0.123,0.034,0.066,0.044,baseline,50
1/23/2025 16:19,-11.986,0.035,0.112,0.025,0.073,0.045,-12.028,0.043,0.112,0.03,0.07,0.046,baseline,50
1/23/2025 16:19,-11.986,0.035,0.108,0.025,0.086,0.048,-12.028,0.042,0.1,0.03,0.066,0.046,baseline,50
1/23/2025 16:19,-11.986,0.04,0.106,0.028,0.074,0.044,-12.028,0.049,0.099,0.035,0.067,0.043,baseline,50
1/23/2025 16:19,-11.986,0.035,0.119,0.025,0.076,0.046,-12.028,0.043,0.131,0.031,0.067,0.046,baseline,50
1/23/2025 16:19,-11.986,0.035,0.111,0.024,0.07,0.049,-12.028,0.048,0.107,0.034,0.073,0.042,baseline,50
1/23/2025 16:19,-11.986,0.04,0.119,0.028,0.073,0.047,-12.028,0.042,0.124,0.029,0.066,0.045,baseline,50
1/23/2025 16:19,-11.986,0.039,0.108,0.027,0.07,0.049,-12.028,0.052,0.105,0.037,0.071,0.045,baseline,50
1/23/2025 16:20,-11.986,0.034,0.12,0.024,0.07,0.044,-12.028,0.042,0.109,0.03,0.07,0.042,baseline,50
1/23/2025 16:20,-11.986,0.038,0.106,0.027,0.071,0.051,-12.028,0.047,0.138,0.033,0.068,0.042,baseline,50
1/23/2025 16:20,-11.986,0.033,0.124,0.023,0.078,0.044,-12.028,0.042,0.144,0.03,0.07,0.044,baseline,50
1/23/2025 16:20,-11.986,0.039,0.107,0.028,0.07,0.041,-12.028,0.016,0.1,0.011,0.066,0.043,baseline,50
1/23/2025 16:20,-11.986,0.038,0.122,0.027,0.074,0.049,-12.028,0.048,0.119,0.034,0.067,0.042,baseline,50
1/23/2025 16:20,-11.986,0.034,0.106,0.024,0.071,0.046,-12.028,0.042,0.103,0.03,0.071,0.043,baseline,50
1/23/2025 16:20,-11.986,0.038,0.112,0.027,0.073,0.05,-12.028,0.048,0.098,0.034,0.071,0.042,baseline,50
1/23/2025 16:20,-11.986,0.034,0.125,0.024,0.07,0.046,-12.028,0.01,0.148,0.007,0.068,0.041,baseline,50
1/23/2025 16:20,-11.986,0.035,0.108,0.025,0.071,0.045,-12.028,0.005,0.138,0.003,0.068,0.046,baseline,50
1/23/2025 16:20,-11.986,0.038,0.126,0.027,0.073,0.049,-12.028,0.001,0.109,0.001,0.075,0.041,baseline,50
1/23/2025 16:20,-11.986,0.034,0.109,0.024,0.075,0.047,-12.028,0.008,0.127,0.005,0.081,0.044,baseline,50
1/23/2025 16:20,-11.986,0.037,0.113,0.026,0.07,0.048,-12.028,0.001,0.102,0.001,0.07,0.038,baseline,50
1/23/2025 16:20,-11.986,0.033,0.122,0.023,0.074,0.05,-12.028,0.002,0.103,0.002,0.066,0.007,baseline,50
1/23/2025 16:21,-11.986,0.033,0.112,0.024,0.085,0.049,-12.028,0.001,0.122,0.001,0.071,0.042,baseline,50
1/23/2025 16:21,-11.986,0.038,0.123,0.027,0.068,0.05,-12.028,0.001,0.12,0,0.068,0.037,baseline,50
1/23/2025 16:21,-11.986,0.037,0.107,0.026,0.074,0.052,-12.028,0.002,0.121,0.001,0.071,0.044,baseline,50
1/23/2025 16:21,-11.986,0.032,0.122,0.023,0.071,0.052,-12.028,0.001,0.1,0,0.076,0.004,baseline,50
1/23/2025 16:21,-11.986,0.013,0.12,0.009,0.074,0.047,-12.028,0.001,0.115,0.001,0.068,0.013,baseline,50
1/23/2025 16:21,-11.986,0.038,0.11,0.027,0.081,0.053,-12.028,0.001,0.103,0.001,0.071,0.002,baseline,50
1/23/2025 16:21,-11.986,0.033,0.123,0.023,0.072,0.053,-12.028,0.001,0.115,0.001,0.069,0.023,baseline,50
1/23/2025 16:21,-11.986,0.037,0.116,0.026,0.075,0.049,-12.028,0.001,0.1,0.001,0.07,0.002,baseline,50
1/23/2025 16:21,-11.986,0.007,0.104,0.005,0.073,0.049,-12.028,0.002,0.102,0.001,0.073,0.007,baseline,50
1/23/2025 16:21,-11.986,0.004,0.104,0.003,0.075,0.052,-12.028,0.001,0.118,0,0.072,0.002,baseline,50
1/23/2025 16:21,-11.986,0.001,0.118,0.001,0.077,0.052,-12.028,0.001,0.103,0,0.072,0.001,baseline,50
1/23/2025 16:22,-11.986,0.009,0.108,0.006,0.076,0.048,-12.028,0.001,0.123,0.001,0.074,0.005,baseline,50
1/23/2025 16:22,-11.986,0.001,0.118,0.001,0.077,0.052,-12.028,0.001,0.107,0.001,0.074,0.001,baseline,50
1/23/2025 16:22,-11.986,0.003,0.105,0.002,0.077,0.047,-12.028,0.003,0.116,0.002,0.071,0.003,baseline,50
1/23/2025 16:22,-11.986,0.001,0.117,0.001,0.078,0.05,-12.028,0.002,0.1,0.002,0.075,0.001,baseline,50
1/23/2025 16:22,-11.986,0.001,0.105,0.001,0.078,0.05,-12.028,0.001,0.119,0,0.075,0.003,baseline,50
1/23/2025 16:22,-11.986,0.002,0.116,0.001,0.075,0.046,-12.028,0.001,0.099,0.001,0.07,0.002,baseline,50
1/23/2025 16:22,-11.986,0.001,0.103,0,0.075,0.047,-12.028,0.002,0.115,0.001,0.072,0.004,baseline,50
1/23/2025 16:22,-11.986,0.001,0.118,0.001,0.079,0.049,-12.028,0.001,0.114,0,0.074,0.001,baseline,50
1/23/2025 16:22,-11.986,0.001,0.108,0.001,0.079,0.046,-12.028,0.002,0.1,0.001,0.071,0.001,baseline,50
1/23/2025 16:22,-11.986,0.002,0.117,0.001,0.074,0.048,-12.028,0.001,0.113,0.001,0.07,0.001,baseline,50
1/23/2025 16:22,-11.986,0.001,0.117,0.001,0.077,0.049,-12.028,0.001,0.098,0,0.073,0.001,baseline,50
1/23/2025 16:22,-11.986,0.002,0.11,0.001,0.078,0.047,-12.028,0.001,0.102,0.001,0.07,0.008,baseline,50
1/23/2025 16:22,-11.986,0.001,0.108,0.001,0.075,0.045,-12.028,0.001,0.121,0.001,0.072,0.007,baseline,50
1/23/2025 16:23,-11.986,0.001,0.119,0.001,0.074,0.051,-12.028,0.001,0.117,0.001,0.068,0.001,baseline,50
1/23/2025 16:23,-11.986,0.001,0.125,0.001,0.077,0.045,-12.028,0.001,0.062,0.001,0.069,0.001,baseline,50
1/23/2025 16:23,-11.986,0.001,0.061,0.001,0.073,0.049,-12.028,0.001,0.125,0,0.071,0.005,baseline,50
1/23/2025 16:23,-11.986,0.003,0.104,0.002,0.077,0.041,-12.028,0.001,0.118,0.001,0.068,0.001,baseline,50
1/23/2025 16:23,-11.986,0.003,0.114,0.002,0.072,0.006,-12.028,0.002,0.029,0.001,0.071,0.005,baseline,50
1/23/2025 16:23,-11.986,0.001,0.123,0.001,0.072,0.047,-12.028,0.001,0.025,0,0.069,0.003,baseline,50
1/23/2025 16:23,-11.986,0.002,0.031,0.002,0.075,0.04,-12.028,0.001,0.002,0.001,0.069,0.001,baseline,50
1/23/2025 16:23,-11.986,0.001,0.021,0.001,0.072,0.049,-12.028,0.001,0.002,0,0.074,0.004,baseline,50
1/23/2025 16:23,-11.986,0.001,0.002,0.001,0.075,0.003,-12.028,0.001,0.007,0,0.069,0.004,baseline,50
1/23/2025 16:23,-11.986,0.002,0.007,0.001,0.072,0.002,-12.028,0.002,0.004,0.001,0.072,0.001,baseline,50
1/23/2025 16:23,-11.986,0.001,0.003,0.001,0.072,0.013,-12.028,0.001,0.002,0.001,0.065,0.001,baseline,50
1/23/2025 16:24,-11.986,0.001,0.004,0.001,0.078,0.026,-12.028,0.001,0.001,0,0.067,0.002,baseline,50
1/23/2025 16:24,-11.986,0.001,0.002,0.001,0.076,0.002,-12.028,0.001,0.002,0,0.028,0.001,baseline,50
1/23/2025 16:24,-11.986,0.002,0.002,0.001,0.076,0.008,-12.028,0.001,0.002,0,0.065,0.005,baseline,50
1/23/2025 16:24,-11.986,0.001,0.002,0.001,0.067,0.002,-12.028,0.001,0.002,0.001,0.062,0.001,baseline,50
1/23/2025 16:24,-11.986,0.001,0.002,0.001,0.068,0.001,-12.028,0.001,0.002,0,0.069,0.001,baseline,50
1/23/2025 16:24,-11.986,0.001,0.002,0.001,0.027,0.005,-12.028,0.001,0.003,0,0.012,0.001,baseline,50
1/23/2025 16:24,-11.986,0.001,0.002,0.001,0.069,0.001,-12.028,0.001,0.005,0.001,0.015,0.001,baseline,50
1/23/2025 16:24,-11.986,0.001,0.003,0.001,0.065,0.003,-12.028,0.001,0.002,0,0.007,0.005,baseline,50
1/23/2025 16:24,-11.986,0.002,0.004,0.001,0.069,0.001,-12.028,0.001,0.001,0.001,0.007,0.003,baseline,50
1/23/2025 16:24,-11.986,0.001,0.002,0.001,0.009,0.004,-12.028,0.001,0.002,0.001,0.029,0.001,baseline,50
1/23/2025 16:24,-11.986,0.001,0.002,0.001,0.006,0.002,-12.028,0.001,0.002,0,0.015,0.001,baseline,50
1/23/2025 16:24,-11.986,0.001,0.002,0,0.016,0.004,-12.028,0.001,0.002,0,0.004,0.001,baseline,50
1/23/2025 16:25,-11.986,0.002,0.002,0.002,0.008,0.001,-12.028,0.001,0.003,0.001,0.002,0.001,baseline,50
1/23/2025 16:25,-11.986,0.001,0.004,0.001,0.03,0.001,-12.028,0.001,0.006,0,0.005,0.001,baseline,50
1/23/2025 16:25,-11.986,0.001,0.004,0.001,0.015,0.001,-12.028,0.001,0.001,0,0.006,0.001,baseline,50
1/23/2025 16:25,-11.986,0.001,0.002,0.001,0.004,0.001,-12.028,0.001,0.001,0.001,0.003,0.001,baseline,50
1/23/2025 16:25,-11.986,0.001,0.002,0.001,0.003,0.009,-12.028,0.001,0.002,0.001,0.002,0.002,baseline,50
1/23/2025 16:25,-11.986,0.001,0.003,0.001,0.006,0.008,-12.028,0.001,0.001,0.001,0.005,0.001,baseline,50
1/23/2025 16:25,-11.986,0.001,0.002,0,0.007,0.001,-12.028,0.001,0.002,0,0.006,0.002,baseline,50
1/23/2025 16:25,-11.986,0.001,0.003,0,0.003,0.006,-12.028,0.001,0.002,0,0.003,0.001,baseline,50
1/23/2025 16:25,-11.986,0.001,0.002,0.001,0.003,0.001,-12.028,0.001,0.001,0,0.002,0.001,baseline,50
1/23/2025 16:25,-11.986,0.001,0.002,0.001,0.006,0.001,-12.028,0.001,0.002,0,0.002,0.001,baseline,50
1/23/2025 16:25,-11.986,0.001,0.002,0.001,0.006,0.006,-12.028,0.001,0.002,0,0.002,0.001,baseline,50
1/23/2025 16:25,-11.986,0.001,0.002,0.001,0.003,0.004,-12.028,0.001,0.002,0.001,0.002,0.001,baseline,50
1/23/2025 16:26,-11.986,0.001,0.002,0.001,0.002,0.001,-12.028,0.001,0.002,0,0.01,0.001,baseline,50
1/23/2025 16:26,-11.986,0.001,0.002,0.001,0.002,0.001,-12.028,0.001,0.001,0,0.009,0.002,baseline,50
1/23/2025 16:26,-11.986,0.001,0.002,0,0.003,0.004,-12.028,0.001,0.001,0.001,0.002,0.003,baseline,50
1/23/2025 16:26,-11.986,0.001,0.002,0.001,0.003,0.004,-12.028,0.001,0.002,0,0.002,0.001,baseline,50
1/23/2025 16:26,-11.986,0.001,0.002,0.001,0.012,0.002,-12.028,0.001,0.001,0,0.007,0.001,baseline,50
1/23/2025 16:26,-11.986,0.001,0.002,0.001,0.01,0.003,-12.028,0.001,0.002,0.001,0.002,0.001,baseline,50
1/23/2025 16:26,-11.986,0.001,0.001,0.001,0.002,0.001,-12.028,0.001,0.001,0.001,0.006,0.001,baseline,50
1/23/2025 16:26,-11.986,0.001,0.003,0.001,0.003,0.001,-12.028,0.001,0.002,0.001,0.005,0.001,baseline,50
1/23/2025 16:26,-11.986,0.001,0.003,0.001,0.008,0.005,-12.028,0.001,0.002,0,0.002,0.001,baseline,50
1/23/2025 16:26,-11.986,0.001,0.002,0,0.002,0.001,-12.028,0.001,0.001,0,0.002,0.001,baseline,50
1/23/2025 16:26,-11.986,0.001,0.002,0,0.007,0.002,-12.028,0.001,0.001,0.001,0.004,0.001,baseline,50
1/23/2025 16:26,-11.986,0.001,0.002,0.001,0.006,0.001,-12.028,0.001,0.002,0,0.005,0.001,baseline,50
1/23/2025 16:26,-11.986,0.001,0.002,0,0.003,0.001,-12.028,0.002,0.001,0.001,0.002,0.003,baseline,50
1/23/2025 16:27,-11.985,0.001,0.001,0.001,0.003,0.005,-12.028,0.001,0.002,0.001,0.002,0.001,baseline,50
1/23/2025 16:27,-11.985,0.001,0.002,0,0.005,0.003,-12.028,0.001,0.001,0,0.004,0.001,baseline,50
1/23/2025 16:27,-11.985,0.001,0.001,0.001,0.006,0.001,-12.028,0.001,0.005,0,0.003,0.001,baseline,50
1/23/2025 16:27,-11.985,0.001,0.004,0.001,0.005,0.001,-12.028,0.001,0.001,0.001,0.006,0.002,baseline,50
1/23/2025 16:27,-11.985,0.001,0.002,0.001,0.002,0.001,-12.028,0.001,0.002,0,0.002,0.003,baseline,50
1/23/2025 16:27,-11.985,0.001,0.002,0.001,0.003,0.002,-12.028,0.001,0.001,0.001,0.002,0.001,baseline,50
1/23/2025 16:27,-11.985,0.001,0.002,0.001,0.006,0.001,-12.028,0.001,0.002,0,0.002,0.003,baseline,50
1/23/2025 16:27,-11.985,0.001,0.002,0.001,0.003,0.001,-12.028,0.003,0.002,0.002,0.002,0.001,baseline,50
1/23/2025 16:27,-11.985,0.001,0.002,0.001,0.003,0.002,-12.028,0.001,0.001,0,0.007,0.005,baseline,50
1/23/2025 16:27,-11.985,0.001,0.002,0.001,0.002,0.001,-12.028,0.001,0.002,0,0.004,0.003,baseline,50
1/23/2025 16:27,-11.985,0.002,0.002,0.001,0.007,0.002,-12.028,0.001,0.001,0.001,0.002,0.001,baseline,50
1/23/2025 16:27,-11.985,0.001,0.002,0,0.005,0.002,-12.028,0.001,0.002,0.001,0.002,0.001,baseline,50
1/23/2025 16:27,-11.985,0.002,0.002,0.001,0.002,0.001,-12.028,0.001,0.001,0,0.002,0.001,baseline,50
1/23/2025 16:28,-11.985,0.001,0.003,0.001,0.003,0.001,-12.028,0.001,0.003,0,0.002,0.002,baseline,50
1/23/2025 16:28,-11.985,0.001,0.002,0.001,0.002,0.002,-12.028,0.002,0.002,0.001,0.002,0.001,baseline,50
1/23/2025 16:28,-11.985,0.001,0.005,0.001,0.003,0.001,-12.028,0.001,0.005,0.001,0.002,0.008,baseline,50
1/23/2025 16:28,-11.986,0.001,0.002,0.001,0.002,0.001,-12.028,0.001,0.002,0,0.003,0.002,baseline,50
1/23/2025 16:28,-11.985,0.001,0.005,0.001,0.002,0.001,-12.027,0.001,0.007,0,0.002,0.001,baseline,50
1/23/2025 16:28,-11.986,0.003,0.002,0.002,0.003,0.002,-12.027,0.001,0.001,0.001,0.002,0.001,baseline,50
1/23/2025 16:28,-11.986,0.001,0.002,0.001,0.003,0.002,-12.027,0.002,0.003,0.001,0.003,0.001,baseline,50
1/23/2025 16:28,-11.986,0.001,0.002,0.001,0.002,0.004,-12.027,0.001,0.001,0,0.002,0.004,baseline,50
1/23/2025 16:28,-11.986,0.001,0.004,0.001,0.003,0.001,-12.027,0.001,0.005,0,0.002,0.001,baseline,50
1/23/2025 16:28,-11.986,0.002,0.001,0.001,0.002,0.001,-12.027,0.002,0.001,0.001,0.002,0.001,baseline,50
1/23/2025 16:28,-11.986,0.001,0.005,0.001,0.002,0.001,-12.027,0.001,0.006,0,0.002,0.004,baseline,50
1/23/2025 16:29,-11.986,0.001,0.003,0.001,0.003,0.001,-12.027,0.001,0.001,0.001,0.002,0.001,baseline,50
1/23/2025 16:29,-11.986,0.002,0.002,0.001,0.002,0.002,-12.027,0.001,0.001,0,0.003,0.002,baseline,50
1/23/2025 16:29,-11.986,0.001,0.002,0,0.003,0.001,-12.027,0.001,0.001,0.001,0.002,0.001,baseline,50
1/23/2025 16:29,-11.986,0.001,0.002,0,0.002,0.001,-12.027,0.001,0.001,0,0.003,0.001,baseline,50
1/23/2025 16:29,-11.986,0.001,0.002,0.001,0.004,0.001,-12.027,0.001,0.002,0,0.002,0.001,baseline,50
1/23/2025 16:29,-11.986,0.001,0.002,0.001,0.003,0.001,-12.028,0.001,0.002,0,0.005,0.004,baseline,50
1/23/2025 16:29,-11.986,0.001,0.002,0.001,0.006,0.004,-12.028,0.001,0.002,0,0.002,0.001,baseline,50
1/23/2025 16:29,-11.986,0.002,0.002,0.001,0.002,0.003,-12.028,0.001,0.001,0.001,0.002,0.001,baseline,50
1/23/2025 16:29,-11.986,0.001,0.002,0.001,0.002,0.001,-12.028,0.001,0.002,0,0.002,0.006,baseline,50
1/23/2025 16:29,-11.986,0.001,0.002,0.001,0.003,0.001,-12.028,0.001,0.001,0.001,0.002,0.001,baseline,50
1/23/2025 16:29,-11.986,0.001,0.002,0.001,0.002,0.002,-12.028,0.001,0.002,0,0.002,0.001,baseline,50
1/23/2025 16:30,-11.986,0.002,0.002,0.002,0.004,0.001,-12.028,0.001,0.001,0.001,0.003,0.001,baseline,50
1/23/2025 16:30,-11.986,0.001,0.001,0.001,0.002,0.002,-12.028,0.001,0.001,0,0.002,0.001,baseline,50
1/23/2025 16:30,-11.986,0.001,0.002,0.001,0.007,0.004,-12.028,0.002,0.002,0.001,0.006,0.001,baseline,50
1/23/2025 16:30,-11.986,0.001,0.002,0.001,0.006,0.001,-12.028,0.001,0.001,0,0.006,0.002,baseline,50
1/23/2025 16:30,-11.986,0.001,0.003,0.001,0.002,0.001,-12.028,0.001,0.002,0,0.002,0.001,baseline,50
1/23/2025 16:30,-11.986,0.001,0.002,0.001,0.002,0.004,-12.028,0.001,0.001,0,0.002,0.001,baseline,50
1/23/2025 16:30,-11.986,0.001,0.002,0,0.003,0.006,-12.028,0.002,0.003,0.001,0.003,0.001,baseline,50
1/23/2025 16:30,-11.986,0.001,0.002,0,0.003,0.003,-12.028,0.001,0.003,0.001,0.005,0.001,baseline,50
1/23/2025 16:30,-11.986,0.001,0.002,0.001,0.005,0.001,-12.028,0.001,0.001,0,0.006,0.001,baseline,50
1/23/2025 16:30,-11.986,0.001,0.002,0.001,0.007,0.001,-12.028,0.001,0.001,0.001,0.003,0.003,baseline,50
1/23/2025 16:30,-11.986,0.001,0.002,0,0.003,0.002,-12.028,0.001,0.002,0,0.002,0.001,baseline,50
1/23/2025 16:31,-11.986,0.001,0.001,0.001,0.002,0.001,-12.028,0.004,0.001,0.002,0.004,0.001,baseline,50
1/23/2025 16:31,-11.986,0.001,0.002,0.001,0.005,0.009,-12.029,0.001,0.002,0,0.002,0.001,baseline,50
1/23/2025 16:31,-11.986,0.001,0.001,0.001,0.003,0.001,-12.029,0.002,0.001,0.001,0.006,0.006,baseline,50
1/23/2025 16:31,-11.986,0.001,0.002,0.001,0.006,0.001,-12.029,0.001,0.002,0,0.002,0.001,baseline,50
1/23/2025 16:31,-11.986,0.001,0.002,0,0.003,0.001,-12.029,0.001,0.001,0,0.002,0.001,baseline,50
1/23/2025 16:31,-11.986,0.002,0.002,0.002,0.003,0.004,-12.029,0.001,0.002,0,0.002,0.001,baseline,50
1/23/2025 16:31,-11.986,0.001,0.002,0.001,0.002,0.001,-12.029,0.001,0.001,0,0.003,0.004,baseline,50
1/23/2025 16:31,-11.986,0.001,0.004,0,0.004,0.002,-12.029,0.001,0.003,0,0.002,0.001,baseline,50
1/23/2025 16:31,-11.986,0.001,0.002,0.001,0.003,0.005,-12.029,0.001,0.002,0,0.01,0.001,baseline,50
1/23/2025 16:31,-11.986,0.002,0.003,0.001,0.011,0.001,-12.029,0.001,0.001,0,0.007,0.001,baseline,50
1/23/2025 16:31,-11.986,0.001,0.002,0.001,0.008,0.001,-12.029,0.001,0.004,0.001,0.002,0.001,baseline,50
1/23/2025 16:31,-11.986,0.001,0.002,0.001,0.003,0.002,-12.029,0.001,0.002,0,0.002,0.011,baseline,50
1/23/2025 16:32,-11.987,0.001,0.003,0.001,0.002,0.001,-12.029,0.001,0.002,0,0.005,0.001,baseline,50
1/23/2025 16:32,-11.987,0.001,0.003,0.001,0.006,0.002,-12.029,0.001,0.001,0.001,0.002,0.006,baseline,50
1/23/2025 16:32,-11.986,0.004,0.001,0.003,0.003,0.005,-12.029,0.001,0.001,0,0.002,0.001,baseline,50
1/23/2025 16:32,-11.986,0.001,0.001,0.001,0.002,0.001,-12.029,0.001,0.003,0.001,0.004,0.001,baseline,50
1/23/2025 16:32,-11.987,0.002,0.004,0.001,0.005,0.001,-12.029,0.001,0.001,0,0.002,0,baseline,50
1/23/2025 16:32,-11.986,0.001,0.001,0.001,0.002,0.002,-12.029,0.001,0.001,0.001,0.003,0.001,baseline,50
1/23/2025 16:32,-11.987,0.001,0.003,0.001,0.003,0.006,-12.029,0.001,0.005,0.001,0.002,0.001,baseline,50
1/23/2025 16:32,-11.986,0.001,0.001,0,0.002,0.001,-12.029,0.001,0.001,0,0.003,0.001,baseline,50
1/23/2025 16:32,-11.986,0.001,0.005,0.001,0.003,0.002,-12.029,0.002,0.004,0.001,0.002,0.002,baseline,50
1/23/2025 16:32,-11.986,0.001,0.005,0,0.003,0.001,-12.029,0.001,0.002,0,0.006,0.001,baseline,50
1/23/2025 16:32,-11.987,0.001,0.002,0,0.007,0.002,-12.029,0.002,0.006,0.002,0.002,0.001,baseline,50
1/23/2025 16:33,-11.987,0.001,0.004,0,0.002,0.001,-12.029,0.001,0.005,0.001,0.003,0.004,baseline,50
1/23/2025 16:33,-11.986,0.001,0.001,0.001,0.008,0.002,-12.029,0.001,0.002,0,0.008,0.001,baseline,50
1/23/2025 16:33,-11.986,0.001,0.003,0,0.004,0.001,-12.029,0.001,0.005,0.001,0.006,0.002,baseline,50
1/23/2025 16:33,-11.987,0.002,0.002,0.001,0.005,0.002,-12.029,0.001,0.001,0,0.002,0.001,baseline,50
1/23/2025 16:33,-11.987,0.001,0.002,0.001,0.002,0.001,-12.029,0.001,0.003,0,0.004,0.004,baseline,50
1/23/2025 16:33,-11.987,0.001,0.002,0.001,0.003,0.003,-12.029,0.002,0.001,0.001,0.002,0.002,baseline,50
1/23/2025 16:33,-11.987,0.001,0.003,0.001,0.002,0.003,-12.029,0.001,0.001,0.001,0.003,0.001,baseline,50
1/23/2025 16:33,-11.986,0.001,0.002,0.001,0.002,0.001,-12.029,0.001,0.002,0,0.002,0.006,baseline,50
1/23/2025 16:33,-11.987,0.001,0.002,0.001,0.002,0.001,-12.029,0.002,0.002,0.002,0.002,0.001,baseline,50
1/23/2025 16:33,-11.987,0.001,0.002,0,0.002,0.001,-12.029,0.001,0.001,0.001,0.002,0.007,baseline,50
1/23/2025 16:34,-11.987,0.002,0.002,0.001,0.003,0.006,-12.029,0.001,0.002,0,0.002,0.002,baseline,50
1/23/2025 16:34,-11.986,0.001,0.004,0.001,0.003,0.001,-12.029,0.001,0.002,0.001,0.002,0.001,baseline,50
1/23/2025 16:34,-11.987,0.003,0.002,0.002,0.002,0.001,-12.029,0.001,0.001,0.001,0.002,0.001,baseline,50
1/23/2025 16:34,-11.986,0.001,0.003,0.001,0.005,0.004,-12.029,0.001,0.004,0,0.002,0.002,baseline,50
1/23/2025 16:34,-11.986,0.001,0.002,0.001,0.003,0.005,-12.029,0.001,0.001,0.001,0.005,0.001,baseline,50
1/23/2025 16:34,-11.986,0.001,0.001,0.001,0.003,0.002,-12.029,0.001,0.003,0,0.002,0.005,baseline,50
1/23/2025 16:34,-11.986,0.001,0.002,0,0.002,0.001,-12.028,0.002,0.002,0.001,0.002,0.002,baseline,50
1/23/2025 16:34,-11.986,0.001,0.001,0,0.009,0.002,-12.028,0.001,0.001,0.001,0.001,0.001,baseline,50
1/23/2025 16:34,-11.986,0.001,0.001,0.001,0.003,0.001,-12.028,0.001,0.001,0,0.008,0.006,baseline,50
1/23/2025 16:34,-11.986,0.002,0.002,0.001,0.005,0.012,-12.028,0.001,0.001,0,0.002,0.003,baseline,50
1/23/2025 16:34,-11.986,0.001,0.002,0.001,0.006,0.001,-12.028,0.001,0.002,0.001,0.004,0.001,baseline,50
1/23/2025 16:34,-11.986,0.001,0.002,0,0.005,0.006,-12.028,0.001,0.001,0,0.006,0.004,baseline,50
1/23/2025 16:35,-11.986,0.003,0.002,0.002,0.002,0.001,-12.028,0.001,0.002,0.001,0.002,0.002,baseline,50
1/23/2025 16:35,-11.986,0.001,0.002,0.001,0.003,0.002,-12.028,0.001,0.001,0,0.004,0.001,baseline,50
1/23/2025 16:35,-11.986,0.001,0.002,0.001,0.002,0.001,-12.028,0.002,0.001,0.001,0.002,0.001,baseline,50
1/23/2025 16:35,-11.986,0.001,0.002,0.001,0.013,0.001,-12.028,0.001,0.001,0,0.002,0.002,baseline,50
1/23/2025 16:35,-11.986,0.002,0.002,0.001,0.003,0.001,-12.028,0.001,0.002,0.001,0.002,0.001,baseline,50
1/23/2025 16:35,-11.986,0.001,0.002,0.001,0.01,0.001,-12.028,0.001,0.001,0.001,0.012,0.004,baseline,50
1/23/2025 16:35,-11.986,0.001,0.002,0,0.003,0.002,-12.028,0.001,0.002,0,0.003,0.004,baseline,50
1/23/2025 16:35,-11.986,0.001,0.002,0,0.003,0.001,-12.028,0.001,0.001,0,0.009,0.003,baseline,50
1/23/2025 16:35,-11.986,0.001,0.002,0.001,0.002,0.001,-12.028,0.001,0.002,0.001,0.002,0.001,baseline,50
1/23/2025 16:35,-11.986,0.001,0.003,0,0.002,0.004,-12.028,0.001,0.001,0,0.002,0.001,baseline,50
1/23/2025 16:35,-11.986,0.002,0.002,0.001,0.003,0.001,-12.028,0.001,0.003,0.001,0.002,0.003,baseline,50
1/23/2025 16:35,-11.986,0.002,0.002,0.001,0.002,0.003,-12.028,0.001,0.001,0,0.002,0.001,baseline,50
1/23/2025 16:36,-11.986,0.001,0.004,0.001,0.002,0.001,-12.028,0.001,0.002,0,0.002,0.004,baseline,50
1/23/2025 16:36,-11.986,0.001,0.001,0.001,0.004,0.004,-12.028,0.001,0.002,0.001,0.001,0.001,baseline,50
1/23/2025 16:36,-11.986,0.001,0.002,0,0.003,0.002,-12.028,0.001,0.001,0,0.002,0.002,baseline,50
1/23/2025 16:36,-11.986,0.001,0.002,0.001,0.002,0.001,-12.028,0.001,0.005,0.001,0.003,0.003,baseline,50
1/23/2025 16:36,-11.986,0.001,0.002,0.001,0.005,0.006,-12.028,0.001,0.001,0.001,0.002,0.001,baseline,50
1/23/2025 16:36,-11.986,0.001,0.005,0.001,0.002,0.001,-12.028,0.001,0.002,0,0.005,0.001,baseline,50
1/23/2025 16:36,-11.986,0.002,0.004,0.001,0.004,0.008,-12.028,0.001,0.001,0.001,0.002,0.001,baseline,50
1/23/2025 16:36,-11.986,0.001,0.002,0,0.003,0.002,-12.028,0.001,0.002,0,0.003,0.003,baseline,50
1/23/2025 16:36,-11.986,0.001,0.002,0.001,0.005,0.001,-12.028,0.001,0.006,0.001,0.002,0.002,baseline,50
1/23/2025 16:36,-11.986,0.001,0.003,0.001,0.002,0.001,-12.028,0.001,0.004,0,0.004,0.001,baseline,50
1/23/2025 16:36,-11.986,0.001,0.002,0.001,0.002,0.001,-12.028,0.001,0.002,0,0.004,0.001,baseline,50
1/23/2025 16:36,-11.986,0.001,0.006,0,0.008,0.001,-12.028,0.002,0.003,0.001,0.002,0.002,baseline,50
1/23/2025 16:37,-11.986,0.001,0.002,0.001,0.003,0.001,-12.028,0.001,0.002,0,0.002,0.001,baseline,50
1/23/2025 16:37,-11.986,0.001,0.002,0.001,0.004,0.005,-12.029,0.001,0.002,0.001,0.007,0.004,baseline,50
1/23/2025 16:37,-11.986,0.001,0.004,0.001,0.002,0.002,-12.028,0.001,0.007,0,0.003,0.001,baseline,50
1/23/2025 16:37,-11.986,0.001,0.004,0,0.002,0.001,-12.028,0.001,0.006,0,0.003,0.003,baseline,50
1/23/2025 16:37,-11.986,0.001,0.002,0.001,0.002,0.007,-12.028,0.001,0.001,0.001,0.002,0.001,baseline,50
1/23/2025 16:37,-11.986,0.001,0.002,0.001,0.002,0.003,-12.028,0.001,0.005,0.001,0.002,0.001,baseline,50
1/23/2025 16:37,-11.986,0.001,0.004,0.001,0.002,0.001,-12.028,0.001,0.005,0,0.002,0.001,baseline,50
1/23/2025 16:37,-11.986,0.002,0.002,0.001,0.01,0.001,-12.028,0.001,0.001,0.001,0.002,0.003,baseline,50
1/23/2025 16:37,-11.986,0.001,0.002,0.001,0.005,0.004,-12.028,0.001,0.001,0,0.002,0.001,baseline,50
1/23/2025 16:37,-11.986,0.001,0.002,0,0.002,0.001,-12.028,0.001,0.004,0.001,0.009,0.005,baseline,50
1/23/2025 16:37,-11.986,0.001,0.001,0.001,0.01,0.002,-12.028,0.001,0.002,0,0.005,0.001,baseline,50
1/23/2025 16:38,-11.986,0.001,0.002,0,0.005,0.001,-12.028,0.001,0.001,0.001,0.002,0.001,baseline,50
1/23/2025 16:38,-11.986,0.001,0.002,0,0.002,0.002,-12.028,0.001,0.002,0,0.009,0.001,baseline,50
1/23/2025 16:38,-11.986,0.001,0.002,0.001,0.005,0.001,-12.028,0.002,0.001,0.001,0.004,0.003,baseline,50
1/23/2025 16:38,-11.986,0.001,0.002,0.001,0.002,0.005,-12.028,0.001,0.001,0.001,0.002,0.003,baseline,50
1/23/2025 16:38,-11.986,0.002,0.002,0.001,0.003,0.004,-12.028,0.001,0.002,0,0.004,0.001,baseline,50
1/23/2025 16:38,-11.986,0.001,0.002,0.001,0.004,0.004,-12.028,0.002,0.002,0.001,0.002,0.001,baseline,50
1/23/2025 16:38,-11.986,0.001,0.002,0.001,0.002,0.001,-12.028,0.003,0.002,0.002,0.002,0.001,baseline,50
1/23/2025 16:38,-11.986,0.001,0.002,0,0.005,0.001,-12.028,0.001,0.001,0.001,0.003,0.001,baseline,50
1/23/2025 16:38,-11.986,0.001,0.001,0,0.002,0.003,-12.028,0.001,0.002,0,0.002,0.002,baseline,50
1/23/2025 16:38,-11.986,0.001,0.002,0.001,0.007,0.002,-12.028,0.001,0.002,0.001,0.004,0.001,baseline,50
1/23/2025 16:38,-11.986,0.001,0.002,0.001,0.002,0.005,-12.028,0.001,0.001,0.001,0.006,0.001,baseline,50
1/23/2025 16:39,-11.986,0.001,0.002,0.001,0.004,0.001,-12.028,0.001,0.001,0,0.002,0.002,baseline,50
1/23/2025 16:39,-11.986,0.001,0.001,0,0.003,0.002,-12.028,0.001,0.002,0,0.004,0.002,baseline,50
1/23/2025 16:39,-11.986,0.001,0.002,0.001,0.005,0.003,-12.028,0.001,0.001,0,0.002,0.005,baseline,50
1/23/2025 16:39,-11.986,0.001,0.004,0,0.003,0.001,-12.028,0.001,0.002,0.001,0.002,0.001,baseline,50
1/23/2025 16:39,-11.986,0.001,0.002,0.001,0.006,0.001,-12.028,0.001,0.001,0,0.005,0.006,baseline,50
1/23/2025 16:39,-11.986,0.001,0.002,0,0.003,0.003,-12.028,0.001,0.001,0,0.003,0.008,baseline,50
1/23/2025 16:39,-11.986,0.001,0.002,0.001,0.004,0.001,-12.028,0.001,0.005,0.001,0.005,0.001,baseline,50
1/23/2025 16:39,-11.986,0.002,0.002,0.001,0.004,0.002,-12.028,0.001,0.001,0,0.002,0.001,baseline,50
1/23/2025 16:39,-11.986,0.001,0.001,0.001,0.002,0.001,-12.028,0.001,0.002,0.001,0.004,0.003,baseline,50
1/23/2025 16:39,-11.986,0.001,0.002,0.001,0.002,0.001,-12.028,0.001,0.002,0.001,0.004,0.004,baseline,50
1/23/2025 16:39,-11.986,0.002,0.001,0.002,0.004,0.003,-12.028,0.001,0.001,0,0.002,0.001,baseline,50
1/23/2025 16:40,-11.986,0.003,0.002,0.002,0.003,0.001,-12.028,0.001,0.001,0.001,0.001,0.001,baseline,50
1/23/2025 16:40,-11.986,0.001,0.001,0.001,0.003,0.005,-12.028,0.001,0.001,0,0.002,0.003,baseline,50
1/23/2025 16:40,-11.986,0.001,0.002,0.001,0.002,0.003,-12.028,0.001,0.002,0.001,0.004,0.001,baseline,50
1/23/2025 16:40,-11.986,0.001,0.003,0.001,0.002,0.001,-12.028,0.001,0.001,0,0.003,0.001,baseline,50
1/23/2025 16:40,-11.986,0.001,0.002,0.001,0.004,0.001,-12.028,0.002,0.001,0.001,0.002,0.002,baseline,50
1/23/2025 16:40,-11.986,0.001,0.002,0.001,0.003,0.001,-12.028,0.001,0.002,0,0.002,0.001,baseline,50
1/23/2025 16:40,-11.986,0.001,0.001,0.001,0.005,0.001,-12.028,0.001,0.003,0,0.004,0.003,baseline,50
1/23/2025 16:40,-11.986,0.001,0.001,0,0.005,0.003,-12.028,0.001,0.002,0.001,0.003,0.001,baseline,50
1/23/2025 16:40,-11.986,0.001,0.005,0.001,0.003,0.001,-12.028,0.001,0.002,0,0.004,0.001,baseline,50
1/23/2025 16:40,-11.986,0.001,0.002,0,0.003,0.006,-12.028,0.001,0.001,0.001,0.004,0.001,baseline,50
1/23/2025 16:40,-11.986,0.001,0.001,0,0.002,0.001,-12.028,0.001,0.001,0,0.002,0.004,baseline,50
1/23/2025 16:41,-11.986,0.001,0.002,0.001,0.002,0.001,-12.028,0,0.005,0,0.001,0.001,baseline,50
1/23/2025 16:41,-11.986,0.001,0.002,0,0.005,0.001,-12.028,0.001,0.001,0,0.002,0.001,baseline,50
1/23/2025 16:41,-11.986,0.001,0.002,0.001,0.002,0.001,-12.028,0.001,0.001,0,0.002,0.004,baseline,50
1/23/2025 16:41,-11.986,0.001,0.001,0,0.006,0.003,-12.028,0.001,0.002,0.001,0.004,0.001,baseline,50
1/23/2025 16:41,-11.986,0.001,0.004,0.001,0.003,0.003,-12.028,0.001,0.002,0,0.003,0.002,baseline,50
1/23/2025 16:41,-11.986,0.001,0.001,0.001,0.003,0.001,-12.028,0.001,0.001,0.001,0.002,0.001,baseline,50
1/23/2025 16:41,-11.986,0.001,0.004,0,0.002,0.001,-12.028,0.001,0.001,0,0.006,0.001,baseline,50
1/23/2025 16:41,-11.986,0.002,0.002,0.001,0.002,0.001,-12.028,0.001,0.001,0,0.002,0.001,baseline,50
1/23/2025 16:41,-11.986,0.001,0.002,0,0.004,0.001,-12.028,0.001,0.005,0,0.002,0,baseline,50
1/23/2025 16:41,-11.986,0.002,0.004,0.001,0.005,0.003,-12.028,0.001,0.004,0.001,0.002,0.001,baseline,50
1/23/2025 16:41,-11.986,0.002,0.003,0.001,0.002,0.001,-12.028,0.002,0.002,0.001,0.004,0.001,baseline,50
1/23/2025 16:41,-11.986,0.001,0.002,0.001,0.002,0.001,-12.028,0.001,0.001,0,0.004,0.002,baseline,50
1/23/2025 16:41,-11.986,0.001,0.005,0,0.003,0.002,-12.028,0.001,0.005,0.001,0.002,0.002,baseline,50
1/23/2025 16:42,-11.986,0.001,0.002,0.001,0.002,0.005,-12.028,0.001,0.003,0,0.003,0.001,baseline,50
1/23/2025 16:42,-11.986,0.001,0.003,0.001,0.005,0.001,-12.028,0.001,0.002,0,0.002,0.001,baseline,50
1/23/2025 16:42,-11.986,0.001,0.002,0.001,0.002,0.001,-12.028,0.001,0.006,0.001,0.004,0.001,baseline,50
1/23/2025 16:42,-11.986,0.001,0.001,0,0.002,0.006,-12.028,0.001,0.002,0.001,0.002,0.001,baseline,50
1/23/2025 16:42,-11.986,0.001,0.002,0.001,0.003,0.009,-12.028,0.001,0.002,0,0.002,0.006,baseline,50
1/23/2025 16:42,-11.986,0.001,0.001,0,0.009,0.001,-12.028,0.001,0.002,0,0.003,0.001,baseline,50
1/23/2025 16:42,-11.986,0.001,0.001,0.001,0.004,0.001,-12.028,0.001,0.001,0.001,0.008,0.004,baseline,50
1/23/2025 16:42,-11.986,0.001,0.002,0.001,0.003,0.004,-12.028,0.001,0.002,0.001,0.003,0.001,baseline,50
1/23/2025 16:42,-11.986,0.001,0.002,0,0.006,0.004,-12.028,0.001,0.001,0,0.003,0.001,baseline,50
1/23/2025 16:42,-11.986,0.001,0.002,0.001,0.01,0.001,-12.028,0.001,0.001,0.001,0.005,0.003,baseline,50
1/23/2025 16:42,-11.986,0.001,0.001,0,0.004,0.001,-12.028,0.001,0.002,0,0.009,0.001,baseline,50
1/23/2025 16:42,-11.986,0.001,0.002,0.001,0.003,0.001,-12.028,0.001,0.002,0,0.004,0.001,baseline,50
1/23/2025 16:43,-11.986,0.002,0.001,0.001,0.005,0.004,-12.028,0.001,0.001,0.001,0.002,0.004,baseline,50
1/23/2025 16:43,-11.986,0.001,0.002,0.001,0.008,0.001,-12.028,0.001,0.001,0,0.004,0.001,baseline,50
1/23/2025 16:43,-11.986,0.002,0.002,0.001,0.003,0.001,-12.028,0.001,0.001,0,0.006,0.003,baseline,50
1/23/2025 16:43,-11.986,0.001,0.003,0,0.002,0.002,-12.028,0.001,0.001,0,0.003,0.001,baseline,50
1/23/2025 16:43,-11.986,0.001,0.002,0,0.002,0.001,-12.028,0.001,0.001,0,0.002,0.001,baseline,50
1/23/2025 16:43,-11.986,0.001,0.002,0.001,0.005,0.004,-12.028,0.002,0.002,0.001,0.002,0.001,baseline,50
1/23/2025 16:43,-11.986,0.001,0.001,0.001,0.002,0.001,-12.028,0.003,0.001,0.002,0.005,0.001,baseline,50
1/23/2025 16:43,-11.986,0.001,0.002,0.001,0.004,0.001,-12.028,0.001,0.003,0,0.002,0.001,baseline,50
1/23/2025 16:43,-11.986,0.001,0.002,0.001,0.005,0.002,-12.028,0.001,0.001,0,0.004,0.001,baseline,50
1/23/2025 16:43,-11.986,0.001,0.001,0.001,0.002,0.005,-12.028,0.002,0.002,0.001,0.005,0.001,baseline,50
1/23/2025 16:43,-11.986,0.001,0.002,0.001,0.003,0.001,-12.028,0.002,0.001,0.002,0.002,0.001,baseline,50
1/23/2025 16:43,-11.986,0.001,0.001,0,0.002,0.004,-12.028,0.001,0.001,0.001,0.001,0.009,baseline,50
1/23/2025 16:43,-11.986,0.001,0.002,0.001,0.002,0.005,-12.028,0.001,0.001,0,0.002,0.001,baseline,50
1/23/2025 16:43,-11.986,0.001,0.002,0.001,0.002,0.001,-12.028,0.001,0.002,0,0.001,0.001,baseline,50
1/23/2025 16:44,-11.986,0.001,0.002,0.001,0.006,0.002,-12.028,0.001,0.002,0.001,0.001,0.006,baseline,50
1/23/2025 16:44,-11.986,0.001,0.002,0.001,0.003,0.001,-12.028,0.001,0.001,0,0.006,0.006,baseline,50
1/23/2025 16:44,-11.986,0.001,0.002,0,0.008,0.002,-12.028,0.004,0.002,0.003,0.002,0.001,baseline,50
1/23/2025 16:44,-11.986,0.001,0.003,0.001,0.002,0.001,-12.028,0.001,0.001,0.001,0.008,0.002,baseline,50
1/23/2025 16:44,-11.986,0.001,0.002,0.001,0.002,0.001,-12.028,0.001,0.001,0,0.002,0.001,baseline,50
1/23/2025 16:44,-11.986,0.001,0.002,0,0.003,0.001,-12.028,0.001,0.002,0.001,0.002,0.001,baseline,50
1/23/2025 16:44,-11.986,0.002,0.002,0.001,0.002,0.001,-12.028,0.001,0.001,0,0.003,0.001,baseline,50
1/23/2025 16:44,-11.986,0.003,0.002,0.002,0.002,0.003,-12.028,0.001,0.003,0.001,0.002,0.001,baseline,50
1/23/2025 16:44,-11.986,0.001,0.004,0.001,0.003,0.001,-12.028,0.001,0.002,0,0.002,0.001,baseline,50
1/23/2025 16:44,-11.986,0.001,0.004,0.001,0.002,0.001,-12.028,0.001,0.002,0.001,0.002,0.01,baseline,50
1/23/2025 16:44,-11.986,0.002,0.002,0.002,0.002,0.001,-12.028,0.002,0.001,0.002,0.002,0.002,baseline,50
1/23/2025 16:44,-11.986,0.002,0.004,0.002,0.002,0.001,-12.028,0.001,0.005,0,0.002,0.001,baseline,50
1/23/2025 16:45,-11.986,0.001,0.002,0.001,0.004,0.001,-12.028,0.001,0.002,0.001,0.002,0.002,baseline,50
1/23/2025 16:45,-11.986,0.001,0.002,0,0.004,0.003,-12.028,0.001,0.005,0,0.003,0.001,baseline,50
1/23/2025 16:45,-11.986,0.001,0.002,0,0.002,0.006,-12.028,0.002,0.002,0.001,0.003,0.002,baseline,50
1/23/2025 16:45,-11.986,0.001,0.004,0.001,0.002,0.001,-12.028,0.001,0.005,0.001,0.001,0.001,baseline,50
1/23/2025 16:45,-11.986,0.001,0.005,0,0.003,0.005,-12.028,0.001,0.002,0,0.002,0.002,baseline,50
1/23/2025 16:45,-11.986,0.001,0.002,0,0.002,0.001,-12.028,0.001,0.002,0,0.003,0.007,baseline,50
1/23/2025 16:45,-11.986,0.004,0.002,0.003,0.005,0.001,-12.028,0.001,0.004,0.001,0.002,0.001,baseline,50
1/23/2025 16:45,-11.986,0.001,0.001,0.001,0.007,0.003,-12.028,0.001,0.001,0,0.007,0.004,baseline,50
1/23/2025 16:45,-11.986,0.001,0.001,0.001,0.003,0.003,-12.028,0.001,0.002,0,0.003,0.001,baseline,50
1/23/2025 16:45,-11.986,0.001,0.003,0.001,0.002,0.001,-12.027,0.001,0.005,0.001,0.004,0.004,baseline,50
1/23/2025 16:45,-11.986,0.001,0.003,0.001,0.002,0.004,-12.027,0.001,0.001,0,0.002,0.001,baseline,50
1/23/2025 16:45,-11.986,0.001,0.002,0.001,0.004,0.001,-12.028,0.001,0.002,0,0.002,0.001,baseline,50
1/23/2025 16:46,-11.986,0.001,0.002,0.001,0.003,0.003,-12.028,0.001,0.001,0.001,0.004,0.001,baseline,50
1/23/2025 16:46,-11.986,0.003,0.003,0.002,0.002,0.001,-12.027,0.001,0.001,0,0.002,0.001,baseline,50
1/23/2025 16:46,-11.986,0.001,0.002,0.001,0.005,0.002,-12.028,0.002,0.003,0.001,0.002,0.001,baseline,50
1/23/2025 16:46,-11.986,0.002,0.002,0.001,0.005,0.001,-12.028,0.001,0.003,0.001,0.005,0.002,baseline,50
1/23/2025 16:46,-11.986,0.001,0.001,0.001,0.004,0.002,-12.028,0.002,0.002,0.001,0.004,0.001,baseline,50
1/23/2025 16:46,-11.986,0.002,0.001,0.001,0.004,0.001,-12.028,0.001,0.002,0.001,0.003,0.001,baseline,50
1/23/2025 16:46,-11.986,0.001,0.002,0.001,0.002,0.001,-12.028,0.001,0.002,0,0.004,0.003,baseline,50
1/23/2025 16:46,-11.986,0.001,0.001,0,0.002,0.001,-12.028,0.001,0.002,0.001,0.002,0.001,baseline,50
1/23/2025 16:46,-11.986,0.001,0.002,0.001,0.003,0.001,-12.028,0.001,0.001,0,0.002,0.005,baseline,50
1/23/2025 16:46,-11.986,0.001,0.002,0,0.002,0.005,-12.027,0.001,0.002,0.001,0.002,0.004,baseline,50
1/23/2025 16:46,-11.986,0.001,0.004,0,0.003,0.01,-12.028,0.001,0.001,0,0.002,0.001,baseline,50
1/23/2025 16:46,-11.986,0.001,0.002,0.001,0.002,0.001,-12.028,0.001,0.001,0.001,0.002,0.001,baseline,50
1/23/2025 16:46,-11.986,0.001,0.002,0.001,0.008,0.007,-12.027,0.001,0.001,0,0.002,0.003,baseline,50
1/23/2025 16:47,-11.986,0.001,0.001,0,0.011,0.001,-12.028,0.001,0.001,0.001,0.002,0.002,baseline,50
1/23/2025 16:47,-11.986,0.001,0.001,0.001,0.004,0.001,-12.027,0.001,0.002,0.001,0.008,0.001,baseline,50
1/23/2025 16:47,-11.986,0.001,0.002,0.001,0.003,0.002,-12.027,0.001,0.004,0,0.01,0.001,baseline,50
1/23/2025 16:47,-11.986,0.002,0.002,0.001,0.008,0.001,-12.027,0.001,0.002,0.001,0.003,0.004,baseline,50
1/23/2025 16:47,-11.986,0.001,0.003,0.001,0.006,0.001,-12.027,0.001,0.001,0,0.003,0.001,baseline,50
1/23/2025 16:47,-11.986,0.001,0.002,0.001,0.003,0.001,-12.027,0.001,0.001,0,0.007,0.001,baseline,50
1/23/2025 16:47,-11.985,0.001,0.002,0.001,0.005,0.001,-12.028,0.002,0.002,0.001,0.005,0.001,baseline,50
1/23/2025 16:47,-11.986,0.001,0.002,0,0.002,0.001,-12.028,0.001,0.001,0,0.004,0.001,baseline,50
1/23/2025 16:47,-11.986,0.001,0.003,0.001,0.002,0.001,-12.027,0.001,0.002,0.001,0.002,0.003,baseline,50
1/23/2025 16:47,-11.986,0.002,0.002,0.001,0.002,0.011,-12.027,0.001,0.003,0.001,0.002,0.001,baseline,50
1/23/2025 16:47,-11.986,0.001,0.002,0.001,0.003,0.003,-12.027,0.002,0.002,0.001,0.002,0.001,baseline,50
1/23/2025 16:47,-11.986,0.001,0.001,0.001,0.005,0.001,-12.027,0.001,0.002,0.001,0.002,0.001,baseline,50
1/23/2025 16:48,-11.986,0.001,0.003,0.001,0.014,0.001,-12.027,0.001,0.002,0.001,0.002,0.001,baseline,50
1/23/2025 16:48,-11.986,0.001,0.001,0,0.006,0.002,-12.027,0.006,0.003,0.004,0.002,0.001,baseline,50
1/23/2025 16:48,-11.986,0.001,0.001,0.001,0.003,0.001,-12.027,0.004,0.002,0.003,0.004,0.005,baseline,50
1/23/2025 16:48,-11.986,0.001,0.002,0.001,0.002,0.002,-12.027,0.001,0.001,0,0.013,0.001,baseline,50
1/23/2025 16:48,-11.986,0.001,0.002,0,0.004,0.007,-12.027,0.001,0.001,0.001,0.006,0.001,baseline,50
1/23/2025 16:48,-11.986,0.001,0.001,0.001,0.002,0.001,-12.027,0.001,0.003,0.001,0.002,0.006,baseline,50
1/23/2025 16:48,-11.986,0.001,0.003,0.001,0.004,0.004,-12.027,0.001,0.001,0,0.002,0.002,baseline,50
1/23/2025 16:48,-11.986,0.001,0.002,0,0.009,0.001,-12.027,0.001,0.001,0,0.004,0.002,baseline,50
1/23/2025 16:48,-11.986,0.002,0.003,0.001,0.003,0.005,-12.027,0.001,0.002,0.001,0.002,0.018,baseline,50
1/23/2025 16:48,-11.986,0.001,0.002,0.001,0.004,0.002,-12.027,0.001,0.002,0.001,0.004,0.011,baseline,50
1/23/2025 16:48,-11.986,0.001,0.002,0,0.003,0.001,-12.027,0.001,0.001,0,0.008,0.002,baseline,50
1/23/2025 16:48,-11.986,0.001,0.005,0.001,0.01,0.001,-12.027,0.001,0.001,0,0.003,0.001,baseline,50
1/23/2025 16:48,-11.986,0.002,0.002,0.002,0.005,0.001,-12.027,0.001,0.001,0,0.004,0.001,baseline,50
1/23/2025 16:49,-11.986,0.001,0.003,0.001,0.002,0.001,-12.027,0.002,0.003,0.001,0.003,0.001,baseline,50
1/23/2025 16:49,-11.986,0.001,0.005,0.001,0.002,0.002,-12.027,0.001,0.002,0.001,0.009,0.001,baseline,50
1/23/2025 16:49,-11.986,0.006,0.002,0.004,0.002,0.001,-12.027,0.001,0.002,0,0.004,0.001,baseline,50
1/23/2025 16:49,-11.986,0.004,0.002,0.003,0.002,0.001,-12.027,0.001,0.005,0,0.002,0.003,baseline,50
1/23/2025 16:49,-11.986,0.001,0.002,0.001,0.004,0.001,-12.027,0.001,0.001,0.001,0.002,0.001,baseline,50
1/23/2025 16:49,-11.986,0.001,0.002,0.001,0.002,0.003,-12.027,0.002,0.003,0.001,0.002,0.001,baseline,50
1/23/2025 16:49,-11.986,0.001,0.002,0.001,0.003,0.005,-12.027,0.001,0.006,0,0.003,0.001,baseline,50
1/23/2025 16:49,-11.986,0.001,0.002,0.001,0.002,0.001,-12.027,0.001,0.002,0.001,0.002,0.004,baseline,50
1/23/2025 16:49,-11.986,0.001,0.002,0,0.002,0.004,-12.027,0.001,0.002,0,0.003,0.001,baseline,50
1/23/2025 16:49,-11.986,0.001,0.002,0.001,0.004,0.001,-12.027,0.001,0.001,0.001,0.002,0.002,baseline,50
1/23/2025 16:49,-11.986,0.001,0.002,0.001,0.002,0.003,-12.027,0.002,0.002,0.001,0.002,0.001,baseline,50
1/23/2025 16:49,-11.986,0.001,0.001,0.001,0.007,0.001,-12.027,0.001,0.001,0,0.004,0.002,baseline,50
1/23/2025 16:50,-11.986,0.001,0.002,0,0.004,0.001,-12.027,0.001,0.002,0,0.002,0.001,baseline,50
1/23/2025 16:50,-11.986,0.001,0.001,0.001,0.007,0.005,-12.027,0.001,0.002,0.001,0.006,0.005,baseline,50
1/23/2025 16:50,-11.986,0.002,0.002,0.001,0.005,0.001,-12.027,0.001,0.001,0.001,0.003,0.003,baseline,50
1/23/2025 16:50,-11.985,0.001,0.002,0.001,0.003,0.002,-12.027,0.001,0.001,0,0.006,0.002,baseline,50
1/23/2025 16:50,-11.985,0.001,0.001,0.001,0.004,0.001,-12.027,0.001,0.001,0,0.004,0.001,baseline,50
1/23/2025 16:50,-11.986,0.001,0.002,0.001,0.002,0.001,-12.028,0.001,0.002,0.001,0.003,0.004,baseline,50
1/23/2025 16:50,-11.986,0.001,0.004,0.001,0.006,0.003,-12.028,0.001,0.002,0.001,0.003,0.001,baseline,50
1/23/2025 16:50,-11.985,0.002,0.002,0.001,0.005,0.001,-12.027,0.001,0.001,0,0.002,0.001,baseline,50
1/23/2025 16:50,-11.985,0.001,0.002,0.001,0.002,0.001,-12.027,0.001,0.002,0.001,0.006,0.004,baseline,50
1/23/2025 16:50,-11.986,0.001,0.005,0.001,0.003,0.001,-12.028,0.001,0.003,0,0.004,0.001,baseline,50
1/23/2025 16:50,-11.985,0.001,0.005,0.001,0.002,0.001,-12.028,0.001,0.003,0.001,0.002,0.001,baseline,50
1/23/2025 16:50,-11.986,0.002,0.002,0.001,0.002,0.005,-12.027,0.001,0.002,0,0.003,0.001,baseline,50
1/23/2025 16:51,-11.986,0.001,0.002,0.001,0.006,0.003,-12.027,0.001,0.002,0.001,0.002,0.002,baseline,50
1/23/2025 16:51,-11.985,0.002,0.002,0.001,0.003,0.001,-12.027,0.001,0.004,0,0.005,0.004,baseline,50
1/23/2025 16:51,-11.986,0.001,0.001,0.001,0.002,0.002,-12.027,0.001,0.005,0,0.003,0.001,baseline,50
1/23/2025 16:51,-11.985,0.001,0.001,0.001,0.002,0.006,-12.027,0.002,0.002,0.002,0.002,0.004,baseline,50
1/23/2025 16:51,-11.986,0.001,0.002,0,0.002,0.002,-12.027,0.001,0.001,0,0.002,0.001,baseline,50
1/23/2025 16:51,-11.986,0.001,0.002,0,0.006,0.002,-12.027,0.001,0.001,0.001,0.002,0.003,baseline,50
1/23/2025 16:51,-11.986,0.001,0.002,0.001,0.003,0.019,-12.027,0.001,0.001,0.001,0.002,0.001,baseline,50
1/23/2025 16:51,-11.985,0.001,0.002,0.001,0.002,0.012,-12.027,0.001,0.001,0,0.006,0.001,baseline,50
1/23/2025 16:51,-11.985,0.001,0.001,0,0.004,0.001,-12.027,0.002,0.002,0.001,0.003,0.002,baseline,50
1/23/2025 16:51,-11.985,0.001,0.003,0.001,0.012,0.002,-12.027,0.001,0.001,0.001,0.002,0.001,baseline,50
1/23/2025 16:51,-11.985,0.001,0.002,0,0.004,0.001,-12.027,0.001,0.002,0.001,0.003,0.006,baseline,50
1/23/2025 16:52,-11.985,0.002,0.002,0.001,0.004,0.001,-12.027,0.002,0.002,0.001,0.011,0.002,baseline,50
1/23/2025 16:52,-11.985,0.001,0.002,0,0.017,0.001,-12.027,0.001,0.001,0,0.003,0.001,baseline,50
1/23/2025 16:52,-11.985,0.001,0.002,0,0.017,0.001,-12.027,0.001,0.001,0.001,0.004,0.003,baseline,50
1/23/2025 16:52,-11.985,0.001,0.002,0.001,0.004,0.003,-12.027,0.001,0.003,0,0.015,0.001,baseline,50
1/23/2025 16:52,-11.985,0.001,0.003,0,0.003,0.002,-12.027,0.001,0.002,0.001,0.016,0.005,baseline,50
1/23/2025 16:52,-11.985,0.002,0.002,0.002,0.003,0.001,-12.027,0.001,0.001,0,0.003,0.003,baseline,50
1/23/2025 16:52,-11.985,0.001,0.003,0,0.002,0.001,-12.027,0.001,0.002,0,0.002,0.001,baseline,50
1/23/2025 16:52,-11.985,0.001,0.005,0.001,0.002,0.004,-12.027,0.001,0.001,0.001,0.002,0.005,baseline,50
1/23/2025 16:52,-11.985,0.001,0.002,0.001,0.002,0.002,-12.027,0.002,0.001,0.001,0.002,0.001,baseline,50
1/23/2025 16:52,-11.985,0.001,0.003,0.001,0.002,0.001,-12.027,0.001,0.003,0.001,0.001,0.004,baseline,50
1/23/2025 16:52,-11.985,0.001,0.002,0.001,0.005,0.001,-12.027,0.001,0.003,0,0.002,0.001,baseline,50
1/23/2025 16:53,-11.985,0.002,0.003,0.001,0.003,0.002,-12.027,0.001,0.006,0,0.002,0.001,baseline,50
1/23/2025 16:53,-11.985,0.001,0.001,0.001,0.002,0.001,-12.027,0.001,0.002,0.001,0.004,0.004,baseline,50
1/23/2025 16:53,-11.985,0.001,0.002,0.001,0.002,0.005,-12.027,0.001,0.003,0,0.002,0.001,baseline,50
1/23/2025 16:53,-11.985,0.002,0.001,0.002,0.006,0.003,-12.027,0.002,0.001,0.001,0.002,0.003,baseline,50
1/23/2025 16:53,-11.985,0.001,0.002,0.001,0.005,0.002,-12.027,0.001,0.002,0,0.002,0.006,baseline,50
1/23/2025 16:53,-11.985,0.002,0.002,0.001,0.002,0.001,-12.027,0.001,0.001,0.001,0.005,0.001,baseline,50
1/23/2025 16:53,-11.985,0.001,0.002,0.001,0.002,0.005,-12.027,0.001,0.002,0,0.004,0.001,baseline,50
1/23/2025 16:53,-11.985,0.002,0.001,0.001,0.004,0.001,-12.027,0.001,0.002,0,0.002,0.001,baseline,50
1/23/2025 16:53,-11.985,0.001,0.002,0,0.002,0.004,-12.027,0.001,0.001,0.001,0.002,0.003,baseline,50
1/23/2025 16:53,-11.985,0.001,0.002,0.001,0.004,0.001,-12.027,0.001,0.001,0,0.003,0.001,baseline,50
1/23/2025 16:54,-11.985,0.002,0.003,0.002,0.007,0.001,-12.027,0.001,0.002,0,0.002,0.004,baseline,50
1/23/2025 16:54,-11.985,0.001,0.002,0.001,0.003,0.002,-12.027,0.002,0.002,0.001,0.005,0.001,baseline,50
1/23/2025 16:54,-11.985,0.001,0.002,0.001,0.005,0.001,-12.027,0.002,0.001,0.001,0.003,0.001,baseline,50
1/23/2025 16:54,-11.985,0.001,0.001,0.001,0.011,0.002,-12.027,0.001,0.001,0.001,0.007,0.004,baseline,50
1/23/2025 16:54,-11.985,0.001,0.002,0,0.002,0.001,-12.027,0.001,0.002,0,0.003,0.002,baseline,50
1/23/2025 16:54,-11.985,0.001,0.001,0.001,0.007,0.004,-12.027,0.001,0.001,0,0.005,0.001,baseline,50
1/23/2025 16:54,-11.985,0.001,0.002,0.001,0.004,0.004,-12.027,0.001,0.002,0.001,0.01,0.001,baseline,50
1/23/2025 16:54,-11.985,0.002,0.002,0.001,0.002,0.001,-12.027,0.001,0.001,0.001,0.002,0.001,baseline,50
1/23/2025 16:54,-11.985,0.001,0.002,0,0.003,0.004,-12.027,0.001,0.002,0,0.006,0.005,baseline,50
1/23/2025 16:54,-11.985,0.001,0.002,0,0.002,0.001,-12.027,0.001,0.001,0,0.004,0.006,baseline,50
1/23/2025 16:54,-11.985,0.002,0.003,0.001,0.003,0.001,-12.027,0.001,0.002,0,0.002,0.002,baseline,50
1/23/2025 16:54,-11.985,0.001,0.002,0,0.006,0.002,-12.027,0.001,0.001,0.001,0.002,0.001,baseline,50
1/23/2025 16:55,-11.985,0.001,0.002,0.001,0.005,0.001,-12.027,0.001,0.002,0,0.003,0.002,baseline,50
1/23/2025 16:55,-11.985,0.001,0.002,0,0.002,0.006,-12.027,0.002,0.001,0.001,0.002,0.001,baseline,50
1/23/2025 16:55,-11.985,0.002,0.002,0.001,0.002,0.001,-12.027,0.004,0.003,0.003,0.005,0.002,baseline,50
1/23/2025 16:55,-11.985,0.001,0.002,0.001,0.007,0.002,-12.027,0.001,0.002,0,0.004,0.002,baseline,50
1/23/2025 16:55,-11.985,0.002,0.002,0.002,0.003,0.004,-12.027,0.001,0.001,0.001,0.002,0.001,baseline,50
1/23/2025 16:55,-11.985,0.001,0.002,0.001,0.002,0.001,-12.027,0.001,0.001,0,0.002,0.001,baseline,50
1/23/2025 16:55,-11.985,0.001,0.001,0.001,0.002,0.005,-12.027,0.001,0.002,0.001,0.006,0.002,baseline,50
1/23/2025 16:55,-11.985,0.001,0.002,0,0.006,0.004,-12.027,0.001,0.002,0,0.002,0.001,baseline,50
1/23/2025 16:55,-11.985,0.001,0.002,0.001,0.002,0.001,-12.027,0.001,0.002,0,0.003,0.005,baseline,50
1/23/2025 16:55,-11.985,0.001,0.006,0.001,0.003,0.001,-12.027,0.001,0.002,0.001,0.002,0.013,baseline,50
1/23/2025 16:55,-11.985,0.001,0.003,0,0.003,0.006,-12.027,0.001,0.001,0.001,0.005,0.001,baseline,50
1/23/2025 16:55,-11.985,0.001,0.002,0,0.005,0.005,-12.027,0.001,0.002,0,0.002,0.001,baseline,50
1/23/2025 16:56,-11.985,0.001,0.002,0.001,0.003,0.001,-12.027,0.001,0.002,0,0.003,0.002,baseline,50
1/23/2025 16:56,-11.985,0.001,0.004,0.001,0.009,0.004,-12.027,0.001,0.007,0,0.002,0.001,baseline,50
1/23/2025 16:56,-11.985,0.002,0.005,0.001,0.006,0.001,-12.027,0.001,0.003,0.001,0.005,0.002,baseline,50
1/23/2025 16:56,-11.985,0.005,0.002,0.003,0.003,0.004,-12.027,0.001,0.001,0,0.002,0.001,baseline,50
1/23/2025 16:56,-11.985,0.001,0.002,0.001,0.003,0.006,-12.027,0.001,0.001,0.001,0.008,0.001,baseline,50
1/23/2025 16:56,-11.985,0.001,0.005,0.001,0.007,0.002,-12.027,0.001,0.004,0.001,0.005,0.002,baseline,50
1/23/2025 16:56,-11.985,0.001,0.002,0.001,0.006,0.003,-12.027,0.001,0.006,0,0.002,0.001,baseline,50
1/23/2025 16:56,-11.985,0.001,0.005,0.001,0.003,0.001,-12.027,0.001,0.002,0.001,0.002,0.001,baseline,50
1/23/2025 16:56,-11.985,0.001,0.002,0.001,0.005,0.001,-12.027,0.001,0.001,0,0.006,0.001,baseline,50
1/23/2025 16:56,-11.985,0.001,0.002,0.001,0.002,0.003,-12.027,0.002,0.006,0.001,0.006,0.001,baseline,50
1/23/2025 16:56,-11.985,0.001,0.001,0.001,0.005,0.001,-12.027,0.001,0.001,0,0.003,0.001,baseline,50
1/23/2025 16:56,-11.985,0.001,0.003,0.001,0.009,0.004,-12.027,0.001,0.006,0.001,0.004,0.002,baseline,50
1/23/2025 16:56,-11.985,0.001,0.002,0,0.004,0.001,-12.027,0.001,0.001,0,0.002,0.003,baseline,50
1/23/2025 16:57,-11.985,0.001,0.003,0.001,0.007,0.001,-12.027,0.001,0.001,0,0.004,0.001,baseline,50
1/23/2025 16:57,-11.985,0.001,0.002,0,0.003,0.004,-12.027,0.001,0.001,0.001,0.008,0.001,baseline,50
1/23/2025 16:57,-11.985,0.001,0.002,0,0.002,0.002,-12.027,0.001,0.002,0.001,0.003,0.001,baseline,50
1/23/2025 16:57,-11.985,0.001,0.002,0.001,0.005,0.001,-12.027,0.001,0.003,0,0.007,0.004,baseline,50
1/23/2025 16:57,-11.985,0.001,0.002,0,0.003,0.001,-12.027,0.001,0.002,0,0.002,0.001,baseline,50
1/23/2025 16:57,-11.985,0.001,0.002,0,0.006,0.001,-12.027,0.002,0.001,0.002,0.002,0.002,baseline,50
1/23/2025 16:57,-11.985,0.001,0.002,0,0.002,0.005,-12.027,0.001,0.002,0.001,0.004,0.001,baseline,50
1/23/2025 16:57,-11.985,0.001,0.002,0.001,0.002,0.007,-12.027,0.001,0.001,0,0.002,0.001,baseline,50
1/23/2025 16:57,-11.985,0.002,0.001,0.001,0.004,0.002,-12.027,0.001,0.001,0,0.005,0.002,baseline,50
1/23/2025 16:57,-11.985,0.001,0.002,0.001,0.002,0.001,-12.027,0.001,0.002,0,0.002,0.002,baseline,50
1/23/2025 16:57,-11.985,0.001,0.003,0.001,0.002,0.002,-12.027,0.002,0.001,0.001,0.002,0.001,baseline,50
1/23/2025 16:57,-11.985,0.001,0.004,0,0.002,0.001,-12.027,0.001,0.001,0,0.004,0.001,baseline,50
1/23/2025 16:57,-11.985,0.001,0.002,0.001,0.002,0.002,-12.027,0.002,0.001,0.001,0.002,0.006,baseline,50
1/23/2025 16:58,-11.985,0.001,0.001,0.001,0.008,0.001,-12.027,0.001,0.001,0.001,0.002,0.003,baseline,50
1/23/2025 16:58,-11.985,0.001,0.002,0.001,0.012,0.001,-12.027,0.001,0.003,0,0.002,0.001,baseline,50
1/23/2025 16:58,-11.985,0.001,0.002,0.001,0.004,0.001,-12.027,0.001,0.003,0.001,0.007,0.002,baseline,50
1/23/2025 16:58,-11.985,0.001,0.001,0,0.002,0.001,-12.027,0.001,0.001,0,0.011,0.001,baseline,50
1/23/2025 16:58,-11.985,0.003,0.002,0.002,0.004,0.002,-12.027,0.001,0.001,0.001,0.004,0.001,baseline,50
1/23/2025 16:58,-11.985,0.001,0.005,0,0.002,0.005,-12.027,0.001,0.002,0,0.002,0.005,baseline,50
1/23/2025 16:58,-11.985,0.001,0.001,0.001,0.002,0.015,-12.027,0.001,0.001,0.001,0.004,0.001,baseline,50
1/23/2025 16:58,-11.985,0.001,0.002,0.001,0.004,0.001,-12.027,0.001,0.001,0.001,0.002,0.004,baseline,50
1/23/2025 16:58,-11.985,0.001,0.001,0.001,0.002,0.001,-12.027,0.001,0.002,0,0.002,0.003,baseline,50
1/23/2025 16:58,-11.985,0.002,0.002,0.001,0.002,0.002,-12.027,0.001,0.001,0,0.004,0.001,baseline,50
1/23/2025 16:58,-11.985,0.002,0.002,0.001,0.003,0.002,-12.027,0.002,0.006,0.002,0.001,0.001,baseline,50
1/23/2025 16:58,-11.985,0.001,0.003,0,0.003,0.001,-12.027,0.002,0.001,0.001,0.002,0.003,baseline,50
1/23/2025 16:58,-11.985,0.001,0.002,0.001,0.01,0.002,-12.027,0.001,0.001,0,0.002,0.001,baseline,50
1/23/2025 16:59,-11.985,0.001,0.001,0,0.013,0.003,-12.027,0.001,0.002,0,0.009,0.001,baseline,50
1/23/2025 16:59,-11.985,0.001,0.002,0.001,0.002,0.001,-12.027,0.002,0.001,0.001,0.012,0.001,baseline,50
1/23/2025 16:59,-11.985,0.001,0.002,0,0.003,0.001,-12.027,0.001,0.002,0,0.002,0.004,baseline,50
1/23/2025 16:59,-11.985,0.001,0.002,0.001,0.002,0.001,-12.027,0.001,0.003,0,0.002,0.001,baseline,50
1/23/2025 16:59,-11.985,0.001,0.001,0.001,0.002,0.001,-12.027,0.001,0.002,0.001,0.003,0.001,baseline,50
1/23/2025 16:59,-11.985,0.002,0.001,0.001,0.003,0.001,-12.027,0.001,0.002,0,0.002,0.006,baseline,50
1/23/2025 16:59,-11.985,0.001,0.002,0.001,0.002,0.001,-12.027,0.001,0.001,0.001,0.002,0.005,baseline,50
1/23/2025 16:59,-11.985,0.001,0.002,0.001,0.005,0.002,-12.027,0.001,0.001,0,0.004,0.001,baseline,50
1/23/2025 16:59,-11.985,0.003,0.001,0.002,0.002,0.003,-12.027,0.001,0.002,0.001,0.002,0.001,baseline,50
1/23/2025 16:59,-11.985,0.002,0.003,0.001,0.002,0.001,-12.027,0.001,0.001,0,0.001,0.006,baseline,50
1/23/2025 16:59,-11.985,0.001,0.002,0.001,0.002,0.002,-12.027,0.001,0.002,0,0.002,0.001,baseline,50
1/23/2025 17:00,-11.985,0.001,0.002,0,0.002,0.001,-12.027,0.007,0.001,0.005,0.002,0.001,baseline,50
1/23/2025 17:00,-11.985,0.002,0.002,0.001,0.002,0.002,-12.027,0.001,0.001,0.001,0.004,0.002,baseline,50
1/23/2025 17:00,-11.985,0.001,0.002,0.001,0.006,0.004,-12.027,0.001,0.002,0.001,0.006,0.001,baseline,50
1/23/2025 17:00,-11.985,0.001,0.003,0.001,0.003,0.001,-12.027,0.001,0.002,0.001,0.002,0.004,baseline,50
1/23/2025 17:00,-11.985,0.001,0.002,0,0.003,0.002,-12.027,0.002,0.001,0.001,0.003,0.001,baseline,50
1/23/2025 17:00,-11.985,0.001,0.002,0.001,0.002,0.001,-12.027,0.001,0.003,0,0.002,0.002,baseline,50
1/23/2025 17:00,-11.985,0.002,0.002,0.001,0.002,0.001,-12.027,0.001,0.002,0,0.002,0.001,baseline,50
1/23/2025 17:00,-11.985,0.001,0.001,0.001,0.007,0.002,-12.027,0.001,0.001,0,0.006,0.001,baseline,50
1/23/2025 17:00,-11.985,0.001,0.002,0,0.003,0.003,-12.027,0.001,0.001,0.001,0.002,0.019,baseline,50
1/23/2025 17:00,-11.985,0.001,0.001,0.001,0.004,0.001,-12.027,0.001,0.001,0.001,0.003,0.003,baseline,50
1/23/2025 17:00,-11.985,0.007,0.003,0.005,0.002,0.001,-12.027,0.001,0.001,0,0.002,0.004,baseline,50
1/23/2025 17:00,-11.985,0.001,0.001,0.001,0.002,0.007,-12.027,0.001,0.002,0,0.002,0.001,baseline,50
